[
    {"sport": "BADMINTON"},
    {"source": "INPUT_MANUAL_MOBILE"},
    {"created_date": "2015-02-20 15:35:09.0"},
    {"start_time": "2015-02-20 10:00:38.0"},
    {"end_time": "2015-02-20 12:30:38.0"},
    {"message": "Studentlekene i badminton: 5 kamper á 30 minutter."},
    {"duration_s": 9000},
    {"distance_km": 0},
    {"calories_kcal": 842},
    {"speed_avg_kmh": 0},
    {"hydration_l": 0.559999},
    {"points": [[
        {"distance_km": 0},
        {"timestamp": "Fri Feb 20 10:00:38 UTC 2015"}
    ]]}
]