[
    {"sport": "SKIING_CROSS_COUNTRY"},
    {"source": "INPUT_MANUAL_MOBILE"},
    {"created_date": "2015-04-04 14:07:27.0"},
    {"start_time": "2015-04-04 12:00:39.0"},
    {"end_time": "2015-04-04 13:00:39.0"},
    {"duration_s": 3600},
    {"distance_km": 12},
    {"calories_kcal": 726},
    {"speed_avg_kmh": 12},
    {"hydration_l": 0.441853},
    {"pictures": [
        [
            {"created_date": "2015-04-03 14:30:15.0"},
            {"picture": [[{"url": "resources/gfx/image/20328069/992fcc18932b2ba6c284bb80e54f127a/big.jpg"}]]}
        ],
        [
            {"created_date": "2015-04-03 14:43:38.0"},
            {"picture": [[{"url": "resources/gfx/image/20328087/2cf6447154ef59ebfe888e872db9db7d/big.jpg"}]]}
        ]
    ]},
    {"points": [[
        {"distance_km": 12},
        {"timestamp": "Sat Apr 04 12:00:39 UTC 2015"}
    ]]}
]