[
    {"name": "2 x Gåshølet"},
    {"sport": "RUNNING"},
    {"source": "TRACK_MOBILE"},
    {"created_date": "2017-02-14 18:33:58.0"},
    {"start_time": "2017-02-14 18:02:38.0"},
    {"end_time": "2017-02-14 18:34:06.0"},
    {"duration_s": 1884},
    {"distance_km": 5.04951286315918},
    {"calories_kcal": 316},
    {"altitude_min_m": 148},
    {"altitude_max_m": 188},
    {"speed_avg_kmh": 9.648750693934739},
    {"speed_max_kmh": 13.7831},
    {"hydration_l": 0.097058},
    {"ascend_m": 73},
    {"descend_m": 69},
    {"points": [
        [
            {"location": [[
                {"latitude": 60.024178},
                {"longitude": 11.115095}
            ]]},
            {"distance_km": 0},
            {"timestamp": "Tue Feb 14 18:02:38 UTC 2017"}
        ],
        [
            {"location": [[
                {"latitude": 60.024178},
                {"longitude": 11.115095}
            ]]},
            {"altitude": 177},
            {"distance_km": 0},
            {"timestamp": "Tue Feb 14 18:02:40 UTC 2017"}
        ],
        [
            {"location": [[
                {"latitude": 60.024229},
                {"longitude": 11.114802}
            ]]},
            {"altitude": 181},
            {"distance_km": 0.03443},
            {"timestamp": "Tue Feb 14 18:02:54 UTC 2017"}
        ],
        [
            {"location": [[
                {"latitude": 60.024435},
                {"longitude": 11.114797}
            ]]},
            {"altitude": 183},
            {"distance_km": 0.057467},
            {"timestamp": "Tue Feb 14 18:03:03 UTC 2017"}
        ],
        [
            {"location": [[
                {"latitude": 60.024572},
                {"longitude": 11.114782}
            ]]},
            {"altitude": 183},
            {"distance_km": 0.072688},
            {"speed_kmh": 7.5928},
            {"timestamp": "Tue Feb 14 18:03:09 UTC 2017"}
        ],
        [
            {"location": [[
                {"latitude": 60.024752},
                {"longitude": 11.114839}
            ]]},
            {"altitude": 185},
            {"distance_km": 0.093009},
            {"speed_kmh": 8.82987},
            {"timestamp": "Tue Feb 14 18:03:18 UTC 2017"}
        ],
        [
            {"location": [[
                {"latitude": 60.024944},
                {"longitude": 11.114942}
            ]]},
            {"altitude": 184},
            {"distance_km": 0.115181},
            {"speed_kmh": 10.1887},
            {"timestamp": "Tue Feb 14 18:03:24 UTC 2017"}
        ],
        [
            {"location": [[
                {"latitude": 60.0251},
                {"longitude": 11.115064}
            ]]},
            {"altitude": 185},
            {"distance_km": 0.133863},
            {"speed_kmh": 11.6238},
            {"timestamp": "Tue Feb 14 18:03:29 UTC 2017"}
        ],
        [
            {"location": [[
                {"latitude": 60.025258},
                {"longitude": 11.11517}
            ]]},
            {"altitude": 187},
            {"distance_km": 0.152427},
            {"speed_kmh": 13.3673},
            {"timestamp": "Tue Feb 14 18:03:34 UTC 2017"}
        ],
        [
            {"location": [[
                {"latitude": 60.025427},
                {"longitude": 11.115325}
            ]]},
            {"altitude": 185},
            {"distance_km": 0.173135},
            {"speed_kmh": 13.0788},
            {"timestamp": "Tue Feb 14 18:03:40 UTC 2017"}
        ],
        [
            {"location": [[
                {"latitude": 60.025507},
                {"longitude": 11.115418}
            ]]},
            {"altitude": 184},
            {"distance_km": 0.18346},
            {"speed_kmh": 12.7228},
            {"timestamp": "Tue Feb 14 18:03:43 UTC 2017"}
        ],
        [
            {"location": [[
                {"latitude": 60.025623},
                {"longitude": 11.115549}
            ]]},
            {"altitude": 186},
            {"distance_km": 0.198284},
            {"speed_kmh": 11.8294},
            {"timestamp": "Tue Feb 14 18:03:48 UTC 2017"}
        ],
        [
            {"location": [[
                {"latitude": 60.025796},
                {"longitude": 11.115842}
            ]]},
            {"altitude": 188},
            {"distance_km": 0.223531},
            {"speed_kmh": 10.716},
            {"timestamp": "Tue Feb 14 18:03:58 UTC 2017"}
        ],
        [
            {"location": [[
                {"latitude": 60.026044},
                {"longitude": 11.11588}
            ]]},
            {"altitude": 188},
            {"distance_km": 0.251224},
            {"speed_kmh": 9.91586},
            {"timestamp": "Tue Feb 14 18:04:08 UTC 2017"}
        ],
        [
            {"location": [[
                {"latitude": 60.026187},
                {"longitude": 11.115712}
            ]]},
            {"altitude": 185},
            {"distance_km": 0.26974},
            {"speed_kmh": 10.7979},
            {"timestamp": "Tue Feb 14 18:04:13 UTC 2017"}
        ],
        [
            {"location": [[
                {"latitude": 60.026339},
                {"longitude": 11.115709}
            ]]},
            {"altitude": 182},
            {"distance_km": 0.286662},
            {"speed_kmh": 10.6697},
            {"timestamp": "Tue Feb 14 18:04:20 UTC 2017"}
        ],
        [
            {"location": [[
                {"latitude": 60.026318},
                {"longitude": 11.116076}
            ]]},
            {"altitude": 184},
            {"distance_km": 0.307206},
            {"speed_kmh": 9.58461},
            {"timestamp": "Tue Feb 14 18:04:31 UTC 2017"}
        ],
        [
            {"location": [[
                {"latitude": 60.026182},
                {"longitude": 11.116163}
            ]]},
            {"altitude": 181},
            {"distance_km": 0.323133},
            {"speed_kmh": 8.31967},
            {"timestamp": "Tue Feb 14 18:04:37 UTC 2017"}
        ],
        [
            {"location": [[
                {"latitude": 60.026125},
                {"longitude": 11.11617}
            ]]},
            {"altitude": 179},
            {"distance_km": 0.329542},
            {"timestamp": "Tue Feb 14 18:04:40 UTC 2017"}
        ],
        [
            {"location": [[
                {"latitude": 60.026182},
                {"longitude": 11.116163}
            ]]},
            {"altitude": 181},
            {"distance_km": 0.33595},
            {"timestamp": "Tue Feb 14 18:04:47 UTC 2017"}
        ],
        [
            {"location": [[
                {"latitude": 60.026376},
                {"longitude": 11.116031}
            ]]},
            {"altitude": 182},
            {"distance_km": 0.381575},
            {"speed_kmh": 7.5672},
            {"timestamp": "Tue Feb 14 18:04:54 UTC 2017"}
        ],
        [
            {"location": [[
                {"latitude": 60.026601},
                {"longitude": 11.115985}
            ]]},
            {"altitude": 184},
            {"distance_km": 0.406773},
            {"speed_kmh": 8.36788},
            {"timestamp": "Tue Feb 14 18:05:03 UTC 2017"}
        ],
        [
            {"location": [[
                {"latitude": 60.026831},
                {"longitude": 11.115938}
            ]]},
            {"altitude": 177},
            {"distance_km": 0.432601},
            {"speed_kmh": 10.7104},
            {"timestamp": "Tue Feb 14 18:05:12 UTC 2017"}
        ],
        [
            {"location": [[
                {"latitude": 60.027022},
                {"longitude": 11.115857}
            ]]},
            {"altitude": 180},
            {"distance_km": 0.454349},
            {"speed_kmh": 10.0738},
            {"timestamp": "Tue Feb 14 18:05:20 UTC 2017"}
        ],
        [
            {"location": [[
                {"latitude": 60.027246},
                {"longitude": 11.115789}
            ]]},
            {"altitude": 180},
            {"distance_km": 0.479503},
            {"speed_kmh": 10.0598},
            {"timestamp": "Tue Feb 14 18:05:29 UTC 2017"}
        ],
        [
            {"location": [[
                {"latitude": 60.027364},
                {"longitude": 11.115783}
            ]]},
            {"altitude": 179},
            {"distance_km": 0.492655},
            {"speed_kmh": 9.76892},
            {"timestamp": "Tue Feb 14 18:05:34 UTC 2017"}
        ],
        [
            {"location": [[
                {"latitude": 60.027564},
                {"longitude": 11.115935}
            ]]},
            {"altitude": 177},
            {"distance_km": 0.516475},
            {"speed_kmh": 9.68428},
            {"timestamp": "Tue Feb 14 18:05:43 UTC 2017"}
        ],
        [
            {"location": [[
                {"latitude": 60.027698},
                {"longitude": 11.116023}
            ]]},
            {"altitude": 177},
            {"distance_km": 0.532245},
            {"speed_kmh": 9.48081},
            {"timestamp": "Tue Feb 14 18:05:49 UTC 2017"}
        ],
        [
            {"location": [[
                {"latitude": 60.027956},
                {"longitude": 11.115922}
            ]]},
            {"altitude": 174},
            {"distance_km": 0.561483},
            {"speed_kmh": 9.83798},
            {"timestamp": "Tue Feb 14 18:05:59 UTC 2017"}
        ],
        [
            {"location": [[
                {"latitude": 60.028207},
                {"longitude": 11.115794}
            ]]},
            {"altitude": 172},
            {"distance_km": 0.590406},
            {"speed_kmh": 10.5185},
            {"timestamp": "Tue Feb 14 18:06:08 UTC 2017"}
        ],
        [
            {"location": [[
                {"latitude": 60.028388},
                {"longitude": 11.115683}
            ]]},
            {"altitude": 169},
            {"distance_km": 0.611433},
            {"speed_kmh": 10.9687},
            {"timestamp": "Tue Feb 14 18:06:15 UTC 2017"}
        ],
        [
            {"location": [[
                {"latitude": 60.028609},
                {"longitude": 11.11554}
            ]]},
            {"altitude": 176},
            {"distance_km": 0.637342},
            {"speed_kmh": 11.3511},
            {"timestamp": "Tue Feb 14 18:06:23 UTC 2017"}
        ],
        [
            {"location": [[
                {"latitude": 60.028748},
                {"longitude": 11.115464}
            ]]},
            {"altitude": 173},
            {"distance_km": 0.653463},
            {"speed_kmh": 11.3584},
            {"timestamp": "Tue Feb 14 18:06:28 UTC 2017"}
        ],
        [
            {"location": [[
                {"latitude": 60.028958},
                {"longitude": 11.11533}
            ]]},
            {"altitude": 171},
            {"distance_km": 0.677951},
            {"speed_kmh": 11.4306},
            {"timestamp": "Tue Feb 14 18:06:36 UTC 2017"}
        ],
        [
            {"location": [[
                {"latitude": 60.029118},
                {"longitude": 11.115221}
            ]]},
            {"altitude": 169},
            {"distance_km": 0.696784},
            {"speed_kmh": 11.3033},
            {"timestamp": "Tue Feb 14 18:06:42 UTC 2017"}
        ],
        [
            {"location": [[
                {"latitude": 60.029306},
                {"longitude": 11.115097}
            ]]},
            {"altitude": 168},
            {"distance_km": 0.718852},
            {"speed_kmh": 10.749},
            {"timestamp": "Tue Feb 14 18:06:50 UTC 2017"}
        ],
        [
            {"location": [[
                {"latitude": 60.029418},
                {"longitude": 11.115023}
            ]]},
            {"altitude": 166},
            {"distance_km": 0.732057},
            {"speed_kmh": 10.2424},
            {"timestamp": "Tue Feb 14 18:06:55 UTC 2017"}
        ],
        [
            {"location": [[
                {"latitude": 60.02955},
                {"longitude": 11.114978}
            ]]},
            {"altitude": 167},
            {"distance_km": 0.746971},
            {"speed_kmh": 10.0587},
            {"timestamp": "Tue Feb 14 18:07:00 UTC 2017"}
        ],
        [
            {"location": [[
                {"latitude": 60.029749},
                {"longitude": 11.11497}
            ]]},
            {"altitude": 168},
            {"distance_km": 0.769121},
            {"speed_kmh": 10.544},
            {"timestamp": "Tue Feb 14 18:07:07 UTC 2017"}
        ],
        [
            {"location": [[
                {"latitude": 60.029977},
                {"longitude": 11.114889}
            ]]},
            {"altitude": 167},
            {"distance_km": 0.794921},
            {"speed_kmh": 10.8179},
            {"timestamp": "Tue Feb 14 18:07:16 UTC 2017"}
        ],
        [
            {"location": [[
                {"latitude": 60.029977},
                {"longitude": 11.114889}
            ]]},
            {"altitude": 167},
            {"distance_km": 0.794921},
            {"timestamp": "Tue Feb 14 18:07:21 UTC 2017"}
        ],
        [
            {"location": [[
                {"latitude": 60.029977},
                {"longitude": 11.114889}
            ]]},
            {"altitude": 167},
            {"distance_km": 0.794921},
            {"timestamp": "Tue Feb 14 18:07:22 UTC 2017"}
        ],
        [
            {"location": [[
                {"latitude": 60.029932},
                {"longitude": 11.114363}
            ]]},
            {"altitude": 167},
            {"distance_km": 0.854459},
            {"speed_kmh": 4.47095},
            {"timestamp": "Tue Feb 14 18:07:30 UTC 2017"}
        ],
        [
            {"location": [[
                {"latitude": 60.029822},
                {"longitude": 11.11408}
            ]]},
            {"altitude": 167},
            {"distance_km": 0.874474},
            {"speed_kmh": 9.2679},
            {"timestamp": "Tue Feb 14 18:07:35 UTC 2017"}
        ],
        [
            {"location": [[
                {"latitude": 60.029652},
                {"longitude": 11.113858}
            ]]},
            {"altitude": 168},
            {"distance_km": 0.897054},
            {"speed_kmh": 13.7831},
            {"timestamp": "Tue Feb 14 18:07:41 UTC 2017"}
        ],
        [
            {"location": [[
                {"latitude": 60.029455},
                {"longitude": 11.113676}
            ]]},
            {"altitude": 167},
            {"distance_km": 0.921289},
            {"speed_kmh": 13.4667},
            {"timestamp": "Tue Feb 14 18:07:48 UTC 2017"}
        ],
        [
            {"location": [[
                {"latitude": 60.029284},
                {"longitude": 11.11352}
            ]]},
            {"altitude": 165},
            {"distance_km": 0.942187},
            {"speed_kmh": 12.8492},
            {"timestamp": "Tue Feb 14 18:07:54 UTC 2017"}
        ],
        [
            {"location": [[
                {"latitude": 60.02911},
                {"longitude": 11.113378}
            ]]},
            {"altitude": 164},
            {"distance_km": 0.963111},
            {"speed_kmh": 12.5189},
            {"timestamp": "Tue Feb 14 18:08:00 UTC 2017"}
        ],
        [
            {"location": [[
                {"latitude": 60.028938},
                {"longitude": 11.113231}
            ]]},
            {"altitude": 163},
            {"distance_km": 0.983999},
            {"speed_kmh": 12.5426},
            {"timestamp": "Tue Feb 14 18:08:06 UTC 2017"}
        ],
        [
            {"location": [[
                {"latitude": 60.028767},
                {"longitude": 11.113083}
            ]]},
            {"altitude": 163},
            {"distance_km": 1.00471},
            {"speed_kmh": 12.5047},
            {"timestamp": "Tue Feb 14 18:08:12 UTC 2017"}
        ],
        [
            {"location": [[
                {"latitude": 60.028625},
                {"longitude": 11.112948}
            ]]},
            {"altitude": 163},
            {"distance_km": 1.0223},
            {"speed_kmh": 12.541},
            {"timestamp": "Tue Feb 14 18:08:17 UTC 2017"}
        ],
        [
            {"location": [[
                {"latitude": 60.028462},
                {"longitude": 11.112783}
            ]]},
            {"altitude": 162},
            {"distance_km": 1.04263},
            {"speed_kmh": 12.4268},
            {"timestamp": "Tue Feb 14 18:08:23 UTC 2017"}
        ],
        [
            {"location": [[
                {"latitude": 60.028229},
                {"longitude": 11.112603}
            ]]},
            {"altitude": 161},
            {"distance_km": 1.07046},
            {"speed_kmh": 11.9978},
            {"timestamp": "Tue Feb 14 18:08:32 UTC 2017"}
        ],
        [
            {"location": [[
                {"latitude": 60.028039},
                {"longitude": 11.112437}
            ]]},
            {"altitude": 162},
            {"distance_km": 1.09354},
            {"speed_kmh": 11.7331},
            {"timestamp": "Tue Feb 14 18:08:39 UTC 2017"}
        ],
        [
            {"location": [[
                {"latitude": 60.027844},
                {"longitude": 11.112237}
            ]]},
            {"altitude": 159},
            {"distance_km": 1.11801},
            {"speed_kmh": 11.3429},
            {"timestamp": "Tue Feb 14 18:08:47 UTC 2017"}
        ],
        [
            {"location": [[
                {"latitude": 60.027706},
                {"longitude": 11.11211}
            ]]},
            {"altitude": 158},
            {"distance_km": 1.13491},
            {"speed_kmh": 11.0026},
            {"timestamp": "Tue Feb 14 18:08:53 UTC 2017"}
        ],
        [
            {"location": [[
                {"latitude": 60.027504},
                {"longitude": 11.111913}
            ]]},
            {"altitude": 157},
            {"distance_km": 1.15989},
            {"speed_kmh": 10.7986},
            {"timestamp": "Tue Feb 14 18:09:01 UTC 2017"}
        ],
        [
            {"location": [[
                {"latitude": 60.02738},
                {"longitude": 11.111806}
            ]]},
            {"altitude": 157},
            {"distance_km": 1.17493},
            {"speed_kmh": 10.7305},
            {"timestamp": "Tue Feb 14 18:09:06 UTC 2017"}
        ],
        [
            {"location": [[
                {"latitude": 60.027249},
                {"longitude": 11.111698}
            ]]},
            {"altitude": 159},
            {"distance_km": 1.1908},
            {"speed_kmh": 11.1604},
            {"timestamp": "Tue Feb 14 18:09:11 UTC 2017"}
        ],
        [
            {"location": [[
                {"latitude": 60.027054},
                {"longitude": 11.111474}
            ]]},
            {"altitude": 158},
            {"distance_km": 1.21583},
            {"speed_kmh": 11.1703},
            {"timestamp": "Tue Feb 14 18:09:19 UTC 2017"}
        ],
        [
            {"location": [[
                {"latitude": 60.026984},
                {"longitude": 11.111392}
            ]]},
            {"altitude": 158},
            {"distance_km": 1.22488},
            {"speed_kmh": 11.178},
            {"timestamp": "Tue Feb 14 18:09:22 UTC 2017"}
        ],
        [
            {"location": [[
                {"latitude": 60.02692},
                {"longitude": 11.1113}
            ]]},
            {"altitude": 159},
            {"distance_km": 1.23367},
            {"speed_kmh": 10.8733},
            {"timestamp": "Tue Feb 14 18:09:25 UTC 2017"}
        ],
        [
            {"location": [[
                {"latitude": 60.026733},
                {"longitude": 11.110987}
            ]]},
            {"altitude": 154},
            {"distance_km": 1.26088},
            {"speed_kmh": 10.7435},
            {"timestamp": "Tue Feb 14 18:09:34 UTC 2017"}
        ],
        [
            {"location": [[
                {"latitude": 60.026604},
                {"longitude": 11.110695}
            ]]},
            {"altitude": 152},
            {"distance_km": 1.28255},
            {"speed_kmh": 10.8385},
            {"timestamp": "Tue Feb 14 18:09:41 UTC 2017"}
        ],
        [
            {"location": [[
                {"latitude": 60.026534},
                {"longitude": 11.110493}
            ]]},
            {"altitude": 153},
            {"distance_km": 1.29627},
            {"speed_kmh": 11.4311},
            {"timestamp": "Tue Feb 14 18:09:45 UTC 2017"}
        ],
        [
            {"location": [[
                {"latitude": 60.026413},
                {"longitude": 11.110195}
            ]]},
            {"altitude": 150},
            {"distance_km": 1.31761},
            {"speed_kmh": 11.4708},
            {"timestamp": "Tue Feb 14 18:09:52 UTC 2017"}
        ],
        [
            {"location": [[
                {"latitude": 60.026298},
                {"longitude": 11.109882}
            ]]},
            {"altitude": 149},
            {"distance_km": 1.33931},
            {"speed_kmh": 11.4761},
            {"timestamp": "Tue Feb 14 18:09:59 UTC 2017"}
        ],
        [
            {"location": [[
                {"latitude": 60.026193},
                {"longitude": 11.109623}
            ]]},
            {"altitude": 148},
            {"distance_km": 1.35787},
            {"speed_kmh": 11.1109},
            {"timestamp": "Tue Feb 14 18:10:05 UTC 2017"}
        ],
        [
            {"location": [[
                {"latitude": 60.026088},
                {"longitude": 11.109272}
            ]]},
            {"altitude": 151},
            {"distance_km": 1.38069},
            {"speed_kmh": 11.3343},
            {"timestamp": "Tue Feb 14 18:10:12 UTC 2017"}
        ],
        [
            {"location": [[
                {"latitude": 60.025973},
                {"longitude": 11.10889}
            ]]},
            {"altitude": 152},
            {"distance_km": 1.40556},
            {"speed_kmh": 11.3659},
            {"timestamp": "Tue Feb 14 18:10:20 UTC 2017"}
        ],
        [
            {"location": [[
                {"latitude": 60.025929},
                {"longitude": 11.108743}
            ]]},
            {"altitude": 151},
            {"distance_km": 1.41508},
            {"speed_kmh": 11.408},
            {"timestamp": "Tue Feb 14 18:10:23 UTC 2017"}
        ],
        [
            {"location": [[
                {"latitude": 60.025885},
                {"longitude": 11.108605}
            ]]},
            {"altitude": 152},
            {"distance_km": 1.42417},
            {"speed_kmh": 11.171},
            {"timestamp": "Tue Feb 14 18:10:26 UTC 2017"}
        ],
        [
            {"location": [[
                {"latitude": 60.025841},
                {"longitude": 11.108478}
            ]]},
            {"altitude": 150},
            {"distance_km": 1.43283},
            {"speed_kmh": 10.9013},
            {"timestamp": "Tue Feb 14 18:10:29 UTC 2017"}
        ],
        [
            {"location": [[
                {"latitude": 60.025788},
                {"longitude": 11.108312}
            ]]},
            {"altitude": 151},
            {"distance_km": 1.44377},
            {"speed_kmh": 10.3918},
            {"timestamp": "Tue Feb 14 18:10:33 UTC 2017"}
        ],
        [
            {"location": [[
                {"latitude": 60.025727},
                {"longitude": 11.108109}
            ]]},
            {"altitude": 151},
            {"distance_km": 1.45696},
            {"speed_kmh": 9.92046},
            {"timestamp": "Tue Feb 14 18:10:38 UTC 2017"}
        ],
        [
            {"location": [[
                {"latitude": 60.025671},
                {"longitude": 11.107958}
            ]]},
            {"altitude": 151},
            {"distance_km": 1.46749},
            {"speed_kmh": 9.55246},
            {"timestamp": "Tue Feb 14 18:10:42 UTC 2017"}
        ],
        [
            {"location": [[
                {"latitude": 60.025538},
                {"longitude": 11.107617}
            ]]},
            {"altitude": 151},
            {"distance_km": 1.49162},
            {"speed_kmh": 9.52392},
            {"timestamp": "Tue Feb 14 18:10:51 UTC 2017"}
        ],
        [
            {"location": [[
                {"latitude": 60.02537},
                {"longitude": 11.107209}
            ]]},
            {"altitude": 152},
            {"distance_km": 1.52107},
            {"speed_kmh": 9.88145},
            {"timestamp": "Tue Feb 14 18:11:01 UTC 2017"}
        ],
        [
            {"location": [[
                {"latitude": 60.025253},
                {"longitude": 11.106942}
            ]]},
            {"altitude": 153},
            {"distance_km": 1.54082},
            {"speed_kmh": 10.1552},
            {"timestamp": "Tue Feb 14 18:11:08 UTC 2017"}
        ],
        [
            {"location": [[
                {"latitude": 60.025244},
                {"longitude": 11.106561}
            ]]},
            {"altitude": 155},
            {"distance_km": 1.5621},
            {"speed_kmh": 10.1041},
            {"timestamp": "Tue Feb 14 18:11:16 UTC 2017"}
        ],
        [
            {"location": [[
                {"latitude": 60.025166},
                {"longitude": 11.106223}
            ]]},
            {"altitude": 154},
            {"distance_km": 1.58284},
            {"speed_kmh": 10.1061},
            {"timestamp": "Tue Feb 14 18:11:23 UTC 2017"}
        ],
        [
            {"location": [[
                {"latitude": 60.025071},
                {"longitude": 11.10585}
            ]]},
            {"altitude": 153},
            {"distance_km": 1.60616},
            {"speed_kmh": 10.235},
            {"timestamp": "Tue Feb 14 18:11:31 UTC 2017"}
        ],
        [
            {"location": [[
                {"latitude": 60.025014},
                {"longitude": 11.105378}
            ]]},
            {"altitude": 154},
            {"distance_km": 1.63325},
            {"speed_kmh": 10.6562},
            {"timestamp": "Tue Feb 14 18:11:40 UTC 2017"}
        ],
        [
            {"location": [[
                {"latitude": 60.024989},
                {"longitude": 11.104977}
            ]]},
            {"altitude": 155},
            {"distance_km": 1.65576},
            {"speed_kmh": 10.5047},
            {"timestamp": "Tue Feb 14 18:11:48 UTC 2017"}
        ],
        [
            {"location": [[
                {"latitude": 60.024962},
                {"longitude": 11.104508}
            ]]},
            {"altitude": 154},
            {"distance_km": 1.68212},
            {"speed_kmh": 10.9432},
            {"timestamp": "Tue Feb 14 18:11:56 UTC 2017"}
        ],
        [
            {"location": [[
                {"latitude": 60.024968},
                {"longitude": 11.104257}
            ]]},
            {"altitude": 154},
            {"distance_km": 1.6961},
            {"speed_kmh": 9.42706},
            {"timestamp": "Tue Feb 14 18:12:04 UTC 2017"}
        ],
        [
            {"location": [[
                {"latitude": 60.024919},
                {"longitude": 11.103754}
            ]]},
            {"altitude": 154},
            {"distance_km": 1.72471},
            {"speed_kmh": 9.1559},
            {"timestamp": "Tue Feb 14 18:12:15 UTC 2017"}
        ],
        [
            {"location": [[
                {"latitude": 60.024824},
                {"longitude": 11.103736}
            ]]},
            {"altitude": 156},
            {"distance_km": 1.73539},
            {"speed_kmh": 7.37165},
            {"timestamp": "Tue Feb 14 18:12:21 UTC 2017"}
        ],
        [
            {"location": [[
                {"latitude": 60.024726},
                {"longitude": 11.103306}
            ]]},
            {"altitude": 154},
            {"distance_km": 1.76174},
            {"speed_kmh": 8.76621},
            {"timestamp": "Tue Feb 14 18:12:30 UTC 2017"}
        ],
        [
            {"location": [[
                {"latitude": 60.024571},
                {"longitude": 11.10304}
            ]]},
            {"altitude": 153},
            {"distance_km": 1.78449},
            {"speed_kmh": 9.09435},
            {"timestamp": "Tue Feb 14 18:12:38 UTC 2017"}
        ],
        [
            {"location": [[
                {"latitude": 60.024436},
                {"longitude": 11.10327}
            ]]},
            {"altitude": 153},
            {"distance_km": 1.80428},
            {"speed_kmh": 9.86727},
            {"timestamp": "Tue Feb 14 18:12:46 UTC 2017"}
        ],
        [
            {"location": [[
                {"latitude": 60.024304},
                {"longitude": 11.103589}
            ]]},
            {"altitude": 152},
            {"distance_km": 1.82737},
            {"speed_kmh": 9.48739},
            {"timestamp": "Tue Feb 14 18:12:55 UTC 2017"}
        ],
        [
            {"location": [[
                {"latitude": 60.024178},
                {"longitude": 11.103877}
            ]]},
            {"altitude": 151},
            {"distance_km": 1.84867},
            {"speed_kmh": 9.2278},
            {"timestamp": "Tue Feb 14 18:13:03 UTC 2017"}
        ],
        [
            {"location": [[
                {"latitude": 60.024056},
                {"longitude": 11.104192}
            ]]},
            {"altitude": 151},
            {"distance_km": 1.87084},
            {"speed_kmh": 9.59034},
            {"timestamp": "Tue Feb 14 18:13:11 UTC 2017"}
        ],
        [
            {"location": [[
                {"latitude": 60.023952},
                {"longitude": 11.104511}
            ]]},
            {"altitude": 154},
            {"distance_km": 1.89213},
            {"speed_kmh": 9.68307},
            {"timestamp": "Tue Feb 14 18:13:19 UTC 2017"}
        ],
        [
            {"location": [[
                {"latitude": 60.023851},
                {"longitude": 11.104874}
            ]]},
            {"altitude": 153},
            {"distance_km": 1.91527},
            {"speed_kmh": 9.58659},
            {"timestamp": "Tue Feb 14 18:13:28 UTC 2017"}
        ],
        [
            {"location": [[
                {"latitude": 60.023698},
                {"longitude": 11.105178}
            ]]},
            {"altitude": 154},
            {"distance_km": 1.93934},
            {"speed_kmh": 9.88972},
            {"timestamp": "Tue Feb 14 18:13:36 UTC 2017"}
        ],
        [
            {"location": [[
                {"latitude": 60.023622},
                {"longitude": 11.105579}
            ]]},
            {"altitude": 155},
            {"distance_km": 1.96322},
            {"speed_kmh": 9.91477},
            {"timestamp": "Tue Feb 14 18:13:45 UTC 2017"}
        ],
        [
            {"location": [[
                {"latitude": 60.023609},
                {"longitude": 11.105826}
            ]]},
            {"altitude": 155},
            {"distance_km": 1.9771},
            {"speed_kmh": 10.1494},
            {"timestamp": "Tue Feb 14 18:13:50 UTC 2017"}
        ],
        [
            {"location": [[
                {"latitude": 60.023598},
                {"longitude": 11.106021}
            ]]},
            {"altitude": 155},
            {"distance_km": 1.98801},
            {"speed_kmh": 9.82053},
            {"timestamp": "Tue Feb 14 18:13:54 UTC 2017"}
        ],
        [
            {"location": [[
                {"latitude": 60.023579},
                {"longitude": 11.106407}
            ]]},
            {"altitude": 156},
            {"distance_km": 2.00968},
            {"speed_kmh": 9.85527},
            {"timestamp": "Tue Feb 14 18:14:02 UTC 2017"}
        ],
        [
            {"location": [[
                {"latitude": 60.023569},
                {"longitude": 11.10655}
            ]]},
            {"altitude": 156},
            {"distance_km": 2.01771},
            {"speed_kmh": 9.73814},
            {"timestamp": "Tue Feb 14 18:14:05 UTC 2017"}
        ],
        [
            {"location": [[
                {"latitude": 60.023555},
                {"longitude": 11.106938}
            ]]},
            {"altitude": 157},
            {"distance_km": 2.03938},
            {"speed_kmh": 9.71196},
            {"timestamp": "Tue Feb 14 18:14:13 UTC 2017"}
        ],
        [
            {"location": [[
                {"latitude": 60.02355},
                {"longitude": 11.107084}
            ]]},
            {"altitude": 157},
            {"distance_km": 2.04757},
            {"speed_kmh": 9.74597},
            {"timestamp": "Tue Feb 14 18:14:16 UTC 2017"}
        ],
        [
            {"location": [[
                {"latitude": 60.023554},
                {"longitude": 11.107233}
            ]]},
            {"altitude": 156},
            {"distance_km": 2.05589},
            {"speed_kmh": 9.85688},
            {"timestamp": "Tue Feb 14 18:14:19 UTC 2017"}
        ],
        [
            {"location": [[
                {"latitude": 60.023591},
                {"longitude": 11.107687}
            ]]},
            {"altitude": 159},
            {"distance_km": 2.08153},
            {"speed_kmh": 10.0197},
            {"timestamp": "Tue Feb 14 18:14:28 UTC 2017"}
        ],
        [
            {"location": [[
                {"latitude": 60.023663},
                {"longitude": 11.108166}
            ]]},
            {"altitude": 160},
            {"distance_km": 2.10942},
            {"speed_kmh": 9.78616},
            {"timestamp": "Tue Feb 14 18:14:39 UTC 2017"}
        ],
        [
            {"location": [[
                {"latitude": 60.023667},
                {"longitude": 11.108449}
            ]]},
            {"altitude": 162},
            {"distance_km": 2.12518},
            {"speed_kmh": 9.60783},
            {"timestamp": "Tue Feb 14 18:14:45 UTC 2017"}
        ],
        [
            {"location": [[
                {"latitude": 60.02362},
                {"longitude": 11.108835}
            ]]},
            {"altitude": 163},
            {"distance_km": 2.14731},
            {"speed_kmh": 9.14414},
            {"timestamp": "Tue Feb 14 18:14:54 UTC 2017"}
        ],
        [
            {"location": [[
                {"latitude": 60.023589},
                {"longitude": 11.109054}
            ]]},
            {"altitude": 163},
            {"distance_km": 2.16},
            {"speed_kmh": 9.08072},
            {"timestamp": "Tue Feb 14 18:14:59 UTC 2017"}
        ],
        [
            {"location": [[
                {"latitude": 60.023619},
                {"longitude": 11.109465}
            ]]},
            {"altitude": 163},
            {"distance_km": 2.18318},
            {"speed_kmh": 8.74528},
            {"timestamp": "Tue Feb 14 18:15:09 UTC 2017"}
        ],
        [
            {"location": [[
                {"latitude": 60.023752},
                {"longitude": 11.109607}
            ]]},
            {"altitude": 165},
            {"distance_km": 2.19996},
            {"speed_kmh": 7.47815},
            {"timestamp": "Tue Feb 14 18:15:21 UTC 2017"}
        ],
        [
            {"location": [[
                {"latitude": 60.02386},
                {"longitude": 11.109768}
            ]]},
            {"altitude": 170},
            {"distance_km": 2.21497},
            {"speed_kmh": 5.87545},
            {"timestamp": "Tue Feb 14 18:15:34 UTC 2017"}
        ],
        [
            {"location": [[
                {"latitude": 60.023929},
                {"longitude": 11.110029}
            ]]},
            {"altitude": 171},
            {"distance_km": 2.23146},
            {"speed_kmh": 4.86332},
            {"timestamp": "Tue Feb 14 18:15:45 UTC 2017"}
        ],
        [
            {"location": [[
                {"latitude": 60.023856},
                {"longitude": 11.110382}
            ]]},
            {"altitude": 174},
            {"distance_km": 2.25277},
            {"speed_kmh": 5.50828},
            {"timestamp": "Tue Feb 14 18:15:56 UTC 2017"}
        ],
        [
            {"location": [[
                {"latitude": 60.023769},
                {"longitude": 11.110797}
            ]]},
            {"altitude": 173},
            {"distance_km": 2.27785},
            {"speed_kmh": 7.88709},
            {"timestamp": "Tue Feb 14 18:16:04 UTC 2017"}
        ],
        [
            {"location": [[
                {"latitude": 60.023708},
                {"longitude": 11.111134}
            ]]},
            {"altitude": 172},
            {"distance_km": 2.29782},
            {"speed_kmh": 9.49297},
            {"timestamp": "Tue Feb 14 18:16:11 UTC 2017"}
        ],
        [
            {"location": [[
                {"latitude": 60.023615},
                {"longitude": 11.111571}
            ]]},
            {"altitude": 172},
            {"distance_km": 2.3243},
            {"speed_kmh": 10.3579},
            {"timestamp": "Tue Feb 14 18:16:21 UTC 2017"}
        ],
        [
            {"location": [[
                {"latitude": 60.023555},
                {"longitude": 11.111826}
            ]]},
            {"altitude": 172},
            {"distance_km": 2.34002},
            {"speed_kmh": 9.73837},
            {"timestamp": "Tue Feb 14 18:16:27 UTC 2017"}
        ],
        [
            {"location": [[
                {"latitude": 60.023467},
                {"longitude": 11.112167}
            ]]},
            {"altitude": 171},
            {"distance_km": 2.36142},
            {"speed_kmh": 9.54001},
            {"timestamp": "Tue Feb 14 18:16:35 UTC 2017"}
        ],
        [
            {"location": [[
                {"latitude": 60.023356},
                {"longitude": 11.112511}
            ]]},
            {"altitude": 170},
            {"distance_km": 2.38425},
            {"speed_kmh": 9.39288},
            {"timestamp": "Tue Feb 14 18:16:44 UTC 2017"}
        ],
        [
            {"location": [[
                {"latitude": 60.023283},
                {"longitude": 11.112998}
            ]]},
            {"altitude": 168},
            {"distance_km": 2.4126},
            {"speed_kmh": 9.34683},
            {"timestamp": "Tue Feb 14 18:16:55 UTC 2017"}
        ],
        [
            {"location": [[
                {"latitude": 60.023376},
                {"longitude": 11.113326}
            ]]},
            {"altitude": 171},
            {"distance_km": 2.43358},
            {"speed_kmh": 9.28021},
            {"timestamp": "Tue Feb 14 18:17:03 UTC 2017"}
        ],
        [
            {"location": [[
                {"latitude": 60.023483},
                {"longitude": 11.113615}
            ]]},
            {"altitude": 169},
            {"distance_km": 2.45367},
            {"speed_kmh": 9.65007},
            {"timestamp": "Tue Feb 14 18:17:10 UTC 2017"}
        ],
        [
            {"location": [[
                {"latitude": 60.02363},
                {"longitude": 11.113952}
            ]]},
            {"altitude": 171},
            {"distance_km": 2.47857},
            {"speed_kmh": 9.87477},
            {"timestamp": "Tue Feb 14 18:17:19 UTC 2017"}
        ],
        [
            {"location": [[
                {"latitude": 60.023762},
                {"longitude": 11.114355}
            ]]},
            {"altitude": 172},
            {"distance_km": 2.50543},
            {"speed_kmh": 9.98173},
            {"timestamp": "Tue Feb 14 18:17:29 UTC 2017"}
        ],
        [
            {"location": [[
                {"latitude": 60.023805},
                {"longitude": 11.114591}
            ]]},
            {"altitude": 171},
            {"distance_km": 2.51943},
            {"speed_kmh": 9.90561},
            {"timestamp": "Tue Feb 14 18:17:34 UTC 2017"}
        ],
        [
            {"location": [[
                {"latitude": 60.024008},
                {"longitude": 11.114759}
            ]]},
            {"altitude": 176},
            {"distance_km": 2.54395},
            {"speed_kmh": 9.85672},
            {"timestamp": "Tue Feb 14 18:17:43 UTC 2017"}
        ],
        [
            {"location": [[
                {"latitude": 60.024213},
                {"longitude": 11.114753}
            ]]},
            {"altitude": 179},
            {"distance_km": 2.56676},
            {"speed_kmh": 9.65839},
            {"timestamp": "Tue Feb 14 18:17:52 UTC 2017"}
        ],
        [
            {"location": [[
                {"latitude": 60.024381},
                {"longitude": 11.114737}
            ]]},
            {"altitude": 177},
            {"distance_km": 2.58554},
            {"speed_kmh": 9.13783},
            {"timestamp": "Tue Feb 14 18:18:00 UTC 2017"}
        ],
        [
            {"location": [[
                {"latitude": 60.024506},
                {"longitude": 11.114737}
            ]]},
            {"altitude": 179},
            {"distance_km": 2.59946},
            {"speed_kmh": 8.64502},
            {"timestamp": "Tue Feb 14 18:18:06 UTC 2017"}
        ],
        [
            {"location": [[
                {"latitude": 60.024621},
                {"longitude": 11.114764}
            ]]},
            {"altitude": 179},
            {"distance_km": 2.61229},
            {"speed_kmh": 8.63844},
            {"timestamp": "Tue Feb 14 18:18:11 UTC 2017"}
        ],
        [
            {"location": [[
                {"latitude": 60.024857},
                {"longitude": 11.114881}
            ]]},
            {"altitude": 178},
            {"distance_km": 2.63937},
            {"speed_kmh": 9.46239},
            {"timestamp": "Tue Feb 14 18:18:20 UTC 2017"}
        ],
        [
            {"location": [[
                {"latitude": 60.024923},
                {"longitude": 11.114937}
            ]]},
            {"altitude": 178},
            {"distance_km": 2.64737},
            {"speed_kmh": 9.85705},
            {"timestamp": "Tue Feb 14 18:18:23 UTC 2017"}
        ],
        [
            {"location": [[
                {"latitude": 60.024992},
                {"longitude": 11.114992}
            ]]},
            {"altitude": 178},
            {"distance_km": 2.65572},
            {"speed_kmh": 10.1631},
            {"timestamp": "Tue Feb 14 18:18:26 UTC 2017"}
        ],
        [
            {"location": [[
                {"latitude": 60.025082},
                {"longitude": 11.115065}
            ]]},
            {"altitude": 175},
            {"distance_km": 2.66654},
            {"speed_kmh": 9.78233},
            {"timestamp": "Tue Feb 14 18:18:30 UTC 2017"}
        ],
        [
            {"location": [[
                {"latitude": 60.025229},
                {"longitude": 11.115201}
            ]]},
            {"altitude": 177},
            {"distance_km": 2.68451},
            {"speed_kmh": 10.1512},
            {"timestamp": "Tue Feb 14 18:18:36 UTC 2017"}
        ],
        [
            {"location": [[
                {"latitude": 60.025419},
                {"longitude": 11.115374}
            ]]},
            {"altitude": 175},
            {"distance_km": 2.70782},
            {"speed_kmh": 10.3376},
            {"timestamp": "Tue Feb 14 18:18:44 UTC 2017"}
        ],
        [
            {"location": [[
                {"latitude": 60.025487},
                {"longitude": 11.115439}
            ]]},
            {"altitude": 174},
            {"distance_km": 2.7162},
            {"speed_kmh": 10.4292},
            {"timestamp": "Tue Feb 14 18:18:47 UTC 2017"}
        ],
        [
            {"location": [[
                {"latitude": 60.02557},
                {"longitude": 11.115521}
            ]]},
            {"altitude": 173},
            {"distance_km": 2.72651},
            {"speed_kmh": 9.9784},
            {"timestamp": "Tue Feb 14 18:18:51 UTC 2017"}
        ],
        [
            {"location": [[
                {"latitude": 60.025672},
                {"longitude": 11.115636}
            ]]},
            {"altitude": 174},
            {"distance_km": 2.73958},
            {"speed_kmh": 9.58188},
            {"timestamp": "Tue Feb 14 18:18:56 UTC 2017"}
        ],
        [
            {"location": [[
                {"latitude": 60.025785},
                {"longitude": 11.115807}
            ]]},
            {"altitude": 175},
            {"distance_km": 2.75536},
            {"speed_kmh": 9.38463},
            {"timestamp": "Tue Feb 14 18:19:02 UTC 2017"}
        ],
        [
            {"location": [[
                {"latitude": 60.025942},
                {"longitude": 11.115902}
            ]]},
            {"altitude": 174},
            {"distance_km": 2.77363},
            {"speed_kmh": 9.02614},
            {"timestamp": "Tue Feb 14 18:19:10 UTC 2017"}
        ],
        [
            {"location": [[
                {"latitude": 60.026135},
                {"longitude": 11.11577}
            ]]},
            {"altitude": 175},
            {"distance_km": 2.79638},
            {"speed_kmh": 8.90927},
            {"timestamp": "Tue Feb 14 18:19:19 UTC 2017"}
        ],
        [
            {"location": [[
                {"latitude": 60.026351},
                {"longitude": 11.115844}
            ]]},
            {"altitude": 173},
            {"distance_km": 2.82083},
            {"speed_kmh": 8.7046},
            {"timestamp": "Tue Feb 14 18:19:29 UTC 2017"}
        ],
        [
            {"location": [[
                {"latitude": 60.026377},
                {"longitude": 11.116094}
            ]]},
            {"altitude": 170},
            {"distance_km": 2.83506},
            {"speed_kmh": 7.86791},
            {"timestamp": "Tue Feb 14 18:19:38 UTC 2017"}
        ],
        [
            {"location": [[
                {"latitude": 60.026164},
                {"longitude": 11.116264}
            ]]},
            {"altitude": 176},
            {"distance_km": 2.86057},
            {"speed_kmh": 7.02346},
            {"timestamp": "Tue Feb 14 18:19:52 UTC 2017"}
        ],
        [
            {"location": [[
                {"latitude": 60.026316},
                {"longitude": 11.116073}
            ]]},
            {"altitude": 177},
            {"distance_km": 2.88054},
            {"speed_kmh": 5.56989},
            {"timestamp": "Tue Feb 14 18:20:08 UTC 2017"}
        ],
        [
            {"location": [[
                {"latitude": 60.026521},
                {"longitude": 11.116048}
            ]]},
            {"altitude": 170},
            {"distance_km": 2.90347},
            {"speed_kmh": 6.42821},
            {"timestamp": "Tue Feb 14 18:20:18 UTC 2017"}
        ],
        [
            {"location": [[
                {"latitude": 60.026737},
                {"longitude": 11.116008}
            ]]},
            {"altitude": 169},
            {"distance_km": 2.92767},
            {"speed_kmh": 7.48477},
            {"timestamp": "Tue Feb 14 18:20:27 UTC 2017"}
        ],
        [
            {"location": [[
                {"latitude": 60.026956},
                {"longitude": 11.115924}
            ]]},
            {"altitude": 166},
            {"distance_km": 2.95244},
            {"speed_kmh": 9.31322},
            {"timestamp": "Tue Feb 14 18:20:36 UTC 2017"}
        ],
        [
            {"location": [[
                {"latitude": 60.027026},
                {"longitude": 11.115901}
            ]]},
            {"altitude": 166},
            {"distance_km": 2.96039},
            {"speed_kmh": 9.67689},
            {"timestamp": "Tue Feb 14 18:20:39 UTC 2017"}
        ],
        [
            {"location": [[
                {"latitude": 60.027242},
                {"longitude": 11.115843}
            ]]},
            {"altitude": 164},
            {"distance_km": 2.98472},
            {"speed_kmh": 9.7077},
            {"timestamp": "Tue Feb 14 18:20:48 UTC 2017"}
        ],
        [
            {"location": [[
                {"latitude": 60.02745},
                {"longitude": 11.115882}
            ]]},
            {"altitude": 169},
            {"distance_km": 3.00798},
            {"speed_kmh": 9.47606},
            {"timestamp": "Tue Feb 14 18:20:57 UTC 2017"}
        ],
        [
            {"location": [[
                {"latitude": 60.027626},
                {"longitude": 11.115995}
            ]]},
            {"altitude": 175},
            {"distance_km": 3.02857},
            {"speed_kmh": 10.488},
            {"timestamp": "Tue Feb 14 18:21:03 UTC 2017"}
        ],
        [
            {"location": [[
                {"latitude": 60.02782},
                {"longitude": 11.116051}
            ]]},
            {"altitude": 177},
            {"distance_km": 3.05042},
            {"speed_kmh": 11.5814},
            {"timestamp": "Tue Feb 14 18:21:09 UTC 2017"}
        ],
        [
            {"location": [[
                {"latitude": 60.027985},
                {"longitude": 11.115983}
            ]]},
            {"altitude": 177},
            {"distance_km": 3.06918},
            {"speed_kmh": 12.2543},
            {"timestamp": "Tue Feb 14 18:21:15 UTC 2017"}
        ],
        [
            {"location": [[
                {"latitude": 60.028061},
                {"longitude": 11.115933}
            ]]},
            {"altitude": 179},
            {"distance_km": 3.07808},
            {"speed_kmh": 11.6742},
            {"timestamp": "Tue Feb 14 18:21:18 UTC 2017"}
        ],
        [
            {"location": [[
                {"latitude": 60.028267},
                {"longitude": 11.115822}
            ]]},
            {"altitude": 177},
            {"distance_km": 3.10182},
            {"speed_kmh": 10.4858},
            {"timestamp": "Tue Feb 14 18:21:27 UTC 2017"}
        ],
        [
            {"location": [[
                {"latitude": 60.028455},
                {"longitude": 11.115703}
            ]]},
            {"altitude": 170},
            {"distance_km": 3.12381},
            {"speed_kmh": 9.64903},
            {"timestamp": "Tue Feb 14 18:21:36 UTC 2017"}
        ],
        [
            {"location": [[
                {"latitude": 60.028676},
                {"longitude": 11.115586}
            ]]},
            {"altitude": 171},
            {"distance_km": 3.1493},
            {"speed_kmh": 9.50124},
            {"timestamp": "Tue Feb 14 18:21:45 UTC 2017"}
        ],
        [
            {"location": [[
                {"latitude": 60.028837},
                {"longitude": 11.11544}
            ]]},
            {"altitude": 163},
            {"distance_km": 3.16895},
            {"speed_kmh": 9.27925},
            {"timestamp": "Tue Feb 14 18:21:53 UTC 2017"}
        ],
        [
            {"location": [[
                {"latitude": 60.029059},
                {"longitude": 11.115274}
            ]]},
            {"altitude": 162},
            {"distance_km": 3.1954},
            {"speed_kmh": 9.51682},
            {"timestamp": "Tue Feb 14 18:22:03 UTC 2017"}
        ],
        [
            {"location": [[
                {"latitude": 60.029279},
                {"longitude": 11.115157}
            ]]},
            {"altitude": 160},
            {"distance_km": 3.22072},
            {"speed_kmh": 9.49891},
            {"timestamp": "Tue Feb 14 18:22:12 UTC 2017"}
        ],
        [
            {"location": [[
                {"latitude": 60.029461},
                {"longitude": 11.115063}
            ]]},
            {"altitude": 163},
            {"distance_km": 3.24173},
            {"speed_kmh": 9.70153},
            {"timestamp": "Tue Feb 14 18:22:20 UTC 2017"}
        ],
        [
            {"location": [[
                {"latitude": 60.029742},
                {"longitude": 11.115033}
            ]]},
            {"altitude": 168},
            {"distance_km": 3.27304},
            {"speed_kmh": 10.2948},
            {"timestamp": "Tue Feb 14 18:22:30 UTC 2017"}
        ],
        [
            {"location": [[
                {"latitude": 60.029968},
                {"longitude": 11.115018}
            ]]},
            {"altitude": 167},
            {"distance_km": 3.29827},
            {"speed_kmh": 10.2719},
            {"timestamp": "Tue Feb 14 18:22:39 UTC 2017"}
        ],
        [
            {"location": [[
                {"latitude": 60.029944},
                {"longitude": 11.114799}
            ]]},
            {"altitude": 167},
            {"distance_km": 3.31077},
            {"speed_kmh": 8.78772},
            {"timestamp": "Tue Feb 14 18:22:48 UTC 2017"}
        ],
        [
            {"location": [[
                {"latitude": 60.029835},
                {"longitude": 11.11409}
            ]]},
            {"altitude": 173},
            {"distance_km": 3.35212},
            {"speed_kmh": 8.32865},
            {"timestamp": "Tue Feb 14 18:23:03 UTC 2017"}
        ],
        [
            {"location": [[
                {"latitude": 60.029645},
                {"longitude": 11.113808}
            ]]},
            {"altitude": 172},
            {"distance_km": 3.3785},
            {"speed_kmh": 8.50143},
            {"timestamp": "Tue Feb 14 18:23:12 UTC 2017"}
        ],
        [
            {"location": [[
                {"latitude": 60.029433},
                {"longitude": 11.113614}
            ]]},
            {"altitude": 168},
            {"distance_km": 3.40441},
            {"speed_kmh": 10.2629},
            {"timestamp": "Tue Feb 14 18:23:21 UTC 2017"}
        ],
        [
            {"location": [[
                {"latitude": 60.029235},
                {"longitude": 11.113431}
            ]]},
            {"altitude": 168},
            {"distance_km": 3.42872},
            {"speed_kmh": 10.6382},
            {"timestamp": "Tue Feb 14 18:23:29 UTC 2017"}
        ],
        [
            {"location": [[
                {"latitude": 60.029085},
                {"longitude": 11.113316}
            ]]},
            {"altitude": 168},
            {"distance_km": 3.44661},
            {"speed_kmh": 10.6797},
            {"timestamp": "Tue Feb 14 18:23:35 UTC 2017"}
        ],
        [
            {"location": [[
                {"latitude": 60.028887},
                {"longitude": 11.113146}
            ]]},
            {"altitude": 168},
            {"distance_km": 3.47062},
            {"speed_kmh": 10.8628},
            {"timestamp": "Tue Feb 14 18:23:43 UTC 2017"}
        ],
        [
            {"location": [[
                {"latitude": 60.028817},
                {"longitude": 11.11308}
            ]]},
            {"altitude": 167},
            {"distance_km": 3.4793},
            {"speed_kmh": 10.6463},
            {"timestamp": "Tue Feb 14 18:23:46 UTC 2017"}
        ],
        [
            {"location": [[
                {"latitude": 60.028747},
                {"longitude": 11.113028}
            ]]},
            {"altitude": 165},
            {"distance_km": 3.48763},
            {"speed_kmh": 10.4033},
            {"timestamp": "Tue Feb 14 18:23:49 UTC 2017"}
        ],
        [
            {"location": [[
                {"latitude": 60.028567},
                {"longitude": 11.112842}
            ]]},
            {"altitude": 161},
            {"distance_km": 3.51018},
            {"speed_kmh": 10.1756},
            {"timestamp": "Tue Feb 14 18:23:57 UTC 2017"}
        ],
        [
            {"location": [[
                {"latitude": 60.028399},
                {"longitude": 11.112696}
            ]]},
            {"altitude": 159},
            {"distance_km": 3.53055},
            {"speed_kmh": 10.208},
            {"timestamp": "Tue Feb 14 18:24:04 UTC 2017"}
        ],
        [
            {"location": [[
                {"latitude": 60.028183},
                {"longitude": 11.112507}
            ]]},
            {"altitude": 159},
            {"distance_km": 3.55685},
            {"speed_kmh": 10.3813},
            {"timestamp": "Tue Feb 14 18:24:13 UTC 2017"}
        ],
        [
            {"location": [[
                {"latitude": 60.027982},
                {"longitude": 11.112324}
            ]]},
            {"altitude": 163},
            {"distance_km": 3.58146},
            {"speed_kmh": 10.6866},
            {"timestamp": "Tue Feb 14 18:24:21 UTC 2017"}
        ],
        [
            {"location": [[
                {"latitude": 60.027786},
                {"longitude": 11.112144}
            ]]},
            {"altitude": 163},
            {"distance_km": 3.60549},
            {"speed_kmh": 10.7777},
            {"timestamp": "Tue Feb 14 18:24:29 UTC 2017"}
        ],
        [
            {"location": [[
                {"latitude": 60.027578},
                {"longitude": 11.11197}
            ]]},
            {"altitude": 160},
            {"distance_km": 3.63057},
            {"speed_kmh": 10.6362},
            {"timestamp": "Tue Feb 14 18:24:38 UTC 2017"}
        ],
        [
            {"location": [[
                {"latitude": 60.027464},
                {"longitude": 11.11187}
            ]]},
            {"altitude": 161},
            {"distance_km": 3.64445},
            {"speed_kmh": 10.2791},
            {"timestamp": "Tue Feb 14 18:24:43 UTC 2017"}
        ],
        [
            {"location": [[
                {"latitude": 60.027394},
                {"longitude": 11.111795}
            ]]},
            {"altitude": 161},
            {"distance_km": 3.65329},
            {"speed_kmh": 10.2285},
            {"timestamp": "Tue Feb 14 18:24:46 UTC 2017"}
        ],
        [
            {"location": [[
                {"latitude": 60.027234},
                {"longitude": 11.111616}
            ]]},
            {"altitude": 163},
            {"distance_km": 3.67378},
            {"speed_kmh": 10.3744},
            {"timestamp": "Tue Feb 14 18:24:53 UTC 2017"}
        ],
        [
            {"location": [[
                {"latitude": 60.027084},
                {"longitude": 11.111463}
            ]]},
            {"altitude": 160},
            {"distance_km": 3.69253},
            {"speed_kmh": 10.2601},
            {"timestamp": "Tue Feb 14 18:25:00 UTC 2017"}
        ],
        [
            {"location": [[
                {"latitude": 60.026913},
                {"longitude": 11.111293}
            ]]},
            {"altitude": 159},
            {"distance_km": 3.71376},
            {"speed_kmh": 9.90562},
            {"timestamp": "Tue Feb 14 18:25:08 UTC 2017"}
        ],
        [
            {"location": [[
                {"latitude": 60.026747},
                {"longitude": 11.11103}
            ]]},
            {"altitude": 160},
            {"distance_km": 3.73741},
            {"speed_kmh": 9.55324},
            {"timestamp": "Tue Feb 14 18:25:17 UTC 2017"}
        ],
        [
            {"location": [[
                {"latitude": 60.026663},
                {"longitude": 11.110794}
            ]]},
            {"altitude": 162},
            {"distance_km": 3.75351},
            {"speed_kmh": 9.5556},
            {"timestamp": "Tue Feb 14 18:25:23 UTC 2017"}
        ],
        [
            {"location": [[
                {"latitude": 60.026551},
                {"longitude": 11.110537}
            ]]},
            {"altitude": 161},
            {"distance_km": 3.77251},
            {"speed_kmh": 9.63157},
            {"timestamp": "Tue Feb 14 18:25:30 UTC 2017"}
        ],
        [
            {"location": [[
                {"latitude": 60.026485},
                {"longitude": 11.110281}
            ]]},
            {"altitude": 160},
            {"distance_km": 3.78862},
            {"speed_kmh": 9.69924},
            {"timestamp": "Tue Feb 14 18:25:36 UTC 2017"}
        ],
        [
            {"location": [[
                {"latitude": 60.026326},
                {"longitude": 11.10985}
            ]]},
            {"altitude": 161},
            {"distance_km": 3.81848},
            {"speed_kmh": 9.73505},
            {"timestamp": "Tue Feb 14 18:25:47 UTC 2017"}
        ],
        [
            {"location": [[
                {"latitude": 60.026175},
                {"longitude": 11.109497}
            ]]},
            {"altitude": 159},
            {"distance_km": 3.84434},
            {"speed_kmh": 9.58827},
            {"timestamp": "Tue Feb 14 18:25:57 UTC 2017"}
        ],
        [
            {"location": [[
                {"latitude": 60.026095},
                {"longitude": 11.10931}
            ]]},
            {"altitude": 160},
            {"distance_km": 3.85805},
            {"speed_kmh": 9.64196},
            {"timestamp": "Tue Feb 14 18:26:02 UTC 2017"}
        ],
        [
            {"location": [[
                {"latitude": 60.02601},
                {"longitude": 11.109086}
            ]]},
            {"altitude": 160},
            {"distance_km": 3.87378},
            {"speed_kmh": 9.52302},
            {"timestamp": "Tue Feb 14 18:26:08 UTC 2017"}
        ],
        [
            {"location": [[
                {"latitude": 60.02589},
                {"longitude": 11.108715}
            ]]},
            {"altitude": 159},
            {"distance_km": 3.89839},
            {"speed_kmh": 9.71068},
            {"timestamp": "Tue Feb 14 18:26:17 UTC 2017"}
        ],
        [
            {"location": [[
                {"latitude": 60.025799},
                {"longitude": 11.108383}
            ]]},
            {"altitude": 160},
            {"distance_km": 3.9195},
            {"speed_kmh": 9.59492},
            {"timestamp": "Tue Feb 14 18:26:25 UTC 2017"}
        ],
        [
            {"location": [[
                {"latitude": 60.025752},
                {"longitude": 11.108202}
            ]]},
            {"altitude": 160},
            {"distance_km": 3.93082},
            {"speed_kmh": 9.85806},
            {"timestamp": "Tue Feb 14 18:26:29 UTC 2017"}
        ],
        [
            {"location": [[
                {"latitude": 60.025688},
                {"longitude": 11.107945}
            ]]},
            {"altitude": 160},
            {"distance_km": 3.94682},
            {"speed_kmh": 9.76466},
            {"timestamp": "Tue Feb 14 18:26:35 UTC 2017"}
        ],
        [
            {"location": [[
                {"latitude": 60.025607},
                {"longitude": 11.10773}
            ]]},
            {"altitude": 160},
            {"distance_km": 3.96188},
            {"speed_kmh": 9.57683},
            {"timestamp": "Tue Feb 14 18:26:41 UTC 2017"}
        ],
        [
            {"location": [[
                {"latitude": 60.025451},
                {"longitude": 11.1074}
            ]]},
            {"altitude": 161},
            {"distance_km": 3.98719},
            {"speed_kmh": 9.23582},
            {"timestamp": "Tue Feb 14 18:26:51 UTC 2017"}
        ],
        [
            {"location": [[
                {"latitude": 60.025286},
                {"longitude": 11.107085}
            ]]},
            {"altitude": 161},
            {"distance_km": 4.01255},
            {"speed_kmh": 9.07911},
            {"timestamp": "Tue Feb 14 18:27:01 UTC 2017"}
        ],
        [
            {"location": [[
                {"latitude": 60.025219},
                {"longitude": 11.106906}
            ]]},
            {"altitude": 161},
            {"distance_km": 4.02506},
            {"speed_kmh": 9.09751},
            {"timestamp": "Tue Feb 14 18:27:06 UTC 2017"}
        ],
        [
            {"location": [[
                {"latitude": 60.025165},
                {"longitude": 11.106752}
            ]]},
            {"altitude": 158},
            {"distance_km": 4.03554},
            {"speed_kmh": 9.19019},
            {"timestamp": "Tue Feb 14 18:27:10 UTC 2017"}
        ],
        [
            {"location": [[
                {"latitude": 60.025214},
                {"longitude": 11.106524}
            ]]},
            {"altitude": 157},
            {"distance_km": 4.04934},
            {"speed_kmh": 8.90603},
            {"timestamp": "Tue Feb 14 18:27:16 UTC 2017"}
        ],
        [
            {"location": [[
                {"latitude": 60.025127},
                {"longitude": 11.106306}
            ]]},
            {"altitude": 156},
            {"distance_km": 4.06484},
            {"speed_kmh": 9.00704},
            {"timestamp": "Tue Feb 14 18:27:22 UTC 2017"}
        ],
        [
            {"location": [[
                {"latitude": 60.025089},
                {"longitude": 11.106188}
            ]]},
            {"altitude": 156},
            {"distance_km": 4.07271},
            {"speed_kmh": 9.01306},
            {"timestamp": "Tue Feb 14 18:27:25 UTC 2017"}
        ],
        [
            {"location": [[
                {"latitude": 60.025048},
                {"longitude": 11.106021}
            ]]},
            {"altitude": 158},
            {"distance_km": 4.08307},
            {"speed_kmh": 9.35964},
            {"timestamp": "Tue Feb 14 18:27:29 UTC 2017"}
        ],
        [
            {"location": [[
                {"latitude": 60.025009},
                {"longitude": 11.105756}
            ]]},
            {"altitude": 159},
            {"distance_km": 4.09847},
            {"speed_kmh": 9.34286},
            {"timestamp": "Tue Feb 14 18:27:35 UTC 2017"}
        ],
        [
            {"location": [[
                {"latitude": 60.024969},
                {"longitude": 11.105328}
            ]]},
            {"altitude": 156},
            {"distance_km": 4.12272},
            {"speed_kmh": 9.41166},
            {"timestamp": "Tue Feb 14 18:27:44 UTC 2017"}
        ],
        [
            {"location": [[
                {"latitude": 60.024958},
                {"longitude": 11.104899}
            ]]},
            {"altitude": 157},
            {"distance_km": 4.14669},
            {"speed_kmh": 9.51019},
            {"timestamp": "Tue Feb 14 18:27:53 UTC 2017"}
        ],
        [
            {"location": [[
                {"latitude": 60.024955},
                {"longitude": 11.104751}
            ]]},
            {"altitude": 156},
            {"distance_km": 4.15496},
            {"speed_kmh": 9.69607},
            {"timestamp": "Tue Feb 14 18:27:56 UTC 2017"}
        ],
        [
            {"location": [[
                {"latitude": 60.024945},
                {"longitude": 11.104355}
            ]]},
            {"altitude": 158},
            {"distance_km": 4.17703},
            {"speed_kmh": 9.42652},
            {"timestamp": "Tue Feb 14 18:28:05 UTC 2017"}
        ],
        [
            {"location": [[
                {"latitude": 60.024937},
                {"longitude": 11.104074}
            ]]},
            {"altitude": 159},
            {"distance_km": 4.19274},
            {"speed_kmh": 9.34675},
            {"timestamp": "Tue Feb 14 18:28:11 UTC 2017"}
        ],
        [
            {"location": [[
                {"latitude": 60.024859},
                {"longitude": 11.103775}
            ]]},
            {"altitude": 158},
            {"distance_km": 4.21155},
            {"speed_kmh": 8.59742},
            {"timestamp": "Tue Feb 14 18:28:20 UTC 2017"}
        ],
        [
            {"location": [[
                {"latitude": 60.024738},
                {"longitude": 11.103437}
            ]]},
            {"altitude": 159},
            {"distance_km": 4.23474},
            {"speed_kmh": 8.42434},
            {"timestamp": "Tue Feb 14 18:28:30 UTC 2017"}
        ],
        [
            {"location": [[
                {"latitude": 60.024707},
                {"longitude": 11.103295}
            ]]},
            {"altitude": 160},
            {"distance_km": 4.24334},
            {"speed_kmh": 8.74073},
            {"timestamp": "Tue Feb 14 18:28:33 UTC 2017"}
        ],
        [
            {"location": [[
                {"latitude": 60.024556},
                {"longitude": 11.103032}
            ]]},
            {"altitude": 159},
            {"distance_km": 4.26569},
            {"speed_kmh": 9.1921},
            {"timestamp": "Tue Feb 14 18:28:42 UTC 2017"}
        ],
        [
            {"location": [[
                {"latitude": 60.024387},
                {"longitude": 11.10338}
            ]]},
            {"altitude": 160},
            {"distance_km": 4.29274},
            {"speed_kmh": 9.36997},
            {"timestamp": "Tue Feb 14 18:28:53 UTC 2017"}
        ],
        [
            {"location": [[
                {"latitude": 60.024283},
                {"longitude": 11.103699}
            ]]},
            {"altitude": 157},
            {"distance_km": 4.31391},
            {"speed_kmh": 8.75255},
            {"timestamp": "Tue Feb 14 18:29:02 UTC 2017"}
        ],
        [
            {"location": [[
                {"latitude": 60.024207},
                {"longitude": 11.103926}
            ]]},
            {"altitude": 154},
            {"distance_km": 4.32916},
            {"speed_kmh": 8.80591},
            {"timestamp": "Tue Feb 14 18:29:08 UTC 2017"}
        ],
        [
            {"location": [[
                {"latitude": 60.024074},
                {"longitude": 11.104235}
            ]]},
            {"altitude": 152},
            {"distance_km": 4.35187},
            {"speed_kmh": 8.88703},
            {"timestamp": "Tue Feb 14 18:29:17 UTC 2017"}
        ],
        [
            {"location": [[
                {"latitude": 60.02394},
                {"longitude": 11.104554}
            ]]},
            {"altitude": 152},
            {"distance_km": 4.37506},
            {"speed_kmh": 9.15606},
            {"timestamp": "Tue Feb 14 18:29:26 UTC 2017"}
        ],
        [
            {"location": [[
                {"latitude": 60.023824},
                {"longitude": 11.104945}
            ]]},
            {"altitude": 155},
            {"distance_km": 4.40041},
            {"speed_kmh": 9.16308},
            {"timestamp": "Tue Feb 14 18:29:36 UTC 2017"}
        ],
        [
            {"location": [[
                {"latitude": 60.023675},
                {"longitude": 11.105261}
            ]]},
            {"altitude": 158},
            {"distance_km": 4.42468},
            {"speed_kmh": 9.37781},
            {"timestamp": "Tue Feb 14 18:29:45 UTC 2017"}
        ],
        [
            {"location": [[
                {"latitude": 60.023638},
                {"longitude": 11.105542}
            ]]},
            {"altitude": 159},
            {"distance_km": 4.44087},
            {"speed_kmh": 9.51973},
            {"timestamp": "Tue Feb 14 18:29:51 UTC 2017"}
        ],
        [
            {"location": [[
                {"latitude": 60.023621},
                {"longitude": 11.105913}
            ]]},
            {"altitude": 158},
            {"distance_km": 4.46166},
            {"speed_kmh": 9.57835},
            {"timestamp": "Tue Feb 14 18:29:59 UTC 2017"}
        ],
        [
            {"location": [[
                {"latitude": 60.02359},
                {"longitude": 11.106363}
            ]]},
            {"altitude": 158},
            {"distance_km": 4.48702},
            {"speed_kmh": 9.73631},
            {"timestamp": "Tue Feb 14 18:30:08 UTC 2017"}
        ],
        [
            {"location": [[
                {"latitude": 60.023556},
                {"longitude": 11.10682}
            ]]},
            {"altitude": 161},
            {"distance_km": 4.51276},
            {"speed_kmh": 9.59106},
            {"timestamp": "Tue Feb 14 18:30:18 UTC 2017"}
        ],
        [
            {"location": [[
                {"latitude": 60.023549},
                {"longitude": 11.107281}
            ]]},
            {"altitude": 160},
            {"distance_km": 4.53847},
            {"speed_kmh": 9.58541},
            {"timestamp": "Tue Feb 14 18:30:28 UTC 2017"}
        ],
        [
            {"location": [[
                {"latitude": 60.023578},
                {"longitude": 11.107642}
            ]]},
            {"altitude": 158},
            {"distance_km": 4.55887},
            {"speed_kmh": 9.22033},
            {"timestamp": "Tue Feb 14 18:30:36 UTC 2017"}
        ],
        [
            {"location": [[
                {"latitude": 60.023628},
                {"longitude": 11.107917}
            ]]},
            {"altitude": 161},
            {"distance_km": 4.57514},
            {"speed_kmh": 8.92924},
            {"timestamp": "Tue Feb 14 18:30:43 UTC 2017"}
        ],
        [
            {"location": [[
                {"latitude": 60.023668},
                {"longitude": 11.108322}
            ]]},
            {"altitude": 164},
            {"distance_km": 4.59818},
            {"speed_kmh": 8.35113},
            {"timestamp": "Tue Feb 14 18:30:54 UTC 2017"}
        ],
        [
            {"location": [[
                {"latitude": 60.0236},
                {"longitude": 11.108795}
            ]]},
            {"altitude": 166},
            {"distance_km": 4.62559},
            {"speed_kmh": 8.28864},
            {"timestamp": "Tue Feb 14 18:31:05 UTC 2017"}
        ],
        [
            {"location": [[
                {"latitude": 60.023541},
                {"longitude": 11.109183}
            ]]},
            {"altitude": 168},
            {"distance_km": 4.64824},
            {"speed_kmh": 8.50568},
            {"timestamp": "Tue Feb 14 18:31:14 UTC 2017"}
        ],
        [
            {"location": [[
                {"latitude": 60.02364},
                {"longitude": 11.10954}
            ]]},
            {"altitude": 166},
            {"distance_km": 4.67099},
            {"speed_kmh": 8.74669},
            {"timestamp": "Tue Feb 14 18:31:24 UTC 2017"}
        ],
        [
            {"location": [[
                {"latitude": 60.023803},
                {"longitude": 11.109689}
            ]]},
            {"altitude": 171},
            {"distance_km": 4.69095},
            {"speed_kmh": 8.15853},
            {"timestamp": "Tue Feb 14 18:31:34 UTC 2017"}
        ],
        [
            {"location": [[
                {"latitude": 60.023939},
                {"longitude": 11.110029}
            ]]},
            {"altitude": 171},
            {"distance_km": 4.71521},
            {"speed_kmh": 7.37304},
            {"timestamp": "Tue Feb 14 18:31:47 UTC 2017"}
        ],
        [
            {"location": [[
                {"latitude": 60.023859},
                {"longitude": 11.110469}
            ]]},
            {"altitude": 172},
            {"distance_km": 4.74133},
            {"speed_kmh": 7.25553},
            {"timestamp": "Tue Feb 14 18:31:59 UTC 2017"}
        ],
        [
            {"location": [[
                {"latitude": 60.023773},
                {"longitude": 11.110822}
            ]]},
            {"altitude": 171},
            {"distance_km": 4.76321},
            {"speed_kmh": 7.77083},
            {"timestamp": "Tue Feb 14 18:32:08 UTC 2017"}
        ],
        [
            {"location": [[
                {"latitude": 60.02374},
                {"longitude": 11.110947}
            ]]},
            {"altitude": 171},
            {"distance_km": 4.77109},
            {"speed_kmh": 8.69314},
            {"timestamp": "Tue Feb 14 18:32:11 UTC 2017"}
        ],
        [
            {"location": [[
                {"latitude": 60.023664},
                {"longitude": 11.111309}
            ]]},
            {"altitude": 171},
            {"distance_km": 4.79297},
            {"speed_kmh": 8.98172},
            {"timestamp": "Tue Feb 14 18:32:20 UTC 2017"}
        ],
        [
            {"location": [[
                {"latitude": 60.023575},
                {"longitude": 11.111685}
            ]]},
            {"altitude": 174},
            {"distance_km": 4.81618},
            {"speed_kmh": 9.14598},
            {"timestamp": "Tue Feb 14 18:32:29 UTC 2017"}
        ],
        [
            {"location": [[
                {"latitude": 60.02348},
                {"longitude": 11.112071}
            ]]},
            {"altitude": 174},
            {"distance_km": 4.84015},
            {"speed_kmh": 9.21365},
            {"timestamp": "Tue Feb 14 18:32:38 UTC 2017"}
        ],
        [
            {"location": [[
                {"latitude": 60.023452},
                {"longitude": 11.112198}
            ]]},
            {"altitude": 176},
            {"distance_km": 4.84787},
            {"speed_kmh": 9.38241},
            {"timestamp": "Tue Feb 14 18:32:41 UTC 2017"}
        ],
        [
            {"location": [[
                {"latitude": 60.023386},
                {"longitude": 11.112431}
            ]]},
            {"altitude": 178},
            {"distance_km": 4.86281},
            {"speed_kmh": 9.26738},
            {"timestamp": "Tue Feb 14 18:32:47 UTC 2017"}
        ],
        [
            {"location": [[
                {"latitude": 60.023276},
                {"longitude": 11.11279}
            ]]},
            {"altitude": 180},
            {"distance_km": 4.88628},
            {"speed_kmh": 9.18965},
            {"timestamp": "Tue Feb 14 18:32:56 UTC 2017"}
        ],
        [
            {"location": [[
                {"latitude": 60.023279},
                {"longitude": 11.113143}
            ]]},
            {"altitude": 181},
            {"distance_km": 4.90597},
            {"speed_kmh": 9.05674},
            {"timestamp": "Tue Feb 14 18:33:04 UTC 2017"}
        ],
        [
            {"location": [[
                {"latitude": 60.023399},
                {"longitude": 11.113449}
            ]]},
            {"altitude": 180},
            {"distance_km": 4.92765},
            {"speed_kmh": 9.32609},
            {"timestamp": "Tue Feb 14 18:33:12 UTC 2017"}
        ],
        [
            {"location": [[
                {"latitude": 60.023539},
                {"longitude": 11.113759}
            ]]},
            {"altitude": 178},
            {"distance_km": 4.95093},
            {"speed_kmh": 9.31568},
            {"timestamp": "Tue Feb 14 18:33:21 UTC 2017"}
        ],
        [
            {"location": [[
                {"latitude": 60.023648},
                {"longitude": 11.114072}
            ]]},
            {"altitude": 178},
            {"distance_km": 4.97221},
            {"speed_kmh": 10.6139},
            {"timestamp": "Tue Feb 14 18:33:27 UTC 2017"}
        ],
        [
            {"location": [[
                {"latitude": 60.023745},
                {"longitude": 11.114322}
            ]]},
            {"altitude": 176},
            {"distance_km": 4.98983},
            {"speed_kmh": 10.4006},
            {"timestamp": "Tue Feb 14 18:33:34 UTC 2017"}
        ],
        [
            {"location": [[
                {"latitude": 60.023805},
                {"longitude": 11.114664}
            ]]},
            {"altitude": 174},
            {"distance_km": 5.01002},
            {"speed_kmh": 10.2971},
            {"timestamp": "Tue Feb 14 18:33:42 UTC 2017"}
        ],
        [
            {"location": [[
                {"latitude": 60.023967},
                {"longitude": 11.114788}
            ]]},
            {"altitude": 174},
            {"distance_km": 5.02937},
            {"speed_kmh": 9.36421},
            {"timestamp": "Tue Feb 14 18:33:49 UTC 2017"}
        ],
        [
            {"location": [[
                {"latitude": 60.024112},
                {"longitude": 11.115004}
            ]]},
            {"altitude": 178},
            {"distance_km": 5.04951},
            {"speed_kmh": 9.0338},
            {"timestamp": "Tue Feb 14 18:33:58 UTC 2017"}
        ],
        [
            {"location": [[
                {"latitude": 60.024112},
                {"longitude": 11.115004}
            ]]},
            {"distance_km": 5.04951},
            {"timestamp": "Tue Feb 14 18:34:01 UTC 2017"}
        ],
        [
            {"location": [[
                {"latitude": 60.024112},
                {"longitude": 11.115004}
            ]]},
            {"distance_km": 5.04951},
            {"timestamp": "Tue Feb 14 18:34:05 UTC 2017"}
        ],
        [
            {"location": [[
                {"latitude": 60.024159},
                {"longitude": 11.115115}
            ]]},
            {"altitude": 177},
            {"distance_km": 5.04951},
            {"speed_kmh": 9.0338},
            {"timestamp": "Tue Feb 14 18:34:05 UTC 2017"}
        ],
        [
            {"location": [[
                {"latitude": 60.024159},
                {"longitude": 11.115115}
            ]]},
            {"distance_km": 5.04951},
            {"timestamp": "Tue Feb 14 18:34:06 UTC 2017"}
        ],
        [
            {"location": [[
                {"latitude": 60.024159},
                {"longitude": 11.115115}
            ]]},
            {"distance_km": 5.04951},
            {"timestamp": "Tue Feb 14 18:34:15 UTC 2017"}
        ]
    ]},
    {"routes": [[
        {"identifier": 868210237},
        {"name": "2 x Gåshølet"}
    ]]}
]