[
    {"sport": "RUNNING"},
    {"source": "TRACK_MOBILE"},
    {"created_date": "2017-02-11 09:37:29.0"},
    {"start_time": "2017-02-11 08:55:23.0"},
    {"end_time": "2017-02-11 09:36:27.0"},
    {"duration_s": 2463},
    {"distance_km": 6.26616907119751},
    {"calories_kcal": 394},
    {"altitude_min_m": 157},
    {"altitude_max_m": 213},
    {"speed_avg_kmh": 9.158834208814875},
    {"speed_max_kmh": 14.2072},
    {"hydration_l": 0.243081},
    {"ascend_m": 104},
    {"descend_m": 116},
    {"points": [
        [
            {"location": [[
                {"latitude": 59.72159},
                {"longitude": 10.802207}
            ]]},
            {"distance_km": 0},
            {"timestamp": "Sat Feb 11 08:55:23 UTC 2017"}
        ],
        [
            {"location": [[
                {"latitude": 59.72159},
                {"longitude": 10.802207}
            ]]},
            {"altitude": 193},
            {"distance_km": 0},
            {"timestamp": "Sat Feb 11 08:55:24 UTC 2017"}
        ],
        [
            {"location": [[
                {"latitude": 59.721425},
                {"longitude": 10.802078}
            ]]},
            {"altitude": 190},
            {"distance_km": 0.03958},
            {"timestamp": "Sat Feb 11 08:55:37 UTC 2017"}
        ],
        [
            {"location": [[
                {"latitude": 59.721342},
                {"longitude": 10.80163}
            ]]},
            {"altitude": 186},
            {"distance_km": 0.066401},
            {"timestamp": "Sat Feb 11 08:55:48 UTC 2017"}
        ],
        [
            {"location": [[
                {"latitude": 59.721126},
                {"longitude": 10.80145}
            ]]},
            {"altitude": 183},
            {"distance_km": 0.092434},
            {"speed_kmh": 8.22867},
            {"timestamp": "Sat Feb 11 08:55:57 UTC 2017"}
        ],
        [
            {"location": [[
                {"latitude": 59.720933},
                {"longitude": 10.801433}
            ]]},
            {"altitude": 186},
            {"distance_km": 0.113962},
            {"speed_kmh": 10.7089},
            {"timestamp": "Sat Feb 11 08:56:03 UTC 2017"}
        ],
        [
            {"location": [[
                {"latitude": 59.720781},
                {"longitude": 10.801471}
            ]]},
            {"altitude": 191},
            {"distance_km": 0.131089},
            {"speed_kmh": 11.8599},
            {"timestamp": "Sat Feb 11 08:56:08 UTC 2017"}
        ],
        [
            {"location": [[
                {"latitude": 59.72056},
                {"longitude": 10.801549}
            ]]},
            {"altitude": 194},
            {"distance_km": 0.156075},
            {"speed_kmh": 12.1399},
            {"timestamp": "Sat Feb 11 08:56:16 UTC 2017"}
        ],
        [
            {"location": [[
                {"latitude": 59.720364},
                {"longitude": 10.801623}
            ]]},
            {"altitude": 193},
            {"distance_km": 0.178302},
            {"speed_kmh": 11.168},
            {"timestamp": "Sat Feb 11 08:56:24 UTC 2017"}
        ],
        [
            {"location": [[
                {"latitude": 59.72029},
                {"longitude": 10.801651}
            ]]},
            {"altitude": 192},
            {"distance_km": 0.186657},
            {"speed_kmh": 10.4305},
            {"timestamp": "Sat Feb 11 08:56:27 UTC 2017"}
        ],
        [
            {"location": [[
                {"latitude": 59.720098},
                {"longitude": 10.801718}
            ]]},
            {"altitude": 195},
            {"distance_km": 0.208383},
            {"speed_kmh": 9.92836},
            {"timestamp": "Sat Feb 11 08:56:35 UTC 2017"}
        ],
        [
            {"location": [[
                {"latitude": 59.719885},
                {"longitude": 10.801831}
            ]]},
            {"altitude": 200},
            {"distance_km": 0.233002},
            {"speed_kmh": 9.54945},
            {"timestamp": "Sat Feb 11 08:56:45 UTC 2017"}
        ],
        [
            {"location": [[
                {"latitude": 59.719715},
                {"longitude": 10.802024}
            ]]},
            {"altitude": 200},
            {"distance_km": 0.254831},
            {"speed_kmh": 9.12667},
            {"timestamp": "Sat Feb 11 08:56:54 UTC 2017"}
        ],
        [
            {"location": [[
                {"latitude": 59.719628},
                {"longitude": 10.802338}
            ]]},
            {"altitude": 199},
            {"distance_km": 0.274952},
            {"speed_kmh": 8.54789},
            {"timestamp": "Sat Feb 11 08:57:03 UTC 2017"}
        ],
        [
            {"location": [[
                {"latitude": 59.719496},
                {"longitude": 10.802456}
            ]]},
            {"altitude": 201},
            {"distance_km": 0.291117},
            {"speed_kmh": 8.01706},
            {"timestamp": "Sat Feb 11 08:57:11 UTC 2017"}
        ],
        [
            {"location": [[
                {"latitude": 59.71951},
                {"longitude": 10.802909}
            ]]},
            {"altitude": 205},
            {"distance_km": 0.316609},
            {"speed_kmh": 8.16759},
            {"timestamp": "Sat Feb 11 08:57:21 UTC 2017"}
        ],
        [
            {"location": [[
                {"latitude": 59.719536},
                {"longitude": 10.803153}
            ]]},
            {"altitude": 205},
            {"distance_km": 0.330647},
            {"speed_kmh": 8.28842},
            {"timestamp": "Sat Feb 11 08:57:27 UTC 2017"}
        ],
        [
            {"location": [[
                {"latitude": 59.719542},
                {"longitude": 10.8035}
            ]]},
            {"altitude": 209},
            {"distance_km": 0.350195},
            {"speed_kmh": 8.79671},
            {"timestamp": "Sat Feb 11 08:57:35 UTC 2017"}
        ],
        [
            {"location": [[
                {"latitude": 59.719565},
                {"longitude": 10.803931}
            ]]},
            {"altitude": 210},
            {"distance_km": 0.374599},
            {"speed_kmh": 8.66665},
            {"timestamp": "Sat Feb 11 08:57:45 UTC 2017"}
        ],
        [
            {"location": [[
                {"latitude": 59.719563},
                {"longitude": 10.804142}
            ]]},
            {"altitude": 211},
            {"distance_km": 0.386484},
            {"speed_kmh": 9.42671},
            {"timestamp": "Sat Feb 11 08:57:49 UTC 2017"}
        ],
        [
            {"location": [[
                {"latitude": 59.719578},
                {"longitude": 10.804568}
            ]]},
            {"altitude": 209},
            {"distance_km": 0.410482},
            {"speed_kmh": 9.69346},
            {"timestamp": "Sat Feb 11 08:57:58 UTC 2017"}
        ],
        [
            {"location": [[
                {"latitude": 59.719607},
                {"longitude": 10.804921}
            ]]},
            {"altitude": 209},
            {"distance_km": 0.430641},
            {"speed_kmh": 9.45294},
            {"timestamp": "Sat Feb 11 08:58:07 UTC 2017"}
        ],
        [
            {"location": [[
                {"latitude": 59.719756},
                {"longitude": 10.805063}
            ]]},
            {"altitude": 204},
            {"distance_km": 0.448999},
            {"speed_kmh": 7.89252},
            {"timestamp": "Sat Feb 11 08:58:18 UTC 2017"}
        ],
        [
            {"location": [[
                {"latitude": 59.719745},
                {"longitude": 10.805661}
            ]]},
            {"altitude": 207},
            {"distance_km": 0.482657},
            {"speed_kmh": 8.05574},
            {"timestamp": "Sat Feb 11 08:58:30 UTC 2017"}
        ],
        [
            {"location": [[
                {"latitude": 59.719756},
                {"longitude": 10.806089}
            ]]},
            {"altitude": 209},
            {"distance_km": 0.506781},
            {"speed_kmh": 8.58858},
            {"timestamp": "Sat Feb 11 08:58:39 UTC 2017"}
        ],
        [
            {"location": [[
                {"latitude": 59.719862},
                {"longitude": 10.807895}
            ]]},
            {"altitude": 209},
            {"distance_km": 0.609047},
            {"speed_kmh": 2.99222},
            {"timestamp": "Sat Feb 11 08:59:20 UTC 2017"}
        ],
        [
            {"location": [[
                {"latitude": 59.719881},
                {"longitude": 10.808339}
            ]]},
            {"altitude": 209},
            {"distance_km": 0.634132},
            {"speed_kmh": 6.75448},
            {"timestamp": "Sat Feb 11 08:59:28 UTC 2017"}
        ],
        [
            {"location": [[
                {"latitude": 59.719887},
                {"longitude": 10.808495}
            ]]},
            {"altitude": 210},
            {"distance_km": 0.642951},
            {"speed_kmh": 10.2809},
            {"timestamp": "Sat Feb 11 08:59:31 UTC 2017"}
        ],
        [
            {"location": [[
                {"latitude": 59.719892},
                {"longitude": 10.808648}
            ]]},
            {"altitude": 210},
            {"distance_km": 0.65158},
            {"speed_kmh": 10.746},
            {"timestamp": "Sat Feb 11 08:59:34 UTC 2017"}
        ],
        [
            {"location": [[
                {"latitude": 59.719916},
                {"longitude": 10.808989}
            ]]},
            {"altitude": 210},
            {"distance_km": 0.670962},
            {"speed_kmh": 10.3055},
            {"timestamp": "Sat Feb 11 08:59:41 UTC 2017"}
        ],
        [
            {"location": [[
                {"latitude": 59.719923},
                {"longitude": 10.809289}
            ]]},
            {"altitude": 210},
            {"distance_km": 0.68787},
            {"speed_kmh": 10.1606},
            {"timestamp": "Sat Feb 11 08:59:47 UTC 2017"}
        ],
        [
            {"location": [[
                {"latitude": 59.719975},
                {"longitude": 10.80964}
            ]]},
            {"altitude": 209},
            {"distance_km": 0.708408},
            {"speed_kmh": 9.78287},
            {"timestamp": "Sat Feb 11 08:59:55 UTC 2017"}
        ],
        [
            {"location": [[
                {"latitude": 59.719983},
                {"longitude": 10.810096}
            ]]},
            {"altitude": 210},
            {"distance_km": 0.734116},
            {"speed_kmh": 9.54912},
            {"timestamp": "Sat Feb 11 09:00:05 UTC 2017"}
        ],
        [
            {"location": [[
                {"latitude": 59.719966},
                {"longitude": 10.810299}
            ]]},
            {"altitude": 210},
            {"distance_km": 0.745668},
            {"speed_kmh": 8.93502},
            {"timestamp": "Sat Feb 11 09:00:10 UTC 2017"}
        ],
        [
            {"location": [[
                {"latitude": 59.719962},
                {"longitude": 10.810722}
            ]]},
            {"altitude": 213},
            {"distance_km": 0.769471},
            {"speed_kmh": 9.02962},
            {"timestamp": "Sat Feb 11 09:00:19 UTC 2017"}
        ],
        [
            {"location": [[
                {"latitude": 59.719992},
                {"longitude": 10.81115}
            ]]},
            {"altitude": 210},
            {"distance_km": 0.793823},
            {"speed_kmh": 8.86616},
            {"timestamp": "Sat Feb 11 09:00:29 UTC 2017"}
        ],
        [
            {"location": [[
                {"latitude": 59.720005},
                {"longitude": 10.811461}
            ]]},
            {"altitude": 211},
            {"distance_km": 0.811357},
            {"speed_kmh": 9.60078},
            {"timestamp": "Sat Feb 11 09:00:35 UTC 2017"}
        ],
        [
            {"location": [[
                {"latitude": 59.720015},
                {"longitude": 10.811832}
            ]]},
            {"altitude": 211},
            {"distance_km": 0.832267},
            {"speed_kmh": 10.0107},
            {"timestamp": "Sat Feb 11 09:00:42 UTC 2017"}
        ],
        [
            {"location": [[
                {"latitude": 59.720003},
                {"longitude": 10.812314}
            ]]},
            {"altitude": 212},
            {"distance_km": 0.859421},
            {"speed_kmh": 10.3446},
            {"timestamp": "Sat Feb 11 09:00:52 UTC 2017"}
        ],
        [
            {"location": [[
                {"latitude": 59.720004},
                {"longitude": 10.812702}
            ]]},
            {"altitude": 212},
            {"distance_km": 0.881248},
            {"speed_kmh": 10.1154},
            {"timestamp": "Sat Feb 11 09:01:00 UTC 2017"}
        ],
        [
            {"location": [[
                {"latitude": 59.720029},
                {"longitude": 10.813044}
            ]]},
            {"altitude": 211},
            {"distance_km": 0.900667},
            {"speed_kmh": 9.85845},
            {"timestamp": "Sat Feb 11 09:01:07 UTC 2017"}
        ],
        [
            {"location": [[
                {"latitude": 59.720035},
                {"longitude": 10.813432}
            ]]},
            {"altitude": 209},
            {"distance_km": 0.922529},
            {"speed_kmh": 9.51648},
            {"timestamp": "Sat Feb 11 09:01:16 UTC 2017"}
        ],
        [
            {"location": [[
                {"latitude": 59.720051},
                {"longitude": 10.813869}
            ]]},
            {"altitude": 208},
            {"distance_km": 0.947199},
            {"speed_kmh": 9.20438},
            {"timestamp": "Sat Feb 11 09:01:26 UTC 2017"}
        ],
        [
            {"location": [[
                {"latitude": 59.720047},
                {"longitude": 10.814278}
            ]]},
            {"altitude": 208},
            {"distance_km": 0.970231},
            {"speed_kmh": 8.95356},
            {"timestamp": "Sat Feb 11 09:01:35 UTC 2017"}
        ],
        [
            {"location": [[
                {"latitude": 59.720061},
                {"longitude": 10.814503}
            ]]},
            {"altitude": 208},
            {"distance_km": 0.98298},
            {"speed_kmh": 9.0962},
            {"timestamp": "Sat Feb 11 09:01:40 UTC 2017"}
        ],
        [
            {"location": [[
                {"latitude": 59.720079},
                {"longitude": 10.814893}
            ]]},
            {"altitude": 211},
            {"distance_km": 1.00499},
            {"speed_kmh": 9.89899},
            {"timestamp": "Sat Feb 11 09:01:47 UTC 2017"}
        ],
        [
            {"location": [[
                {"latitude": 59.72009},
                {"longitude": 10.815173}
            ]]},
            {"altitude": 209},
            {"distance_km": 1.02077},
            {"speed_kmh": 9.99014},
            {"timestamp": "Sat Feb 11 09:01:53 UTC 2017"}
        ],
        [
            {"location": [[
                {"latitude": 59.720105},
                {"longitude": 10.815359}
            ]]},
            {"altitude": 203},
            {"distance_km": 1.03139},
            {"speed_kmh": 9.46879},
            {"timestamp": "Sat Feb 11 09:01:58 UTC 2017"}
        ],
        [
            {"location": [[
                {"latitude": 59.720178},
                {"longitude": 10.815923}
            ]]},
            {"altitude": 206},
            {"distance_km": 1.06415},
            {"speed_kmh": 8.98272},
            {"timestamp": "Sat Feb 11 09:02:10 UTC 2017"}
        ],
        [
            {"location": [[
                {"latitude": 59.720145},
                {"longitude": 10.816338}
            ]]},
            {"altitude": 205},
            {"distance_km": 1.08781},
            {"speed_kmh": 9.36627},
            {"timestamp": "Sat Feb 11 09:02:18 UTC 2017"}
        ],
        [
            {"location": [[
                {"latitude": 59.720141},
                {"longitude": 10.816769}
            ]]},
            {"altitude": 208},
            {"distance_km": 1.11205},
            {"speed_kmh": 10.4677},
            {"timestamp": "Sat Feb 11 09:02:26 UTC 2017"}
        ],
        [
            {"location": [[
                {"latitude": 59.720151},
                {"longitude": 10.817154}
            ]]},
            {"altitude": 208},
            {"distance_km": 1.13372},
            {"speed_kmh": 10.8951},
            {"timestamp": "Sat Feb 11 09:02:33 UTC 2017"}
        ],
        [
            {"location": [[
                {"latitude": 59.720183},
                {"longitude": 10.81752}
            ]]},
            {"altitude": 208},
            {"distance_km": 1.15461},
            {"speed_kmh": 10.9261},
            {"timestamp": "Sat Feb 11 09:02:40 UTC 2017"}
        ],
        [
            {"location": [[
                {"latitude": 59.720232},
                {"longitude": 10.817842}
            ]]},
            {"altitude": 209},
            {"distance_km": 1.17355},
            {"speed_kmh": 10.5335},
            {"timestamp": "Sat Feb 11 09:02:47 UTC 2017"}
        ],
        [
            {"location": [[
                {"latitude": 59.72018},
                {"longitude": 10.818255}
            ]]},
            {"altitude": 205},
            {"distance_km": 1.19753},
            {"speed_kmh": 9.70667},
            {"timestamp": "Sat Feb 11 09:02:57 UTC 2017"}
        ],
        [
            {"location": [[
                {"latitude": 59.720156},
                {"longitude": 10.818659}
            ]]},
            {"altitude": 206},
            {"distance_km": 1.22043},
            {"speed_kmh": 9.56216},
            {"timestamp": "Sat Feb 11 09:03:05 UTC 2017"}
        ],
        [
            {"location": [[
                {"latitude": 59.72015},
                {"longitude": 10.818937}
            ]]},
            {"altitude": 208},
            {"distance_km": 1.23607},
            {"speed_kmh": 10.0233},
            {"timestamp": "Sat Feb 11 09:03:10 UTC 2017"}
        ],
        [
            {"location": [[
                {"latitude": 59.72017},
                {"longitude": 10.81936}
            ]]},
            {"altitude": 206},
            {"distance_km": 1.25997},
            {"speed_kmh": 10.758},
            {"timestamp": "Sat Feb 11 09:03:18 UTC 2017"}
        ],
        [
            {"location": [[
                {"latitude": 59.720192},
                {"longitude": 10.819783}
            ]]},
            {"altitude": 208},
            {"distance_km": 1.28388},
            {"speed_kmh": 10.5116},
            {"timestamp": "Sat Feb 11 09:03:27 UTC 2017"}
        ],
        [
            {"location": [[
                {"latitude": 59.720204},
                {"longitude": 10.820024}
            ]]},
            {"altitude": 208},
            {"distance_km": 1.29751},
            {"speed_kmh": 10.0669},
            {"timestamp": "Sat Feb 11 09:03:32 UTC 2017"}
        ],
        [
            {"location": [[
                {"latitude": 59.720206},
                {"longitude": 10.82023}
            ]]},
            {"altitude": 208},
            {"distance_km": 1.30913},
            {"speed_kmh": 9.9413},
            {"timestamp": "Sat Feb 11 09:03:36 UTC 2017"}
        ],
        [
            {"location": [[
                {"latitude": 59.720209},
                {"longitude": 10.820537}
            ]]},
            {"altitude": 208},
            {"distance_km": 1.32642},
            {"speed_kmh": 10.2115},
            {"timestamp": "Sat Feb 11 09:03:42 UTC 2017"}
        ],
        [
            {"location": [[
                {"latitude": 59.720212},
                {"longitude": 10.82073}
            ]]},
            {"altitude": 208},
            {"distance_km": 1.33725},
            {"speed_kmh": 10.19},
            {"timestamp": "Sat Feb 11 09:03:46 UTC 2017"}
        ],
        [
            {"location": [[
                {"latitude": 59.720222},
                {"longitude": 10.822174}
            ]]},
            {"altitude": 206},
            {"distance_km": 1.41851},
            {"speed_kmh": 3.11283},
            {"timestamp": "Sat Feb 11 09:04:17 UTC 2017"}
        ],
        [
            {"location": [[
                {"latitude": 59.720258},
                {"longitude": 10.822634}
            ]]},
            {"altitude": 204},
            {"distance_km": 1.4447},
            {"speed_kmh": 6.73657},
            {"timestamp": "Sat Feb 11 09:04:26 UTC 2017"}
        ],
        [
            {"location": [[
                {"latitude": 59.720276},
                {"longitude": 10.822983}
            ]]},
            {"altitude": 202},
            {"distance_km": 1.46443},
            {"speed_kmh": 10.1231},
            {"timestamp": "Sat Feb 11 09:04:33 UTC 2017"}
        ],
        [
            {"location": [[
                {"latitude": 59.720284},
                {"longitude": 10.8233}
            ]]},
            {"altitude": 202},
            {"distance_km": 1.48229},
            {"speed_kmh": 10.5727},
            {"timestamp": "Sat Feb 11 09:04:39 UTC 2017"}
        ],
        [
            {"location": [[
                {"latitude": 59.720287},
                {"longitude": 10.823536}
            ]]},
            {"altitude": 202},
            {"distance_km": 1.49561},
            {"speed_kmh": 10.9606},
            {"timestamp": "Sat Feb 11 09:04:43 UTC 2017"}
        ],
        [
            {"location": [[
                {"latitude": 59.720284},
                {"longitude": 10.823779}
            ]]},
            {"altitude": 203},
            {"distance_km": 1.50929},
            {"speed_kmh": 11.6714},
            {"timestamp": "Sat Feb 11 09:04:47 UTC 2017"}
        ],
        [
            {"location": [[
                {"latitude": 59.720311},
                {"longitude": 10.824147}
            ]]},
            {"altitude": 201},
            {"distance_km": 1.53019},
            {"speed_kmh": 11.6899},
            {"timestamp": "Sat Feb 11 09:04:54 UTC 2017"}
        ],
        [
            {"location": [[
                {"latitude": 59.72032},
                {"longitude": 10.824522}
            ]]},
            {"altitude": 202},
            {"distance_km": 1.55135},
            {"speed_kmh": 10.8499},
            {"timestamp": "Sat Feb 11 09:05:02 UTC 2017"}
        ],
        [
            {"location": [[
                {"latitude": 59.720324},
                {"longitude": 10.824946}
            ]]},
            {"altitude": 201},
            {"distance_km": 1.57517},
            {"speed_kmh": 10.3298},
            {"timestamp": "Sat Feb 11 09:05:10 UTC 2017"}
        ],
        [
            {"location": [[
                {"latitude": 59.720329},
                {"longitude": 10.825148}
            ]]},
            {"altitude": 201},
            {"distance_km": 1.58657},
            {"speed_kmh": 10.17},
            {"timestamp": "Sat Feb 11 09:05:14 UTC 2017"}
        ],
        [
            {"location": [[
                {"latitude": 59.720345},
                {"longitude": 10.825538}
            ]]},
            {"altitude": 200},
            {"distance_km": 1.60859},
            {"speed_kmh": 10.2999},
            {"timestamp": "Sat Feb 11 09:05:22 UTC 2017"}
        ],
        [
            {"location": [[
                {"latitude": 59.720356},
                {"longitude": 10.825881}
            ]]},
            {"altitude": 197},
            {"distance_km": 1.62791},
            {"speed_kmh": 10.0341},
            {"timestamp": "Sat Feb 11 09:05:29 UTC 2017"}
        ],
        [
            {"location": [[
                {"latitude": 59.720351},
                {"longitude": 10.826187}
            ]]},
            {"altitude": 197},
            {"distance_km": 1.64516},
            {"speed_kmh": 10.0676},
            {"timestamp": "Sat Feb 11 09:05:35 UTC 2017"}
        ],
        [
            {"location": [[
                {"latitude": 59.72037},
                {"longitude": 10.826494}
            ]]},
            {"altitude": 195},
            {"distance_km": 1.66254},
            {"speed_kmh": 9.74494},
            {"timestamp": "Sat Feb 11 09:05:42 UTC 2017"}
        ],
        [
            {"location": [[
                {"latitude": 59.72039},
                {"longitude": 10.826785}
            ]]},
            {"altitude": 195},
            {"distance_km": 1.67911},
            {"speed_kmh": 9.27722},
            {"timestamp": "Sat Feb 11 09:05:49 UTC 2017"}
        ],
        [
            {"location": [[
                {"latitude": 59.720395},
                {"longitude": 10.827102}
            ]]},
            {"altitude": 195},
            {"distance_km": 1.6969},
            {"speed_kmh": 9.36998},
            {"timestamp": "Sat Feb 11 09:05:55 UTC 2017"}
        ],
        [
            {"location": [[
                {"latitude": 59.72042},
                {"longitude": 10.827498}
            ]]},
            {"altitude": 195},
            {"distance_km": 1.71941},
            {"speed_kmh": 9.39387},
            {"timestamp": "Sat Feb 11 09:06:04 UTC 2017"}
        ],
        [
            {"location": [[
                {"latitude": 59.720406},
                {"longitude": 10.827999}
            ]]},
            {"altitude": 195},
            {"distance_km": 1.74765},
            {"speed_kmh": 9.63108},
            {"timestamp": "Sat Feb 11 09:06:15 UTC 2017"}
        ],
        [
            {"location": [[
                {"latitude": 59.720407},
                {"longitude": 10.82833}
            ]]},
            {"altitude": 195},
            {"distance_km": 1.76626},
            {"speed_kmh": 9.27073},
            {"timestamp": "Sat Feb 11 09:06:22 UTC 2017"}
        ],
        [
            {"location": [[
                {"latitude": 59.720412},
                {"longitude": 10.828742}
            ]]},
            {"altitude": 197},
            {"distance_km": 1.78947},
            {"speed_kmh": 9.36528},
            {"timestamp": "Sat Feb 11 09:06:31 UTC 2017"}
        ],
        [
            {"location": [[
                {"latitude": 59.720431},
                {"longitude": 10.829176}
            ]]},
            {"altitude": 198},
            {"distance_km": 1.81394},
            {"speed_kmh": 9.54332},
            {"timestamp": "Sat Feb 11 09:06:40 UTC 2017"}
        ],
        [
            {"location": [[
                {"latitude": 59.720402},
                {"longitude": 10.829537}
            ]]},
            {"altitude": 198},
            {"distance_km": 1.83455},
            {"speed_kmh": 8.60746},
            {"timestamp": "Sat Feb 11 09:06:51 UTC 2017"}
        ],
        [
            {"location": [[
                {"latitude": 59.720253},
                {"longitude": 10.829685}
            ]]},
            {"altitude": 195},
            {"distance_km": 1.85301},
            {"speed_kmh": 7.21389},
            {"timestamp": "Sat Feb 11 09:07:04 UTC 2017"}
        ],
        [
            {"location": [[
                {"latitude": 59.720305},
                {"longitude": 10.830309}
            ]]},
            {"altitude": 198},
            {"distance_km": 1.8886},
            {"speed_kmh": 7.00553},
            {"timestamp": "Sat Feb 11 09:07:18 UTC 2017"}
        ],
        [
            {"location": [[
                {"latitude": 59.720347},
                {"longitude": 10.830657}
            ]]},
            {"altitude": 197},
            {"distance_km": 1.90872},
            {"speed_kmh": 7.77066},
            {"timestamp": "Sat Feb 11 09:07:26 UTC 2017"}
        ],
        [
            {"location": [[
                {"latitude": 59.720324},
                {"longitude": 10.830938}
            ]]},
            {"altitude": 196},
            {"distance_km": 1.92477},
            {"speed_kmh": 9.27342},
            {"timestamp": "Sat Feb 11 09:07:32 UTC 2017"}
        ],
        [
            {"location": [[
                {"latitude": 59.720234},
                {"longitude": 10.83133}
            ]]},
            {"altitude": 191},
            {"distance_km": 1.94899},
            {"speed_kmh": 9.45573},
            {"timestamp": "Sat Feb 11 09:07:41 UTC 2017"}
        ],
        [
            {"location": [[
                {"latitude": 59.720208},
                {"longitude": 10.832104}
            ]]},
            {"altitude": 189},
            {"distance_km": 1.99258},
            {"speed_kmh": 11.1946},
            {"timestamp": "Sat Feb 11 09:07:52 UTC 2017"}
        ],
        [
            {"location": [[
                {"latitude": 59.720201},
                {"longitude": 10.832801}
            ]]},
            {"altitude": 188},
            {"distance_km": 2.03186},
            {"speed_kmh": 12.6998},
            {"timestamp": "Sat Feb 11 09:08:02 UTC 2017"}
        ],
        [
            {"location": [[
                {"latitude": 59.72019},
                {"longitude": 10.833221}
            ]]},
            {"altitude": 188},
            {"distance_km": 2.05553},
            {"speed_kmh": 14.2072},
            {"timestamp": "Sat Feb 11 09:08:08 UTC 2017"}
        ],
        [
            {"location": [[
                {"latitude": 59.720169},
                {"longitude": 10.833584}
            ]]},
            {"altitude": 190},
            {"distance_km": 2.07608},
            {"speed_kmh": 13.5586},
            {"timestamp": "Sat Feb 11 09:08:14 UTC 2017"}
        ],
        [
            {"location": [[
                {"latitude": 59.7201},
                {"longitude": 10.834022}
            ]]},
            {"altitude": 201},
            {"distance_km": 2.10189},
            {"speed_kmh": 12.7186},
            {"timestamp": "Sat Feb 11 09:08:22 UTC 2017"}
        ],
        [
            {"location": [[
                {"latitude": 59.720054},
                {"longitude": 10.834352}
            ]]},
            {"altitude": 200},
            {"distance_km": 2.12113},
            {"speed_kmh": 11.8252},
            {"timestamp": "Sat Feb 11 09:08:28 UTC 2017"}
        ],
        [
            {"location": [[
                {"latitude": 59.720034},
                {"longitude": 10.834705}
            ]]},
            {"altitude": 197},
            {"distance_km": 2.14113},
            {"speed_kmh": 10.3862},
            {"timestamp": "Sat Feb 11 09:08:37 UTC 2017"}
        ],
        [
            {"location": [[
                {"latitude": 59.719393},
                {"longitude": 10.835624}
            ]]},
            {"altitude": 191},
            {"distance_km": 2.22938},
            {"speed_kmh": 2.35354},
            {"timestamp": "Sat Feb 11 09:09:22 UTC 2017"}
        ],
        [
            {"location": [[
                {"latitude": 59.719248},
                {"longitude": 10.835547}
            ]]},
            {"altitude": 169},
            {"distance_km": 2.24606},
            {"speed_kmh": 4.1735},
            {"timestamp": "Sat Feb 11 09:09:33 UTC 2017"}
        ],
        [
            {"location": [[
                {"latitude": 59.718987},
                {"longitude": 10.835533}
            ]]},
            {"altitude": 198},
            {"distance_km": 2.27515},
            {"speed_kmh": 6.35472},
            {"timestamp": "Sat Feb 11 09:09:49 UTC 2017"}
        ],
        [
            {"location": [[
                {"latitude": 59.718825},
                {"longitude": 10.835459}
            ]]},
            {"altitude": 173},
            {"distance_km": 2.29367},
            {"speed_kmh": 6.77604},
            {"timestamp": "Sat Feb 11 09:09:57 UTC 2017"}
        ],
        [
            {"location": [[
                {"latitude": 59.7186},
                {"longitude": 10.835717}
            ]]},
            {"altitude": 162},
            {"distance_km": 2.3226},
            {"speed_kmh": 7.43774},
            {"timestamp": "Sat Feb 11 09:10:11 UTC 2017"}
        ],
        [
            {"location": [[
                {"latitude": 59.718467},
                {"longitude": 10.835868}
            ]]},
            {"altitude": 166},
            {"distance_km": 2.33975},
            {"speed_kmh": 8.19652},
            {"timestamp": "Sat Feb 11 09:10:18 UTC 2017"}
        ],
        [
            {"location": [[
                {"latitude": 59.71826},
                {"longitude": 10.836188}
            ]]},
            {"altitude": 163},
            {"distance_km": 2.36894},
            {"speed_kmh": 8.60183},
            {"timestamp": "Sat Feb 11 09:10:29 UTC 2017"}
        ],
        [
            {"location": [[
                {"latitude": 59.718055},
                {"longitude": 10.836362}
            ]]},
            {"altitude": 157},
            {"distance_km": 2.39381},
            {"speed_kmh": 9.11064},
            {"timestamp": "Sat Feb 11 09:10:39 UTC 2017"}
        ],
        [
            {"location": [[
                {"latitude": 59.717845},
                {"longitude": 10.836569}
            ]]},
            {"altitude": 159},
            {"distance_km": 2.41993},
            {"speed_kmh": 9.6515},
            {"timestamp": "Sat Feb 11 09:10:48 UTC 2017"}
        ],
        [
            {"location": [[
                {"latitude": 59.71767},
                {"longitude": 10.836751}
            ]]},
            {"altitude": 161},
            {"distance_km": 2.442},
            {"speed_kmh": 9.782},
            {"timestamp": "Sat Feb 11 09:10:56 UTC 2017"}
        ],
        [
            {"location": [[
                {"latitude": 59.717476},
                {"longitude": 10.837001}
            ]]},
            {"altitude": 162},
            {"distance_km": 2.4678},
            {"speed_kmh": 10.2323},
            {"timestamp": "Sat Feb 11 09:11:05 UTC 2017"}
        ],
        [
            {"location": [[
                {"latitude": 59.71733},
                {"longitude": 10.837143}
            ]]},
            {"altitude": 164},
            {"distance_km": 2.48589},
            {"speed_kmh": 9.16297},
            {"timestamp": "Sat Feb 11 09:11:14 UTC 2017"}
        ],
        [
            {"location": [[
                {"latitude": 59.717058},
                {"longitude": 10.837542}
            ]]},
            {"altitude": 169},
            {"distance_km": 2.5236},
            {"speed_kmh": 9.96663},
            {"timestamp": "Sat Feb 11 09:11:25 UTC 2017"}
        ],
        [
            {"location": [[
                {"latitude": 59.716999},
                {"longitude": 10.837637}
            ]]},
            {"altitude": 170},
            {"distance_km": 2.53209},
            {"speed_kmh": 8.56349},
            {"timestamp": "Sat Feb 11 09:11:30 UTC 2017"}
        ],
        [
            {"location": [[
                {"latitude": 59.716686},
                {"longitude": 10.837814}
            ]]},
            {"altitude": 167},
            {"distance_km": 2.56835},
            {"speed_kmh": 8.71149},
            {"timestamp": "Sat Feb 11 09:11:47 UTC 2017"}
        ],
        [
            {"location": [[
                {"latitude": 59.71649},
                {"longitude": 10.837925}
            ]]},
            {"altitude": 160},
            {"distance_km": 2.59107},
            {"speed_kmh": 8.00658},
            {"timestamp": "Sat Feb 11 09:11:55 UTC 2017"}
        ],
        [
            {"location": [[
                {"latitude": 59.716312},
                {"longitude": 10.83806}
            ]]},
            {"altitude": 161},
            {"distance_km": 2.61229},
            {"speed_kmh": 9.1508},
            {"timestamp": "Sat Feb 11 09:12:03 UTC 2017"}
        ],
        [
            {"location": [[
                {"latitude": 59.71617},
                {"longitude": 10.838064}
            ]]},
            {"altitude": 165},
            {"distance_km": 2.62815},
            {"speed_kmh": 9.76544},
            {"timestamp": "Sat Feb 11 09:12:09 UTC 2017"}
        ],
        [
            {"location": [[
                {"latitude": 59.716045},
                {"longitude": 10.838066}
            ]]},
            {"altitude": 167},
            {"distance_km": 2.642},
            {"speed_kmh": 10.4961},
            {"timestamp": "Sat Feb 11 09:12:13 UTC 2017"}
        ],
        [
            {"location": [[
                {"latitude": 59.715869},
                {"longitude": 10.838015}
            ]]},
            {"altitude": 167},
            {"distance_km": 2.66181},
            {"speed_kmh": 10.2884},
            {"timestamp": "Sat Feb 11 09:12:21 UTC 2017"}
        ],
        [
            {"location": [[
                {"latitude": 59.715725},
                {"longitude": 10.837958}
            ]]},
            {"altitude": 170},
            {"distance_km": 2.67822},
            {"speed_kmh": 11.0449},
            {"timestamp": "Sat Feb 11 09:12:26 UTC 2017"}
        ],
        [
            {"location": [[
                {"latitude": 59.715502},
                {"longitude": 10.837884}
            ]]},
            {"altitude": 172},
            {"distance_km": 2.70335},
            {"speed_kmh": 10.6792},
            {"timestamp": "Sat Feb 11 09:12:34 UTC 2017"}
        ],
        [
            {"location": [[
                {"latitude": 59.715318},
                {"longitude": 10.837712}
            ]]},
            {"altitude": 167},
            {"distance_km": 2.72609},
            {"speed_kmh": 10.7406},
            {"timestamp": "Sat Feb 11 09:12:43 UTC 2017"}
        ],
        [
            {"location": [[
                {"latitude": 59.715202},
                {"longitude": 10.837593}
            ]]},
            {"altitude": 164},
            {"distance_km": 2.74066},
            {"speed_kmh": 9.30049},
            {"timestamp": "Sat Feb 11 09:12:50 UTC 2017"}
        ],
        [
            {"location": [[
                {"latitude": 59.714959},
                {"longitude": 10.837544}
            ]]},
            {"altitude": 167},
            {"distance_km": 2.76777},
            {"speed_kmh": 8.48062},
            {"timestamp": "Sat Feb 11 09:13:01 UTC 2017"}
        ],
        [
            {"location": [[
                {"latitude": 59.7148},
                {"longitude": 10.837552}
            ]]},
            {"altitude": 165},
            {"distance_km": 2.78553},
            {"speed_kmh": 8.9841},
            {"timestamp": "Sat Feb 11 09:13:07 UTC 2017"}
        ],
        [
            {"location": [[
                {"latitude": 59.714636},
                {"longitude": 10.837406}
            ]]},
            {"altitude": 162},
            {"distance_km": 2.80557},
            {"speed_kmh": 9.51716},
            {"timestamp": "Sat Feb 11 09:13:15 UTC 2017"}
        ],
        [
            {"location": [[
                {"latitude": 59.714521},
                {"longitude": 10.83722}
            ]]},
            {"altitude": 159},
            {"distance_km": 2.82214},
            {"speed_kmh": 9.85217},
            {"timestamp": "Sat Feb 11 09:13:21 UTC 2017"}
        ],
        [
            {"location": [[
                {"latitude": 59.714321},
                {"longitude": 10.836965}
            ]]},
            {"altitude": 163},
            {"distance_km": 2.84858},
            {"speed_kmh": 9.48431},
            {"timestamp": "Sat Feb 11 09:13:31 UTC 2017"}
        ],
        [
            {"location": [[
                {"latitude": 59.714207},
                {"longitude": 10.836532}
            ]]},
            {"altitude": 162},
            {"distance_km": 2.87605},
            {"speed_kmh": 10.1202},
            {"timestamp": "Sat Feb 11 09:13:40 UTC 2017"}
        ],
        [
            {"location": [[
                {"latitude": 59.714035},
                {"longitude": 10.836362}
            ]]},
            {"altitude": 162},
            {"distance_km": 2.89746},
            {"speed_kmh": 10.0334},
            {"timestamp": "Sat Feb 11 09:13:48 UTC 2017"}
        ],
        [
            {"location": [[
                {"latitude": 59.713466},
                {"longitude": 10.835063}
            ]]},
            {"altitude": 165},
            {"distance_km": 2.99424},
            {"timestamp": "Sat Feb 11 09:14:23 UTC 2017"}
        ],
        [
            {"location": [[
                {"latitude": 59.713393},
                {"longitude": 10.834819}
            ]]},
            {"altitude": 167},
            {"distance_km": 3.01023},
            {"timestamp": "Sat Feb 11 09:14:28 UTC 2017"}
        ],
        [
            {"location": [[
                {"latitude": 59.713341},
                {"longitude": 10.834661}
            ]]},
            {"altitude": 167},
            {"distance_km": 3.02081},
            {"speed_kmh": 10.2885},
            {"timestamp": "Sat Feb 11 09:14:32 UTC 2017"}
        ],
        [
            {"location": [[
                {"latitude": 59.71326},
                {"longitude": 10.834388}
            ]]},
            {"altitude": 171},
            {"distance_km": 3.03862},
            {"speed_kmh": 10.0457},
            {"timestamp": "Sat Feb 11 09:14:39 UTC 2017"}
        ],
        [
            {"location": [[
                {"latitude": 59.713164},
                {"longitude": 10.834186}
            ]]},
            {"altitude": 174},
            {"distance_km": 3.05425},
            {"speed_kmh": 8.29081},
            {"timestamp": "Sat Feb 11 09:14:48 UTC 2017"}
        ],
        [
            {"location": [[
                {"latitude": 59.713044},
                {"longitude": 10.833516}
            ]]},
            {"altitude": 170},
            {"distance_km": 3.09425},
            {"speed_kmh": 8.59355},
            {"timestamp": "Sat Feb 11 09:15:02 UTC 2017"}
        ],
        [
            {"location": [[
                {"latitude": 59.712967},
                {"longitude": 10.833197}
            ]]},
            {"altitude": 168},
            {"distance_km": 3.11418},
            {"speed_kmh": 8.16916},
            {"timestamp": "Sat Feb 11 09:15:11 UTC 2017"}
        ],
        [
            {"location": [[
                {"latitude": 59.712893},
                {"longitude": 10.832837}
            ]]},
            {"altitude": 171},
            {"distance_km": 3.13602},
            {"speed_kmh": 8.70637},
            {"timestamp": "Sat Feb 11 09:15:21 UTC 2017"}
        ],
        [
            {"location": [[
                {"latitude": 59.712818},
                {"longitude": 10.832461}
            ]]},
            {"altitude": 172},
            {"distance_km": 3.15879},
            {"speed_kmh": 8.01023},
            {"timestamp": "Sat Feb 11 09:15:31 UTC 2017"}
        ],
        [
            {"location": [[
                {"latitude": 59.712719},
                {"longitude": 10.83205}
            ]]},
            {"altitude": 180},
            {"distance_km": 3.18441},
            {"speed_kmh": 8.15051},
            {"timestamp": "Sat Feb 11 09:15:42 UTC 2017"}
        ],
        [
            {"location": [[
                {"latitude": 59.71268},
                {"longitude": 10.831838}
            ]]},
            {"altitude": 180},
            {"distance_km": 3.19713},
            {"speed_kmh": 8.57897},
            {"timestamp": "Sat Feb 11 09:15:47 UTC 2017"}
        ],
        [
            {"location": [[
                {"latitude": 59.712563},
                {"longitude": 10.831458}
            ]]},
            {"altitude": 173},
            {"distance_km": 3.22212},
            {"speed_kmh": 8.57197},
            {"timestamp": "Sat Feb 11 09:15:58 UTC 2017"}
        ],
        [
            {"location": [[
                {"latitude": 59.712466},
                {"longitude": 10.831108}
            ]]},
            {"altitude": 172},
            {"distance_km": 3.24464},
            {"speed_kmh": 8.47831},
            {"timestamp": "Sat Feb 11 09:16:08 UTC 2017"}
        ],
        [
            {"location": [[
                {"latitude": 59.712431},
                {"longitude": 10.830871}
            ]]},
            {"altitude": 174},
            {"distance_km": 3.25849},
            {"speed_kmh": 7.09194},
            {"timestamp": "Sat Feb 11 09:16:18 UTC 2017"}
        ],
        [
            {"location": [[
                {"latitude": 59.712422},
                {"longitude": 10.830434}
            ]]},
            {"altitude": 171},
            {"distance_km": 3.28312},
            {"speed_kmh": 6.82879},
            {"timestamp": "Sat Feb 11 09:16:30 UTC 2017"}
        ],
        [
            {"location": [[
                {"latitude": 59.712416},
                {"longitude": 10.830234}
            ]]},
            {"altitude": 171},
            {"distance_km": 3.2944},
            {"speed_kmh": 7.50553},
            {"timestamp": "Sat Feb 11 09:16:34 UTC 2017"}
        ],
        [
            {"location": [[
                {"latitude": 59.712411},
                {"longitude": 10.829899}
            ]]},
            {"altitude": 169},
            {"distance_km": 3.31326},
            {"speed_kmh": 8.67007},
            {"timestamp": "Sat Feb 11 09:16:42 UTC 2017"}
        ],
        [
            {"location": [[
                {"latitude": 59.712448},
                {"longitude": 10.829598}
            ]]},
            {"altitude": 171},
            {"distance_km": 3.33071},
            {"speed_kmh": 8.11192},
            {"timestamp": "Sat Feb 11 09:16:53 UTC 2017"}
        ],
        [
            {"location": [[
                {"latitude": 59.71266},
                {"longitude": 10.829356}
            ]]},
            {"altitude": 181},
            {"distance_km": 3.35792},
            {"speed_kmh": 6.90698},
            {"timestamp": "Sat Feb 11 09:17:08 UTC 2017"}
        ],
        [
            {"location": [[
                {"latitude": 59.712837},
                {"longitude": 10.829198}
            ]]},
            {"altitude": 180},
            {"distance_km": 3.37954},
            {"speed_kmh": 6.06993},
            {"timestamp": "Sat Feb 11 09:17:21 UTC 2017"}
        ],
        [
            {"location": [[
                {"latitude": 59.713082},
                {"longitude": 10.829074}
            ]]},
            {"altitude": 175},
            {"distance_km": 3.4078},
            {"speed_kmh": 6.16513},
            {"timestamp": "Sat Feb 11 09:17:38 UTC 2017"}
        ],
        [
            {"location": [[
                {"latitude": 59.713443},
                {"longitude": 10.828995}
            ]]},
            {"altitude": 182},
            {"distance_km": 3.44827},
            {"speed_kmh": 7.02563},
            {"timestamp": "Sat Feb 11 09:17:54 UTC 2017"}
        ],
        [
            {"location": [[
                {"latitude": 59.713598},
                {"longitude": 10.82901}
            ]]},
            {"altitude": 181},
            {"distance_km": 3.46549},
            {"speed_kmh": 7.98954},
            {"timestamp": "Sat Feb 11 09:18:01 UTC 2017"}
        ],
        [
            {"location": [[
                {"latitude": 59.713777},
                {"longitude": 10.82903}
            ]]},
            {"altitude": 180},
            {"distance_km": 3.48548},
            {"speed_kmh": 8.98372},
            {"timestamp": "Sat Feb 11 09:18:09 UTC 2017"}
        ],
        [
            {"location": [[
                {"latitude": 59.713971},
                {"longitude": 10.829188}
            ]]},
            {"altitude": 178},
            {"distance_km": 3.50883},
            {"speed_kmh": 9.06591},
            {"timestamp": "Sat Feb 11 09:18:18 UTC 2017"}
        ],
        [
            {"location": [[
                {"latitude": 59.714054},
                {"longitude": 10.829328}
            ]]},
            {"altitude": 180},
            {"distance_km": 3.52098},
            {"speed_kmh": 8.9996},
            {"timestamp": "Sat Feb 11 09:18:23 UTC 2017"}
        ],
        [
            {"location": [[
                {"latitude": 59.714178},
                {"longitude": 10.829709}
            ]]},
            {"altitude": 180},
            {"distance_km": 3.54652},
            {"speed_kmh": 9.05757},
            {"timestamp": "Sat Feb 11 09:18:33 UTC 2017"}
        ],
        [
            {"location": [[
                {"latitude": 59.714296},
                {"longitude": 10.830064}
            ]]},
            {"altitude": 176},
            {"distance_km": 3.5704},
            {"speed_kmh": 8.83092},
            {"timestamp": "Sat Feb 11 09:18:43 UTC 2017"}
        ],
        [
            {"location": [[
                {"latitude": 59.714342},
                {"longitude": 10.83025}
            ]]},
            {"altitude": 176},
            {"distance_km": 3.5821},
            {"speed_kmh": 8.74974},
            {"timestamp": "Sat Feb 11 09:18:48 UTC 2017"}
        ],
        [
            {"location": [[
                {"latitude": 59.715012},
                {"longitude": 10.831148}
            ]]},
            {"altitude": 171},
            {"distance_km": 3.6722},
            {"timestamp": "Sat Feb 11 09:19:21 UTC 2017"}
        ],
        [
            {"location": [[
                {"latitude": 59.715132},
                {"longitude": 10.83139}
            ]]},
            {"altitude": 169},
            {"distance_km": 3.69134},
            {"timestamp": "Sat Feb 11 09:19:28 UTC 2017"}
        ],
        [
            {"location": [[
                {"latitude": 59.715282},
                {"longitude": 10.831376}
            ]]},
            {"altitude": 173},
            {"distance_km": 3.70806},
            {"speed_kmh": 9.06691},
            {"timestamp": "Sat Feb 11 09:19:36 UTC 2017"}
        ],
        [
            {"location": [[
                {"latitude": 59.715458},
                {"longitude": 10.831468}
            ]]},
            {"altitude": 176},
            {"distance_km": 3.7283},
            {"speed_kmh": 9.26087},
            {"timestamp": "Sat Feb 11 09:19:43 UTC 2017"}
        ],
        [
            {"location": [[
                {"latitude": 59.715653},
                {"longitude": 10.831612}
            ]]},
            {"altitude": 176},
            {"distance_km": 3.75148},
            {"speed_kmh": 9.42805},
            {"timestamp": "Sat Feb 11 09:19:51 UTC 2017"}
        ],
        [
            {"location": [[
                {"latitude": 59.715886},
                {"longitude": 10.831703}
            ]]},
            {"altitude": 178},
            {"distance_km": 3.77801},
            {"speed_kmh": 10.1232},
            {"timestamp": "Sat Feb 11 09:20:01 UTC 2017"}
        ],
        [
            {"location": [[
                {"latitude": 59.716071},
                {"longitude": 10.831672}
            ]]},
            {"altitude": 180},
            {"distance_km": 3.79861},
            {"speed_kmh": 10.1842},
            {"timestamp": "Sat Feb 11 09:20:08 UTC 2017"}
        ],
        [
            {"location": [[
                {"latitude": 59.716275},
                {"longitude": 10.831642}
            ]]},
            {"altitude": 178},
            {"distance_km": 3.82146},
            {"speed_kmh": 9.47429},
            {"timestamp": "Sat Feb 11 09:20:18 UTC 2017"}
        ],
        [
            {"location": [[
                {"latitude": 59.716506},
                {"longitude": 10.831699}
            ]]},
            {"altitude": 178},
            {"distance_km": 3.84737},
            {"speed_kmh": 9.38207},
            {"timestamp": "Sat Feb 11 09:20:28 UTC 2017"}
        ],
        [
            {"location": [[
                {"latitude": 59.716723},
                {"longitude": 10.831742}
            ]]},
            {"altitude": 181},
            {"distance_km": 3.87165},
            {"speed_kmh": 9.49362},
            {"timestamp": "Sat Feb 11 09:20:36 UTC 2017"}
        ],
        [
            {"location": [[
                {"latitude": 59.716952},
                {"longitude": 10.831804}
            ]]},
            {"altitude": 185},
            {"distance_km": 3.89737},
            {"speed_kmh": 10.1877},
            {"timestamp": "Sat Feb 11 09:20:45 UTC 2017"}
        ],
        [
            {"location": [[
                {"latitude": 59.717092},
                {"longitude": 10.831835}
            ]]},
            {"altitude": 191},
            {"distance_km": 3.91305},
            {"speed_kmh": 10.2054},
            {"timestamp": "Sat Feb 11 09:20:51 UTC 2017"}
        ],
        [
            {"location": [[
                {"latitude": 59.717223},
                {"longitude": 10.831861}
            ]]},
            {"altitude": 188},
            {"distance_km": 3.92778},
            {"speed_kmh": 9.50682},
            {"timestamp": "Sat Feb 11 09:20:57 UTC 2017"}
        ],
        [
            {"location": [[
                {"latitude": 59.717393},
                {"longitude": 10.83192}
            ]]},
            {"altitude": 188},
            {"distance_km": 3.94699},
            {"speed_kmh": 9.36695},
            {"timestamp": "Sat Feb 11 09:21:04 UTC 2017"}
        ],
        [
            {"location": [[
                {"latitude": 59.717529},
                {"longitude": 10.832006}
            ]]},
            {"altitude": 186},
            {"distance_km": 3.96289},
            {"speed_kmh": 10.0534},
            {"timestamp": "Sat Feb 11 09:21:09 UTC 2017"}
        ],
        [
            {"location": [[
                {"latitude": 59.717724},
                {"longitude": 10.832061}
            ]]},
            {"altitude": 182},
            {"distance_km": 3.98482},
            {"speed_kmh": 10.4003},
            {"timestamp": "Sat Feb 11 09:21:17 UTC 2017"}
        ],
        [
            {"location": [[
                {"latitude": 59.717904},
                {"longitude": 10.832128}
            ]]},
            {"altitude": 179},
            {"distance_km": 4.00526},
            {"speed_kmh": 10.1703},
            {"timestamp": "Sat Feb 11 09:21:25 UTC 2017"}
        ],
        [
            {"location": [[
                {"latitude": 59.718031},
                {"longitude": 10.832179}
            ]]},
            {"altitude": 176},
            {"distance_km": 4.01973},
            {"speed_kmh": 9.25161},
            {"timestamp": "Sat Feb 11 09:21:31 UTC 2017"}
        ],
        [
            {"location": [[
                {"latitude": 59.718177},
                {"longitude": 10.832256}
            ]]},
            {"altitude": 172},
            {"distance_km": 4.03653},
            {"speed_kmh": 8.83425},
            {"timestamp": "Sat Feb 11 09:21:38 UTC 2017"}
        ],
        [
            {"location": [[
                {"latitude": 59.718369},
                {"longitude": 10.832315}
            ]]},
            {"altitude": 168},
            {"distance_km": 4.05819},
            {"speed_kmh": 8.37478},
            {"timestamp": "Sat Feb 11 09:21:48 UTC 2017"}
        ],
        [
            {"location": [[
                {"latitude": 59.718503},
                {"longitude": 10.832378}
            ]]},
            {"altitude": 166},
            {"distance_km": 4.07353},
            {"speed_kmh": 8.54489},
            {"timestamp": "Sat Feb 11 09:21:54 UTC 2017"}
        ],
        [
            {"location": [[
                {"latitude": 59.718699},
                {"longitude": 10.832453}
            ]]},
            {"altitude": 170},
            {"distance_km": 4.09575},
            {"speed_kmh": 8.6333},
            {"timestamp": "Sat Feb 11 09:22:03 UTC 2017"}
        ],
        [
            {"location": [[
                {"latitude": 59.718838},
                {"longitude": 10.832486}
            ]]},
            {"altitude": 176},
            {"distance_km": 4.11137},
            {"speed_kmh": 9.15138},
            {"timestamp": "Sat Feb 11 09:22:09 UTC 2017"}
        ],
        [
            {"location": [[
                {"latitude": 59.719004},
                {"longitude": 10.832491}
            ]]},
            {"altitude": 176},
            {"distance_km": 4.12985},
            {"speed_kmh": 8.85675},
            {"timestamp": "Sat Feb 11 09:22:17 UTC 2017"}
        ],
        [
            {"location": [[
                {"latitude": 59.71922},
                {"longitude": 10.832613}
            ]]},
            {"altitude": 176},
            {"distance_km": 4.15482},
            {"speed_kmh": 8.61948},
            {"timestamp": "Sat Feb 11 09:22:28 UTC 2017"}
        ],
        [
            {"location": [[
                {"latitude": 59.719439},
                {"longitude": 10.832736}
            ]]},
            {"altitude": 182},
            {"distance_km": 4.1802},
            {"speed_kmh": 8.88128},
            {"timestamp": "Sat Feb 11 09:22:37 UTC 2017"}
        ],
        [
            {"location": [[
                {"latitude": 59.719619},
                {"longitude": 10.83273}
            ]]},
            {"altitude": 176},
            {"distance_km": 4.20032},
            {"speed_kmh": 9.12275},
            {"timestamp": "Sat Feb 11 09:22:45 UTC 2017"}
        ],
        [
            {"location": [[
                {"latitude": 59.719848},
                {"longitude": 10.832758}
            ]]},
            {"altitude": 174},
            {"distance_km": 4.22579},
            {"speed_kmh": 9.17921},
            {"timestamp": "Sat Feb 11 09:22:56 UTC 2017"}
        ],
        [
            {"location": [[
                {"latitude": 59.720019},
                {"longitude": 10.832765}
            ]]},
            {"altitude": 186},
            {"distance_km": 4.24487},
            {"speed_kmh": 9.60382},
            {"timestamp": "Sat Feb 11 09:23:02 UTC 2017"}
        ],
        [
            {"location": [[
                {"latitude": 59.720144},
                {"longitude": 10.832676}
            ]]},
            {"altitude": 184},
            {"distance_km": 4.25968},
            {"speed_kmh": 9.11475},
            {"timestamp": "Sat Feb 11 09:23:09 UTC 2017"}
        ],
        [
            {"location": [[
                {"latitude": 59.720235},
                {"longitude": 10.832418}
            ]]},
            {"altitude": 179},
            {"distance_km": 4.27739},
            {"speed_kmh": 7.75525},
            {"timestamp": "Sat Feb 11 09:23:24 UTC 2017"}
        ],
        [
            {"location": [[
                {"latitude": 59.720256},
                {"longitude": 10.832012}
            ]]},
            {"altitude": 178},
            {"distance_km": 4.30034},
            {"speed_kmh": 5.56501},
            {"timestamp": "Sat Feb 11 09:23:41 UTC 2017"}
        ],
        [
            {"location": [[
                {"latitude": 59.72035},
                {"longitude": 10.830823}
            ]]},
            {"altitude": 187},
            {"distance_km": 4.36807},
            {"speed_kmh": 2.03182},
            {"timestamp": "Sat Feb 11 09:24:21 UTC 2017"}
        ],
        [
            {"location": [[
                {"latitude": 59.720349},
                {"longitude": 10.830411}
            ]]},
            {"altitude": 186},
            {"distance_km": 4.39124},
            {"speed_kmh": 3.88657},
            {"timestamp": "Sat Feb 11 09:24:36 UTC 2017"}
        ],
        [
            {"location": [[
                {"latitude": 59.720279},
                {"longitude": 10.830185}
            ]]},
            {"altitude": 185},
            {"distance_km": 4.40618},
            {"speed_kmh": 5.51609},
            {"timestamp": "Sat Feb 11 09:24:47 UTC 2017"}
        ],
        [
            {"location": [[
                {"latitude": 59.720231},
                {"longitude": 10.830007}
            ]]},
            {"altitude": 180},
            {"distance_km": 4.41753},
            {"speed_kmh": 5.18666},
            {"timestamp": "Sat Feb 11 09:24:55 UTC 2017"}
        ],
        [
            {"location": [[
                {"latitude": 59.720254},
                {"longitude": 10.829646}
            ]]},
            {"altitude": 179},
            {"distance_km": 4.43801},
            {"speed_kmh": 4.86284},
            {"timestamp": "Sat Feb 11 09:25:11 UTC 2017"}
        ],
        [
            {"location": [[
                {"latitude": 59.720254},
                {"longitude": 10.82901}
            ]]},
            {"altitude": 176},
            {"distance_km": 4.47379},
            {"speed_kmh": 6.80992},
            {"timestamp": "Sat Feb 11 09:25:23 UTC 2017"}
        ],
        [
            {"location": [[
                {"latitude": 59.720268},
                {"longitude": 10.828561}
            ]]},
            {"altitude": 180},
            {"distance_km": 4.49905},
            {"speed_kmh": 8.49763},
            {"timestamp": "Sat Feb 11 09:25:32 UTC 2017"}
        ],
        [
            {"location": [[
                {"latitude": 59.720275},
                {"longitude": 10.828151}
            ]]},
            {"altitude": 185},
            {"distance_km": 4.52215},
            {"speed_kmh": 10.4276},
            {"timestamp": "Sat Feb 11 09:25:40 UTC 2017"}
        ],
        [
            {"location": [[
                {"latitude": 59.72029},
                {"longitude": 10.82769}
            ]]},
            {"altitude": 183},
            {"distance_km": 4.54817},
            {"speed_kmh": 10.325},
            {"timestamp": "Sat Feb 11 09:25:49 UTC 2017"}
        ],
        [
            {"location": [[
                {"latitude": 59.720288},
                {"longitude": 10.827437}
            ]]},
            {"altitude": 182},
            {"distance_km": 4.56238},
            {"speed_kmh": 10.3443},
            {"timestamp": "Sat Feb 11 09:25:54 UTC 2017"}
        ],
        [
            {"location": [[
                {"latitude": 59.720272},
                {"longitude": 10.827147}
            ]]},
            {"altitude": 178},
            {"distance_km": 4.57883},
            {"speed_kmh": 9.70368},
            {"timestamp": "Sat Feb 11 09:26:01 UTC 2017"}
        ],
        [
            {"location": [[
                {"latitude": 59.720262},
                {"longitude": 10.82677}
            ]]},
            {"altitude": 178},
            {"distance_km": 4.60007},
            {"speed_kmh": 9.06158},
            {"timestamp": "Sat Feb 11 09:26:10 UTC 2017"}
        ],
        [
            {"location": [[
                {"latitude": 59.720259},
                {"longitude": 10.826517}
            ]]},
            {"altitude": 177},
            {"distance_km": 4.6143},
            {"speed_kmh": 8.09291},
            {"timestamp": "Sat Feb 11 09:26:17 UTC 2017"}
        ],
        [
            {"location": [[
                {"latitude": 59.720255},
                {"longitude": 10.826009}
            ]]},
            {"altitude": 182},
            {"distance_km": 4.64286},
            {"speed_kmh": 8.38647},
            {"timestamp": "Sat Feb 11 09:26:28 UTC 2017"}
        ],
        [
            {"location": [[
                {"latitude": 59.720251},
                {"longitude": 10.825707}
            ]]},
            {"altitude": 184},
            {"distance_km": 4.65988},
            {"speed_kmh": 8.95927},
            {"timestamp": "Sat Feb 11 09:26:34 UTC 2017"}
        ],
        [
            {"location": [[
                {"latitude": 59.720254},
                {"longitude": 10.825445}
            ]]},
            {"altitude": 185},
            {"distance_km": 4.6746},
            {"speed_kmh": 10.0509},
            {"timestamp": "Sat Feb 11 09:26:39 UTC 2017"}
        ],
        [
            {"location": [[
                {"latitude": 59.720252},
                {"longitude": 10.82507}
            ]]},
            {"altitude": 185},
            {"distance_km": 4.69575},
            {"speed_kmh": 10.1107},
            {"timestamp": "Sat Feb 11 09:26:47 UTC 2017"}
        ],
        [
            {"location": [[
                {"latitude": 59.72024},
                {"longitude": 10.824708}
            ]]},
            {"altitude": 184},
            {"distance_km": 4.71614},
            {"speed_kmh": 9.7637},
            {"timestamp": "Sat Feb 11 09:26:55 UTC 2017"}
        ],
        [
            {"location": [[
                {"latitude": 59.720221},
                {"longitude": 10.824254}
            ]]},
            {"altitude": 186},
            {"distance_km": 4.74177},
            {"speed_kmh": 9.30737},
            {"timestamp": "Sat Feb 11 09:27:05 UTC 2017"}
        ],
        [
            {"location": [[
                {"latitude": 59.720226},
                {"longitude": 10.823816}
            ]]},
            {"altitude": 190},
            {"distance_km": 4.76642},
            {"speed_kmh": 9.09171},
            {"timestamp": "Sat Feb 11 09:27:15 UTC 2017"}
        ],
        [
            {"location": [[
                {"latitude": 59.720228},
                {"longitude": 10.823473}
            ]]},
            {"altitude": 192},
            {"distance_km": 4.78572},
            {"speed_kmh": 8.90784},
            {"timestamp": "Sat Feb 11 09:27:23 UTC 2017"}
        ],
        [
            {"location": [[
                {"latitude": 59.720198},
                {"longitude": 10.823049}
            ]]},
            {"altitude": 192},
            {"distance_km": 4.8098},
            {"speed_kmh": 8.73867},
            {"timestamp": "Sat Feb 11 09:27:33 UTC 2017"}
        ],
        [
            {"location": [[
                {"latitude": 59.720182},
                {"longitude": 10.822693}
            ]]},
            {"altitude": 195},
            {"distance_km": 4.82995},
            {"speed_kmh": 7.97856},
            {"timestamp": "Sat Feb 11 09:27:44 UTC 2017"}
        ],
        [
            {"location": [[
                {"latitude": 59.720133},
                {"longitude": 10.822014}
            ]]},
            {"altitude": 191},
            {"distance_km": 4.8685},
            {"speed_kmh": 7.99656},
            {"timestamp": "Sat Feb 11 09:28:00 UTC 2017"}
        ],
        [
            {"location": [[
                {"latitude": 59.720144},
                {"longitude": 10.821628}
            ]]},
            {"altitude": 191},
            {"distance_km": 4.8903},
            {"speed_kmh": 8.3603},
            {"timestamp": "Sat Feb 11 09:28:08 UTC 2017"}
        ],
        [
            {"location": [[
                {"latitude": 59.720141},
                {"longitude": 10.821377}
            ]]},
            {"altitude": 187},
            {"distance_km": 4.9044},
            {"speed_kmh": 8.97944},
            {"timestamp": "Sat Feb 11 09:28:14 UTC 2017"}
        ],
        [
            {"location": [[
                {"latitude": 59.720156},
                {"longitude": 10.821018}
            ]]},
            {"altitude": 189},
            {"distance_km": 4.92471},
            {"speed_kmh": 8.78973},
            {"timestamp": "Sat Feb 11 09:28:23 UTC 2017"}
        ],
        [
            {"location": [[
                {"latitude": 59.72016},
                {"longitude": 10.82059}
            ]]},
            {"altitude": 193},
            {"distance_km": 4.94878},
            {"speed_kmh": 8.4099},
            {"timestamp": "Sat Feb 11 09:28:33 UTC 2017"}
        ],
        [
            {"location": [[
                {"latitude": 59.720131},
                {"longitude": 10.820161}
            ]]},
            {"altitude": 193},
            {"distance_km": 4.97314},
            {"speed_kmh": 8.84531},
            {"timestamp": "Sat Feb 11 09:28:42 UTC 2017"}
        ],
        [
            {"location": [[
                {"latitude": 59.720082},
                {"longitude": 10.818335}
            ]]},
            {"altitude": 192},
            {"distance_km": 5.07602},
            {"speed_kmh": 3.087},
            {"timestamp": "Sat Feb 11 09:29:22 UTC 2017"}
        ],
        [
            {"location": [[
                {"latitude": 59.720079},
                {"longitude": 10.818035}
            ]]},
            {"altitude": 197},
            {"distance_km": 5.09292},
            {"speed_kmh": 5.33865},
            {"timestamp": "Sat Feb 11 09:29:31 UTC 2017"}
        ],
        [
            {"location": [[
                {"latitude": 59.719978},
                {"longitude": 10.817743}
            ]]},
            {"altitude": 200},
            {"distance_km": 5.11282},
            {"speed_kmh": 7.3292},
            {"timestamp": "Sat Feb 11 09:29:43 UTC 2017"}
        ],
        [
            {"location": [[
                {"latitude": 59.720016},
                {"longitude": 10.817404}
            ]]},
            {"altitude": 198},
            {"distance_km": 5.13238},
            {"speed_kmh": 6.58799},
            {"timestamp": "Sat Feb 11 09:29:53 UTC 2017"}
        ],
        [
            {"location": [[
                {"latitude": 59.720016},
                {"longitude": 10.816975}
            ]]},
            {"altitude": 192},
            {"distance_km": 5.1565},
            {"speed_kmh": 7.5539},
            {"timestamp": "Sat Feb 11 09:30:02 UTC 2017"}
        ],
        [
            {"location": [[
                {"latitude": 59.720023},
                {"longitude": 10.816563}
            ]]},
            {"altitude": 191},
            {"distance_km": 5.1797},
            {"speed_kmh": 9.53907},
            {"timestamp": "Sat Feb 11 09:30:09 UTC 2017"}
        ],
        [
            {"location": [[
                {"latitude": 59.720027},
                {"longitude": 10.816144}
            ]]},
            {"altitude": 193},
            {"distance_km": 5.20329},
            {"speed_kmh": 10.7317},
            {"timestamp": "Sat Feb 11 09:30:17 UTC 2017"}
        ],
        [
            {"location": [[
                {"latitude": 59.720026},
                {"longitude": 10.815756}
            ]]},
            {"altitude": 195},
            {"distance_km": 5.22512},
            {"speed_kmh": 10.7887},
            {"timestamp": "Sat Feb 11 09:30:25 UTC 2017"}
        ],
        [
            {"location": [[
                {"latitude": 59.720021},
                {"longitude": 10.815534}
            ]]},
            {"altitude": 194},
            {"distance_km": 5.23764},
            {"speed_kmh": 9.81625},
            {"timestamp": "Sat Feb 11 09:30:30 UTC 2017"}
        ],
        [
            {"location": [[
                {"latitude": 59.720005},
                {"longitude": 10.815182}
            ]]},
            {"altitude": 195},
            {"distance_km": 5.25753},
            {"speed_kmh": 9.26208},
            {"timestamp": "Sat Feb 11 09:30:38 UTC 2017"}
        ],
        [
            {"location": [[
                {"latitude": 59.719997},
                {"longitude": 10.814816}
            ]]},
            {"altitude": 197},
            {"distance_km": 5.27815},
            {"speed_kmh": 8.73671},
            {"timestamp": "Sat Feb 11 09:30:47 UTC 2017"}
        ],
        [
            {"location": [[
                {"latitude": 59.719992},
                {"longitude": 10.814361}
            ]]},
            {"altitude": 196},
            {"distance_km": 5.30376},
            {"speed_kmh": 8.80593},
            {"timestamp": "Sat Feb 11 09:30:57 UTC 2017"}
        ],
        [
            {"location": [[
                {"latitude": 59.71998},
                {"longitude": 10.813964}
            ]]},
            {"altitude": 199},
            {"distance_km": 5.32611},
            {"speed_kmh": 8.80254},
            {"timestamp": "Sat Feb 11 09:31:06 UTC 2017"}
        ],
        [
            {"location": [[
                {"latitude": 59.719959},
                {"longitude": 10.813548}
            ]]},
            {"altitude": 197},
            {"distance_km": 5.34966},
            {"speed_kmh": 9.1928},
            {"timestamp": "Sat Feb 11 09:31:15 UTC 2017"}
        ],
        [
            {"location": [[
                {"latitude": 59.719961},
                {"longitude": 10.813194}
            ]]},
            {"altitude": 198},
            {"distance_km": 5.36959},
            {"speed_kmh": 9.53684},
            {"timestamp": "Sat Feb 11 09:31:22 UTC 2017"}
        ],
        [
            {"location": [[
                {"latitude": 59.719956},
                {"longitude": 10.812879}
            ]]},
            {"altitude": 196},
            {"distance_km": 5.38729},
            {"speed_kmh": 10.0967},
            {"timestamp": "Sat Feb 11 09:31:28 UTC 2017"}
        ],
        [
            {"location": [[
                {"latitude": 59.719947},
                {"longitude": 10.812517}
            ]]},
            {"altitude": 194},
            {"distance_km": 5.40767},
            {"speed_kmh": 10.0143},
            {"timestamp": "Sat Feb 11 09:31:36 UTC 2017"}
        ],
        [
            {"location": [[
                {"latitude": 59.719932},
                {"longitude": 10.812124}
            ]]},
            {"altitude": 193},
            {"distance_km": 5.42986},
            {"speed_kmh": 9.55594},
            {"timestamp": "Sat Feb 11 09:31:45 UTC 2017"}
        ],
        [
            {"location": [[
                {"latitude": 59.719928},
                {"longitude": 10.811741}
            ]]},
            {"altitude": 193},
            {"distance_km": 5.4514},
            {"speed_kmh": 9.24604},
            {"timestamp": "Sat Feb 11 09:31:53 UTC 2017"}
        ],
        [
            {"location": [[
                {"latitude": 59.719923},
                {"longitude": 10.811405}
            ]]},
            {"altitude": 192},
            {"distance_km": 5.47034},
            {"speed_kmh": 9.02766},
            {"timestamp": "Sat Feb 11 09:32:01 UTC 2017"}
        ],
        [
            {"location": [[
                {"latitude": 59.719896},
                {"longitude": 10.811008}
            ]]},
            {"altitude": 194},
            {"distance_km": 5.49286},
            {"speed_kmh": 9.07558},
            {"timestamp": "Sat Feb 11 09:32:10 UTC 2017"}
        ],
        [
            {"location": [[
                {"latitude": 59.719884},
                {"longitude": 10.810734}
            ]]},
            {"altitude": 195},
            {"distance_km": 5.50833},
            {"speed_kmh": 8.93073},
            {"timestamp": "Sat Feb 11 09:32:16 UTC 2017"}
        ],
        [
            {"location": [[
                {"latitude": 59.71988},
                {"longitude": 10.81033}
            ]]},
            {"altitude": 198},
            {"distance_km": 5.53111},
            {"speed_kmh": 9.12735},
            {"timestamp": "Sat Feb 11 09:32:25 UTC 2017"}
        ],
        [
            {"location": [[
                {"latitude": 59.719837},
                {"longitude": 10.810017}
            ]]},
            {"altitude": 196},
            {"distance_km": 5.54938},
            {"speed_kmh": 9.24757},
            {"timestamp": "Sat Feb 11 09:32:32 UTC 2017"}
        ],
        [
            {"location": [[
                {"latitude": 59.719785},
                {"longitude": 10.809598}
            ]]},
            {"altitude": 193},
            {"distance_km": 5.57362},
            {"speed_kmh": 9.38834},
            {"timestamp": "Sat Feb 11 09:32:41 UTC 2017"}
        ],
        [
            {"location": [[
                {"latitude": 59.719837},
                {"longitude": 10.80922}
            ]]},
            {"altitude": 194},
            {"distance_km": 5.59569},
            {"speed_kmh": 9.3102},
            {"timestamp": "Sat Feb 11 09:32:50 UTC 2017"}
        ],
        [
            {"location": [[
                {"latitude": 59.719943},
                {"longitude": 10.809063}
            ]]},
            {"altitude": 196},
            {"distance_km": 5.61048},
            {"speed_kmh": 8.69673},
            {"timestamp": "Sat Feb 11 09:32:57 UTC 2017"}
        ],
        [
            {"location": [[
                {"latitude": 59.719911},
                {"longitude": 10.808666}
            ]]},
            {"altitude": 195},
            {"distance_km": 5.63311},
            {"speed_kmh": 8.48708},
            {"timestamp": "Sat Feb 11 09:33:06 UTC 2017"}
        ],
        [
            {"location": [[
                {"latitude": 59.719903},
                {"longitude": 10.808378}
            ]]},
            {"altitude": 196},
            {"distance_km": 5.64938},
            {"speed_kmh": 8.32385},
            {"timestamp": "Sat Feb 11 09:33:13 UTC 2017"}
        ],
        [
            {"location": [[
                {"latitude": 59.719872},
                {"longitude": 10.807845}
            ]]},
            {"altitude": 196},
            {"distance_km": 5.67957},
            {"speed_kmh": 9.83011},
            {"timestamp": "Sat Feb 11 09:33:22 UTC 2017"}
        ],
        [
            {"location": [[
                {"latitude": 59.719885},
                {"longitude": 10.80758}
            ]]},
            {"altitude": 200},
            {"distance_km": 5.69454},
            {"speed_kmh": 10.4017},
            {"timestamp": "Sat Feb 11 09:33:27 UTC 2017"}
        ],
        [
            {"location": [[
                {"latitude": 59.719893},
                {"longitude": 10.807168}
            ]]},
            {"altitude": 199},
            {"distance_km": 5.71776},
            {"speed_kmh": 10.7001},
            {"timestamp": "Sat Feb 11 09:33:36 UTC 2017"}
        ],
        [
            {"location": [[
                {"latitude": 59.71988},
                {"longitude": 10.80675}
            ]]},
            {"altitude": 199},
            {"distance_km": 5.74128},
            {"speed_kmh": 9.81693},
            {"timestamp": "Sat Feb 11 09:33:45 UTC 2017"}
        ],
        [
            {"location": [[
                {"latitude": 59.719804},
                {"longitude": 10.804526}
            ]]},
            {"altitude": 198},
            {"distance_km": 5.86673},
            {"speed_kmh": 4.07834},
            {"timestamp": "Sat Feb 11 09:34:22 UTC 2017"}
        ],
        [
            {"location": [[
                {"latitude": 59.719774},
                {"longitude": 10.804127}
            ]]},
            {"altitude": 195},
            {"distance_km": 5.88943},
            {"speed_kmh": 8.61048},
            {"timestamp": "Sat Feb 11 09:34:28 UTC 2017"}
        ],
        [
            {"location": [[
                {"latitude": 59.719749},
                {"longitude": 10.803741}
            ]]},
            {"altitude": 195},
            {"distance_km": 5.91131},
            {"speed_kmh": 12.9839},
            {"timestamp": "Sat Feb 11 09:34:34 UTC 2017"}
        ],
        [
            {"location": [[
                {"latitude": 59.719733},
                {"longitude": 10.803227}
            ]]},
            {"altitude": 196},
            {"distance_km": 5.94033},
            {"speed_kmh": 13.2625},
            {"timestamp": "Sat Feb 11 09:34:42 UTC 2017"}
        ],
        [
            {"location": [[
                {"latitude": 59.719711},
                {"longitude": 10.802885}
            ]]},
            {"altitude": 196},
            {"distance_km": 5.9597},
            {"speed_kmh": 12.6065},
            {"timestamp": "Sat Feb 11 09:34:48 UTC 2017"}
        ],
        [
            {"location": [[
                {"latitude": 59.719696},
                {"longitude": 10.802599}
            ]]},
            {"altitude": 194},
            {"distance_km": 5.97588},
            {"speed_kmh": 12.1099},
            {"timestamp": "Sat Feb 11 09:34:53 UTC 2017"}
        ],
        [
            {"location": [[
                {"latitude": 59.719693},
                {"longitude": 10.802319}
            ]]},
            {"altitude": 194},
            {"distance_km": 5.99163},
            {"speed_kmh": 11.5376},
            {"timestamp": "Sat Feb 11 09:34:58 UTC 2017"}
        ],
        [
            {"location": [[
                {"latitude": 59.719757},
                {"longitude": 10.801883}
            ]]},
            {"altitude": 188},
            {"distance_km": 6.01716},
            {"speed_kmh": 11.0638},
            {"timestamp": "Sat Feb 11 09:35:07 UTC 2017"}
        ],
        [
            {"location": [[
                {"latitude": 59.719898},
                {"longitude": 10.801716}
            ]]},
            {"altitude": 189},
            {"distance_km": 6.03547},
            {"speed_kmh": 10.8503},
            {"timestamp": "Sat Feb 11 09:35:13 UTC 2017"}
        ],
        [
            {"location": [[
                {"latitude": 59.720055},
                {"longitude": 10.801646}
            ]]},
            {"altitude": 187},
            {"distance_km": 6.05348},
            {"speed_kmh": 10.6676},
            {"timestamp": "Sat Feb 11 09:35:19 UTC 2017"}
        ],
        [
            {"location": [[
                {"latitude": 59.720306},
                {"longitude": 10.801559}
            ]]},
            {"altitude": 188},
            {"distance_km": 6.08178},
            {"speed_kmh": 11.5118},
            {"timestamp": "Sat Feb 11 09:35:27 UTC 2017"}
        ],
        [
            {"location": [[
                {"latitude": 59.720548},
                {"longitude": 10.801469}
            ]]},
            {"altitude": 189},
            {"distance_km": 6.10925},
            {"speed_kmh": 12.5581},
            {"timestamp": "Sat Feb 11 09:35:34 UTC 2017"}
        ],
        [
            {"location": [[
                {"latitude": 59.720711},
                {"longitude": 10.801419}
            ]]},
            {"altitude": 187},
            {"distance_km": 6.12757},
            {"speed_kmh": 13.3539},
            {"timestamp": "Sat Feb 11 09:35:39 UTC 2017"}
        ],
        [
            {"location": [[
                {"latitude": 59.720851},
                {"longitude": 10.801391}
            ]]},
            {"altitude": 189},
            {"distance_km": 6.14327},
            {"speed_kmh": 13.8093},
            {"timestamp": "Sat Feb 11 09:35:43 UTC 2017"}
        ],
        [
            {"location": [[
                {"latitude": 59.721043},
                {"longitude": 10.801344}
            ]]},
            {"altitude": 187},
            {"distance_km": 6.16485},
            {"speed_kmh": 13.4125},
            {"timestamp": "Sat Feb 11 09:35:49 UTC 2017"}
        ],
        [
            {"location": [[
                {"latitude": 59.721239},
                {"longitude": 10.801302}
            ]]},
            {"altitude": 185},
            {"distance_km": 6.18686},
            {"speed_kmh": 12.7879},
            {"timestamp": "Sat Feb 11 09:35:56 UTC 2017"}
        ],
        [
            {"location": [[
                {"latitude": 59.72139},
                {"longitude": 10.801634}
            ]]},
            {"altitude": 186},
            {"distance_km": 6.21199},
            {"speed_kmh": 11.4401},
            {"timestamp": "Sat Feb 11 09:36:05 UTC 2017"}
        ],
        [
            {"location": [[
                {"latitude": 59.721467},
                {"longitude": 10.802003}
            ]]},
            {"altitude": 181},
            {"distance_km": 6.23443},
            {"speed_kmh": 10.9743},
            {"timestamp": "Sat Feb 11 09:36:12 UTC 2017"}
        ],
        [
            {"location": [[
                {"latitude": 59.721614},
                {"longitude": 10.802161}
            ]]},
            {"altitude": 180},
            {"distance_km": 6.2531},
            {"speed_kmh": 9.9998},
            {"timestamp": "Sat Feb 11 09:36:20 UTC 2017"}
        ],
        [
            {"location": [[
                {"latitude": 59.721732},
                {"longitude": 10.802169}
            ]]},
            {"altitude": 183},
            {"distance_km": 6.26617},
            {"speed_kmh": 9.77324},
            {"timestamp": "Sat Feb 11 09:36:25 UTC 2017"}
        ],
        [
            {"location": [[
                {"latitude": 59.721732},
                {"longitude": 10.802169}
            ]]},
            {"distance_km": 6.26617},
            {"timestamp": "Sat Feb 11 09:36:27 UTC 2017"}
        ],
        [
            {"location": [[
                {"latitude": 59.721732},
                {"longitude": 10.802169}
            ]]},
            {"distance_km": 6.26617},
            {"timestamp": "Sat Feb 11 09:36:30 UTC 2017"}
        ]
    ]}
]