[
    {"sport": "RUNNING"},
    {"source": "TRACK_MOBILE"},
    {"created_date": "2017-09-20 17:30:06.0"},
    {"start_time": "2017-09-20 16:13:57.0"},
    {"end_time": "2017-09-20 16:51:30.0"},
    {"duration_s": 2253},
    {"distance_km": 6.1209869384765625},
    {"calories_kcal": 382},
    {"altitude_min_m": 135},
    {"altitude_max_m": 163},
    {"speed_avg_kmh": 9.780538383717543},
    {"speed_max_kmh": 12.4552},
    {"hydration_l": 0.234269},
    {"ascend_m": 58},
    {"descend_m": 54},
    {"points": [
        [
            {"location": [[
                {"latitude": 59.952176},
                {"longitude": 11.038136}
            ]]},
            {"distance_km": 0},
            {"timestamp": "Wed Sep 20 16:13:57 UTC 2017"}
        ],
        [
            {"location": [[
                {"latitude": 59.952176},
                {"longitude": 11.038136}
            ]]},
            {"altitude": 142},
            {"distance_km": 0},
            {"timestamp": "Wed Sep 20 16:14:50 UTC 2017"}
        ],
        [
            {"location": [[
                {"latitude": 59.952258},
                {"longitude": 11.037851}
            ]]},
            {"altitude": 159},
            {"distance_km": 0.036815},
            {"speed_kmh": 3.15693},
            {"timestamp": "Wed Sep 20 16:14:57 UTC 2017"}
        ],
        [
            {"location": [[
                {"latitude": 59.952387},
                {"longitude": 11.03771}
            ]]},
            {"altitude": 158},
            {"distance_km": 0.053213},
            {"speed_kmh": 5.96801},
            {"timestamp": "Wed Sep 20 16:15:04 UTC 2017"}
        ],
        [
            {"location": [[
                {"latitude": 59.952492},
                {"longitude": 11.037848}
            ]]},
            {"altitude": 156},
            {"distance_km": 0.067214},
            {"speed_kmh": 8.36814},
            {"timestamp": "Wed Sep 20 16:15:11 UTC 2017"}
        ],
        [
            {"location": [[
                {"latitude": 59.952672},
                {"longitude": 11.038087}
            ]]},
            {"altitude": 151},
            {"distance_km": 0.091317},
            {"speed_kmh": 8.92129},
            {"timestamp": "Wed Sep 20 16:15:19 UTC 2017"}
        ],
        [
            {"location": [[
                {"latitude": 59.952836},
                {"longitude": 11.03807}
            ]]},
            {"altitude": 154},
            {"distance_km": 0.109599},
            {"speed_kmh": 8.55511},
            {"timestamp": "Wed Sep 20 16:15:28 UTC 2017"}
        ],
        [
            {"location": [[
                {"latitude": 59.953147},
                {"longitude": 11.037731}
            ]]},
            {"altitude": 163},
            {"distance_km": 0.149059},
            {"speed_kmh": 9.79272},
            {"timestamp": "Wed Sep 20 16:15:41 UTC 2017"}
        ],
        [
            {"location": [[
                {"latitude": 59.953335},
                {"longitude": 11.037443}
            ]]},
            {"altitude": 162},
            {"distance_km": 0.175501},
            {"speed_kmh": 10.1022},
            {"timestamp": "Wed Sep 20 16:15:49 UTC 2017"}
        ],
        [
            {"location": [[
                {"latitude": 59.953452},
                {"longitude": 11.037223}
            ]]},
            {"altitude": 162},
            {"distance_km": 0.193423},
            {"speed_kmh": 11.1945},
            {"timestamp": "Wed Sep 20 16:15:55 UTC 2017"}
        ],
        [
            {"location": [[
                {"latitude": 59.953569},
                {"longitude": 11.036983}
            ]]},
            {"altitude": 161},
            {"distance_km": 0.212152},
            {"speed_kmh": 11.2983},
            {"timestamp": "Wed Sep 20 16:16:01 UTC 2017"}
        ],
        [
            {"location": [[
                {"latitude": 59.953682},
                {"longitude": 11.036656}
            ]]},
            {"altitude": 161},
            {"distance_km": 0.234299},
            {"speed_kmh": 10.5952},
            {"timestamp": "Wed Sep 20 16:16:09 UTC 2017"}
        ],
        [
            {"location": [[
                {"latitude": 59.953746},
                {"longitude": 11.036229}
            ]]},
            {"altitude": 159},
            {"distance_km": 0.259243},
            {"speed_kmh": 10.3682},
            {"timestamp": "Wed Sep 20 16:16:18 UTC 2017"}
        ],
        [
            {"location": [[
                {"latitude": 59.953802},
                {"longitude": 11.035809}
            ]]},
            {"altitude": 158},
            {"distance_km": 0.283497},
            {"speed_kmh": 9.88331},
            {"timestamp": "Wed Sep 20 16:16:27 UTC 2017"}
        ],
        [
            {"location": [[
                {"latitude": 59.953834},
                {"longitude": 11.035627}
            ]]},
            {"altitude": 157},
            {"distance_km": 0.294301},
            {"speed_kmh": 9.8063},
            {"timestamp": "Wed Sep 20 16:16:31 UTC 2017"}
        ],
        [
            {"location": [[
                {"latitude": 59.953854},
                {"longitude": 11.035486}
            ]]},
            {"altitude": 156},
            {"distance_km": 0.302469},
            {"speed_kmh": 9.76012},
            {"timestamp": "Wed Sep 20 16:16:34 UTC 2017"}
        ],
        [
            {"location": [[
                {"latitude": 59.953926},
                {"longitude": 11.035066}
            ]]},
            {"altitude": 156},
            {"distance_km": 0.32725},
            {"speed_kmh": 9.80845},
            {"timestamp": "Wed Sep 20 16:16:43 UTC 2017"}
        ],
        [
            {"location": [[
                {"latitude": 59.953981},
                {"longitude": 11.03484}
            ]]},
            {"altitude": 156},
            {"distance_km": 0.341299},
            {"speed_kmh": 9.93923},
            {"timestamp": "Wed Sep 20 16:16:48 UTC 2017"}
        ],
        [
            {"location": [[
                {"latitude": 59.954066},
                {"longitude": 11.034538}
            ]]},
            {"altitude": 155},
            {"distance_km": 0.360685},
            {"speed_kmh": 9.98955},
            {"timestamp": "Wed Sep 20 16:16:55 UTC 2017"}
        ],
        [
            {"location": [[
                {"latitude": 59.954161},
                {"longitude": 11.034194}
            ]]},
            {"altitude": 156},
            {"distance_km": 0.382618},
            {"speed_kmh": 9.97916},
            {"timestamp": "Wed Sep 20 16:17:03 UTC 2017"}
        ],
        [
            {"location": [[
                {"latitude": 59.954271},
                {"longitude": 11.033823}
            ]]},
            {"altitude": 158},
            {"distance_km": 0.406663},
            {"speed_kmh": 9.81869},
            {"timestamp": "Wed Sep 20 16:17:12 UTC 2017"}
        ],
        [
            {"location": [[
                {"latitude": 59.954372},
                {"longitude": 11.03349}
            ]]},
            {"altitude": 157},
            {"distance_km": 0.42847},
            {"speed_kmh": 9.77555},
            {"timestamp": "Wed Sep 20 16:17:20 UTC 2017"}
        ],
        [
            {"location": [[
                {"latitude": 59.95443},
                {"longitude": 11.033311}
            ]]},
            {"altitude": 156},
            {"distance_km": 0.440362},
            {"speed_kmh": 10.0104},
            {"timestamp": "Wed Sep 20 16:17:24 UTC 2017"}
        ],
        [
            {"location": [[
                {"latitude": 59.954551},
                {"longitude": 11.032987}
            ]]},
            {"altitude": 154},
            {"distance_km": 0.462895},
            {"speed_kmh": 10.1985},
            {"timestamp": "Wed Sep 20 16:17:32 UTC 2017"}
        ],
        [
            {"location": [[
                {"latitude": 59.954622},
                {"longitude": 11.03279}
            ]]},
            {"altitude": 154},
            {"distance_km": 0.476478},
            {"speed_kmh": 10.1866},
            {"timestamp": "Wed Sep 20 16:17:37 UTC 2017"}
        ],
        [
            {"location": [[
                {"latitude": 59.954751},
                {"longitude": 11.032458}
            ]]},
            {"altitude": 155},
            {"distance_km": 0.499967},
            {"speed_kmh": 10.1717},
            {"timestamp": "Wed Sep 20 16:17:45 UTC 2017"}
        ],
        [
            {"location": [[
                {"latitude": 59.954914},
                {"longitude": 11.032161}
            ]]},
            {"altitude": 157},
            {"distance_km": 0.524538},
            {"speed_kmh": 10.0576},
            {"timestamp": "Wed Sep 20 16:17:54 UTC 2017"}
        ],
        [
            {"location": [[
                {"latitude": 59.955097},
                {"longitude": 11.031973}
            ]]},
            {"altitude": 157},
            {"distance_km": 0.547426},
            {"speed_kmh": 9.84998},
            {"timestamp": "Wed Sep 20 16:18:03 UTC 2017"}
        ],
        [
            {"location": [[
                {"latitude": 59.95528},
                {"longitude": 11.031798}
            ]]},
            {"altitude": 157},
            {"distance_km": 0.570107},
            {"speed_kmh": 9.36036},
            {"timestamp": "Wed Sep 20 16:18:12 UTC 2017"}
        ],
        [
            {"location": [[
                {"latitude": 59.955452},
                {"longitude": 11.031641}
            ]]},
            {"altitude": 158},
            {"distance_km": 0.591128},
            {"speed_kmh": 9.22961},
            {"timestamp": "Wed Sep 20 16:18:20 UTC 2017"}
        ],
        [
            {"location": [[
                {"latitude": 59.955591},
                {"longitude": 11.031519}
            ]]},
            {"altitude": 159},
            {"distance_km": 0.608046},
            {"speed_kmh": 9.07778},
            {"timestamp": "Wed Sep 20 16:18:27 UTC 2017"}
        ],
        [
            {"location": [[
                {"latitude": 59.955704},
                {"longitude": 11.031418}
            ]]},
            {"altitude": 159},
            {"distance_km": 0.621903},
            {"speed_kmh": 9.37789},
            {"timestamp": "Wed Sep 20 16:18:32 UTC 2017"}
        ],
        [
            {"location": [[
                {"latitude": 59.955851},
                {"longitude": 11.031274}
            ]]},
            {"altitude": 160},
            {"distance_km": 0.640106},
            {"speed_kmh": 9.34488},
            {"timestamp": "Wed Sep 20 16:18:39 UTC 2017"}
        ],
        [
            {"location": [[
                {"latitude": 59.956066},
                {"longitude": 11.031146}
            ]]},
            {"altitude": 158},
            {"distance_km": 0.665129},
            {"speed_kmh": 9.77268},
            {"timestamp": "Wed Sep 20 16:18:48 UTC 2017"}
        ],
        [
            {"location": [[
                {"latitude": 59.956264},
                {"longitude": 11.030985}
            ]]},
            {"altitude": 159},
            {"distance_km": 0.68894},
            {"speed_kmh": 10.0224},
            {"timestamp": "Wed Sep 20 16:18:56 UTC 2017"}
        ],
        [
            {"location": [[
                {"latitude": 59.956424},
                {"longitude": 11.030854}
            ]]},
            {"altitude": 162},
            {"distance_km": 0.708233},
            {"speed_kmh": 9.47961},
            {"timestamp": "Wed Sep 20 16:19:05 UTC 2017"}
        ],
        [
            {"location": [[
                {"latitude": 59.956626},
                {"longitude": 11.03065}
            ]]},
            {"altitude": 159},
            {"distance_km": 0.733431},
            {"speed_kmh": 9.51366},
            {"timestamp": "Wed Sep 20 16:19:14 UTC 2017"}
        ],
        [
            {"location": [[
                {"latitude": 59.956741},
                {"longitude": 11.030495}
            ]]},
            {"altitude": 158},
            {"distance_km": 0.748869},
            {"speed_kmh": 9.64171},
            {"timestamp": "Wed Sep 20 16:19:19 UTC 2017"}
        ],
        [
            {"location": [[
                {"latitude": 59.95693},
                {"longitude": 11.030309}
            ]]},
            {"altitude": 156},
            {"distance_km": 0.7724},
            {"speed_kmh": 10.5919},
            {"timestamp": "Wed Sep 20 16:19:27 UTC 2017"}
        ],
        [
            {"location": [[
                {"latitude": 59.957085},
                {"longitude": 11.030041}
            ]]},
            {"altitude": 153},
            {"distance_km": 0.795243},
            {"speed_kmh": 10.6568},
            {"timestamp": "Wed Sep 20 16:19:35 UTC 2017"}
        ],
        [
            {"location": [[
                {"latitude": 59.957291},
                {"longitude": 11.029818}
            ]]},
            {"altitude": 150},
            {"distance_km": 0.8214},
            {"speed_kmh": 10.0871},
            {"timestamp": "Wed Sep 20 16:19:45 UTC 2017"}
        ],
        [
            {"location": [[
                {"latitude": 59.957541},
                {"longitude": 11.029831}
            ]]},
            {"altitude": 150},
            {"distance_km": 0.849186},
            {"speed_kmh": 9.90242},
            {"timestamp": "Wed Sep 20 16:19:55 UTC 2017"}
        ],
        [
            {"location": [[
                {"latitude": 59.957677},
                {"longitude": 11.029849}
            ]]},
            {"altitude": 151},
            {"distance_km": 0.864429},
            {"speed_kmh": 9.52082},
            {"timestamp": "Wed Sep 20 16:20:01 UTC 2017"}
        ],
        [
            {"location": [[
                {"latitude": 59.957793},
                {"longitude": 11.029806}
            ]]},
            {"altitude": 153},
            {"distance_km": 0.877577},
            {"speed_kmh": 9.53376},
            {"timestamp": "Wed Sep 20 16:20:06 UTC 2017"}
        ],
        [
            {"location": [[
                {"latitude": 59.957993},
                {"longitude": 11.02976}
            ]]},
            {"altitude": 155},
            {"distance_km": 0.90001},
            {"speed_kmh": 9.18909},
            {"timestamp": "Wed Sep 20 16:20:15 UTC 2017"}
        ],
        [
            {"location": [[
                {"latitude": 59.958155},
                {"longitude": 11.029731}
            ]]},
            {"altitude": 155},
            {"distance_km": 0.918126},
            {"speed_kmh": 8.86151},
            {"timestamp": "Wed Sep 20 16:20:23 UTC 2017"}
        ],
        [
            {"location": [[
                {"latitude": 59.958309},
                {"longitude": 11.029703}
            ]]},
            {"altitude": 152},
            {"distance_km": 0.935332},
            {"speed_kmh": 9.15681},
            {"timestamp": "Wed Sep 20 16:20:29 UTC 2017"}
        ],
        [
            {"location": [[
                {"latitude": 59.958498},
                {"longitude": 11.029649}
            ]]},
            {"altitude": 153},
            {"distance_km": 0.956586},
            {"speed_kmh": 9.34434},
            {"timestamp": "Wed Sep 20 16:20:37 UTC 2017"}
        ],
        [
            {"location": [[
                {"latitude": 59.958715},
                {"longitude": 11.029693}
            ]]},
            {"altitude": 152},
            {"distance_km": 0.980939},
            {"speed_kmh": 9.87585},
            {"timestamp": "Wed Sep 20 16:20:46 UTC 2017"}
        ],
        [
            {"location": [[
                {"latitude": 59.958847},
                {"longitude": 11.02971}
            ]]},
            {"altitude": 152},
            {"distance_km": 0.995639},
            {"speed_kmh": 9.94851},
            {"timestamp": "Wed Sep 20 16:20:51 UTC 2017"}
        ],
        [
            {"location": [[
                {"latitude": 59.959086},
                {"longitude": 11.029743}
            ]]},
            {"altitude": 150},
            {"distance_km": 1.02234},
            {"speed_kmh": 10.3177},
            {"timestamp": "Wed Sep 20 16:21:00 UTC 2017"}
        ],
        [
            {"location": [[
                {"latitude": 59.959298},
                {"longitude": 11.029742}
            ]]},
            {"altitude": 149},
            {"distance_km": 1.04598},
            {"speed_kmh": 10.228},
            {"timestamp": "Wed Sep 20 16:21:09 UTC 2017"}
        ],
        [
            {"location": [[
                {"latitude": 59.959503},
                {"longitude": 11.029727}
            ]]},
            {"altitude": 148},
            {"distance_km": 1.06877},
            {"speed_kmh": 10.1218},
            {"timestamp": "Wed Sep 20 16:21:17 UTC 2017"}
        ],
        [
            {"location": [[
                {"latitude": 59.959717},
                {"longitude": 11.0297}
            ]]},
            {"altitude": 149},
            {"distance_km": 1.09272},
            {"speed_kmh": 10.2152},
            {"timestamp": "Wed Sep 20 16:21:25 UTC 2017"}
        ],
        [
            {"location": [[
                {"latitude": 59.959827},
                {"longitude": 11.029651}
            ]]},
            {"altitude": 151},
            {"distance_km": 1.1053},
            {"speed_kmh": 10.0253},
            {"timestamp": "Wed Sep 20 16:21:30 UTC 2017"}
        ],
        [
            {"location": [[
                {"latitude": 59.96005},
                {"longitude": 11.029401}
            ]]},
            {"altitude": 149},
            {"distance_km": 1.13375},
            {"speed_kmh": 10.0285},
            {"timestamp": "Wed Sep 20 16:21:40 UTC 2017"}
        ],
        [
            {"location": [[
                {"latitude": 59.960253},
                {"longitude": 11.029188}
            ]]},
            {"altitude": 150},
            {"distance_km": 1.15935},
            {"speed_kmh": 9.7895},
            {"timestamp": "Wed Sep 20 16:21:49 UTC 2017"}
        ],
        [
            {"location": [[
                {"latitude": 59.960472},
                {"longitude": 11.02911}
            ]]},
            {"altitude": 148},
            {"distance_km": 1.18407},
            {"speed_kmh": 10.1253},
            {"timestamp": "Wed Sep 20 16:21:58 UTC 2017"}
        ],
        [
            {"location": [[
                {"latitude": 59.960568},
                {"longitude": 11.029089}
            ]]},
            {"altitude": 147},
            {"distance_km": 1.19488},
            {"speed_kmh": 9.95243},
            {"timestamp": "Wed Sep 20 16:22:02 UTC 2017"}
        ],
        [
            {"location": [[
                {"latitude": 59.960787},
                {"longitude": 11.029047}
            ]]},
            {"altitude": 147},
            {"distance_km": 1.21943},
            {"speed_kmh": 9.81762},
            {"timestamp": "Wed Sep 20 16:22:11 UTC 2017"}
        ],
        [
            {"location": [[
                {"latitude": 59.960992},
                {"longitude": 11.029011}
            ]]},
            {"altitude": 147},
            {"distance_km": 1.24232},
            {"speed_kmh": 9.94544},
            {"timestamp": "Wed Sep 20 16:22:19 UTC 2017"}
        ],
        [
            {"location": [[
                {"latitude": 59.961065},
                {"longitude": 11.028995}
            ]]},
            {"altitude": 147},
            {"distance_km": 1.25054},
            {"speed_kmh": 9.99216},
            {"timestamp": "Wed Sep 20 16:22:22 UTC 2017"}
        ],
        [
            {"location": [[
                {"latitude": 59.961272},
                {"longitude": 11.028948}
            ]]},
            {"altitude": 151},
            {"distance_km": 1.2737},
            {"speed_kmh": 9.49765},
            {"timestamp": "Wed Sep 20 16:22:32 UTC 2017"}
        ],
        [
            {"location": [[
                {"latitude": 59.961474},
                {"longitude": 11.0289}
            ]]},
            {"altitude": 151},
            {"distance_km": 1.29631},
            {"speed_kmh": 9.45658},
            {"timestamp": "Wed Sep 20 16:22:40 UTC 2017"}
        ],
        [
            {"location": [[
                {"latitude": 59.961608},
                {"longitude": 11.028881}
            ]]},
            {"altitude": 150},
            {"distance_km": 1.31131},
            {"speed_kmh": 9.74523},
            {"timestamp": "Wed Sep 20 16:22:45 UTC 2017"}
        ],
        [
            {"location": [[
                {"latitude": 59.961828},
                {"longitude": 11.028878}
            ]]},
            {"altitude": 148},
            {"distance_km": 1.33589},
            {"speed_kmh": 10.6678},
            {"timestamp": "Wed Sep 20 16:22:53 UTC 2017"}
        ],
        [
            {"location": [[
                {"latitude": 59.962045},
                {"longitude": 11.028969}
            ]]},
            {"altitude": 147},
            {"distance_km": 1.36057},
            {"speed_kmh": 10.5681},
            {"timestamp": "Wed Sep 20 16:23:02 UTC 2017"}
        ],
        [
            {"location": [[
                {"latitude": 59.962236},
                {"longitude": 11.029156}
            ]]},
            {"altitude": 147},
            {"distance_km": 1.38423},
            {"speed_kmh": 10.1486},
            {"timestamp": "Wed Sep 20 16:23:11 UTC 2017"}
        ],
        [
            {"location": [[
                {"latitude": 59.962341},
                {"longitude": 11.029277}
            ]]},
            {"altitude": 147},
            {"distance_km": 1.39776},
            {"speed_kmh": 9.6894},
            {"timestamp": "Wed Sep 20 16:23:16 UTC 2017"}
        ],
        [
            {"location": [[
                {"latitude": 59.962543},
                {"longitude": 11.02953}
            ]]},
            {"altitude": 146},
            {"distance_km": 1.42435},
            {"speed_kmh": 9.97988},
            {"timestamp": "Wed Sep 20 16:23:25 UTC 2017"}
        ],
        [
            {"location": [[
                {"latitude": 59.962643},
                {"longitude": 11.029691}
            ]]},
            {"altitude": 148},
            {"distance_km": 1.43867},
            {"speed_kmh": 9.64877},
            {"timestamp": "Wed Sep 20 16:23:31 UTC 2017"}
        ],
        [
            {"location": [[
                {"latitude": 59.962739},
                {"longitude": 11.029832}
            ]]},
            {"altitude": 147},
            {"distance_km": 1.45195},
            {"speed_kmh": 9.59318},
            {"timestamp": "Wed Sep 20 16:23:36 UTC 2017"}
        ],
        [
            {"location": [[
                {"latitude": 59.96287},
                {"longitude": 11.030043}
            ]]},
            {"altitude": 148},
            {"distance_km": 1.47068},
            {"speed_kmh": 9.22099},
            {"timestamp": "Wed Sep 20 16:23:43 UTC 2017"}
        ],
        [
            {"location": [[
                {"latitude": 59.963009},
                {"longitude": 11.030337}
            ]]},
            {"altitude": 148},
            {"distance_km": 1.49327},
            {"speed_kmh": 9.41094},
            {"timestamp": "Wed Sep 20 16:23:52 UTC 2017"}
        ],
        [
            {"location": [[
                {"latitude": 59.963157},
                {"longitude": 11.030709}
            ]]},
            {"altitude": 146},
            {"distance_km": 1.51981},
            {"speed_kmh": 9.40779},
            {"timestamp": "Wed Sep 20 16:24:02 UTC 2017"}
        ],
        [
            {"location": [[
                {"latitude": 59.96327},
                {"longitude": 11.030982}
            ]]},
            {"altitude": 147},
            {"distance_km": 1.53958},
            {"speed_kmh": 9.58414},
            {"timestamp": "Wed Sep 20 16:24:09 UTC 2017"}
        ],
        [
            {"location": [[
                {"latitude": 59.963418},
                {"longitude": 11.031343}
            ]]},
            {"altitude": 146},
            {"distance_km": 1.56566},
            {"speed_kmh": 10.0494},
            {"timestamp": "Wed Sep 20 16:24:18 UTC 2017"}
        ],
        [
            {"location": [[
                {"latitude": 59.963554},
                {"longitude": 11.031716}
            ]]},
            {"altitude": 145},
            {"distance_km": 1.59141},
            {"speed_kmh": 10.2802},
            {"timestamp": "Wed Sep 20 16:24:27 UTC 2017"}
        ],
        [
            {"location": [[
                {"latitude": 59.963701},
                {"longitude": 11.032025}
            ]]},
            {"altitude": 146},
            {"distance_km": 1.61521},
            {"speed_kmh": 10.4864},
            {"timestamp": "Wed Sep 20 16:24:35 UTC 2017"}
        ],
        [
            {"location": [[
                {"latitude": 59.96382},
                {"longitude": 11.032173}
            ]]},
            {"altitude": 144},
            {"distance_km": 1.63075},
            {"speed_kmh": 10.733},
            {"timestamp": "Wed Sep 20 16:24:40 UTC 2017"}
        ],
        [
            {"location": [[
                {"latitude": 59.964008},
                {"longitude": 11.032304}
            ]]},
            {"altitude": 144},
            {"distance_km": 1.65304},
            {"speed_kmh": 10.694},
            {"timestamp": "Wed Sep 20 16:24:48 UTC 2017"}
        ],
        [
            {"location": [[
                {"latitude": 59.964122},
                {"longitude": 11.032292}
            ]]},
            {"altitude": 144},
            {"distance_km": 1.66574},
            {"speed_kmh": 10.1033},
            {"timestamp": "Wed Sep 20 16:24:53 UTC 2017"}
        ],
        [
            {"location": [[
                {"latitude": 59.964274},
                {"longitude": 11.031972}
            ]]},
            {"altitude": 145},
            {"distance_km": 1.69041},
            {"speed_kmh": 10.0679},
            {"timestamp": "Wed Sep 20 16:25:01 UTC 2017"}
        ],
        [
            {"location": [[
                {"latitude": 59.964446},
                {"longitude": 11.03164}
            ]]},
            {"altitude": 144},
            {"distance_km": 1.71705},
            {"speed_kmh": 10.2908},
            {"timestamp": "Wed Sep 20 16:25:10 UTC 2017"}
        ],
        [
            {"location": [[
                {"latitude": 59.964546},
                {"longitude": 11.031462}
            ]]},
            {"altitude": 145},
            {"distance_km": 1.73201},
            {"speed_kmh": 10.8126},
            {"timestamp": "Wed Sep 20 16:25:15 UTC 2017"}
        ],
        [
            {"location": [[
                {"latitude": 59.964722},
                {"longitude": 11.031222}
            ]]},
            {"altitude": 145},
            {"distance_km": 1.75569},
            {"speed_kmh": 10.6709},
            {"timestamp": "Wed Sep 20 16:25:23 UTC 2017"}
        ],
        [
            {"location": [[
                {"latitude": 59.964881},
                {"longitude": 11.031031}
            ]]},
            {"altitude": 149},
            {"distance_km": 1.77635},
            {"speed_kmh": 10.1757},
            {"timestamp": "Wed Sep 20 16:25:31 UTC 2017"}
        ],
        [
            {"location": [[
                {"latitude": 59.965048},
                {"longitude": 11.030856}
            ]]},
            {"altitude": 152},
            {"distance_km": 1.79741},
            {"speed_kmh": 9.46026},
            {"timestamp": "Wed Sep 20 16:25:40 UTC 2017"}
        ],
        [
            {"location": [[
                {"latitude": 59.965204},
                {"longitude": 11.030652}
            ]]},
            {"altitude": 152},
            {"distance_km": 1.81822},
            {"speed_kmh": 9.03304},
            {"timestamp": "Wed Sep 20 16:25:48 UTC 2017"}
        ],
        [
            {"location": [[
                {"latitude": 59.965373},
                {"longitude": 11.030444}
            ]]},
            {"altitude": 150},
            {"distance_km": 1.84034},
            {"speed_kmh": 9.23492},
            {"timestamp": "Wed Sep 20 16:25:56 UTC 2017"}
        ],
        [
            {"location": [[
                {"latitude": 59.965536},
                {"longitude": 11.0302}
            ]]},
            {"altitude": 155},
            {"distance_km": 1.863},
            {"speed_kmh": 9.15351},
            {"timestamp": "Wed Sep 20 16:26:06 UTC 2017"}
        ],
        [
            {"location": [[
                {"latitude": 59.965645},
                {"longitude": 11.030061}
            ]]},
            {"altitude": 153},
            {"distance_km": 1.87742},
            {"speed_kmh": 9.49345},
            {"timestamp": "Wed Sep 20 16:26:11 UTC 2017"}
        ],
        [
            {"location": [[
                {"latitude": 59.965711},
                {"longitude": 11.029981}
            ]]},
            {"altitude": 150},
            {"distance_km": 1.88604},
            {"speed_kmh": 9.63975},
            {"timestamp": "Wed Sep 20 16:26:14 UTC 2017"}
        ],
        [
            {"location": [[
                {"latitude": 59.965826},
                {"longitude": 11.029836}
            ]]},
            {"altitude": 148},
            {"distance_km": 1.90116},
            {"speed_kmh": 10.5408},
            {"timestamp": "Wed Sep 20 16:26:19 UTC 2017"}
        ],
        [
            {"location": [[
                {"latitude": 59.966037},
                {"longitude": 11.029684}
            ]]},
            {"altitude": 148},
            {"distance_km": 1.92622},
            {"speed_kmh": 10.4219},
            {"timestamp": "Wed Sep 20 16:26:28 UTC 2017"}
        ],
        [
            {"location": [[
                {"latitude": 59.96628},
                {"longitude": 11.029586}
            ]]},
            {"altitude": 148},
            {"distance_km": 1.95388},
            {"speed_kmh": 10.2768},
            {"timestamp": "Wed Sep 20 16:26:38 UTC 2017"}
        ],
        [
            {"location": [[
                {"latitude": 59.966432},
                {"longitude": 11.029432}
            ]]},
            {"altitude": 147},
            {"distance_km": 1.97285},
            {"speed_kmh": 10.4419},
            {"timestamp": "Wed Sep 20 16:26:44 UTC 2017"}
        ],
        [
            {"location": [[
                {"latitude": 59.96663},
                {"longitude": 11.029236}
            ]]},
            {"altitude": 150},
            {"distance_km": 1.99749},
            {"speed_kmh": 10.399},
            {"timestamp": "Wed Sep 20 16:26:53 UTC 2017"}
        ],
        [
            {"location": [[
                {"latitude": 59.966801},
                {"longitude": 11.02905}
            ]]},
            {"altitude": 153},
            {"distance_km": 2.01914},
            {"speed_kmh": 10.3339},
            {"timestamp": "Wed Sep 20 16:27:01 UTC 2017"}
        ],
        [
            {"location": [[
                {"latitude": 59.966974},
                {"longitude": 11.028863}
            ]]},
            {"altitude": 155},
            {"distance_km": 2.0411},
            {"speed_kmh": 9.83965},
            {"timestamp": "Wed Sep 20 16:27:09 UTC 2017"}
        ],
        [
            {"location": [[
                {"latitude": 59.9671},
                {"longitude": 11.028685}
            ]]},
            {"altitude": 156},
            {"distance_km": 2.05827},
            {"speed_kmh": 9.97635},
            {"timestamp": "Wed Sep 20 16:27:15 UTC 2017"}
        ],
        [
            {"location": [[
                {"latitude": 59.967257},
                {"longitude": 11.028473}
            ]]},
            {"altitude": 156},
            {"distance_km": 2.07943},
            {"speed_kmh": 9.90706},
            {"timestamp": "Wed Sep 20 16:27:23 UTC 2017"}
        ],
        [
            {"location": [[
                {"latitude": 59.967375},
                {"longitude": 11.028328}
            ]]},
            {"altitude": 154},
            {"distance_km": 2.09482},
            {"speed_kmh": 9.6797},
            {"timestamp": "Wed Sep 20 16:27:29 UTC 2017"}
        ],
        [
            {"location": [[
                {"latitude": 59.967601},
                {"longitude": 11.028037}
            ]]},
            {"altitude": 150},
            {"distance_km": 2.12482},
            {"speed_kmh": 9.52114},
            {"timestamp": "Wed Sep 20 16:27:40 UTC 2017"}
        ],
        [
            {"location": [[
                {"latitude": 59.967758},
                {"longitude": 11.027816}
            ]]},
            {"altitude": 149},
            {"distance_km": 2.14621},
            {"speed_kmh": 9.20096},
            {"timestamp": "Wed Sep 20 16:27:49 UTC 2017"}
        ],
        [
            {"location": [[
                {"latitude": 59.967957},
                {"longitude": 11.027524}
            ]]},
            {"altitude": 149},
            {"distance_km": 2.17372},
            {"speed_kmh": 9.7967},
            {"timestamp": "Wed Sep 20 16:27:58 UTC 2017"}
        ],
        [
            {"location": [[
                {"latitude": 59.968098},
                {"longitude": 11.027256}
            ]]},
            {"altitude": 150},
            {"distance_km": 2.19541},
            {"speed_kmh": 10.2291},
            {"timestamp": "Wed Sep 20 16:28:05 UTC 2017"}
        ],
        [
            {"location": [[
                {"latitude": 59.968334},
                {"longitude": 11.026969}
            ]]},
            {"altitude": 149},
            {"distance_km": 2.22618},
            {"speed_kmh": 10.4487},
            {"timestamp": "Wed Sep 20 16:28:17 UTC 2017"}
        ],
        [
            {"location": [[
                {"latitude": 59.968556},
                {"longitude": 11.026686}
            ]]},
            {"altitude": 146},
            {"distance_km": 2.25559},
            {"speed_kmh": 10.3519},
            {"timestamp": "Wed Sep 20 16:28:27 UTC 2017"}
        ],
        [
            {"location": [[
                {"latitude": 59.968687},
                {"longitude": 11.026509}
            ]]},
            {"altitude": 145},
            {"distance_km": 2.27323},
            {"speed_kmh": 9.63256},
            {"timestamp": "Wed Sep 20 16:28:34 UTC 2017"}
        ],
        [
            {"location": [[
                {"latitude": 59.968747},
                {"longitude": 11.026212}
            ]]},
            {"altitude": 144},
            {"distance_km": 2.29107},
            {"speed_kmh": 9.61781},
            {"timestamp": "Wed Sep 20 16:28:41 UTC 2017"}
        ],
        [
            {"location": [[
                {"latitude": 59.968656},
                {"longitude": 11.025843}
            ]]},
            {"altitude": 145},
            {"distance_km": 2.31407},
            {"speed_kmh": 9.1149},
            {"timestamp": "Wed Sep 20 16:28:50 UTC 2017"}
        ],
        [
            {"location": [[
                {"latitude": 59.968634},
                {"longitude": 11.025415}
            ]]},
            {"altitude": 145},
            {"distance_km": 2.33806},
            {"speed_kmh": 9.32235},
            {"timestamp": "Wed Sep 20 16:28:59 UTC 2017"}
        ],
        [
            {"location": [[
                {"latitude": 59.968611},
                {"longitude": 11.024934}
            ]]},
            {"altitude": 154},
            {"distance_km": 2.36509},
            {"speed_kmh": 9.21498},
            {"timestamp": "Wed Sep 20 16:29:10 UTC 2017"}
        ],
        [
            {"location": [[
                {"latitude": 59.968546},
                {"longitude": 11.024466}
            ]]},
            {"altitude": 152},
            {"distance_km": 2.3922},
            {"speed_kmh": 9.09249},
            {"timestamp": "Wed Sep 20 16:29:21 UTC 2017"}
        ],
        [
            {"location": [[
                {"latitude": 59.968453},
                {"longitude": 11.023894}
            ]]},
            {"altitude": 152},
            {"distance_km": 2.42579},
            {"speed_kmh": 9.57492},
            {"timestamp": "Wed Sep 20 16:29:32 UTC 2017"}
        ],
        [
            {"location": [[
                {"latitude": 59.968416},
                {"longitude": 11.023661}
            ]]},
            {"altitude": 151},
            {"distance_km": 2.4394},
            {"speed_kmh": 9.88785},
            {"timestamp": "Wed Sep 20 16:29:37 UTC 2017"}
        ],
        [
            {"location": [[
                {"latitude": 59.968352},
                {"longitude": 11.02325}
            ]]},
            {"altitude": 152},
            {"distance_km": 2.46345},
            {"speed_kmh": 10.1512},
            {"timestamp": "Wed Sep 20 16:29:46 UTC 2017"}
        ],
        [
            {"location": [[
                {"latitude": 59.968314},
                {"longitude": 11.02279}
            ]]},
            {"altitude": 151},
            {"distance_km": 2.48952},
            {"speed_kmh": 10.379},
            {"timestamp": "Wed Sep 20 16:29:54 UTC 2017"}
        ],
        [
            {"location": [[
                {"latitude": 59.968337},
                {"longitude": 11.022297}
            ]]},
            {"altitude": 155},
            {"distance_km": 2.51713},
            {"speed_kmh": 11.8327},
            {"timestamp": "Wed Sep 20 16:30:01 UTC 2017"}
        ],
        [
            {"location": [[
                {"latitude": 59.968301},
                {"longitude": 11.021958}
            ]]},
            {"altitude": 146},
            {"distance_km": 2.53647},
            {"speed_kmh": 11.9541},
            {"timestamp": "Wed Sep 20 16:30:08 UTC 2017"}
        ],
        [
            {"location": [[
                {"latitude": 59.968213},
                {"longitude": 11.021582}
            ]]},
            {"altitude": 142},
            {"distance_km": 2.55971},
            {"speed_kmh": 11.52},
            {"timestamp": "Wed Sep 20 16:30:16 UTC 2017"}
        ],
        [
            {"location": [[
                {"latitude": 59.96816},
                {"longitude": 11.021206}
            ]]},
            {"altitude": 142},
            {"distance_km": 2.58149},
            {"speed_kmh": 10.0822},
            {"timestamp": "Wed Sep 20 16:30:24 UTC 2017"}
        ],
        [
            {"location": [[
                {"latitude": 59.96818},
                {"longitude": 11.020854}
            ]]},
            {"altitude": 147},
            {"distance_km": 2.60128},
            {"speed_kmh": 10.1458},
            {"timestamp": "Wed Sep 20 16:30:31 UTC 2017"}
        ],
        [
            {"location": [[
                {"latitude": 59.968233},
                {"longitude": 11.020613}
            ]]},
            {"altitude": 149},
            {"distance_km": 2.61597},
            {"speed_kmh": 9.60915},
            {"timestamp": "Wed Sep 20 16:30:37 UTC 2017"}
        ],
        [
            {"location": [[
                {"latitude": 59.96831},
                {"longitude": 11.020329}
            ]]},
            {"altitude": 151},
            {"distance_km": 2.63402},
            {"speed_kmh": 8.73624},
            {"timestamp": "Wed Sep 20 16:30:46 UTC 2017"}
        ],
        [
            {"location": [[
                {"latitude": 59.968406},
                {"longitude": 11.020078}
            ]]},
            {"altitude": 154},
            {"distance_km": 2.65163},
            {"speed_kmh": 8.35639},
            {"timestamp": "Wed Sep 20 16:30:53 UTC 2017"}
        ],
        [
            {"location": [[
                {"latitude": 59.968578},
                {"longitude": 11.019741}
            ]]},
            {"altitude": 152},
            {"distance_km": 2.67849},
            {"speed_kmh": 8.64841},
            {"timestamp": "Wed Sep 20 16:31:03 UTC 2017"}
        ],
        [
            {"location": [[
                {"latitude": 59.968675},
                {"longitude": 11.019549}
            ]]},
            {"altitude": 149},
            {"distance_km": 2.69375},
            {"speed_kmh": 9.29602},
            {"timestamp": "Wed Sep 20 16:31:09 UTC 2017"}
        ],
        [
            {"location": [[
                {"latitude": 59.96876},
                {"longitude": 11.01919}
            ]]},
            {"altitude": 153},
            {"distance_km": 2.71589},
            {"speed_kmh": 10.7062},
            {"timestamp": "Wed Sep 20 16:31:15 UTC 2017"}
        ],
        [
            {"location": [[
                {"latitude": 59.968792},
                {"longitude": 11.018775}
            ]]},
            {"altitude": 155},
            {"distance_km": 2.73939},
            {"speed_kmh": 11.504},
            {"timestamp": "Wed Sep 20 16:31:22 UTC 2017"}
        ],
        [
            {"location": [[
                {"latitude": 59.968701},
                {"longitude": 11.018333}
            ]]},
            {"altitude": 150},
            {"distance_km": 2.76607},
            {"speed_kmh": 12.4552},
            {"timestamp": "Wed Sep 20 16:31:30 UTC 2017"}
        ],
        [
            {"location": [[
                {"latitude": 59.968584},
                {"longitude": 11.01808}
            ]]},
            {"altitude": 144},
            {"distance_km": 2.78528},
            {"speed_kmh": 11.3156},
            {"timestamp": "Wed Sep 20 16:31:37 UTC 2017"}
        ],
        [
            {"location": [[
                {"latitude": 59.968449},
                {"longitude": 11.017789}
            ]]},
            {"altitude": 146},
            {"distance_km": 2.80744},
            {"speed_kmh": 10.6059},
            {"timestamp": "Wed Sep 20 16:31:45 UTC 2017"}
        ],
        [
            {"location": [[
                {"latitude": 59.968286},
                {"longitude": 11.017494}
            ]]},
            {"altitude": 145},
            {"distance_km": 2.83191},
            {"speed_kmh": 9.87546},
            {"timestamp": "Wed Sep 20 16:31:54 UTC 2017"}
        ],
        [
            {"location": [[
                {"latitude": 59.968121},
                {"longitude": 11.017191}
            ]]},
            {"altitude": 146},
            {"distance_km": 2.85691},
            {"speed_kmh": 9.95783},
            {"timestamp": "Wed Sep 20 16:32:03 UTC 2017"}
        ],
        [
            {"location": [[
                {"latitude": 59.967968},
                {"longitude": 11.01703}
            ]]},
            {"altitude": 147},
            {"distance_km": 2.87615},
            {"speed_kmh": 9.49492},
            {"timestamp": "Wed Sep 20 16:32:11 UTC 2017"}
        ],
        [
            {"location": [[
                {"latitude": 59.967687},
                {"longitude": 11.01704}
            ]]},
            {"altitude": 144},
            {"distance_km": 2.90747},
            {"speed_kmh": 9.35446},
            {"timestamp": "Wed Sep 20 16:32:23 UTC 2017"}
        ],
        [
            {"location": [[
                {"latitude": 59.967511},
                {"longitude": 11.017092}
            ]]},
            {"altitude": 146},
            {"distance_km": 2.92737},
            {"speed_kmh": 9.39638},
            {"timestamp": "Wed Sep 20 16:32:30 UTC 2017"}
        ],
        [
            {"location": [[
                {"latitude": 59.967364},
                {"longitude": 11.017306}
            ]]},
            {"altitude": 152},
            {"distance_km": 2.94766},
            {"speed_kmh": 9.24742},
            {"timestamp": "Wed Sep 20 16:32:39 UTC 2017"}
        ],
        [
            {"location": [[
                {"latitude": 59.967111},
                {"longitude": 11.01747}
            ]]},
            {"altitude": 155},
            {"distance_km": 2.9772},
            {"speed_kmh": 9.33712},
            {"timestamp": "Wed Sep 20 16:32:50 UTC 2017"}
        ],
        [
            {"location": [[
                {"latitude": 59.96693},
                {"longitude": 11.017623}
            ]]},
            {"altitude": 156},
            {"distance_km": 2.99916},
            {"speed_kmh": 9.69194},
            {"timestamp": "Wed Sep 20 16:32:57 UTC 2017"}
        ],
        [
            {"location": [[
                {"latitude": 59.966747},
                {"longitude": 11.017827}
            ]]},
            {"altitude": 147},
            {"distance_km": 3.02245},
            {"speed_kmh": 9.78301},
            {"timestamp": "Wed Sep 20 16:33:07 UTC 2017"}
        ],
        [
            {"location": [[
                {"latitude": 59.966568},
                {"longitude": 11.018056}
            ]]},
            {"altitude": 146},
            {"distance_km": 3.04624},
            {"speed_kmh": 10.1249},
            {"timestamp": "Wed Sep 20 16:33:15 UTC 2017"}
        ],
        [
            {"location": [[
                {"latitude": 59.966418},
                {"longitude": 11.018501}
            ]]},
            {"altitude": 141},
            {"distance_km": 3.07617},
            {"speed_kmh": 10.8538},
            {"timestamp": "Wed Sep 20 16:33:23 UTC 2017"}
        ],
        [
            {"location": [[
                {"latitude": 59.966328},
                {"longitude": 11.018812}
            ]]},
            {"altitude": 146},
            {"distance_km": 3.0962},
            {"speed_kmh": 12.0625},
            {"timestamp": "Wed Sep 20 16:33:29 UTC 2017"}
        ],
        [
            {"location": [[
                {"latitude": 59.966227},
                {"longitude": 11.019106}
            ]]},
            {"altitude": 143},
            {"distance_km": 3.11609},
            {"speed_kmh": 11.8953},
            {"timestamp": "Wed Sep 20 16:33:36 UTC 2017"}
        ],
        [
            {"location": [[
                {"latitude": 59.96608},
                {"longitude": 11.019409}
            ]]},
            {"altitude": 141},
            {"distance_km": 3.13967},
            {"speed_kmh": 10.9486},
            {"timestamp": "Wed Sep 20 16:33:44 UTC 2017"}
        ],
        [
            {"location": [[
                {"latitude": 59.965918},
                {"longitude": 11.019718}
            ]]},
            {"altitude": 140},
            {"distance_km": 3.16461},
            {"speed_kmh": 10.6786},
            {"timestamp": "Wed Sep 20 16:33:52 UTC 2017"}
        ],
        [
            {"location": [[
                {"latitude": 59.965734},
                {"longitude": 11.019962}
            ]]},
            {"altitude": 139},
            {"distance_km": 3.18925},
            {"speed_kmh": 11.0276},
            {"timestamp": "Wed Sep 20 16:34:00 UTC 2017"}
        ],
        [
            {"location": [[
                {"latitude": 59.965647},
                {"longitude": 11.020092}
            ]]},
            {"altitude": 138},
            {"distance_km": 3.20132},
            {"speed_kmh": 11.0962},
            {"timestamp": "Wed Sep 20 16:34:04 UTC 2017"}
        ],
        [
            {"location": [[
                {"latitude": 59.965498},
                {"longitude": 11.020303}
            ]]},
            {"altitude": 139},
            {"distance_km": 3.22176},
            {"speed_kmh": 10.8248},
            {"timestamp": "Wed Sep 20 16:34:11 UTC 2017"}
        ],
        [
            {"location": [[
                {"latitude": 59.965412},
                {"longitude": 11.020418}
            ]]},
            {"altitude": 140},
            {"distance_km": 3.23328},
            {"speed_kmh": 10.5156},
            {"timestamp": "Wed Sep 20 16:34:15 UTC 2017"}
        ],
        [
            {"location": [[
                {"latitude": 59.96523},
                {"longitude": 11.020604}
            ]]},
            {"altitude": 138},
            {"distance_km": 3.25601},
            {"speed_kmh": 10.319},
            {"timestamp": "Wed Sep 20 16:34:23 UTC 2017"}
        ],
        [
            {"location": [[
                {"latitude": 59.965137},
                {"longitude": 11.020703}
            ]]},
            {"altitude": 139},
            {"distance_km": 3.26773},
            {"speed_kmh": 10.3707},
            {"timestamp": "Wed Sep 20 16:34:27 UTC 2017"}
        ],
        [
            {"location": [[
                {"latitude": 59.96494},
                {"longitude": 11.020865}
            ]]},
            {"altitude": 139},
            {"distance_km": 3.29155},
            {"speed_kmh": 10.11},
            {"timestamp": "Wed Sep 20 16:34:36 UTC 2017"}
        ],
        [
            {"location": [[
                {"latitude": 59.964823},
                {"longitude": 11.020815}
            ]]},
            {"altitude": 138},
            {"distance_km": 3.30485},
            {"speed_kmh": 9.88168},
            {"timestamp": "Wed Sep 20 16:34:41 UTC 2017"}
        ],
        [
            {"location": [[
                {"latitude": 59.964712},
                {"longitude": 11.020701}
            ]]},
            {"altitude": 138},
            {"distance_km": 3.31875},
            {"speed_kmh": 9.65743},
            {"timestamp": "Wed Sep 20 16:34:46 UTC 2017"}
        ],
        [
            {"location": [[
                {"latitude": 59.964563},
                {"longitude": 11.020416}
            ]]},
            {"altitude": 140},
            {"distance_km": 3.34178},
            {"speed_kmh": 9.57477},
            {"timestamp": "Wed Sep 20 16:34:55 UTC 2017"}
        ],
        [
            {"location": [[
                {"latitude": 59.964383},
                {"longitude": 11.02011}
            ]]},
            {"altitude": 139},
            {"distance_km": 3.36807},
            {"speed_kmh": 9.54143},
            {"timestamp": "Wed Sep 20 16:35:05 UTC 2017"}
        ],
        [
            {"location": [[
                {"latitude": 59.964262},
                {"longitude": 11.020041}
            ]]},
            {"altitude": 139},
            {"distance_km": 3.38208},
            {"speed_kmh": 9.59331},
            {"timestamp": "Wed Sep 20 16:35:10 UTC 2017"}
        ],
        [
            {"location": [[
                {"latitude": 59.964017},
                {"longitude": 11.019925}
            ]]},
            {"altitude": 142},
            {"distance_km": 3.4102},
            {"speed_kmh": 9.87356},
            {"timestamp": "Wed Sep 20 16:35:20 UTC 2017"}
        ],
        [
            {"location": [[
                {"latitude": 59.96382},
                {"longitude": 11.019832}
            ]]},
            {"altitude": 146},
            {"distance_km": 3.43272},
            {"speed_kmh": 9.72729},
            {"timestamp": "Wed Sep 20 16:35:29 UTC 2017"}
        ],
        [
            {"location": [[
                {"latitude": 59.963688},
                {"longitude": 11.019784}
            ]]},
            {"altitude": 147},
            {"distance_km": 3.44766},
            {"speed_kmh": 9.95301},
            {"timestamp": "Wed Sep 20 16:35:34 UTC 2017"}
        ],
        [
            {"location": [[
                {"latitude": 59.9635},
                {"longitude": 11.019797}
            ]]},
            {"altitude": 143},
            {"distance_km": 3.46863},
            {"speed_kmh": 9.73327},
            {"timestamp": "Wed Sep 20 16:35:42 UTC 2017"}
        ],
        [
            {"location": [[
                {"latitude": 59.963366},
                {"longitude": 11.019868}
            ]]},
            {"altitude": 145},
            {"distance_km": 3.48415},
            {"speed_kmh": 10.4474},
            {"timestamp": "Wed Sep 20 16:35:47 UTC 2017"}
        ],
        [
            {"location": [[
                {"latitude": 59.963284},
                {"longitude": 11.019895}
            ]]},
            {"altitude": 144},
            {"distance_km": 3.4934},
            {"speed_kmh": 10.5259},
            {"timestamp": "Wed Sep 20 16:35:50 UTC 2017"}
        ],
        [
            {"location": [[
                {"latitude": 59.963074},
                {"longitude": 11.01993}
            ]]},
            {"altitude": 145},
            {"distance_km": 3.51684},
            {"speed_kmh": 10.9475},
            {"timestamp": "Wed Sep 20 16:35:58 UTC 2017"}
        ],
        [
            {"location": [[
                {"latitude": 59.962994},
                {"longitude": 11.019928}
            ]]},
            {"altitude": 145},
            {"distance_km": 3.5257},
            {"speed_kmh": 10.6452},
            {"timestamp": "Wed Sep 20 16:36:01 UTC 2017"}
        ],
        [
            {"location": [[
                {"latitude": 59.962782},
                {"longitude": 11.019941}
            ]]},
            {"altitude": 145},
            {"distance_km": 3.54936},
            {"speed_kmh": 10.5401},
            {"timestamp": "Wed Sep 20 16:36:09 UTC 2017"}
        ],
        [
            {"location": [[
                {"latitude": 59.962569},
                {"longitude": 11.019959}
            ]]},
            {"altitude": 144},
            {"distance_km": 3.57318},
            {"speed_kmh": 10.5518},
            {"timestamp": "Wed Sep 20 16:36:17 UTC 2017"}
        ],
        [
            {"location": [[
                {"latitude": 59.962373},
                {"longitude": 11.019966}
            ]]},
            {"altitude": 142},
            {"distance_km": 3.595},
            {"speed_kmh": 10.8496},
            {"timestamp": "Wed Sep 20 16:36:24 UTC 2017"}
        ],
        [
            {"location": [[
                {"latitude": 59.962159},
                {"longitude": 11.019949}
            ]]},
            {"altitude": 141},
            {"distance_km": 3.61887},
            {"speed_kmh": 10.8934},
            {"timestamp": "Wed Sep 20 16:36:32 UTC 2017"}
        ],
        [
            {"location": [[
                {"latitude": 59.961948},
                {"longitude": 11.019949}
            ]]},
            {"altitude": 139},
            {"distance_km": 3.64233},
            {"speed_kmh": 10.8351},
            {"timestamp": "Wed Sep 20 16:36:40 UTC 2017"}
        ],
        [
            {"location": [[
                {"latitude": 59.961869},
                {"longitude": 11.019972}
            ]]},
            {"altitude": 139},
            {"distance_km": 3.65126},
            {"speed_kmh": 10.6902},
            {"timestamp": "Wed Sep 20 16:36:43 UTC 2017"}
        ],
        [
            {"location": [[
                {"latitude": 59.96169},
                {"longitude": 11.020002}
            ]]},
            {"altitude": 139},
            {"distance_km": 3.6713},
            {"speed_kmh": 10.5273},
            {"timestamp": "Wed Sep 20 16:36:50 UTC 2017"}
        ],
        [
            {"location": [[
                {"latitude": 59.961457},
                {"longitude": 11.020101}
            ]]},
            {"altitude": 138},
            {"distance_km": 3.69776},
            {"speed_kmh": 10.528},
            {"timestamp": "Wed Sep 20 16:36:59 UTC 2017"}
        ],
        [
            {"location": [[
                {"latitude": 59.961261},
                {"longitude": 11.020212}
            ]]},
            {"altitude": 140},
            {"distance_km": 3.72054},
            {"speed_kmh": 10.3806},
            {"timestamp": "Wed Sep 20 16:37:07 UTC 2017"}
        ],
        [
            {"location": [[
                {"latitude": 59.961167},
                {"longitude": 11.020224}
            ]]},
            {"altitude": 139},
            {"distance_km": 3.73098},
            {"speed_kmh": 10.0727},
            {"timestamp": "Wed Sep 20 16:37:11 UTC 2017"}
        ],
        [
            {"location": [[
                {"latitude": 59.960944},
                {"longitude": 11.020387}
            ]]},
            {"altitude": 138},
            {"distance_km": 3.75741},
            {"speed_kmh": 10.073},
            {"timestamp": "Wed Sep 20 16:37:20 UTC 2017"}
        ],
        [
            {"location": [[
                {"latitude": 59.960744},
                {"longitude": 11.020494}
            ]]},
            {"altitude": 138},
            {"distance_km": 3.78051},
            {"speed_kmh": 10.1105},
            {"timestamp": "Wed Sep 20 16:37:28 UTC 2017"}
        ],
        [
            {"location": [[
                {"latitude": 59.960546},
                {"longitude": 11.020632}
            ]]},
            {"altitude": 141},
            {"distance_km": 3.80384},
            {"speed_kmh": 10.4954},
            {"timestamp": "Wed Sep 20 16:37:36 UTC 2017"}
        ],
        [
            {"location": [[
                {"latitude": 59.960347},
                {"longitude": 11.020747}
            ]]},
            {"altitude": 142},
            {"distance_km": 3.827},
            {"speed_kmh": 10.4362},
            {"timestamp": "Wed Sep 20 16:37:44 UTC 2017"}
        ],
        [
            {"location": [[
                {"latitude": 59.96014},
                {"longitude": 11.020893}
            ]]},
            {"altitude": 142},
            {"distance_km": 3.85142},
            {"speed_kmh": 10.2306},
            {"timestamp": "Wed Sep 20 16:37:53 UTC 2017"}
        ],
        [
            {"location": [[
                {"latitude": 59.959922},
                {"longitude": 11.021033}
            ]]},
            {"altitude": 139},
            {"distance_km": 3.87692},
            {"speed_kmh": 10.1295},
            {"timestamp": "Wed Sep 20 16:38:02 UTC 2017"}
        ],
        [
            {"location": [[
                {"latitude": 59.959711},
                {"longitude": 11.021198}
            ]]},
            {"altitude": 139},
            {"distance_km": 3.90218},
            {"speed_kmh": 10.0259},
            {"timestamp": "Wed Sep 20 16:38:11 UTC 2017"}
        ],
        [
            {"location": [[
                {"latitude": 59.959481},
                {"longitude": 11.021301}
            ]]},
            {"altitude": 142},
            {"distance_km": 3.92849},
            {"speed_kmh": 10.2746},
            {"timestamp": "Wed Sep 20 16:38:20 UTC 2017"}
        ],
        [
            {"location": [[
                {"latitude": 59.959316},
                {"longitude": 11.02132}
            ]]},
            {"altitude": 145},
            {"distance_km": 3.94692},
            {"speed_kmh": 9.63943},
            {"timestamp": "Wed Sep 20 16:38:28 UTC 2017"}
        ],
        [
            {"location": [[
                {"latitude": 59.95902},
                {"longitude": 11.02136}
            ]]},
            {"altitude": 145},
            {"distance_km": 3.97994},
            {"speed_kmh": 9.31963},
            {"timestamp": "Wed Sep 20 16:38:41 UTC 2017"}
        ],
        [
            {"location": [[
                {"latitude": 59.958797},
                {"longitude": 11.021308}
            ]]},
            {"altitude": 146},
            {"distance_km": 4.00489},
            {"speed_kmh": 9.14098},
            {"timestamp": "Wed Sep 20 16:38:50 UTC 2017"}
        ],
        [
            {"location": [[
                {"latitude": 59.958686},
                {"longitude": 11.021224}
            ]]},
            {"altitude": 148},
            {"distance_km": 4.01819},
            {"speed_kmh": 9.56555},
            {"timestamp": "Wed Sep 20 16:38:55 UTC 2017"}
        ],
        [
            {"location": [[
                {"latitude": 59.958544},
                {"longitude": 11.020989}
            ]]},
            {"altitude": 147},
            {"distance_km": 4.03873},
            {"speed_kmh": 9.59753},
            {"timestamp": "Wed Sep 20 16:39:03 UTC 2017"}
        ],
        [
            {"location": [[
                {"latitude": 59.958444},
                {"longitude": 11.020678}
            ]]},
            {"altitude": 148},
            {"distance_km": 4.05936},
            {"speed_kmh": 9.36222},
            {"timestamp": "Wed Sep 20 16:39:11 UTC 2017"}
        ],
        [
            {"location": [[
                {"latitude": 59.958394},
                {"longitude": 11.020327}
            ]]},
            {"altitude": 147},
            {"distance_km": 4.07976},
            {"speed_kmh": 8.88837},
            {"timestamp": "Wed Sep 20 16:39:20 UTC 2017"}
        ],
        [
            {"location": [[
                {"latitude": 59.958392},
                {"longitude": 11.019911}
            ]]},
            {"altitude": 147},
            {"distance_km": 4.10303},
            {"speed_kmh": 8.607},
            {"timestamp": "Wed Sep 20 16:39:30 UTC 2017"}
        ],
        [
            {"location": [[
                {"latitude": 59.958392},
                {"longitude": 11.019605}
            ]]},
            {"altitude": 149},
            {"distance_km": 4.12014},
            {"speed_kmh": 8.4328},
            {"timestamp": "Wed Sep 20 16:39:37 UTC 2017"}
        ],
        [
            {"location": [[
                {"latitude": 59.958411},
                {"longitude": 11.019177}
            ]]},
            {"altitude": 151},
            {"distance_km": 4.1441},
            {"speed_kmh": 8.91506},
            {"timestamp": "Wed Sep 20 16:39:46 UTC 2017"}
        ],
        [
            {"location": [[
                {"latitude": 59.958466},
                {"longitude": 11.018771}
            ]]},
            {"altitude": 150},
            {"distance_km": 4.16761},
            {"speed_kmh": 9.2615},
            {"timestamp": "Wed Sep 20 16:39:55 UTC 2017"}
        ],
        [
            {"location": [[
                {"latitude": 59.958478},
                {"longitude": 11.018564}
            ]]},
            {"altitude": 153},
            {"distance_km": 4.17923},
            {"speed_kmh": 9.12843},
            {"timestamp": "Wed Sep 20 16:40:00 UTC 2017"}
        ],
        [
            {"location": [[
                {"latitude": 59.958467},
                {"longitude": 11.018112}
            ]]},
            {"altitude": 152},
            {"distance_km": 4.20451},
            {"speed_kmh": 8.96598},
            {"timestamp": "Wed Sep 20 16:40:10 UTC 2017"}
        ],
        [
            {"location": [[
                {"latitude": 59.958474},
                {"longitude": 11.017893}
            ]]},
            {"altitude": 152},
            {"distance_km": 4.21676},
            {"speed_kmh": 8.75873},
            {"timestamp": "Wed Sep 20 16:40:15 UTC 2017"}
        ],
        [
            {"location": [[
                {"latitude": 59.958472},
                {"longitude": 11.017451}
            ]]},
            {"altitude": 160},
            {"distance_km": 4.24147},
            {"speed_kmh": 8.92727},
            {"timestamp": "Wed Sep 20 16:40:25 UTC 2017"}
        ],
        [
            {"location": [[
                {"latitude": 59.958341},
                {"longitude": 11.017023}
            ]]},
            {"altitude": 151},
            {"distance_km": 4.26944},
            {"speed_kmh": 9.26172},
            {"timestamp": "Wed Sep 20 16:40:35 UTC 2017"}
        ],
        [
            {"location": [[
                {"latitude": 59.958209},
                {"longitude": 11.016721}
            ]]},
            {"altitude": 149},
            {"distance_km": 4.29181},
            {"speed_kmh": 9.68105},
            {"timestamp": "Wed Sep 20 16:40:43 UTC 2017"}
        ],
        [
            {"location": [[
                {"latitude": 59.958012},
                {"longitude": 11.016631}
            ]]},
            {"altitude": 150},
            {"distance_km": 4.31435},
            {"speed_kmh": 10.1002},
            {"timestamp": "Wed Sep 20 16:40:51 UTC 2017"}
        ],
        [
            {"location": [[
                {"latitude": 59.957811},
                {"longitude": 11.01645}
            ]]},
            {"altitude": 151},
            {"distance_km": 4.33898},
            {"speed_kmh": 10.0219},
            {"timestamp": "Wed Sep 20 16:41:00 UTC 2017"}
        ],
        [
            {"location": [[
                {"latitude": 59.95768},
                {"longitude": 11.016271}
            ]]},
            {"altitude": 149},
            {"distance_km": 4.35664},
            {"speed_kmh": 9.69027},
            {"timestamp": "Wed Sep 20 16:41:07 UTC 2017"}
        ],
        [
            {"location": [[
                {"latitude": 59.957502},
                {"longitude": 11.016142}
            ]]},
            {"altitude": 151},
            {"distance_km": 4.37774},
            {"speed_kmh": 9.47563},
            {"timestamp": "Wed Sep 20 16:41:15 UTC 2017"}
        ],
        [
            {"location": [[
                {"latitude": 59.95735},
                {"longitude": 11.016417}
            ]]},
            {"altitude": 153},
            {"distance_km": 4.40062},
            {"speed_kmh": 9.23989},
            {"timestamp": "Wed Sep 20 16:41:24 UTC 2017"}
        ],
        [
            {"location": [[
                {"latitude": 59.957188},
                {"longitude": 11.016647}
            ]]},
            {"altitude": 153},
            {"distance_km": 4.42281},
            {"speed_kmh": 9.17458},
            {"timestamp": "Wed Sep 20 16:41:33 UTC 2017"}
        ],
        [
            {"location": [[
                {"latitude": 59.95726},
                {"longitude": 11.01697}
            ]]},
            {"altitude": 156},
            {"distance_km": 4.44255},
            {"speed_kmh": 9.3985},
            {"timestamp": "Wed Sep 20 16:41:40 UTC 2017"}
        ],
        [
            {"location": [[
                {"latitude": 59.957323},
                {"longitude": 11.017198}
            ]]},
            {"altitude": 159},
            {"distance_km": 4.45715},
            {"speed_kmh": 9.84901},
            {"timestamp": "Wed Sep 20 16:41:45 UTC 2017"}
        ],
        [
            {"location": [[
                {"latitude": 59.957363},
                {"longitude": 11.01748}
            ]]},
            {"altitude": 162},
            {"distance_km": 4.47349},
            {"speed_kmh": 10.1553},
            {"timestamp": "Wed Sep 20 16:41:51 UTC 2017"}
        ],
        [
            {"location": [[
                {"latitude": 59.9573},
                {"longitude": 11.017913}
            ]]},
            {"altitude": 160},
            {"distance_km": 4.49872},
            {"speed_kmh": 10.5453},
            {"timestamp": "Wed Sep 20 16:41:59 UTC 2017"}
        ],
        [
            {"location": [[
                {"latitude": 59.95717},
                {"longitude": 11.018244}
            ]]},
            {"altitude": 156},
            {"distance_km": 4.52221},
            {"speed_kmh": 10.5678},
            {"timestamp": "Wed Sep 20 16:42:07 UTC 2017"}
        ],
        [
            {"location": [[
                {"latitude": 59.957065},
                {"longitude": 11.018583}
            ]]},
            {"altitude": 157},
            {"distance_km": 4.54445},
            {"speed_kmh": 11.1091},
            {"timestamp": "Wed Sep 20 16:42:14 UTC 2017"}
        ],
        [
            {"location": [[
                {"latitude": 59.95699},
                {"longitude": 11.018997}
            ]]},
            {"altitude": 156},
            {"distance_km": 4.56904},
            {"speed_kmh": 11.0309},
            {"timestamp": "Wed Sep 20 16:42:22 UTC 2017"}
        ],
        [
            {"location": [[
                {"latitude": 59.956958},
                {"longitude": 11.019398}
            ]]},
            {"altitude": 155},
            {"distance_km": 4.59172},
            {"speed_kmh": 10.8942},
            {"timestamp": "Wed Sep 20 16:42:30 UTC 2017"}
        ],
        [
            {"location": [[
                {"latitude": 59.956892},
                {"longitude": 11.019802}
            ]]},
            {"altitude": 154},
            {"distance_km": 4.61548},
            {"speed_kmh": 10.6493},
            {"timestamp": "Wed Sep 20 16:42:38 UTC 2017"}
        ],
        [
            {"location": [[
                {"latitude": 59.956819},
                {"longitude": 11.02027}
            ]]},
            {"altitude": 150},
            {"distance_km": 4.64283},
            {"speed_kmh": 10.6101},
            {"timestamp": "Wed Sep 20 16:42:47 UTC 2017"}
        ],
        [
            {"location": [[
                {"latitude": 59.956772},
                {"longitude": 11.020702}
            ]]},
            {"altitude": 147},
            {"distance_km": 4.66753},
            {"speed_kmh": 10.9293},
            {"timestamp": "Wed Sep 20 16:42:55 UTC 2017"}
        ],
        [
            {"location": [[
                {"latitude": 59.95674},
                {"longitude": 11.020912}
            ]]},
            {"altitude": 148},
            {"distance_km": 4.6798},
            {"speed_kmh": 11.0478},
            {"timestamp": "Wed Sep 20 16:42:59 UTC 2017"}
        ],
        [
            {"location": [[
                {"latitude": 59.956706},
                {"longitude": 11.021209}
            ]]},
            {"altitude": 149},
            {"distance_km": 4.69684},
            {"speed_kmh": 10.7996},
            {"timestamp": "Wed Sep 20 16:43:05 UTC 2017"}
        ],
        [
            {"location": [[
                {"latitude": 59.956661},
                {"longitude": 11.021492}
            ]]},
            {"altitude": 147},
            {"distance_km": 4.71344},
            {"speed_kmh": 10.4102},
            {"timestamp": "Wed Sep 20 16:43:11 UTC 2017"}
        ],
        [
            {"location": [[
                {"latitude": 59.956642},
                {"longitude": 11.021757}
            ]]},
            {"altitude": 147},
            {"distance_km": 4.72838},
            {"speed_kmh": 10.3148},
            {"timestamp": "Wed Sep 20 16:43:16 UTC 2017"}
        ],
        [
            {"location": [[
                {"latitude": 59.956613},
                {"longitude": 11.022116}
            ]]},
            {"altitude": 148},
            {"distance_km": 4.74867},
            {"speed_kmh": 10.3825},
            {"timestamp": "Wed Sep 20 16:43:23 UTC 2017"}
        ],
        [
            {"location": [[
                {"latitude": 59.956635},
                {"longitude": 11.022593}
            ]]},
            {"altitude": 146},
            {"distance_km": 4.77544},
            {"speed_kmh": 10.6332},
            {"timestamp": "Wed Sep 20 16:43:32 UTC 2017"}
        ],
        [
            {"location": [[
                {"latitude": 59.956649},
                {"longitude": 11.022863}
            ]]},
            {"altitude": 151},
            {"distance_km": 4.79059},
            {"speed_kmh": 10.0778},
            {"timestamp": "Wed Sep 20 16:43:38 UTC 2017"}
        ],
        [
            {"location": [[
                {"latitude": 59.956702},
                {"longitude": 11.023313}
            ]]},
            {"altitude": 154},
            {"distance_km": 4.81645},
            {"speed_kmh": 10.0801},
            {"timestamp": "Wed Sep 20 16:43:47 UTC 2017"}
        ],
        [
            {"location": [[
                {"latitude": 59.956737},
                {"longitude": 11.02382}
            ]]},
            {"altitude": 153},
            {"distance_km": 4.84501},
            {"speed_kmh": 10.2819},
            {"timestamp": "Wed Sep 20 16:43:56 UTC 2017"}
        ],
        [
            {"location": [[
                {"latitude": 59.956765},
                {"longitude": 11.024289}
            ]]},
            {"altitude": 151},
            {"distance_km": 4.87145},
            {"speed_kmh": 11.2153},
            {"timestamp": "Wed Sep 20 16:44:04 UTC 2017"}
        ],
        [
            {"location": [[
                {"latitude": 59.956788},
                {"longitude": 11.02462}
            ]]},
            {"altitude": 149},
            {"distance_km": 4.89008},
            {"speed_kmh": 11.453},
            {"timestamp": "Wed Sep 20 16:44:10 UTC 2017"}
        ],
        [
            {"location": [[
                {"latitude": 59.956806},
                {"longitude": 11.02499}
            ]]},
            {"altitude": 150},
            {"distance_km": 4.91085},
            {"speed_kmh": 11.2372},
            {"timestamp": "Wed Sep 20 16:44:17 UTC 2017"}
        ],
        [
            {"location": [[
                {"latitude": 59.956846},
                {"longitude": 11.02539}
            ]]},
            {"altitude": 148},
            {"distance_km": 4.93368},
            {"speed_kmh": 10.7076},
            {"timestamp": "Wed Sep 20 16:44:25 UTC 2017"}
        ],
        [
            {"location": [[
                {"latitude": 59.956871},
                {"longitude": 11.025814}
            ]]},
            {"altitude": 148},
            {"distance_km": 4.95751},
            {"speed_kmh": 10.5689},
            {"timestamp": "Wed Sep 20 16:44:33 UTC 2017"}
        ],
        [
            {"location": [[
                {"latitude": 59.956917},
                {"longitude": 11.02616}
            ]]},
            {"altitude": 146},
            {"distance_km": 4.97753},
            {"speed_kmh": 10.4337},
            {"timestamp": "Wed Sep 20 16:44:40 UTC 2017"}
        ],
        [
            {"location": [[
                {"latitude": 59.956947},
                {"longitude": 11.026561}
            ]]},
            {"altitude": 146},
            {"distance_km": 5.00019},
            {"speed_kmh": 10.4051},
            {"timestamp": "Wed Sep 20 16:44:48 UTC 2017"}
        ],
        [
            {"location": [[
                {"latitude": 59.956984},
                {"longitude": 11.026981}
            ]]},
            {"altitude": 145},
            {"distance_km": 5.024},
            {"speed_kmh": 10.4018},
            {"timestamp": "Wed Sep 20 16:44:56 UTC 2017"}
        ],
        [
            {"location": [[
                {"latitude": 59.957042},
                {"longitude": 11.027433}
            ]]},
            {"altitude": 145},
            {"distance_km": 5.05006},
            {"speed_kmh": 10.4257},
            {"timestamp": "Wed Sep 20 16:45:05 UTC 2017"}
        ],
        [
            {"location": [[
                {"latitude": 59.957095},
                {"longitude": 11.027896}
            ]]},
            {"altitude": 143},
            {"distance_km": 5.07661},
            {"speed_kmh": 10.5893},
            {"timestamp": "Wed Sep 20 16:45:14 UTC 2017"}
        ],
        [
            {"location": [[
                {"latitude": 59.957142},
                {"longitude": 11.028195}
            ]]},
            {"altitude": 144},
            {"distance_km": 5.0941},
            {"speed_kmh": 10.5133},
            {"timestamp": "Wed Sep 20 16:45:20 UTC 2017"}
        ],
        [
            {"location": [[
                {"latitude": 59.957138},
                {"longitude": 11.028447}
            ]]},
            {"altitude": 148},
            {"distance_km": 5.10818},
            {"speed_kmh": 9.88249},
            {"timestamp": "Wed Sep 20 16:45:26 UTC 2017"}
        ],
        [
            {"location": [[
                {"latitude": 59.957183},
                {"longitude": 11.028973}
            ]]},
            {"altitude": 150},
            {"distance_km": 5.138},
            {"speed_kmh": 9.56724},
            {"timestamp": "Wed Sep 20 16:45:37 UTC 2017"}
        ],
        [
            {"location": [[
                {"latitude": 59.957182},
                {"longitude": 11.0292}
            ]]},
            {"altitude": 150},
            {"distance_km": 5.15068},
            {"speed_kmh": 9.11063},
            {"timestamp": "Wed Sep 20 16:45:42 UTC 2017"}
        ],
        [
            {"location": [[
                {"latitude": 59.957145},
                {"longitude": 11.029522}
            ]]},
            {"altitude": 148},
            {"distance_km": 5.16916},
            {"speed_kmh": 9.46711},
            {"timestamp": "Wed Sep 20 16:45:49 UTC 2017"}
        ],
        [
            {"location": [[
                {"latitude": 59.957122},
                {"longitude": 11.029859}
            ]]},
            {"altitude": 144},
            {"distance_km": 5.18815},
            {"speed_kmh": 10.0105},
            {"timestamp": "Wed Sep 20 16:45:55 UTC 2017"}
        ],
        [
            {"location": [[
                {"latitude": 59.95706},
                {"longitude": 11.030111}
            ]]},
            {"altitude": 144},
            {"distance_km": 5.20384},
            {"speed_kmh": 10.1025},
            {"timestamp": "Wed Sep 20 16:46:01 UTC 2017"}
        ],
        [
            {"location": [[
                {"latitude": 59.956879},
                {"longitude": 11.030272}
            ]]},
            {"altitude": 143},
            {"distance_km": 5.2259},
            {"speed_kmh": 9.8723},
            {"timestamp": "Wed Sep 20 16:46:10 UTC 2017"}
        ],
        [
            {"location": [[
                {"latitude": 59.956666},
                {"longitude": 11.030467}
            ]]},
            {"altitude": 139},
            {"distance_km": 5.25206},
            {"speed_kmh": 9.56306},
            {"timestamp": "Wed Sep 20 16:46:19 UTC 2017"}
        ],
        [
            {"location": [[
                {"latitude": 59.956497},
                {"longitude": 11.030662}
            ]]},
            {"altitude": 136},
            {"distance_km": 5.27385},
            {"speed_kmh": 10.1667},
            {"timestamp": "Wed Sep 20 16:46:26 UTC 2017"}
        ],
        [
            {"location": [[
                {"latitude": 59.956327},
                {"longitude": 11.030829}
            ]]},
            {"altitude": 136},
            {"distance_km": 5.29488},
            {"speed_kmh": 10.8078},
            {"timestamp": "Wed Sep 20 16:46:33 UTC 2017"}
        ],
        [
            {"location": [[
                {"latitude": 59.956144},
                {"longitude": 11.031015}
            ]]},
            {"altitude": 137},
            {"distance_km": 5.31782},
            {"speed_kmh": 10.7781},
            {"timestamp": "Wed Sep 20 16:46:41 UTC 2017"}
        ],
        [
            {"location": [[
                {"latitude": 59.956071},
                {"longitude": 11.031073}
            ]]},
            {"altitude": 135},
            {"distance_km": 5.32652},
            {"speed_kmh": 10.4716},
            {"timestamp": "Wed Sep 20 16:46:44 UTC 2017"}
        ],
        [
            {"location": [[
                {"latitude": 59.955866},
                {"longitude": 11.031214}
            ]]},
            {"altitude": 138},
            {"distance_km": 5.3507},
            {"speed_kmh": 10.1293},
            {"timestamp": "Wed Sep 20 16:46:53 UTC 2017"}
        ],
        [
            {"location": [[
                {"latitude": 59.955774},
                {"longitude": 11.031281}
            ]]},
            {"altitude": 136},
            {"distance_km": 5.36163},
            {"speed_kmh": 9.94751},
            {"timestamp": "Wed Sep 20 16:46:57 UTC 2017"}
        ],
        [
            {"location": [[
                {"latitude": 59.955571},
                {"longitude": 11.031439}
            ]]},
            {"altitude": 137},
            {"distance_km": 5.38588},
            {"speed_kmh": 9.75148},
            {"timestamp": "Wed Sep 20 16:47:06 UTC 2017"}
        ],
        [
            {"location": [[
                {"latitude": 59.955502},
                {"longitude": 11.031498}
            ]]},
            {"altitude": 138},
            {"distance_km": 5.39423},
            {"speed_kmh": 9.84985},
            {"timestamp": "Wed Sep 20 16:47:09 UTC 2017"}
        ],
        [
            {"location": [[
                {"latitude": 59.955433},
                {"longitude": 11.031556}
            ]]},
            {"altitude": 137},
            {"distance_km": 5.40265},
            {"speed_kmh": 9.94912},
            {"timestamp": "Wed Sep 20 16:47:12 UTC 2017"}
        ],
        [
            {"location": [[
                {"latitude": 59.955364},
                {"longitude": 11.031612}
            ]]},
            {"altitude": 136},
            {"distance_km": 5.41088},
            {"speed_kmh": 10.0028},
            {"timestamp": "Wed Sep 20 16:47:15 UTC 2017"}
        ],
        [
            {"location": [[
                {"latitude": 59.955277},
                {"longitude": 11.031686}
            ]]},
            {"altitude": 136},
            {"distance_km": 5.42145},
            {"speed_kmh": 9.834},
            {"timestamp": "Wed Sep 20 16:47:19 UTC 2017"}
        ],
        [
            {"location": [[
                {"latitude": 59.95519},
                {"longitude": 11.031771}
            ]]},
            {"altitude": 135},
            {"distance_km": 5.43228},
            {"speed_kmh": 9.7846},
            {"timestamp": "Wed Sep 20 16:47:23 UTC 2017"}
        ],
        [
            {"location": [[
                {"latitude": 59.955104},
                {"longitude": 11.031866}
            ]]},
            {"altitude": 135},
            {"distance_km": 5.44321},
            {"speed_kmh": 9.70006},
            {"timestamp": "Wed Sep 20 16:47:27 UTC 2017"}
        ],
        [
            {"location": [[
                {"latitude": 59.954934},
                {"longitude": 11.032086}
            ]]},
            {"altitude": 136},
            {"distance_km": 5.4658},
            {"speed_kmh": 9.90989},
            {"timestamp": "Wed Sep 20 16:47:35 UTC 2017"}
        ],
        [
            {"location": [[
                {"latitude": 59.954764},
                {"longitude": 11.032377}
            ]]},
            {"altitude": 136},
            {"distance_km": 5.49073},
            {"speed_kmh": 9.9093},
            {"timestamp": "Wed Sep 20 16:47:44 UTC 2017"}
        ],
        [
            {"location": [[
                {"latitude": 59.954642},
                {"longitude": 11.032618}
            ]]},
            {"altitude": 137},
            {"distance_km": 5.50985},
            {"speed_kmh": 9.98109},
            {"timestamp": "Wed Sep 20 16:47:51 UTC 2017"}
        ],
        [
            {"location": [[
                {"latitude": 59.954516},
                {"longitude": 11.032937}
            ]]},
            {"altitude": 137},
            {"distance_km": 5.53254},
            {"speed_kmh": 10.004},
            {"timestamp": "Wed Sep 20 16:47:59 UTC 2017"}
        ],
        [
            {"location": [[
                {"latitude": 59.954381},
                {"longitude": 11.033309}
            ]]},
            {"altitude": 137},
            {"distance_km": 5.55821},
            {"speed_kmh": 10.1076},
            {"timestamp": "Wed Sep 20 16:48:08 UTC 2017"}
        ],
        [
            {"location": [[
                {"latitude": 59.954268},
                {"longitude": 11.033636}
            ]]},
            {"altitude": 138},
            {"distance_km": 5.58038},
            {"speed_kmh": 10.1581},
            {"timestamp": "Wed Sep 20 16:48:16 UTC 2017"}
        ],
        [
            {"location": [[
                {"latitude": 59.954176},
                {"longitude": 11.033956}
            ]]},
            {"altitude": 140},
            {"distance_km": 5.60105},
            {"speed_kmh": 9.84251},
            {"timestamp": "Wed Sep 20 16:48:24 UTC 2017"}
        ],
        [
            {"location": [[
                {"latitude": 59.954096},
                {"longitude": 11.03421}
            ]]},
            {"altitude": 139},
            {"distance_km": 5.61778},
            {"speed_kmh": 9.766},
            {"timestamp": "Wed Sep 20 16:48:30 UTC 2017"}
        ],
        [
            {"location": [[
                {"latitude": 59.953983},
                {"longitude": 11.03464}
            ]]},
            {"altitude": 139},
            {"distance_km": 5.64494},
            {"speed_kmh": 10.0649},
            {"timestamp": "Wed Sep 20 16:48:39 UTC 2017"}
        ],
        [
            {"location": [[
                {"latitude": 59.953879},
                {"longitude": 11.03508}
            ]]},
            {"altitude": 137},
            {"distance_km": 5.67205},
            {"speed_kmh": 11.049},
            {"timestamp": "Wed Sep 20 16:48:47 UTC 2017"}
        ],
        [
            {"location": [[
                {"latitude": 59.953809},
                {"longitude": 11.035457}
            ]]},
            {"altitude": 140},
            {"distance_km": 5.69453},
            {"speed_kmh": 11.1069},
            {"timestamp": "Wed Sep 20 16:48:55 UTC 2017"}
        ],
        [
            {"location": [[
                {"latitude": 59.953759},
                {"longitude": 11.03581}
            ]]},
            {"altitude": 141},
            {"distance_km": 5.71502},
            {"speed_kmh": 10.5113},
            {"timestamp": "Wed Sep 20 16:49:03 UTC 2017"}
        ],
        [
            {"location": [[
                {"latitude": 59.953715},
                {"longitude": 11.03625}
            ]]},
            {"altitude": 143},
            {"distance_km": 5.74012},
            {"speed_kmh": 9.45738},
            {"timestamp": "Wed Sep 20 16:49:13 UTC 2017"}
        ],
        [
            {"location": [[
                {"latitude": 59.953679},
                {"longitude": 11.036654}
            ]]},
            {"altitude": 144},
            {"distance_km": 5.76302},
            {"speed_kmh": 9.13319},
            {"timestamp": "Wed Sep 20 16:49:22 UTC 2017"}
        ],
        [
            {"location": [[
                {"latitude": 59.953614},
                {"longitude": 11.036857}
            ]]},
            {"altitude": 144},
            {"distance_km": 5.77649},
            {"speed_kmh": 9.2835},
            {"timestamp": "Wed Sep 20 16:49:27 UTC 2017"}
        ],
        [
            {"location": [[
                {"latitude": 59.953479},
                {"longitude": 11.03714}
            ]]},
            {"altitude": 144},
            {"distance_km": 5.79832},
            {"speed_kmh": 9.53227},
            {"timestamp": "Wed Sep 20 16:49:35 UTC 2017"}
        ],
        [
            {"location": [[
                {"latitude": 59.953331},
                {"longitude": 11.037397}
            ]]},
            {"altitude": 142},
            {"distance_km": 5.8202},
            {"speed_kmh": 9.36839},
            {"timestamp": "Wed Sep 20 16:49:44 UTC 2017"}
        ],
        [
            {"location": [[
                {"latitude": 59.953181},
                {"longitude": 11.037664}
            ]]},
            {"altitude": 140},
            {"distance_km": 5.84256},
            {"speed_kmh": 9.53992},
            {"timestamp": "Wed Sep 20 16:49:52 UTC 2017"}
        ],
        [
            {"location": [[
                {"latitude": 59.953012},
                {"longitude": 11.037857}
            ]]},
            {"altitude": 138},
            {"distance_km": 5.86434},
            {"speed_kmh": 9.54648},
            {"timestamp": "Wed Sep 20 16:50:00 UTC 2017"}
        ],
        [
            {"location": [[
                {"latitude": 59.952891},
                {"longitude": 11.037903}
            ]]},
            {"altitude": 138},
            {"distance_km": 5.87803},
            {"speed_kmh": 9.90737},
            {"timestamp": "Wed Sep 20 16:50:05 UTC 2017"}
        ],
        [
            {"location": [[
                {"latitude": 59.952705},
                {"longitude": 11.037831}
            ]]},
            {"altitude": 136},
            {"distance_km": 5.89918},
            {"speed_kmh": 9.7244},
            {"timestamp": "Wed Sep 20 16:50:13 UTC 2017"}
        ],
        [
            {"location": [[
                {"latitude": 59.952502},
                {"longitude": 11.037538}
            ]]},
            {"altitude": 140},
            {"distance_km": 5.92707},
            {"speed_kmh": 9.83044},
            {"timestamp": "Wed Sep 20 16:50:23 UTC 2017"}
        ],
        [
            {"location": [[
                {"latitude": 59.952361},
                {"longitude": 11.037567}
            ]]},
            {"altitude": 146},
            {"distance_km": 5.94287},
            {"speed_kmh": 9.22394},
            {"timestamp": "Wed Sep 20 16:50:30 UTC 2017"}
        ],
        [
            {"location": [[
                {"latitude": 59.952197},
                {"longitude": 11.038047}
            ]]},
            {"altitude": 142},
            {"distance_km": 5.97527},
            {"speed_kmh": 10.3591},
            {"timestamp": "Wed Sep 20 16:50:39 UTC 2017"}
        ],
        [
            {"location": [[
                {"latitude": 59.952194},
                {"longitude": 11.038552}
            ]]},
            {"altitude": 140},
            {"distance_km": 6.00351},
            {"speed_kmh": 11.2358},
            {"timestamp": "Wed Sep 20 16:50:47 UTC 2017"}
        ],
        [
            {"location": [[
                {"latitude": 59.952211},
                {"longitude": 11.03885}
            ]]},
            {"altitude": 146},
            {"distance_km": 6.02024},
            {"speed_kmh": 11.9029},
            {"timestamp": "Wed Sep 20 16:50:53 UTC 2017"}
        ],
        [
            {"location": [[
                {"latitude": 59.952183},
                {"longitude": 11.039122}
            ]]},
            {"altitude": 146},
            {"distance_km": 6.03578},
            {"speed_kmh": 10.7096},
            {"timestamp": "Wed Sep 20 16:50:59 UTC 2017"}
        ],
        [
            {"location": [[
                {"latitude": 59.952068},
                {"longitude": 11.03927}
            ]]},
            {"altitude": 145},
            {"distance_km": 6.05109},
            {"speed_kmh": 10.1277},
            {"timestamp": "Wed Sep 20 16:51:04 UTC 2017"}
        ],
        [
            {"location": [[
                {"latitude": 59.951958},
                {"longitude": 11.039399}
            ]]},
            {"altitude": 145},
            {"distance_km": 6.06524},
            {"speed_kmh": 10.153},
            {"timestamp": "Wed Sep 20 16:51:09 UTC 2017"}
        ],
        [
            {"location": [[
                {"latitude": 59.951818},
                {"longitude": 11.039732}
            ]]},
            {"altitude": 146},
            {"distance_km": 6.0895},
            {"speed_kmh": 10.6639},
            {"timestamp": "Wed Sep 20 16:51:17 UTC 2017"}
        ],
        [
            {"location": [[
                {"latitude": 59.951762},
                {"longitude": 11.039927}
            ]]},
            {"altitude": 145},
            {"distance_km": 6.10207},
            {"speed_kmh": 10.7688},
            {"timestamp": "Wed Sep 20 16:51:21 UTC 2017"}
        ],
        [
            {"location": [[
                {"latitude": 59.951669},
                {"longitude": 11.040211}
            ]]},
            {"altitude": 146},
            {"distance_km": 6.12099},
            {"speed_kmh": 9.92401},
            {"timestamp": "Wed Sep 20 16:51:30 UTC 2017"}
        ],
        [
            {"location": [[
                {"latitude": 59.951669},
                {"longitude": 11.040211}
            ]]},
            {"distance_km": 6.12099},
            {"timestamp": "Wed Sep 20 16:51:30 UTC 2017"}
        ],
        [
            {"location": [[
                {"latitude": 59.951669},
                {"longitude": 11.040211}
            ]]},
            {"distance_km": 6.12099},
            {"timestamp": "Wed Sep 20 16:51:37 UTC 2017"}
        ]
    ]}
]