[
    {"sport": "RUNNING"},
    {"source": "TRACK_MOBILE"},
    {"created_date": "2017-02-04 10:51:30.0"},
    {"start_time": "2017-02-04 10:35:28.0"},
    {"end_time": "2017-02-04 10:35:29.0"},
    {"duration_s": 1930},
    {"distance_km": 4.992831230163574},
    {"calories_kcal": 313.223},
    {"altitude_min_m": 154},
    {"altitude_max_m": 195},
    {"speed_avg_kmh": 9.313053071807703},
    {"speed_max_kmh": 13.5823},
    {"hydration_l": 0.193115},
    {"ascend_m": 73},
    {"descend_m": 97},
    {"points": [
        [
            {"location": [[
                {"latitude": 60.024512},
                {"longitude": 11.114684}
            ]]},
            {"distance_km": 0},
            {"timestamp": "Sat Feb 04 10:35:28 UTC 2017"}
        ],
        [
            {"location": [[
                {"latitude": 60.024512},
                {"longitude": 11.114684}
            ]]},
            {"altitude": 195},
            {"distance_km": 0},
            {"timestamp": "Sat Feb 04 10:36:09 UTC 2017"}
        ],
        [
            {"location": [[
                {"latitude": 60.024682},
                {"longitude": 11.114764}
            ]]},
            {"altitude": 171},
            {"distance_km": 0.039017},
            {"speed_kmh": 3.89781},
            {"timestamp": "Sat Feb 04 10:36:15 UTC 2017"}
        ],
        [
            {"location": [[
                {"latitude": 60.024776},
                {"longitude": 11.114816}
            ]]},
            {"altitude": 167},
            {"distance_km": 0.049799},
            {"speed_kmh": 8.19641},
            {"timestamp": "Sat Feb 04 10:36:18 UTC 2017"}
        ],
        [
            {"location": [[
                {"latitude": 60.024932},
                {"longitude": 11.114927}
            ]]},
            {"altitude": 165},
            {"distance_km": 0.068325},
            {"speed_kmh": 12.6577},
            {"timestamp": "Sat Feb 04 10:36:23 UTC 2017"}
        ],
        [
            {"location": [[
                {"latitude": 60.025048},
                {"longitude": 11.115033}
            ]]},
            {"altitude": 164},
            {"distance_km": 0.082504},
            {"speed_kmh": 13.0114},
            {"timestamp": "Sat Feb 04 10:36:27 UTC 2017"}
        ],
        [
            {"location": [[
                {"latitude": 60.02521},
                {"longitude": 11.115178}
            ]]},
            {"altitude": 162},
            {"distance_km": 0.102273},
            {"speed_kmh": 12.612},
            {"timestamp": "Sat Feb 04 10:36:33 UTC 2017"}
        ],
        [
            {"location": [[
                {"latitude": 60.025418},
                {"longitude": 11.115413}
            ]]},
            {"altitude": 162},
            {"distance_km": 0.128851},
            {"speed_kmh": 12.1727},
            {"timestamp": "Sat Feb 04 10:36:41 UTC 2017"}
        ],
        [
            {"location": [[
                {"latitude": 60.025596},
                {"longitude": 11.115655}
            ]]},
            {"altitude": 166},
            {"distance_km": 0.152899},
            {"speed_kmh": 11.4918},
            {"timestamp": "Sat Feb 04 10:36:49 UTC 2017"}
        ],
        [
            {"location": [[
                {"latitude": 60.025761},
                {"longitude": 11.115863}
            ]]},
            {"altitude": 166},
            {"distance_km": 0.174644},
            {"speed_kmh": 10.8898},
            {"timestamp": "Sat Feb 04 10:36:57 UTC 2017"}
        ],
        [
            {"location": [[
                {"latitude": 60.025984},
                {"longitude": 11.115729}
            ]]},
            {"altitude": 166},
            {"distance_km": 0.200549},
            {"speed_kmh": 10.3287},
            {"timestamp": "Sat Feb 04 10:37:06 UTC 2017"}
        ],
        [
            {"location": [[
                {"latitude": 60.026166},
                {"longitude": 11.115633}
            ]]},
            {"altitude": 161},
            {"distance_km": 0.221493},
            {"speed_kmh": 10.9392},
            {"timestamp": "Sat Feb 04 10:37:12 UTC 2017"}
        ],
        [
            {"location": [[
                {"latitude": 60.02629},
                {"longitude": 11.115836}
            ]]},
            {"altitude": 164},
            {"distance_km": 0.239366},
            {"speed_kmh": 10.7098},
            {"timestamp": "Sat Feb 04 10:37:19 UTC 2017"}
        ],
        [
            {"location": [[
                {"latitude": 60.026205},
                {"longitude": 11.116125}
            ]]},
            {"altitude": 170},
            {"distance_km": 0.257996},
            {"speed_kmh": 10.4396},
            {"timestamp": "Sat Feb 04 10:37:26 UTC 2017"}
        ],
        [
            {"location": [[
                {"latitude": 60.02613},
                {"longitude": 11.116196}
            ]]},
            {"altitude": 177},
            {"distance_km": 0.267218},
            {"speed_kmh": 7.83776},
            {"timestamp": "Sat Feb 04 10:37:33 UTC 2017"}
        ],
        [
            {"location": [[
                {"latitude": 60.02613},
                {"longitude": 11.116196}
            ]]},
            {"altitude": 177},
            {"distance_km": 0.267218},
            {"timestamp": "Sat Feb 04 10:37:40 UTC 2017"}
        ],
        [
            {"location": [[
                {"latitude": 60.02613},
                {"longitude": 11.116196}
            ]]},
            {"altitude": 177},
            {"distance_km": 0.267218},
            {"timestamp": "Sat Feb 04 10:37:41 UTC 2017"}
        ],
        [
            {"location": [[
                {"latitude": 60.026393},
                {"longitude": 11.116003}
            ]]},
            {"altitude": 179},
            {"distance_km": 0.329526},
            {"speed_kmh": 4.67547},
            {"timestamp": "Sat Feb 04 10:37:49 UTC 2017"}
        ],
        [
            {"location": [[
                {"latitude": 60.026622},
                {"longitude": 11.115941}
            ]]},
            {"altitude": 179},
            {"distance_km": 0.35526},
            {"speed_kmh": 7.76604},
            {"timestamp": "Sat Feb 04 10:37:59 UTC 2017"}
        ],
        [
            {"location": [[
                {"latitude": 60.02682},
                {"longitude": 11.115896}
            ]]},
            {"altitude": 178},
            {"distance_km": 0.377539},
            {"speed_kmh": 10.7392},
            {"timestamp": "Sat Feb 04 10:38:08 UTC 2017"}
        ],
        [
            {"location": [[
                {"latitude": 60.026928},
                {"longitude": 11.115868}
            ]]},
            {"altitude": 177},
            {"distance_km": 0.389617},
            {"speed_kmh": 8.95831},
            {"timestamp": "Sat Feb 04 10:38:13 UTC 2017"}
        ],
        [
            {"location": [[
                {"latitude": 60.027149},
                {"longitude": 11.115812}
            ]]},
            {"altitude": 176},
            {"distance_km": 0.414476},
            {"speed_kmh": 8.85143},
            {"timestamp": "Sat Feb 04 10:38:23 UTC 2017"}
        ],
        [
            {"location": [[
                {"latitude": 60.027342},
                {"longitude": 11.11578}
            ]]},
            {"altitude": 174},
            {"distance_km": 0.435978},
            {"speed_kmh": 9.08441},
            {"timestamp": "Sat Feb 04 10:38:31 UTC 2017"}
        ],
        [
            {"location": [[
                {"latitude": 60.027514},
                {"longitude": 11.115845}
            ]]},
            {"altitude": 177},
            {"distance_km": 0.455574},
            {"speed_kmh": 9.57564},
            {"timestamp": "Sat Feb 04 10:38:38 UTC 2017"}
        ],
        [
            {"location": [[
                {"latitude": 60.027672},
                {"longitude": 11.115992}
            ]]},
            {"altitude": 175},
            {"distance_km": 0.474988},
            {"speed_kmh": 9.89459},
            {"timestamp": "Sat Feb 04 10:38:45 UTC 2017"}
        ],
        [
            {"location": [[
                {"latitude": 60.027877},
                {"longitude": 11.11594}
            ]]},
            {"altitude": 173},
            {"distance_km": 0.497943},
            {"speed_kmh": 9.76289},
            {"timestamp": "Sat Feb 04 10:38:54 UTC 2017"}
        ],
        [
            {"location": [[
                {"latitude": 60.028098},
                {"longitude": 11.115814}
            ]]},
            {"altitude": 169},
            {"distance_km": 0.523575},
            {"speed_kmh": 9.44366},
            {"timestamp": "Sat Feb 04 10:39:04 UTC 2017"}
        ],
        [
            {"location": [[
                {"latitude": 60.028322},
                {"longitude": 11.115679}
            ]]},
            {"altitude": 168},
            {"distance_km": 0.549644},
            {"speed_kmh": 9.28059},
            {"timestamp": "Sat Feb 04 10:39:14 UTC 2017"}
        ],
        [
            {"location": [[
                {"latitude": 60.028504},
                {"longitude": 11.115568}
            ]]},
            {"altitude": 165},
            {"distance_km": 0.570854},
            {"speed_kmh": 9.38255},
            {"timestamp": "Sat Feb 04 10:39:22 UTC 2017"}
        ],
        [
            {"location": [[
                {"latitude": 60.028663},
                {"longitude": 11.115458}
            ]]},
            {"altitude": 162},
            {"distance_km": 0.58955},
            {"speed_kmh": 9.49499},
            {"timestamp": "Sat Feb 04 10:39:29 UTC 2017"}
        ],
        [
            {"location": [[
                {"latitude": 60.028875},
                {"longitude": 11.115329}
            ]]},
            {"altitude": 157},
            {"distance_km": 0.614296},
            {"speed_kmh": 9.68344},
            {"timestamp": "Sat Feb 04 10:39:38 UTC 2017"}
        ],
        [
            {"location": [[
                {"latitude": 60.028999},
                {"longitude": 11.115243}
            ]]},
            {"altitude": 159},
            {"distance_km": 0.628864},
            {"speed_kmh": 9.41535},
            {"timestamp": "Sat Feb 04 10:39:44 UTC 2017"}
        ],
        [
            {"location": [[
                {"latitude": 60.029209},
                {"longitude": 11.115119}
            ]]},
            {"altitude": 162},
            {"distance_km": 0.653328},
            {"speed_kmh": 9.48013},
            {"timestamp": "Sat Feb 04 10:39:53 UTC 2017"}
        ],
        [
            {"location": [[
                {"latitude": 60.029424},
                {"longitude": 11.115012}
            ]]},
            {"altitude": 170},
            {"distance_km": 0.678036},
            {"speed_kmh": 9.8835},
            {"timestamp": "Sat Feb 04 10:40:01 UTC 2017"}
        ],
        [
            {"location": [[
                {"latitude": 60.029535},
                {"longitude": 11.114973}
            ]]},
            {"altitude": 172},
            {"distance_km": 0.690577},
            {"speed_kmh": 10.7459},
            {"timestamp": "Sat Feb 04 10:40:05 UTC 2017"}
        ],
        [
            {"location": [[
                {"latitude": 60.029695},
                {"longitude": 11.114963}
            ]]},
            {"altitude": 173},
            {"distance_km": 0.708351},
            {"speed_kmh": 11.051},
            {"timestamp": "Sat Feb 04 10:40:11 UTC 2017"}
        ],
        [
            {"location": [[
                {"latitude": 60.029876},
                {"longitude": 11.114939}
            ]]},
            {"altitude": 170},
            {"distance_km": 0.728539},
            {"speed_kmh": 11.3571},
            {"timestamp": "Sat Feb 04 10:40:17 UTC 2017"}
        ],
        [
            {"location": [[
                {"latitude": 60.029983},
                {"longitude": 11.114752}
            ]]},
            {"altitude": 171},
            {"distance_km": 0.744374},
            {"speed_kmh": 10.3034},
            {"timestamp": "Sat Feb 04 10:40:24 UTC 2017"}
        ],
        [
            {"location": [[
                {"latitude": 60.029968},
                {"longitude": 11.114562}
            ]]},
            {"altitude": 183},
            {"distance_km": 0.755071},
            {"speed_kmh": 8.58578},
            {"timestamp": "Sat Feb 04 10:40:31 UTC 2017"}
        ],
        [
            {"location": [[
                {"latitude": 60.029211},
                {"longitude": 11.11335}
            ]]},
            {"altitude": 166},
            {"distance_km": 0.863148},
            {"speed_kmh": 3.50578},
            {"timestamp": "Sat Feb 04 10:41:08 UTC 2017"}
        ],
        [
            {"location": [[
                {"latitude": 60.028967},
                {"longitude": 11.113194}
            ]]},
            {"altitude": 168},
            {"distance_km": 0.891731},
            {"speed_kmh": 8.39388},
            {"timestamp": "Sat Feb 04 10:41:15 UTC 2017"}
        ],
        [
            {"location": [[
                {"latitude": 60.028746},
                {"longitude": 11.112991}
            ]]},
            {"altitude": 170},
            {"distance_km": 0.918789},
            {"speed_kmh": 13.0363},
            {"timestamp": "Sat Feb 04 10:41:22 UTC 2017"}
        ],
        [
            {"location": [[
                {"latitude": 60.028524},
                {"longitude": 11.112795}
            ]]},
            {"altitude": 169},
            {"distance_km": 0.945808},
            {"speed_kmh": 13.5823},
            {"timestamp": "Sat Feb 04 10:41:30 UTC 2017"}
        ],
        [
            {"location": [[
                {"latitude": 60.028324},
                {"longitude": 11.112628}
            ]]},
            {"altitude": 170},
            {"distance_km": 0.969976},
            {"speed_kmh": 12.3245},
            {"timestamp": "Sat Feb 04 10:41:38 UTC 2017"}
        ],
        [
            {"location": [[
                {"latitude": 60.02813},
                {"longitude": 11.112414}
            ]]},
            {"altitude": 170},
            {"distance_km": 0.994684},
            {"speed_kmh": 11.3887},
            {"timestamp": "Sat Feb 04 10:41:46 UTC 2017"}
        ],
        [
            {"location": [[
                {"latitude": 60.027937},
                {"longitude": 11.112232}
            ]]},
            {"altitude": 172},
            {"distance_km": 1.01842},
            {"speed_kmh": 11.4057},
            {"timestamp": "Sat Feb 04 10:41:53 UTC 2017"}
        ],
        [
            {"location": [[
                {"latitude": 60.027857},
                {"longitude": 11.112161}
            ]]},
            {"altitude": 175},
            {"distance_km": 1.02821},
            {"speed_kmh": 11.677},
            {"timestamp": "Sat Feb 04 10:41:56 UTC 2017"}
        ],
        [
            {"location": [[
                {"latitude": 60.027682},
                {"longitude": 11.111994}
            ]]},
            {"altitude": 172},
            {"distance_km": 1.0498},
            {"speed_kmh": 11.6637},
            {"timestamp": "Sat Feb 04 10:42:03 UTC 2017"}
        ],
        [
            {"location": [[
                {"latitude": 60.02747},
                {"longitude": 11.111807}
            ]]},
            {"altitude": 171},
            {"distance_km": 1.07565},
            {"speed_kmh": 11.4805},
            {"timestamp": "Sat Feb 04 10:42:11 UTC 2017"}
        ],
        [
            {"location": [[
                {"latitude": 60.027299},
                {"longitude": 11.111623}
            ]]},
            {"altitude": 172},
            {"distance_km": 1.09733},
            {"speed_kmh": 11.2942},
            {"timestamp": "Sat Feb 04 10:42:18 UTC 2017"}
        ],
        [
            {"location": [[
                {"latitude": 60.027082},
                {"longitude": 11.111436}
            ]]},
            {"altitude": 171},
            {"distance_km": 1.12361},
            {"speed_kmh": 11.1096},
            {"timestamp": "Sat Feb 04 10:42:27 UTC 2017"}
        ],
        [
            {"location": [[
                {"latitude": 60.026922},
                {"longitude": 11.111259}
            ]]},
            {"altitude": 167},
            {"distance_km": 1.14395},
            {"speed_kmh": 10.7051},
            {"timestamp": "Sat Feb 04 10:42:34 UTC 2017"}
        ],
        [
            {"location": [[
                {"latitude": 60.026759},
                {"longitude": 11.110954}
            ]]},
            {"altitude": 169},
            {"distance_km": 1.16889},
            {"speed_kmh": 10.7078},
            {"timestamp": "Sat Feb 04 10:42:42 UTC 2017"}
        ],
        [
            {"location": [[
                {"latitude": 60.026615},
                {"longitude": 11.110584}
            ]]},
            {"altitude": 168},
            {"distance_km": 1.19498},
            {"speed_kmh": 11.1411},
            {"timestamp": "Sat Feb 04 10:42:50 UTC 2017"}
        ],
        [
            {"location": [[
                {"latitude": 60.026536},
                {"longitude": 11.110395}
            ]]},
            {"altitude": 168},
            {"distance_km": 1.20871},
            {"speed_kmh": 11.7779},
            {"timestamp": "Sat Feb 04 10:42:54 UTC 2017"}
        ],
        [
            {"location": [[
                {"latitude": 60.026411},
                {"longitude": 11.110103}
            ]]},
            {"altitude": 165},
            {"distance_km": 1.23019},
            {"speed_kmh": 11.7444},
            {"timestamp": "Sat Feb 04 10:43:01 UTC 2017"}
        ],
        [
            {"location": [[
                {"latitude": 60.026318},
                {"longitude": 11.109887}
            ]]},
            {"altitude": 163},
            {"distance_km": 1.24606},
            {"speed_kmh": 11.605},
            {"timestamp": "Sat Feb 04 10:43:06 UTC 2017"}
        ],
        [
            {"location": [[
                {"latitude": 60.02617},
                {"longitude": 11.109492}
            ]]},
            {"altitude": 162},
            {"distance_km": 1.27358},
            {"speed_kmh": 11.1569},
            {"timestamp": "Sat Feb 04 10:43:15 UTC 2017"}
        ],
        [
            {"location": [[
                {"latitude": 60.026062},
                {"longitude": 11.109231}
            ]]},
            {"altitude": 166},
            {"distance_km": 1.29245},
            {"speed_kmh": 10.701},
            {"timestamp": "Sat Feb 04 10:43:22 UTC 2017"}
        ],
        [
            {"location": [[
                {"latitude": 60.025936},
                {"longitude": 11.108814}
            ]]},
            {"altitude": 165},
            {"distance_km": 1.31964},
            {"speed_kmh": 10.5304},
            {"timestamp": "Sat Feb 04 10:43:31 UTC 2017"}
        ],
        [
            {"location": [[
                {"latitude": 60.025828},
                {"longitude": 11.108421}
            ]]},
            {"altitude": 166},
            {"distance_km": 1.34458},
            {"speed_kmh": 10.6037},
            {"timestamp": "Sat Feb 04 10:43:39 UTC 2017"}
        ],
        [
            {"location": [[
                {"latitude": 60.025737},
                {"longitude": 11.10811}
            ]]},
            {"altitude": 167},
            {"distance_km": 1.36473},
            {"speed_kmh": 10.8234},
            {"timestamp": "Sat Feb 04 10:43:46 UTC 2017"}
        ],
        [
            {"location": [[
                {"latitude": 60.02562},
                {"longitude": 11.107763}
            ]]},
            {"altitude": 168},
            {"distance_km": 1.388},
            {"speed_kmh": 10.6868},
            {"timestamp": "Sat Feb 04 10:43:54 UTC 2017"}
        ],
        [
            {"location": [[
                {"latitude": 60.025504},
                {"longitude": 11.107445}
            ]]},
            {"altitude": 168},
            {"distance_km": 1.40994},
            {"speed_kmh": 10.2318},
            {"timestamp": "Sat Feb 04 10:44:02 UTC 2017"}
        ],
        [
            {"location": [[
                {"latitude": 60.025356},
                {"longitude": 11.107126}
            ]]},
            {"altitude": 167},
            {"distance_km": 1.43423},
            {"speed_kmh": 9.69775},
            {"timestamp": "Sat Feb 04 10:44:12 UTC 2017"}
        ],
        [
            {"location": [[
                {"latitude": 60.025181},
                {"longitude": 11.106778}
            ]]},
            {"altitude": 164},
            {"distance_km": 1.46171},
            {"speed_kmh": 9.20421},
            {"timestamp": "Sat Feb 04 10:44:23 UTC 2017"}
        ],
        [
            {"location": [[
                {"latitude": 60.025216},
                {"longitude": 11.106566}
            ]]},
            {"altitude": 160},
            {"distance_km": 1.47418},
            {"speed_kmh": 8.90264},
            {"timestamp": "Sat Feb 04 10:44:28 UTC 2017"}
        ],
        [
            {"location": [[
                {"latitude": 60.025102},
                {"longitude": 11.106177}
            ]]},
            {"altitude": 160},
            {"distance_km": 1.49926},
            {"speed_kmh": 9.00016},
            {"timestamp": "Sat Feb 04 10:44:38 UTC 2017"}
        ],
        [
            {"location": [[
                {"latitude": 60.025071},
                {"longitude": 11.106039}
            ]]},
            {"altitude": 159},
            {"distance_km": 1.50768},
            {"speed_kmh": 9.36004},
            {"timestamp": "Sat Feb 04 10:44:41 UTC 2017"}
        ],
        [
            {"location": [[
                {"latitude": 60.02501},
                {"longitude": 11.105634}
            ]]},
            {"altitude": 159},
            {"distance_km": 1.53126},
            {"speed_kmh": 9.9112},
            {"timestamp": "Sat Feb 04 10:44:49 UTC 2017"}
        ],
        [
            {"location": [[
                {"latitude": 60.024966},
                {"longitude": 11.105228}
            ]]},
            {"altitude": 154},
            {"distance_km": 1.55446},
            {"speed_kmh": 10.3793},
            {"timestamp": "Sat Feb 04 10:44:57 UTC 2017"}
        ],
        [
            {"location": [[
                {"latitude": 60.024962},
                {"longitude": 11.104869}
            ]]},
            {"altitude": 156},
            {"distance_km": 1.57448},
            {"speed_kmh": 10.4486},
            {"timestamp": "Sat Feb 04 10:45:04 UTC 2017"}
        ],
        [
            {"location": [[
                {"latitude": 60.024952},
                {"longitude": 11.104518}
            ]]},
            {"altitude": 159},
            {"distance_km": 1.59409},
            {"speed_kmh": 10.2388},
            {"timestamp": "Sat Feb 04 10:45:11 UTC 2017"}
        ],
        [
            {"location": [[
                {"latitude": 60.024939},
                {"longitude": 11.104}
            ]]},
            {"altitude": 162},
            {"distance_km": 1.62299},
            {"speed_kmh": 9.93342},
            {"timestamp": "Sat Feb 04 10:45:22 UTC 2017"}
        ],
        [
            {"location": [[
                {"latitude": 60.024829},
                {"longitude": 11.103818}
            ]]},
            {"altitude": 161},
            {"distance_km": 1.63893},
            {"speed_kmh": 9.22486},
            {"timestamp": "Sat Feb 04 10:45:29 UTC 2017"}
        ],
        [
            {"location": [[
                {"latitude": 60.024192},
                {"longitude": 11.103863}
            ]]},
            {"altitude": 161},
            {"distance_km": 1.70993},
            {"speed_kmh": 2.02893},
            {"timestamp": "Sat Feb 04 10:46:11 UTC 2017"}
        ],
        [
            {"location": [[
                {"latitude": 60.024009},
                {"longitude": 11.104357}
            ]]},
            {"altitude": 159},
            {"distance_km": 1.74421},
            {"speed_kmh": 5.77208},
            {"timestamp": "Sat Feb 04 10:46:22 UTC 2017"}
        ],
        [
            {"location": [[
                {"latitude": 60.023876},
                {"longitude": 11.104704}
            ]]},
            {"altitude": 161},
            {"distance_km": 1.76855},
            {"speed_kmh": 9.42518},
            {"timestamp": "Sat Feb 04 10:46:30 UTC 2017"}
        ],
        [
            {"location": [[
                {"latitude": 60.023763},
                {"longitude": 11.105112}
            ]]},
            {"altitude": 165},
            {"distance_km": 1.79455},
            {"speed_kmh": 10.8657},
            {"timestamp": "Sat Feb 04 10:46:39 UTC 2017"}
        ],
        [
            {"location": [[
                {"latitude": 60.02362},
                {"longitude": 11.105351}
            ]]},
            {"altitude": 166},
            {"distance_km": 1.81529},
            {"speed_kmh": 10.2321},
            {"timestamp": "Sat Feb 04 10:46:47 UTC 2017"}
        ],
        [
            {"location": [[
                {"latitude": 60.023567},
                {"longitude": 11.105567}
            ]]},
            {"altitude": 165},
            {"distance_km": 1.82869},
            {"speed_kmh": 9.77717},
            {"timestamp": "Sat Feb 04 10:46:52 UTC 2017"}
        ],
        [
            {"location": [[
                {"latitude": 60.023561},
                {"longitude": 11.105814}
            ]]},
            {"altitude": 164},
            {"distance_km": 1.84249},
            {"speed_kmh": 9.59669},
            {"timestamp": "Sat Feb 04 10:46:57 UTC 2017"}
        ],
        [
            {"location": [[
                {"latitude": 60.023543},
                {"longitude": 11.106295}
            ]]},
            {"altitude": 163},
            {"distance_km": 1.86941},
            {"speed_kmh": 9.73724},
            {"timestamp": "Sat Feb 04 10:47:07 UTC 2017"}
        ],
        [
            {"location": [[
                {"latitude": 60.023531},
                {"longitude": 11.106676}
            ]]},
            {"altitude": 163},
            {"distance_km": 1.89067},
            {"speed_kmh": 9.35099},
            {"timestamp": "Sat Feb 04 10:47:16 UTC 2017"}
        ],
        [
            {"location": [[
                {"latitude": 60.023523},
                {"longitude": 11.107176}
            ]]},
            {"altitude": 162},
            {"distance_km": 1.91861},
            {"speed_kmh": 8.87244},
            {"timestamp": "Sat Feb 04 10:47:28 UTC 2017"}
        ],
        [
            {"location": [[
                {"latitude": 60.023543},
                {"longitude": 11.107433}
            ]]},
            {"altitude": 161},
            {"distance_km": 1.9331},
            {"speed_kmh": 8.48691},
            {"timestamp": "Sat Feb 04 10:47:34 UTC 2017"}
        ],
        [
            {"location": [[
                {"latitude": 60.023573},
                {"longitude": 11.107777}
            ]]},
            {"altitude": 162},
            {"distance_km": 1.95252},
            {"speed_kmh": 8.58516},
            {"timestamp": "Sat Feb 04 10:47:42 UTC 2017"}
        ],
        [
            {"location": [[
                {"latitude": 60.023635},
                {"longitude": 11.108174}
            ]]},
            {"altitude": 163},
            {"distance_km": 1.97577},
            {"speed_kmh": 8.58729},
            {"timestamp": "Sat Feb 04 10:47:52 UTC 2017"}
        ],
        [
            {"location": [[
                {"latitude": 60.023627},
                {"longitude": 11.108388}
            ]]},
            {"altitude": 165},
            {"distance_km": 1.98768},
            {"speed_kmh": 8.58183},
            {"timestamp": "Sat Feb 04 10:47:57 UTC 2017"}
        ],
        [
            {"location": [[
                {"latitude": 60.023556},
                {"longitude": 11.108846}
            ]]},
            {"altitude": 168},
            {"distance_km": 2.01443},
            {"speed_kmh": 9.23387},
            {"timestamp": "Sat Feb 04 10:48:06 UTC 2017"}
        ],
        [
            {"location": [[
                {"latitude": 60.023504},
                {"longitude": 11.109183}
            ]]},
            {"altitude": 170},
            {"distance_km": 2.03411},
            {"speed_kmh": 9.79497},
            {"timestamp": "Sat Feb 04 10:48:13 UTC 2017"}
        ],
        [
            {"location": [[
                {"latitude": 60.023639},
                {"longitude": 11.1095}
            ]]},
            {"altitude": 168},
            {"distance_km": 2.05728},
            {"speed_kmh": 9.4545},
            {"timestamp": "Sat Feb 04 10:48:24 UTC 2017"}
        ],
        [
            {"location": [[
                {"latitude": 60.023794},
                {"longitude": 11.1096}
            ]]},
            {"altitude": 169},
            {"distance_km": 2.07546},
            {"speed_kmh": 7.45663},
            {"timestamp": "Sat Feb 04 10:48:38 UTC 2017"}
        ],
        [
            {"location": [[
                {"latitude": 60.023906},
                {"longitude": 11.109812}
            ]]},
            {"altitude": 176},
            {"distance_km": 2.09263},
            {"speed_kmh": 5.66787},
            {"timestamp": "Sat Feb 04 10:48:51 UTC 2017"}
        ],
        [
            {"location": [[
                {"latitude": 60.023907},
                {"longitude": 11.110103}
            ]]},
            {"altitude": 176},
            {"distance_km": 2.10888},
            {"speed_kmh": 4.64899},
            {"timestamp": "Sat Feb 04 10:49:04 UTC 2017"}
        ],
        [
            {"location": [[
                {"latitude": 60.023844},
                {"longitude": 11.110377}
            ]]},
            {"altitude": 178},
            {"distance_km": 2.12575},
            {"speed_kmh": 4.77058},
            {"timestamp": "Sat Feb 04 10:49:16 UTC 2017"}
        ],
        [
            {"location": [[
                {"latitude": 60.023716},
                {"longitude": 11.110949}
            ]]},
            {"altitude": 179},
            {"distance_km": 2.16068},
            {"speed_kmh": 6.18276},
            {"timestamp": "Sat Feb 04 10:49:30 UTC 2017"}
        ],
        [
            {"location": [[
                {"latitude": 60.023661},
                {"longitude": 11.111242}
            ]]},
            {"altitude": 178},
            {"distance_km": 2.17807},
            {"speed_kmh": 8.15191},
            {"timestamp": "Sat Feb 04 10:49:36 UTC 2017"}
        ],
        [
            {"location": [[
                {"latitude": 60.023567},
                {"longitude": 11.111676}
            ]]},
            {"altitude": 178},
            {"distance_km": 2.20443},
            {"speed_kmh": 9.97979},
            {"timestamp": "Sat Feb 04 10:49:45 UTC 2017"}
        ],
        [
            {"location": [[
                {"latitude": 60.023462},
                {"longitude": 11.1121}
            ]]},
            {"altitude": 178},
            {"distance_km": 2.23087},
            {"speed_kmh": 10.5093},
            {"timestamp": "Sat Feb 04 10:49:54 UTC 2017"}
        ],
        [
            {"location": [[
                {"latitude": 60.023355},
                {"longitude": 11.112484}
            ]]},
            {"altitude": 178},
            {"distance_km": 2.25532},
            {"speed_kmh": 10.3031},
            {"timestamp": "Sat Feb 04 10:50:03 UTC 2017"}
        ],
        [
            {"location": [[
                {"latitude": 60.02329},
                {"longitude": 11.112705}
            ]]},
            {"altitude": 177},
            {"distance_km": 2.26967},
            {"speed_kmh": 9.65089},
            {"timestamp": "Sat Feb 04 10:50:09 UTC 2017"}
        ],
        [
            {"location": [[
                {"latitude": 60.023302},
                {"longitude": 11.113221}
            ]]},
            {"altitude": 177},
            {"distance_km": 2.29845},
            {"speed_kmh": 8.99692},
            {"timestamp": "Sat Feb 04 10:50:21 UTC 2017"}
        ],
        [
            {"location": [[
                {"latitude": 60.023433},
                {"longitude": 11.113588}
            ]]},
            {"altitude": 178},
            {"distance_km": 2.32357},
            {"speed_kmh": 9.09748},
            {"timestamp": "Sat Feb 04 10:50:30 UTC 2017"}
        ],
        [
            {"location": [[
                {"latitude": 60.023482},
                {"longitude": 11.113692}
            ]]},
            {"altitude": 178},
            {"distance_km": 2.33154},
            {"speed_kmh": 9.40966},
            {"timestamp": "Sat Feb 04 10:50:33 UTC 2017"}
        ],
        [
            {"location": [[
                {"latitude": 60.0236},
                {"longitude": 11.114023}
            ]]},
            {"altitude": 178},
            {"distance_km": 2.3542},
            {"speed_kmh": 9.56626},
            {"timestamp": "Sat Feb 04 10:50:42 UTC 2017"}
        ],
        [
            {"location": [[
                {"latitude": 60.023681},
                {"longitude": 11.114233}
            ]]},
            {"altitude": 182},
            {"distance_km": 2.36898},
            {"speed_kmh": 9.15358},
            {"timestamp": "Sat Feb 04 10:50:48 UTC 2017"}
        ],
        [
            {"location": [[
                {"latitude": 60.023773},
                {"longitude": 11.114641}
            ]]},
            {"altitude": 180},
            {"distance_km": 2.39394},
            {"speed_kmh": 8.96944},
            {"timestamp": "Sat Feb 04 10:50:58 UTC 2017"}
        ],
        [
            {"location": [[
                {"latitude": 60.024002},
                {"longitude": 11.114776}
            ]]},
            {"altitude": 180},
            {"distance_km": 2.4205},
            {"speed_kmh": 9.13483},
            {"timestamp": "Sat Feb 04 10:51:08 UTC 2017"}
        ],
        [
            {"location": [[
                {"latitude": 60.024002},
                {"longitude": 11.114776}
            ]]},
            {"distance_km": 2.4205},
            {"timestamp": "Sat Feb 04 10:51:10 UTC 2017"}
        ],
        [
            {"location": [[
                {"latitude": 60.024002},
                {"longitude": 11.114776}
            ]]},
            {"distance_km": 2.4205},
            {"timestamp": "Sat Feb 04 10:52:51 UTC 2017"}
        ],
        [
            {"location": [[
                {"latitude": 60.024076},
                {"longitude": 11.114848}
            ]]},
            {"altitude": 183},
            {"distance_km": 2.4205},
            {"timestamp": "Sat Feb 04 10:52:52 UTC 2017"}
        ],
        [
            {"location": [[
                {"latitude": 60.024248},
                {"longitude": 11.114804}
            ]]},
            {"altitude": 180},
            {"distance_km": 2.43981},
            {"timestamp": "Sat Feb 04 10:53:13 UTC 2017"}
        ],
        [
            {"location": [[
                {"latitude": 60.024366},
                {"longitude": 11.114803}
            ]]},
            {"altitude": 180},
            {"distance_km": 2.45297},
            {"timestamp": "Sat Feb 04 10:53:17 UTC 2017"}
        ],
        [
            {"location": [[
                {"latitude": 60.024603},
                {"longitude": 11.114802}
            ]]},
            {"altitude": 179},
            {"distance_km": 2.47936},
            {"speed_kmh": 9.01129},
            {"timestamp": "Sat Feb 04 10:53:25 UTC 2017"}
        ],
        [
            {"location": [[
                {"latitude": 60.024703},
                {"longitude": 11.114828}
            ]]},
            {"altitude": 180},
            {"distance_km": 2.49064},
            {"speed_kmh": 12.4072},
            {"timestamp": "Sat Feb 04 10:53:28 UTC 2017"}
        ],
        [
            {"location": [[
                {"latitude": 60.02492},
                {"longitude": 11.114936}
            ]]},
            {"altitude": 179},
            {"distance_km": 2.51553},
            {"speed_kmh": 12.731},
            {"timestamp": "Sat Feb 04 10:53:35 UTC 2017"}
        ],
        [
            {"location": [[
                {"latitude": 60.025034},
                {"longitude": 11.115018}
            ]]},
            {"altitude": 179},
            {"distance_km": 2.52901},
            {"speed_kmh": 12.8152},
            {"timestamp": "Sat Feb 04 10:53:39 UTC 2017"}
        ],
        [
            {"location": [[
                {"latitude": 60.025117},
                {"longitude": 11.115083}
            ]]},
            {"altitude": 179},
            {"distance_km": 2.53902},
            {"speed_kmh": 12.311},
            {"timestamp": "Sat Feb 04 10:53:42 UTC 2017"}
        ],
        [
            {"location": [[
                {"latitude": 60.025294},
                {"longitude": 11.115228}
            ]]},
            {"altitude": 179},
            {"distance_km": 2.56027},
            {"speed_kmh": 11.6849},
            {"timestamp": "Sat Feb 04 10:53:49 UTC 2017"}
        ],
        [
            {"location": [[
                {"latitude": 60.02548},
                {"longitude": 11.115409}
            ]]},
            {"altitude": 181},
            {"distance_km": 2.58337},
            {"speed_kmh": 11.1086},
            {"timestamp": "Sat Feb 04 10:53:57 UTC 2017"}
        ],
        [
            {"location": [[
                {"latitude": 60.025582},
                {"longitude": 11.115538}
            ]]},
            {"altitude": 181},
            {"distance_km": 2.5968},
            {"speed_kmh": 10.3299},
            {"timestamp": "Sat Feb 04 10:54:02 UTC 2017"}
        ],
        [
            {"location": [[
                {"latitude": 60.025781},
                {"longitude": 11.115819}
            ]]},
            {"altitude": 182},
            {"distance_km": 2.62395},
            {"speed_kmh": 9.64943},
            {"timestamp": "Sat Feb 04 10:54:13 UTC 2017"}
        ],
        [
            {"location": [[
                {"latitude": 60.025955},
                {"longitude": 11.11588}
            ]]},
            {"altitude": 180},
            {"distance_km": 2.64366},
            {"speed_kmh": 9.1336},
            {"timestamp": "Sat Feb 04 10:54:21 UTC 2017"}
        ],
        [
            {"location": [[
                {"latitude": 60.026092},
                {"longitude": 11.115778}
            ]]},
            {"altitude": 181},
            {"distance_km": 2.65992},
            {"speed_kmh": 9.17066},
            {"timestamp": "Sat Feb 04 10:54:27 UTC 2017"}
        ],
        [
            {"location": [[
                {"latitude": 60.026184},
                {"longitude": 11.115728}
            ]]},
            {"altitude": 181},
            {"distance_km": 2.6706},
            {"speed_kmh": 9.41293},
            {"timestamp": "Sat Feb 04 10:54:31 UTC 2017"}
        ],
        [
            {"location": [[
                {"latitude": 60.026374},
                {"longitude": 11.115805}
            ]]},
            {"altitude": 182},
            {"distance_km": 2.69216},
            {"speed_kmh": 9.69172},
            {"timestamp": "Sat Feb 04 10:54:39 UTC 2017"}
        ],
        [
            {"location": [[
                {"latitude": 60.026396},
                {"longitude": 11.11613}
            ]]},
            {"altitude": 186},
            {"distance_km": 2.71045},
            {"speed_kmh": 8.43509},
            {"timestamp": "Sat Feb 04 10:54:50 UTC 2017"}
        ],
        [
            {"location": [[
                {"latitude": 60.026233},
                {"longitude": 11.116267}
            ]]},
            {"altitude": 181},
            {"distance_km": 2.73021},
            {"speed_kmh": 7.20525},
            {"timestamp": "Sat Feb 04 10:55:02 UTC 2017"}
        ],
        [
            {"location": [[
                {"latitude": 60.026142},
                {"longitude": 11.116193}
            ]]},
            {"altitude": 185},
            {"distance_km": 2.74114},
            {"timestamp": "Sat Feb 04 10:55:10 UTC 2017"}
        ],
        [
            {"location": [[
                {"latitude": 60.026233},
                {"longitude": 11.116267}
            ]]},
            {"altitude": 181},
            {"distance_km": 2.75208},
            {"timestamp": "Sat Feb 04 10:55:18 UTC 2017"}
        ],
        [
            {"location": [[
                {"latitude": 60.026478},
                {"longitude": 11.116057}
            ]]},
            {"altitude": 185},
            {"distance_km": 2.81152},
            {"speed_kmh": 7.24663},
            {"timestamp": "Sat Feb 04 10:55:27 UTC 2017"}
        ],
        [
            {"location": [[
                {"latitude": 60.026671},
                {"longitude": 11.115989}
            ]]},
            {"altitude": 186},
            {"distance_km": 2.83338},
            {"speed_kmh": 8.88525},
            {"timestamp": "Sat Feb 04 10:55:35 UTC 2017"}
        ],
        [
            {"location": [[
                {"latitude": 60.026899},
                {"longitude": 11.115929}
            ]]},
            {"altitude": 186},
            {"distance_km": 2.85901},
            {"speed_kmh": 10.6681},
            {"timestamp": "Sat Feb 04 10:55:44 UTC 2017"}
        ],
        [
            {"location": [[
                {"latitude": 60.027019},
                {"longitude": 11.115893}
            ]]},
            {"altitude": 185},
            {"distance_km": 2.87254},
            {"speed_kmh": 9.94234},
            {"timestamp": "Sat Feb 04 10:55:49 UTC 2017"}
        ],
        [
            {"location": [[
                {"latitude": 60.027111},
                {"longitude": 11.115871}
            ]]},
            {"altitude": 182},
            {"distance_km": 2.88282},
            {"speed_kmh": 9.74682},
            {"timestamp": "Sat Feb 04 10:55:53 UTC 2017"}
        ],
        [
            {"location": [[
                {"latitude": 60.02724},
                {"longitude": 11.115851}
            ]]},
            {"altitude": 178},
            {"distance_km": 2.89726},
            {"speed_kmh": 9.21255},
            {"timestamp": "Sat Feb 04 10:55:59 UTC 2017"}
        ],
        [
            {"location": [[
                {"latitude": 60.02745},
                {"longitude": 11.115843}
            ]]},
            {"altitude": 183},
            {"distance_km": 2.92067},
            {"speed_kmh": 9.09017},
            {"timestamp": "Sat Feb 04 10:56:08 UTC 2017"}
        ],
        [
            {"location": [[
                {"latitude": 60.027615},
                {"longitude": 11.115951}
            ]]},
            {"altitude": 182},
            {"distance_km": 2.93996},
            {"speed_kmh": 9.29803},
            {"timestamp": "Sat Feb 04 10:56:15 UTC 2017"}
        ],
        [
            {"location": [[
                {"latitude": 60.027836},
                {"longitude": 11.116047}
            ]]},
            {"altitude": 183},
            {"distance_km": 2.96526},
            {"speed_kmh": 9.79854},
            {"timestamp": "Sat Feb 04 10:56:24 UTC 2017"}
        ],
        [
            {"location": [[
                {"latitude": 60.028042},
                {"longitude": 11.115943}
            ]]},
            {"altitude": 179},
            {"distance_km": 2.98883},
            {"speed_kmh": 9.8227},
            {"timestamp": "Sat Feb 04 10:56:33 UTC 2017"}
        ],
        [
            {"location": [[
                {"latitude": 60.028186},
                {"longitude": 11.115872}
            ]]},
            {"altitude": 179},
            {"distance_km": 3.00541},
            {"speed_kmh": 9.84599},
            {"timestamp": "Sat Feb 04 10:56:39 UTC 2017"}
        ],
        [
            {"location": [[
                {"latitude": 60.028379},
                {"longitude": 11.115773}
            ]]},
            {"altitude": 180},
            {"distance_km": 3.02762},
            {"speed_kmh": 9.78881},
            {"timestamp": "Sat Feb 04 10:56:47 UTC 2017"}
        ],
        [
            {"location": [[
                {"latitude": 60.02848},
                {"longitude": 11.115714}
            ]]},
            {"altitude": 180},
            {"distance_km": 3.03932},
            {"speed_kmh": 10.159},
            {"timestamp": "Sat Feb 04 10:56:51 UTC 2017"}
        ],
        [
            {"location": [[
                {"latitude": 60.028723},
                {"longitude": 11.115572}
            ]]},
            {"altitude": 182},
            {"distance_km": 3.0675},
            {"speed_kmh": 10.6006},
            {"timestamp": "Sat Feb 04 10:57:00 UTC 2017"}
        ],
        [
            {"location": [[
                {"latitude": 60.02891},
                {"longitude": 11.115468}
            ]]},
            {"altitude": 182},
            {"distance_km": 3.08915},
            {"speed_kmh": 10.9832},
            {"timestamp": "Sat Feb 04 10:57:07 UTC 2017"}
        ],
        [
            {"location": [[
                {"latitude": 60.028982},
                {"longitude": 11.115417}
            ]]},
            {"altitude": 181},
            {"distance_km": 3.09767},
            {"speed_kmh": 10.8783},
            {"timestamp": "Sat Feb 04 10:57:10 UTC 2017"}
        ],
        [
            {"location": [[
                {"latitude": 60.029175},
                {"longitude": 11.115288}
            ]]},
            {"altitude": 180},
            {"distance_km": 3.12032},
            {"speed_kmh": 10.5127},
            {"timestamp": "Sat Feb 04 10:57:18 UTC 2017"}
        ],
        [
            {"location": [[
                {"latitude": 60.029327},
                {"longitude": 11.115165}
            ]]},
            {"altitude": 174},
            {"distance_km": 3.13865},
            {"speed_kmh": 9.5461},
            {"timestamp": "Sat Feb 04 10:57:26 UTC 2017"}
        ],
        [
            {"location": [[
                {"latitude": 60.029487},
                {"longitude": 11.115068}
            ]]},
            {"altitude": 174},
            {"distance_km": 3.15724},
            {"speed_kmh": 9.31272},
            {"timestamp": "Sat Feb 04 10:57:33 UTC 2017"}
        ],
        [
            {"location": [[
                {"latitude": 60.029706},
                {"longitude": 11.115036}
            ]]},
            {"altitude": 174},
            {"distance_km": 3.18172},
            {"speed_kmh": 9.19926},
            {"timestamp": "Sat Feb 04 10:57:42 UTC 2017"}
        ],
        [
            {"location": [[
                {"latitude": 60.029873},
                {"longitude": 11.115031}
            ]]},
            {"altitude": 174},
            {"distance_km": 3.20026},
            {"speed_kmh": 9.63022},
            {"timestamp": "Sat Feb 04 10:57:49 UTC 2017"}
        ],
        [
            {"location": [[
                {"latitude": 60.030016},
                {"longitude": 11.114938}
            ]]},
            {"altitude": 175},
            {"distance_km": 3.21705},
            {"speed_kmh": 8.97664},
            {"timestamp": "Sat Feb 04 10:57:57 UTC 2017"}
        ],
        [
            {"location": [[
                {"latitude": 60.030016},
                {"longitude": 11.114938}
            ]]},
            {"altitude": 175},
            {"distance_km": 3.21705},
            {"timestamp": "Sat Feb 04 10:58:05 UTC 2017"}
        ],
        [
            {"location": [[
                {"latitude": 60.030016},
                {"longitude": 11.114938}
            ]]},
            {"altitude": 175},
            {"distance_km": 3.21705},
            {"timestamp": "Sat Feb 04 10:58:06 UTC 2017"}
        ],
        [
            {"location": [[
                {"latitude": 60.029986},
                {"longitude": 11.114625}
            ]]},
            {"altitude": 174},
            {"distance_km": 3.25257},
            {"speed_kmh": 2.12887},
            {"timestamp": "Sat Feb 04 10:58:16 UTC 2017"}
        ],
        [
            {"location": [[
                {"latitude": 60.029934},
                {"longitude": 11.114198}
            ]]},
            {"altitude": 172},
            {"distance_km": 3.27705},
            {"speed_kmh": 5.79907},
            {"timestamp": "Sat Feb 04 10:58:24 UTC 2017"}
        ],
        [
            {"location": [[
                {"latitude": 60.029707},
                {"longitude": 11.113893}
            ]]},
            {"altitude": 173},
            {"distance_km": 3.30754},
            {"speed_kmh": 10.3704},
            {"timestamp": "Sat Feb 04 10:58:32 UTC 2017"}
        ],
        [
            {"location": [[
                {"latitude": 60.0295},
                {"longitude": 11.113732}
            ]]},
            {"altitude": 171},
            {"distance_km": 3.33233},
            {"speed_kmh": 12.5188},
            {"timestamp": "Sat Feb 04 10:58:39 UTC 2017"}
        ],
        [
            {"location": [[
                {"latitude": 60.029388},
                {"longitude": 11.113664}
            ]]},
            {"altitude": 170},
            {"distance_km": 3.34535},
            {"speed_kmh": 12.7125},
            {"timestamp": "Sat Feb 04 10:58:43 UTC 2017"}
        ],
        [
            {"location": [[
                {"latitude": 60.029177},
                {"longitude": 11.113503}
            ]]},
            {"altitude": 169},
            {"distance_km": 3.37051},
            {"speed_kmh": 11.9077},
            {"timestamp": "Sat Feb 04 10:58:51 UTC 2017"}
        ],
        [
            {"location": [[
                {"latitude": 60.028964},
                {"longitude": 11.113318}
            ]]},
            {"altitude": 168},
            {"distance_km": 3.3964},
            {"speed_kmh": 11.5409},
            {"timestamp": "Sat Feb 04 10:58:59 UTC 2017"}
        ],
        [
            {"location": [[
                {"latitude": 60.028753},
                {"longitude": 11.11313}
            ]]},
            {"altitude": 167},
            {"distance_km": 3.42213},
            {"speed_kmh": 11.5027},
            {"timestamp": "Sat Feb 04 10:59:07 UTC 2017"}
        ],
        [
            {"location": [[
                {"latitude": 60.028536},
                {"longitude": 11.112901}
            ]]},
            {"altitude": 163},
            {"distance_km": 3.44947},
            {"speed_kmh": 11.4102},
            {"timestamp": "Sat Feb 04 10:59:16 UTC 2017"}
        ],
        [
            {"location": [[
                {"latitude": 60.028413},
                {"longitude": 11.112799}
            ]]},
            {"altitude": 161},
            {"distance_km": 3.46431},
            {"speed_kmh": 11.0412},
            {"timestamp": "Sat Feb 04 10:59:21 UTC 2017"}
        ],
        [
            {"location": [[
                {"latitude": 60.028247},
                {"longitude": 11.112621}
            ]]},
            {"altitude": 161},
            {"distance_km": 3.48528},
            {"speed_kmh": 10.7939},
            {"timestamp": "Sat Feb 04 10:59:28 UTC 2017"}
        ],
        [
            {"location": [[
                {"latitude": 60.028054},
                {"longitude": 11.112434}
            ]]},
            {"altitude": 160},
            {"distance_km": 3.50913},
            {"speed_kmh": 10.6991},
            {"timestamp": "Sat Feb 04 10:59:36 UTC 2017"}
        ],
        [
            {"location": [[
                {"latitude": 60.027873},
                {"longitude": 11.112259}
            ]]},
            {"altitude": 161},
            {"distance_km": 3.53155},
            {"speed_kmh": 10.9965},
            {"timestamp": "Sat Feb 04 10:59:43 UTC 2017"}
        ],
        [
            {"location": [[
                {"latitude": 60.027677},
                {"longitude": 11.112084}
            ]]},
            {"altitude": 162},
            {"distance_km": 3.55545},
            {"speed_kmh": 11.0255},
            {"timestamp": "Sat Feb 04 10:59:51 UTC 2017"}
        ],
        [
            {"location": [[
                {"latitude": 60.027502},
                {"longitude": 11.111932}
            ]]},
            {"altitude": 162},
            {"distance_km": 3.57675},
            {"speed_kmh": 11.0708},
            {"timestamp": "Sat Feb 04 10:59:58 UTC 2017"}
        ],
        [
            {"location": [[
                {"latitude": 60.027361},
                {"longitude": 11.111794}
            ]]},
            {"altitude": 160},
            {"distance_km": 3.59429},
            {"speed_kmh": 10.7424},
            {"timestamp": "Sat Feb 04 11:00:04 UTC 2017"}
        ],
        [
            {"location": [[
                {"latitude": 60.027162},
                {"longitude": 11.111598}
            ]]},
            {"altitude": 161},
            {"distance_km": 3.61893},
            {"speed_kmh": 10.8187},
            {"timestamp": "Sat Feb 04 11:00:12 UTC 2017"}
        ],
        [
            {"location": [[
                {"latitude": 60.026935},
                {"longitude": 11.11137}
            ]]},
            {"altitude": 161},
            {"distance_km": 3.64727},
            {"speed_kmh": 11.0025},
            {"timestamp": "Sat Feb 04 11:00:21 UTC 2017"}
        ],
        [
            {"location": [[
                {"latitude": 60.026819},
                {"longitude": 11.111183}
            ]]},
            {"altitude": 164},
            {"distance_km": 3.66387},
            {"speed_kmh": 11.4235},
            {"timestamp": "Sat Feb 04 11:00:26 UTC 2017"}
        ],
        [
            {"location": [[
                {"latitude": 60.026633},
                {"longitude": 11.11081}
            ]]},
            {"altitude": 163},
            {"distance_km": 3.69324},
            {"speed_kmh": 11.6644},
            {"timestamp": "Sat Feb 04 11:00:35 UTC 2017"}
        ],
        [
            {"location": [[
                {"latitude": 60.026513},
                {"longitude": 11.110523}
            ]]},
            {"altitude": 163},
            {"distance_km": 3.71413},
            {"speed_kmh": 11.4335},
            {"timestamp": "Sat Feb 04 11:00:42 UTC 2017"}
        ],
        [
            {"location": [[
                {"latitude": 60.026384},
                {"longitude": 11.110177}
            ]]},
            {"altitude": 160},
            {"distance_km": 3.73817},
            {"speed_kmh": 11.1278},
            {"timestamp": "Sat Feb 04 11:00:50 UTC 2017"}
        ],
        [
            {"location": [[
                {"latitude": 60.026264},
                {"longitude": 11.109868}
            ]]},
            {"altitude": 166},
            {"distance_km": 3.75991},
            {"speed_kmh": 10.9007},
            {"timestamp": "Sat Feb 04 11:00:57 UTC 2017"}
        ],
        [
            {"location": [[
                {"latitude": 60.026124},
                {"longitude": 11.109557}
            ]]},
            {"altitude": 168},
            {"distance_km": 3.78326},
            {"speed_kmh": 10.8205},
            {"timestamp": "Sat Feb 04 11:01:05 UTC 2017"}
        ],
        [
            {"location": [[
                {"latitude": 60.025992},
                {"longitude": 11.109168}
            ]]},
            {"altitude": 165},
            {"distance_km": 3.80952},
            {"speed_kmh": 10.7387},
            {"timestamp": "Sat Feb 04 11:01:14 UTC 2017"}
        ],
        [
            {"location": [[
                {"latitude": 60.025912},
                {"longitude": 11.108901}
            ]]},
            {"altitude": 165},
            {"distance_km": 3.82685},
            {"speed_kmh": 10.4414},
            {"timestamp": "Sat Feb 04 11:01:20 UTC 2017"}
        ],
        [
            {"location": [[
                {"latitude": 60.025817},
                {"longitude": 11.108522}
            ]]},
            {"altitude": 164},
            {"distance_km": 3.85047},
            {"speed_kmh": 10.1286},
            {"timestamp": "Sat Feb 04 11:01:29 UTC 2017"}
        ],
        [
            {"location": [[
                {"latitude": 60.025773},
                {"longitude": 11.108348}
            ]]},
            {"altitude": 165},
            {"distance_km": 3.86133},
            {"speed_kmh": 9.84818},
            {"timestamp": "Sat Feb 04 11:01:33 UTC 2017"}
        ],
        [
            {"location": [[
                {"latitude": 60.025721},
                {"longitude": 11.10818}
            ]]},
            {"altitude": 166},
            {"distance_km": 3.87232},
            {"speed_kmh": 9.74678},
            {"timestamp": "Sat Feb 04 11:01:37 UTC 2017"}
        ],
        [
            {"location": [[
                {"latitude": 60.02564},
                {"longitude": 11.107923}
            ]]},
            {"altitude": 164},
            {"distance_km": 3.8893},
            {"speed_kmh": 9.94973},
            {"timestamp": "Sat Feb 04 11:01:43 UTC 2017"}
        ],
        [
            {"location": [[
                {"latitude": 60.025516},
                {"longitude": 11.107597}
            ]]},
            {"altitude": 163},
            {"distance_km": 3.91213},
            {"speed_kmh": 10.1112},
            {"timestamp": "Sat Feb 04 11:01:51 UTC 2017"}
        ],
        [
            {"location": [[
                {"latitude": 60.025372},
                {"longitude": 11.107278}
            ]]},
            {"altitude": 164},
            {"distance_km": 3.9361},
            {"speed_kmh": 10.406},
            {"timestamp": "Sat Feb 04 11:01:59 UTC 2017"}
        ],
        [
            {"location": [[
                {"latitude": 60.025317},
                {"longitude": 11.107162}
            ]]},
            {"altitude": 163},
            {"distance_km": 3.94499},
            {"speed_kmh": 10.5923},
            {"timestamp": "Sat Feb 04 11:02:02 UTC 2017"}
        ],
        [
            {"location": [[
                {"latitude": 60.025207},
                {"longitude": 11.106903}
            ]]},
            {"altitude": 168},
            {"distance_km": 3.96394},
            {"speed_kmh": 10.4153},
            {"timestamp": "Sat Feb 04 11:02:09 UTC 2017"}
        ],
        [
            {"location": [[
                {"latitude": 60.025223},
                {"longitude": 11.106658}
            ]]},
            {"altitude": 168},
            {"distance_km": 3.97769},
            {"speed_kmh": 8.87562},
            {"timestamp": "Sat Feb 04 11:02:17 UTC 2017"}
        ],
        [
            {"location": [[
                {"latitude": 60.025139},
                {"longitude": 11.106273}
            ]]},
            {"altitude": 165},
            {"distance_km": 4.00112},
            {"speed_kmh": 7.47061},
            {"timestamp": "Sat Feb 04 11:02:30 UTC 2017"}
        ],
        [
            {"location": [[
                {"latitude": 60.025055},
                {"longitude": 11.105994}
            ]]},
            {"altitude": 168},
            {"distance_km": 4.01925},
            {"speed_kmh": 6.20072},
            {"timestamp": "Sat Feb 04 11:02:41 UTC 2017"}
        ],
        [
            {"location": [[
                {"latitude": 60.024974},
                {"longitude": 11.105356}
            ]]},
            {"altitude": 164},
            {"distance_km": 4.05594},
            {"speed_kmh": 7.29293},
            {"timestamp": "Sat Feb 04 11:02:55 UTC 2017"}
        ],
        [
            {"location": [[
                {"latitude": 60.024957},
                {"longitude": 11.105001}
            ]]},
            {"altitude": 163},
            {"distance_km": 4.07584},
            {"speed_kmh": 9.10168},
            {"timestamp": "Sat Feb 04 11:03:01 UTC 2017"}
        ],
        [
            {"location": [[
                {"latitude": 60.024946},
                {"longitude": 11.104721}
            ]]},
            {"altitude": 163},
            {"distance_km": 4.0915},
            {"speed_kmh": 10.8787},
            {"timestamp": "Sat Feb 04 11:03:06 UTC 2017"}
        ],
        [
            {"location": [[
                {"latitude": 60.024945},
                {"longitude": 11.104565}
            ]]},
            {"altitude": 162},
            {"distance_km": 4.1002},
            {"speed_kmh": 11.2102},
            {"timestamp": "Sat Feb 04 11:03:09 UTC 2017"}
        ],
        [
            {"location": [[
                {"latitude": 60.024937},
                {"longitude": 11.104264}
            ]]},
            {"altitude": 161},
            {"distance_km": 4.11698},
            {"speed_kmh": 9.73932},
            {"timestamp": "Sat Feb 04 11:03:17 UTC 2017"}
        ],
        [
            {"location": [[
                {"latitude": 60.024899},
                {"longitude": 11.103808}
            ]]},
            {"altitude": 163},
            {"distance_km": 4.14277},
            {"speed_kmh": 9.43693},
            {"timestamp": "Sat Feb 04 11:03:26 UTC 2017"}
        ],
        [
            {"location": [[
                {"latitude": 60.024757},
                {"longitude": 11.103622}
            ]]},
            {"altitude": 161},
            {"distance_km": 4.16164},
            {"speed_kmh": 8.78678},
            {"timestamp": "Sat Feb 04 11:03:34 UTC 2017"}
        ],
        [
            {"location": [[
                {"latitude": 60.024709},
                {"longitude": 11.103348}
            ]]},
            {"altitude": 161},
            {"distance_km": 4.17785},
            {"speed_kmh": 9.51788},
            {"timestamp": "Sat Feb 04 11:03:40 UTC 2017"}
        ],
        [
            {"location": [[
                {"latitude": 60.024519},
                {"longitude": 11.103071}
            ]]},
            {"altitude": 159},
            {"distance_km": 4.204},
            {"speed_kmh": 8.68448},
            {"timestamp": "Sat Feb 04 11:03:52 UTC 2017"}
        ],
        [
            {"location": [[
                {"latitude": 60.02447},
                {"longitude": 11.103235}
            ]]},
            {"altitude": 162},
            {"distance_km": 4.21466},
            {"speed_kmh": 7.68455},
            {"timestamp": "Sat Feb 04 11:03:59 UTC 2017"}
        ],
        [
            {"location": [[
                {"latitude": 60.024316},
                {"longitude": 11.103612}
            ]]},
            {"altitude": 164},
            {"distance_km": 4.2418},
            {"speed_kmh": 7.40396},
            {"timestamp": "Sat Feb 04 11:04:10 UTC 2017"}
        ],
        [
            {"location": [[
                {"latitude": 60.024187},
                {"longitude": 11.103927}
            ]]},
            {"altitude": 164},
            {"distance_km": 4.26453},
            {"speed_kmh": 8.17722},
            {"timestamp": "Sat Feb 04 11:04:18 UTC 2017"}
        ],
        [
            {"location": [[
                {"latitude": 60.024013},
                {"longitude": 11.104362}
            ]]},
            {"altitude": 164},
            {"distance_km": 4.29552},
            {"speed_kmh": 9.74598},
            {"timestamp": "Sat Feb 04 11:04:29 UTC 2017"}
        ],
        [
            {"location": [[
                {"latitude": 60.023936},
                {"longitude": 11.104655}
            ]]},
            {"altitude": 163},
            {"distance_km": 4.31403},
            {"speed_kmh": 9.54321},
            {"timestamp": "Sat Feb 04 11:04:37 UTC 2017"}
        ],
        [
            {"location": [[
                {"latitude": 60.023936},
                {"longitude": 11.104655}
            ]]},
            {"altitude": 163},
            {"distance_km": 4.31403},
            {"timestamp": "Sat Feb 04 11:04:44 UTC 2017"}
        ],
        [
            {"location": [[
                {"latitude": 60.023851},
                {"longitude": 11.104837}
            ]]},
            {"altitude": 164},
            {"distance_km": 4.34183},
            {"timestamp": "Sat Feb 04 11:04:48 UTC 2017"}
        ],
        [
            {"location": [[
                {"latitude": 60.023675},
                {"longitude": 11.10521}
            ]]},
            {"altitude": 164},
            {"distance_km": 4.37039},
            {"speed_kmh": 7.23775},
            {"timestamp": "Sat Feb 04 11:04:59 UTC 2017"}
        ],
        [
            {"location": [[
                {"latitude": 60.023612},
                {"longitude": 11.105644}
            ]]},
            {"altitude": 161},
            {"distance_km": 4.39559},
            {"speed_kmh": 11.0172},
            {"timestamp": "Sat Feb 04 11:05:07 UTC 2017"}
        ],
        [
            {"location": [[
                {"latitude": 60.023578},
                {"longitude": 11.106004}
            ]]},
            {"altitude": 162},
            {"distance_km": 4.41599},
            {"speed_kmh": 10.4081},
            {"timestamp": "Sat Feb 04 11:05:14 UTC 2017"}
        ],
        [
            {"location": [[
                {"latitude": 60.023556},
                {"longitude": 11.10646}
            ]]},
            {"altitude": 161},
            {"distance_km": 4.44152},
            {"speed_kmh": 10.3371},
            {"timestamp": "Sat Feb 04 11:05:24 UTC 2017"}
        ],
        [
            {"location": [[
                {"latitude": 60.023556},
                {"longitude": 11.10646}
            ]]},
            {"distance_km": 4.44152},
            {"timestamp": "Sat Feb 04 11:05:30 UTC 2017"}
        ],
        [
            {"location": [[
                {"latitude": 60.023556},
                {"longitude": 11.10646}
            ]]},
            {"distance_km": 4.44152},
            {"timestamp": "Sat Feb 04 11:05:51 UTC 2017"}
        ],
        [
            {"location": [[
                {"latitude": 60.023547},
                {"longitude": 11.106702}
            ]]},
            {"altitude": 161},
            {"distance_km": 4.44152},
            {"speed_kmh": 10.3371},
            {"timestamp": "Sat Feb 04 11:05:52 UTC 2017"}
        ],
        [
            {"location": [[
                {"latitude": 60.023545},
                {"longitude": 11.107031}
            ]]},
            {"altitude": 158},
            {"distance_km": 4.45987},
            {"speed_kmh": 10.3371},
            {"timestamp": "Sat Feb 04 11:06:02 UTC 2017"}
        ],
        [
            {"location": [[
                {"latitude": 60.023565},
                {"longitude": 11.10756}
            ]]},
            {"altitude": 159},
            {"distance_km": 4.48946},
            {"speed_kmh": 10.3371},
            {"timestamp": "Sat Feb 04 11:06:12 UTC 2017"}
        ],
        [
            {"location": [[
                {"latitude": 60.023619},
                {"longitude": 11.107918}
            ]]},
            {"altitude": 160},
            {"distance_km": 4.51029},
            {"speed_kmh": 8.8813},
            {"timestamp": "Sat Feb 04 11:06:20 UTC 2017"}
        ],
        [
            {"location": [[
                {"latitude": 60.023648},
                {"longitude": 11.108294}
            ]]},
            {"altitude": 159},
            {"distance_km": 4.53147},
            {"speed_kmh": 9.50984},
            {"timestamp": "Sat Feb 04 11:06:29 UTC 2017"}
        ],
        [
            {"location": [[
                {"latitude": 60.023607},
                {"longitude": 11.108731}
            ]]},
            {"altitude": 161},
            {"distance_km": 4.55627},
            {"speed_kmh": 8.92911},
            {"timestamp": "Sat Feb 04 11:06:39 UTC 2017"}
        ],
        [
            {"location": [[
                {"latitude": 60.023553},
                {"longitude": 11.109029}
            ]]},
            {"altitude": 162},
            {"distance_km": 4.57398},
            {"speed_kmh": 8.81106},
            {"timestamp": "Sat Feb 04 11:06:46 UTC 2017"}
        ],
        [
            {"location": [[
                {"latitude": 60.023583},
                {"longitude": 11.109347}
            ]]},
            {"altitude": 162},
            {"distance_km": 4.592},
            {"speed_kmh": 8.1598},
            {"timestamp": "Sat Feb 04 11:06:56 UTC 2017"}
        ],
        [
            {"location": [[
                {"latitude": 60.023744},
                {"longitude": 11.10959}
            ]]},
            {"altitude": 166},
            {"distance_km": 4.61452},
            {"speed_kmh": 6.87284},
            {"timestamp": "Sat Feb 04 11:07:12 UTC 2017"}
        ],
        [
            {"location": [[
                {"latitude": 60.023942},
                {"longitude": 11.109846}
            ]]},
            {"altitude": 178},
            {"distance_km": 4.64074},
            {"speed_kmh": 5.51861},
            {"timestamp": "Sat Feb 04 11:07:31 UTC 2017"}
        ],
        [
            {"location": [[
                {"latitude": 60.023934},
                {"longitude": 11.110104}
            ]]},
            {"altitude": 173},
            {"distance_km": 4.65519},
            {"speed_kmh": 4.58524},
            {"timestamp": "Sat Feb 04 11:07:45 UTC 2017"}
        ],
        [
            {"location": [[
                {"latitude": 60.023834},
                {"longitude": 11.110606}
            ]]},
            {"altitude": 172},
            {"distance_km": 4.68529},
            {"speed_kmh": 5.6711},
            {"timestamp": "Sat Feb 04 11:07:58 UTC 2017"}
        ],
        [
            {"location": [[
                {"latitude": 60.023724},
                {"longitude": 11.111022}
            ]]},
            {"altitude": 175},
            {"distance_km": 4.71151},
            {"speed_kmh": 7.93365},
            {"timestamp": "Sat Feb 04 11:08:06 UTC 2017"}
        ],
        [
            {"location": [[
                {"latitude": 60.023613},
                {"longitude": 11.111434}
            ]]},
            {"altitude": 176},
            {"distance_km": 4.73762},
            {"speed_kmh": 10.6272},
            {"timestamp": "Sat Feb 04 11:08:14 UTC 2017"}
        ],
        [
            {"location": [[
                {"latitude": 60.023534},
                {"longitude": 11.11174}
            ]]},
            {"altitude": 176},
            {"distance_km": 4.75683},
            {"speed_kmh": 11.6848},
            {"timestamp": "Sat Feb 04 11:08:20 UTC 2017"}
        ],
        [
            {"location": [[
                {"latitude": 60.023453},
                {"longitude": 11.112094}
            ]]},
            {"altitude": 178},
            {"distance_km": 4.77851},
            {"speed_kmh": 11.4809},
            {"timestamp": "Sat Feb 04 11:08:27 UTC 2017"}
        ],
        [
            {"location": [[
                {"latitude": 60.023363},
                {"longitude": 11.112408}
            ]]},
            {"altitude": 179},
            {"distance_km": 4.79869},
            {"speed_kmh": 10.9843},
            {"timestamp": "Sat Feb 04 11:08:34 UTC 2017"}
        ],
        [
            {"location": [[
                {"latitude": 60.023252},
                {"longitude": 11.112756}
            ]]},
            {"altitude": 180},
            {"distance_km": 4.82169},
            {"speed_kmh": 10.6118},
            {"timestamp": "Sat Feb 04 11:08:42 UTC 2017"}
        ],
        [
            {"location": [[
                {"latitude": 60.023217},
                {"longitude": 11.113076}
            ]]},
            {"altitude": 177},
            {"distance_km": 4.83995},
            {"speed_kmh": 10.0124},
            {"timestamp": "Sat Feb 04 11:08:49 UTC 2017"}
        ],
        [
            {"location": [[
                {"latitude": 60.023372},
                {"longitude": 11.113422}
            ]]},
            {"altitude": 174},
            {"distance_km": 4.86584},
            {"speed_kmh": 9.40609},
            {"timestamp": "Sat Feb 04 11:09:00 UTC 2017"}
        ],
        [
            {"location": [[
                {"latitude": 60.023547},
                {"longitude": 11.113824}
            ]]},
            {"altitude": 177},
            {"distance_km": 4.89562},
            {"speed_kmh": 9.53779},
            {"timestamp": "Sat Feb 04 11:09:10 UTC 2017"}
        ],
        [
            {"location": [[
                {"latitude": 60.023604},
                {"longitude": 11.113976}
            ]]},
            {"altitude": 178},
            {"distance_km": 4.90616},
            {"speed_kmh": 10.6342},
            {"timestamp": "Sat Feb 04 11:09:13 UTC 2017"}
        ],
        [
            {"location": [[
                {"latitude": 60.023719},
                {"longitude": 11.114314}
            ]]},
            {"altitude": 181},
            {"distance_km": 4.92896},
            {"speed_kmh": 12.3603},
            {"timestamp": "Sat Feb 04 11:09:19 UTC 2017"}
        ],
        [
            {"location": [[
                {"latitude": 60.023805},
                {"longitude": 11.114694}
            ]]},
            {"altitude": 182},
            {"distance_km": 4.95221},
            {"speed_kmh": 13.4306},
            {"timestamp": "Sat Feb 04 11:09:25 UTC 2017"}
        ],
        [
            {"location": [[
                {"latitude": 60.023951},
                {"longitude": 11.114861}
            ]]},
            {"altitude": 182},
            {"distance_km": 4.97102},
            {"speed_kmh": 12.9683},
            {"timestamp": "Sat Feb 04 11:09:31 UTC 2017"}
        ],
        [
            {"location": [[
                {"latitude": 60.024132},
                {"longitude": 11.115011}
            ]]},
            {"altitude": 184},
            {"distance_km": 4.99283},
            {"speed_kmh": 11.0331},
            {"timestamp": "Sat Feb 04 11:09:41 UTC 2017"}
        ],
        [
            {"location": [[
                {"latitude": 60.024132},
                {"longitude": 11.115011}
            ]]},
            {"distance_km": 4.99283},
            {"timestamp": "Sat Feb 04 11:09:42 UTC 2017"}
        ],
        [
            {"location": [[
                {"latitude": 60.024132},
                {"longitude": 11.115011}
            ]]},
            {"distance_km": 4.99283},
            {"timestamp": "Sat Feb 04 11:10:07 UTC 2017"}
        ]
    ]},
    {"routes": [[
        {"identifier": 868210237},
        {"name": "2 x Gåshølet"}
    ]]}
]