[
    {"sport": "RUNNING"},
    {"source": "TRACK_MOBILE"},
    {"created_date": "2017-08-29 19:34:38.0"},
    {"start_time": "2017-08-29 18:29:32.0"},
    {"end_time": "2017-08-29 19:13:32.0"},
    {"duration_s": 2085},
    {"distance_km": 5.169439792633057},
    {"calories_kcal": 325},
    {"altitude_min_m": 136},
    {"altitude_max_m": 176},
    {"speed_avg_kmh": 8.925651440517509},
    {"speed_max_kmh": 12.46},
    {"hydration_l": 0.200786},
    {"ascend_m": 57},
    {"descend_m": 60},
    {"points": [
        [
            {"location": [[
                {"latitude": 59.953651},
                {"longitude": 11.064879}
            ]]},
            {"distance_km": 0},
            {"timestamp": "Tue Aug 29 18:29:32 UTC 2017"}
        ],
        [
            {"location": [[
                {"latitude": 59.953651},
                {"longitude": 11.064879}
            ]]},
            {"altitude": 148},
            {"distance_km": 0},
            {"timestamp": "Tue Aug 29 18:29:34 UTC 2017"}
        ],
        [
            {"location": [[
                {"latitude": 59.953718},
                {"longitude": 11.065101}
            ]]},
            {"altitude": 150},
            {"distance_km": 0.028999},
            {"timestamp": "Tue Aug 29 18:29:43 UTC 2017"}
        ],
        [
            {"location": [[
                {"latitude": 59.953805},
                {"longitude": 11.065527}
            ]]},
            {"altitude": 151},
            {"distance_km": 0.054672},
            {"timestamp": "Tue Aug 29 18:29:56 UTC 2017"}
        ],
        [
            {"location": [[
                {"latitude": 59.953855},
                {"longitude": 11.065902}
            ]]},
            {"altitude": 151},
            {"distance_km": 0.076357},
            {"speed_kmh": 6.30374},
            {"timestamp": "Tue Aug 29 18:30:09 UTC 2017"}
        ],
        [
            {"location": [[
                {"latitude": 59.953873},
                {"longitude": 11.066281}
            ]]},
            {"altitude": 153},
            {"distance_km": 0.097612},
            {"speed_kmh": 7.20685},
            {"timestamp": "Tue Aug 29 18:30:18 UTC 2017"}
        ],
        [
            {"location": [[
                {"latitude": 59.953903},
                {"longitude": 11.066488}
            ]]},
            {"altitude": 158},
            {"distance_km": 0.109677},
            {"speed_kmh": 6.64413},
            {"timestamp": "Tue Aug 29 18:30:26 UTC 2017"}
        ],
        [
            {"location": [[
                {"latitude": 59.95397},
                {"longitude": 11.067013}
            ]]},
            {"altitude": 152},
            {"distance_km": 0.139944},
            {"speed_kmh": 7.2377},
            {"timestamp": "Tue Aug 29 18:30:40 UTC 2017"}
        ],
        [
            {"location": [[
                {"latitude": 59.954034},
                {"longitude": 11.067341}
            ]]},
            {"altitude": 152},
            {"distance_km": 0.159656},
            {"speed_kmh": 7.0306},
            {"timestamp": "Tue Aug 29 18:30:49 UTC 2017"}
        ],
        [
            {"location": [[
                {"latitude": 59.95402},
                {"longitude": 11.067616}
            ]]},
            {"altitude": 150},
            {"distance_km": 0.175059},
            {"speed_kmh": 8.91684},
            {"timestamp": "Tue Aug 29 18:30:54 UTC 2017"}
        ],
        [
            {"location": [[
                {"latitude": 59.954098},
                {"longitude": 11.067962}
            ]]},
            {"altitude": 151},
            {"distance_km": 0.196292},
            {"speed_kmh": 9.5071},
            {"timestamp": "Tue Aug 29 18:31:02 UTC 2017"}
        ],
        [
            {"location": [[
                {"latitude": 59.954221},
                {"longitude": 11.068298}
            ]]},
            {"altitude": 149},
            {"distance_km": 0.219512},
            {"speed_kmh": 9.97772},
            {"timestamp": "Tue Aug 29 18:31:11 UTC 2017"}
        ],
        [
            {"location": [[
                {"latitude": 59.954319},
                {"longitude": 11.068433}
            ]]},
            {"altitude": 147},
            {"distance_km": 0.232811},
            {"speed_kmh": 9.47712},
            {"timestamp": "Tue Aug 29 18:31:16 UTC 2017"}
        ],
        [
            {"location": [[
                {"latitude": 59.954437},
                {"longitude": 11.068664}
            ]]},
            {"altitude": 148},
            {"distance_km": 0.251193},
            {"speed_kmh": 9.02788},
            {"timestamp": "Tue Aug 29 18:31:24 UTC 2017"}
        ],
        [
            {"location": [[
                {"latitude": 59.954557},
                {"longitude": 11.069028}
            ]]},
            {"altitude": 148},
            {"distance_km": 0.275534},
            {"speed_kmh": 9.19693},
            {"timestamp": "Tue Aug 29 18:31:33 UTC 2017"}
        ],
        [
            {"location": [[
                {"latitude": 59.954625},
                {"longitude": 11.069229}
            ]]},
            {"altitude": 148},
            {"distance_km": 0.28907},
            {"speed_kmh": 9.24858},
            {"timestamp": "Tue Aug 29 18:31:38 UTC 2017"}
        ],
        [
            {"location": [[
                {"latitude": 59.954786},
                {"longitude": 11.069443}
            ]]},
            {"altitude": 146},
            {"distance_km": 0.310636},
            {"speed_kmh": 10.2095},
            {"timestamp": "Tue Aug 29 18:31:45 UTC 2017"}
        ],
        [
            {"location": [[
                {"latitude": 59.954889},
                {"longitude": 11.06944}
            ]]},
            {"altitude": 148},
            {"distance_km": 0.322171},
            {"speed_kmh": 9.7089},
            {"timestamp": "Tue Aug 29 18:31:50 UTC 2017"}
        ],
        [
            {"location": [[
                {"latitude": 59.955039},
                {"longitude": 11.069585}
            ]]},
            {"altitude": 150},
            {"distance_km": 0.34068},
            {"speed_kmh": 8.9307},
            {"timestamp": "Tue Aug 29 18:31:59 UTC 2017"}
        ],
        [
            {"location": [[
                {"latitude": 59.955233},
                {"longitude": 11.06975}
            ]]},
            {"altitude": 152},
            {"distance_km": 0.3642},
            {"speed_kmh": 7.80273},
            {"timestamp": "Tue Aug 29 18:32:10 UTC 2017"}
        ],
        [
            {"location": [[
                {"latitude": 59.955451},
                {"longitude": 11.069654}
            ]]},
            {"altitude": 151},
            {"distance_km": 0.38903},
            {"speed_kmh": 8.01225},
            {"timestamp": "Tue Aug 29 18:32:20 UTC 2017"}
        ],
        [
            {"location": [[
                {"latitude": 59.955572},
                {"longitude": 11.069619}
            ]]},
            {"altitude": 150},
            {"distance_km": 0.402728},
            {"speed_kmh": 8.83475},
            {"timestamp": "Tue Aug 29 18:32:25 UTC 2017"}
        ],
        [
            {"location": [[
                {"latitude": 59.95574},
                {"longitude": 11.069658}
            ]]},
            {"altitude": 153},
            {"distance_km": 0.421589},
            {"speed_kmh": 8.32411},
            {"timestamp": "Tue Aug 29 18:32:36 UTC 2017"}
        ],
        [
            {"location": [[
                {"latitude": 59.955801},
                {"longitude": 11.070155}
            ]]},
            {"altitude": 155},
            {"distance_km": 0.450143},
            {"speed_kmh": 8.19838},
            {"timestamp": "Tue Aug 29 18:32:48 UTC 2017"}
        ],
        [
            {"location": [[
                {"latitude": 59.955878},
                {"longitude": 11.070578}
            ]]},
            {"altitude": 156},
            {"distance_km": 0.475281},
            {"speed_kmh": 7.65585},
            {"timestamp": "Tue Aug 29 18:32:59 UTC 2017"}
        ],
        [
            {"location": [[
                {"latitude": 59.955917},
                {"longitude": 11.071064}
            ]]},
            {"altitude": 154},
            {"distance_km": 0.502797},
            {"speed_kmh": 9.26256},
            {"timestamp": "Tue Aug 29 18:33:08 UTC 2017"}
        ],
        [
            {"location": [[
                {"latitude": 59.955938},
                {"longitude": 11.071457}
            ]]},
            {"altitude": 151},
            {"distance_km": 0.524867},
            {"speed_kmh": 9.71983},
            {"timestamp": "Tue Aug 29 18:33:16 UTC 2017"}
        ],
        [
            {"location": [[
                {"latitude": 59.955989},
                {"longitude": 11.07183}
            ]]},
            {"altitude": 151},
            {"distance_km": 0.546476},
            {"speed_kmh": 8.97051},
            {"timestamp": "Tue Aug 29 18:33:29 UTC 2017"}
        ],
        [
            {"location": [[
                {"latitude": 59.956346},
                {"longitude": 11.071936}
            ]]},
            {"altitude": 150},
            {"distance_km": 0.586723},
            {"speed_kmh": 7.98865},
            {"timestamp": "Tue Aug 29 18:33:47 UTC 2017"}
        ],
        [
            {"location": [[
                {"latitude": 59.956511},
                {"longitude": 11.07222}
            ]]},
            {"altitude": 149},
            {"distance_km": 0.610965},
            {"speed_kmh": 7.90952},
            {"timestamp": "Tue Aug 29 18:33:56 UTC 2017"}
        ],
        [
            {"location": [[
                {"latitude": 59.95672},
                {"longitude": 11.072369}
            ]]},
            {"altitude": 150},
            {"distance_km": 0.635735},
            {"speed_kmh": 8.88793},
            {"timestamp": "Tue Aug 29 18:34:06 UTC 2017"}
        ],
        [
            {"location": [[
                {"latitude": 59.956952},
                {"longitude": 11.072571}
            ]]},
            {"altitude": 146},
            {"distance_km": 0.663893},
            {"speed_kmh": 9.95869},
            {"timestamp": "Tue Aug 29 18:34:15 UTC 2017"}
        ],
        [
            {"location": [[
                {"latitude": 59.957144},
                {"longitude": 11.072735}
            ]]},
            {"altitude": 145},
            {"distance_km": 0.687157},
            {"speed_kmh": 10.2165},
            {"timestamp": "Tue Aug 29 18:34:23 UTC 2017"}
        ],
        [
            {"location": [[
                {"latitude": 59.957363},
                {"longitude": 11.072898}
            ]]},
            {"altitude": 146},
            {"distance_km": 0.713226},
            {"speed_kmh": 10.719},
            {"timestamp": "Tue Aug 29 18:34:32 UTC 2017"}
        ],
        [
            {"location": [[
                {"latitude": 59.957584},
                {"longitude": 11.07306}
            ]]},
            {"altitude": 143},
            {"distance_km": 0.739393},
            {"speed_kmh": 10.4569},
            {"timestamp": "Tue Aug 29 18:34:41 UTC 2017"}
        ],
        [
            {"location": [[
                {"latitude": 59.957722},
                {"longitude": 11.073155}
            ]]},
            {"altitude": 144},
            {"distance_km": 0.75576},
            {"speed_kmh": 10.885},
            {"timestamp": "Tue Aug 29 18:34:46 UTC 2017"}
        ],
        [
            {"location": [[
                {"latitude": 59.957891},
                {"longitude": 11.073263}
            ]]},
            {"altitude": 145},
            {"distance_km": 0.775472},
            {"speed_kmh": 10.7864},
            {"timestamp": "Tue Aug 29 18:34:53 UTC 2017"}
        ],
        [
            {"location": [[
                {"latitude": 59.958113},
                {"longitude": 11.073403}
            ]]},
            {"altitude": 147},
            {"distance_km": 0.801438},
            {"speed_kmh": 10.7606},
            {"timestamp": "Tue Aug 29 18:35:02 UTC 2017"}
        ],
        [
            {"location": [[
                {"latitude": 59.958287},
                {"longitude": 11.073431}
            ]]},
            {"altitude": 148},
            {"distance_km": 0.820888},
            {"speed_kmh": 10.1784},
            {"timestamp": "Tue Aug 29 18:35:09 UTC 2017"}
        ],
        [
            {"location": [[
                {"latitude": 59.958513},
                {"longitude": 11.073406}
            ]]},
            {"altitude": 148},
            {"distance_km": 0.846113},
            {"speed_kmh": 9.82516},
            {"timestamp": "Tue Aug 29 18:35:19 UTC 2017"}
        ],
        [
            {"location": [[
                {"latitude": 59.958707},
                {"longitude": 11.073431}
            ]]},
            {"altitude": 150},
            {"distance_km": 0.86772},
            {"speed_kmh": 9.60293},
            {"timestamp": "Tue Aug 29 18:35:27 UTC 2017"}
        ],
        [
            {"location": [[
                {"latitude": 59.958844},
                {"longitude": 11.073405}
            ]]},
            {"altitude": 149},
            {"distance_km": 0.883112},
            {"speed_kmh": 9.34988},
            {"timestamp": "Tue Aug 29 18:35:33 UTC 2017"}
        ],
        [
            {"location": [[
                {"latitude": 59.959051},
                {"longitude": 11.073399}
            ]]},
            {"altitude": 148},
            {"distance_km": 0.906174},
            {"speed_kmh": 9.39776},
            {"timestamp": "Tue Aug 29 18:35:42 UTC 2017"}
        ],
        [
            {"location": [[
                {"latitude": 59.959266},
                {"longitude": 11.073382}
            ]]},
            {"altitude": 147},
            {"distance_km": 0.930168},
            {"speed_kmh": 9.35388},
            {"timestamp": "Tue Aug 29 18:35:51 UTC 2017"}
        ],
        [
            {"location": [[
                {"latitude": 59.959394},
                {"longitude": 11.073399}
            ]]},
            {"altitude": 147},
            {"distance_km": 0.944366},
            {"speed_kmh": 8.70841},
            {"timestamp": "Tue Aug 29 18:35:58 UTC 2017"}
        ],
        [
            {"location": [[
                {"latitude": 59.959543},
                {"longitude": 11.073401}
            ]]},
            {"altitude": 149},
            {"distance_km": 0.961025},
            {"speed_kmh": 8.96405},
            {"timestamp": "Tue Aug 29 18:36:04 UTC 2017"}
        ],
        [
            {"location": [[
                {"latitude": 59.959713},
                {"longitude": 11.073509}
            ]]},
            {"altitude": 148},
            {"distance_km": 0.980921},
            {"speed_kmh": 8.41432},
            {"timestamp": "Tue Aug 29 18:36:13 UTC 2017"}
        ],
        [
            {"location": [[
                {"latitude": 59.959597},
                {"longitude": 11.073946}
            ]]},
            {"altitude": 148},
            {"distance_km": 1.00854},
            {"speed_kmh": 8.74353},
            {"timestamp": "Tue Aug 29 18:36:25 UTC 2017"}
        ],
        [
            {"location": [[
                {"latitude": 59.959513},
                {"longitude": 11.074219}
            ]]},
            {"altitude": 152},
            {"distance_km": 1.02645},
            {"speed_kmh": 8.09996},
            {"timestamp": "Tue Aug 29 18:36:33 UTC 2017"}
        ],
        [
            {"location": [[
                {"latitude": 59.959404},
                {"longitude": 11.074606}
            ]]},
            {"altitude": 150},
            {"distance_km": 1.05125},
            {"speed_kmh": 8.42806},
            {"timestamp": "Tue Aug 29 18:36:43 UTC 2017"}
        ],
        [
            {"location": [[
                {"latitude": 59.959322},
                {"longitude": 11.074973}
            ]]},
            {"altitude": 148},
            {"distance_km": 1.07368},
            {"speed_kmh": 10.1444},
            {"timestamp": "Tue Aug 29 18:36:49 UTC 2017"}
        ],
        [
            {"location": [[
                {"latitude": 59.959256},
                {"longitude": 11.075223}
            ]]},
            {"altitude": 151},
            {"distance_km": 1.08946},
            {"speed_kmh": 10.163},
            {"timestamp": "Tue Aug 29 18:36:56 UTC 2017"}
        ],
        [
            {"location": [[
                {"latitude": 59.959189},
                {"longitude": 11.075635}
            ]]},
            {"altitude": 152},
            {"distance_km": 1.1137},
            {"speed_kmh": 9.83047},
            {"timestamp": "Tue Aug 29 18:37:07 UTC 2017"}
        ],
        [
            {"location": [[
                {"latitude": 59.959136},
                {"longitude": 11.075899}
            ]]},
            {"altitude": 154},
            {"distance_km": 1.12959},
            {"speed_kmh": 8.52923},
            {"timestamp": "Tue Aug 29 18:37:13 UTC 2017"}
        ],
        [
            {"location": [[
                {"latitude": 59.959081},
                {"longitude": 11.076143}
            ]]},
            {"altitude": 153},
            {"distance_km": 1.14451},
            {"speed_kmh": 9.40082},
            {"timestamp": "Tue Aug 29 18:37:18 UTC 2017"}
        ],
        [
            {"location": [[
                {"latitude": 59.958981},
                {"longitude": 11.076577}
            ]]},
            {"altitude": 150},
            {"distance_km": 1.17119},
            {"speed_kmh": 10.3123},
            {"timestamp": "Tue Aug 29 18:37:27 UTC 2017"}
        ],
        [
            {"location": [[
                {"latitude": 59.958884},
                {"longitude": 11.077049}
            ]]},
            {"altitude": 150},
            {"distance_km": 1.19971},
            {"speed_kmh": 10.5559},
            {"timestamp": "Tue Aug 29 18:37:37 UTC 2017"}
        ],
        [
            {"location": [[
                {"latitude": 59.958826},
                {"longitude": 11.077319}
            ]]},
            {"altitude": 147},
            {"distance_km": 1.21607},
            {"speed_kmh": 10.2538},
            {"timestamp": "Tue Aug 29 18:37:43 UTC 2017"}
        ],
        [
            {"location": [[
                {"latitude": 59.958742},
                {"longitude": 11.077512}
            ]]},
            {"altitude": 151},
            {"distance_km": 1.23037},
            {"speed_kmh": 8.84231},
            {"timestamp": "Tue Aug 29 18:37:51 UTC 2017"}
        ],
        [
            {"location": [[
                {"latitude": 59.958623},
                {"longitude": 11.078006}
            ]]},
            {"altitude": 149},
            {"distance_km": 1.26098},
            {"speed_kmh": 9.08996},
            {"timestamp": "Tue Aug 29 18:38:01 UTC 2017"}
        ],
        [
            {"location": [[
                {"latitude": 59.958554},
                {"longitude": 11.078333}
            ]]},
            {"altitude": 151},
            {"distance_km": 1.28082},
            {"speed_kmh": 9.21806},
            {"timestamp": "Tue Aug 29 18:38:08 UTC 2017"}
        ],
        [
            {"location": [[
                {"latitude": 59.958498},
                {"longitude": 11.078673}
            ]]},
            {"altitude": 152},
            {"distance_km": 1.30081},
            {"speed_kmh": 10.0693},
            {"timestamp": "Tue Aug 29 18:38:16 UTC 2017"}
        ],
        [
            {"location": [[
                {"latitude": 59.958356},
                {"longitude": 11.078909}
            ]]},
            {"altitude": 148},
            {"distance_km": 1.3214},
            {"speed_kmh": 9.14406},
            {"timestamp": "Tue Aug 29 18:38:25 UTC 2017"}
        ],
        [
            {"location": [[
                {"latitude": 59.958181},
                {"longitude": 11.079071}
            ]]},
            {"altitude": 148},
            {"distance_km": 1.34292},
            {"speed_kmh": 8.6142},
            {"timestamp": "Tue Aug 29 18:38:34 UTC 2017"}
        ],
        [
            {"location": [[
                {"latitude": 59.958041},
                {"longitude": 11.07926}
            ]]},
            {"altitude": 150},
            {"distance_km": 1.36177},
            {"speed_kmh": 8.44429},
            {"timestamp": "Tue Aug 29 18:38:42 UTC 2017"}
        ],
        [
            {"location": [[
                {"latitude": 59.957901},
                {"longitude": 11.079385}
            ]]},
            {"altitude": 150},
            {"distance_km": 1.37886},
            {"speed_kmh": 7.74917},
            {"timestamp": "Tue Aug 29 18:38:52 UTC 2017"}
        ],
        [
            {"location": [[
                {"latitude": 59.957901},
                {"longitude": 11.079385}
            ]]},
            {"altitude": 150},
            {"distance_km": 1.37886},
            {"timestamp": "Tue Aug 29 18:38:58 UTC 2017"}
        ],
        [
            {"location": [[
                {"latitude": 59.957901},
                {"longitude": 11.079385}
            ]]},
            {"altitude": 150},
            {"distance_km": 1.37886},
            {"timestamp": "Tue Aug 29 18:38:59 UTC 2017"}
        ],
        [
            {"location": [[
                {"latitude": 59.957835},
                {"longitude": 11.079644}
            ]]},
            {"altitude": 149},
            {"distance_km": 1.41122},
            {"speed_kmh": 0.647227},
            {"timestamp": "Tue Aug 29 18:39:29 UTC 2017"}
        ],
        [
            {"location": [[
                {"latitude": 59.957794},
                {"longitude": 11.079984}
            ]]},
            {"altitude": 149},
            {"distance_km": 1.43077},
            {"speed_kmh": 3.56575},
            {"timestamp": "Tue Aug 29 18:39:37 UTC 2017"}
        ],
        [
            {"location": [[
                {"latitude": 59.957761},
                {"longitude": 11.08042}
            ]]},
            {"altitude": 147},
            {"distance_km": 1.45544},
            {"speed_kmh": 6.53561},
            {"timestamp": "Tue Aug 29 18:39:47 UTC 2017"}
        ],
        [
            {"location": [[
                {"latitude": 59.95773},
                {"longitude": 11.080703}
            ]]},
            {"altitude": 149},
            {"distance_km": 1.47163},
            {"speed_kmh": 8.31706},
            {"timestamp": "Tue Aug 29 18:39:55 UTC 2017"}
        ],
        [
            {"location": [[
                {"latitude": 59.957691},
                {"longitude": 11.08115}
            ]]},
            {"altitude": 149},
            {"distance_km": 1.49697},
            {"speed_kmh": 9.7355},
            {"timestamp": "Tue Aug 29 18:40:02 UTC 2017"}
        ],
        [
            {"location": [[
                {"latitude": 59.957645},
                {"longitude": 11.081556}
            ]]},
            {"altitude": 150},
            {"distance_km": 1.52022},
            {"speed_kmh": 11.4136},
            {"timestamp": "Tue Aug 29 18:40:08 UTC 2017"}
        ],
        [
            {"location": [[
                {"latitude": 59.95756},
                {"longitude": 11.081939}
            ]]},
            {"altitude": 146},
            {"distance_km": 1.5436},
            {"speed_kmh": 12.46},
            {"timestamp": "Tue Aug 29 18:40:16 UTC 2017"}
        ],
        [
            {"location": [[
                {"latitude": 59.957459},
                {"longitude": 11.082354}
            ]]},
            {"altitude": 147},
            {"distance_km": 1.56937},
            {"speed_kmh": 11.2277},
            {"timestamp": "Tue Aug 29 18:40:26 UTC 2017"}
        ],
        [
            {"location": [[
                {"latitude": 59.957359},
                {"longitude": 11.082811}
            ]]},
            {"altitude": 146},
            {"distance_km": 1.59725},
            {"speed_kmh": 10.2978},
            {"timestamp": "Tue Aug 29 18:40:35 UTC 2017"}
        ],
        [
            {"location": [[
                {"latitude": 59.957296},
                {"longitude": 11.083145}
            ]]},
            {"altitude": 146},
            {"distance_km": 1.61718},
            {"speed_kmh": 9.81264},
            {"timestamp": "Tue Aug 29 18:40:43 UTC 2017"}
        ],
        [
            {"location": [[
                {"latitude": 59.957205},
                {"longitude": 11.083516}
            ]]},
            {"altitude": 146},
            {"distance_km": 1.64025},
            {"speed_kmh": 10.1677},
            {"timestamp": "Tue Aug 29 18:40:51 UTC 2017"}
        ],
        [
            {"location": [[
                {"latitude": 59.957092},
                {"longitude": 11.083902}
            ]]},
            {"altitude": 147},
            {"distance_km": 1.66523},
            {"speed_kmh": 9.79774},
            {"timestamp": "Tue Aug 29 18:41:00 UTC 2017"}
        ],
        [
            {"location": [[
                {"latitude": 59.95701},
                {"longitude": 11.084213}
            ]]},
            {"altitude": 148},
            {"distance_km": 1.68485},
            {"speed_kmh": 10.7006},
            {"timestamp": "Tue Aug 29 18:41:06 UTC 2017"}
        ],
        [
            {"location": [[
                {"latitude": 59.956978},
                {"longitude": 11.084626}
            ]]},
            {"altitude": 144},
            {"distance_km": 1.7082},
            {"speed_kmh": 10.7333},
            {"timestamp": "Tue Aug 29 18:41:14 UTC 2017"}
        ],
        [
            {"location": [[
                {"latitude": 59.95696},
                {"longitude": 11.085079}
            ]]},
            {"altitude": 145},
            {"distance_km": 1.73361},
            {"speed_kmh": 10.7831},
            {"timestamp": "Tue Aug 29 18:41:23 UTC 2017"}
        ],
        [
            {"location": [[
                {"latitude": 59.956967},
                {"longitude": 11.085425}
            ]]},
            {"altitude": 147},
            {"distance_km": 1.7529},
            {"speed_kmh": 10.218},
            {"timestamp": "Tue Aug 29 18:41:30 UTC 2017"}
        ],
        [
            {"location": [[
                {"latitude": 59.956935},
                {"longitude": 11.085824}
            ]]},
            {"altitude": 144},
            {"distance_km": 1.77552},
            {"speed_kmh": 9.72421},
            {"timestamp": "Tue Aug 29 18:41:39 UTC 2017"}
        ],
        [
            {"location": [[
                {"latitude": 59.956916},
                {"longitude": 11.086275}
            ]]},
            {"altitude": 148},
            {"distance_km": 1.8008},
            {"speed_kmh": 9.69525},
            {"timestamp": "Tue Aug 29 18:41:48 UTC 2017"}
        ],
        [
            {"location": [[
                {"latitude": 59.95693},
                {"longitude": 11.086721}
            ]]},
            {"altitude": 147},
            {"distance_km": 1.82572},
            {"speed_kmh": 9.70849},
            {"timestamp": "Tue Aug 29 18:41:57 UTC 2017"}
        ],
        [
            {"location": [[
                {"latitude": 59.956957},
                {"longitude": 11.086967}
            ]]},
            {"altitude": 149},
            {"distance_km": 1.83982},
            {"speed_kmh": 10.0506},
            {"timestamp": "Tue Aug 29 18:42:02 UTC 2017"}
        ],
        [
            {"location": [[
                {"latitude": 59.957025},
                {"longitude": 11.087406}
            ]]},
            {"altitude": 151},
            {"distance_km": 1.86548},
            {"speed_kmh": 10.1266},
            {"timestamp": "Tue Aug 29 18:42:11 UTC 2017"}
        ],
        [
            {"location": [[
                {"latitude": 59.957145},
                {"longitude": 11.087566}
            ]]},
            {"altitude": 148},
            {"distance_km": 1.88159},
            {"speed_kmh": 10.0183},
            {"timestamp": "Tue Aug 29 18:42:17 UTC 2017"}
        ],
        [
            {"location": [[
                {"latitude": 59.957264},
                {"longitude": 11.087624}
            ]]},
            {"altitude": 147},
            {"distance_km": 1.89516},
            {"speed_kmh": 9.91882},
            {"timestamp": "Tue Aug 29 18:42:22 UTC 2017"}
        ],
        [
            {"location": [[
                {"latitude": 59.957461},
                {"longitude": 11.087692}
            ]]},
            {"altitude": 146},
            {"distance_km": 1.91744},
            {"speed_kmh": 9.44167},
            {"timestamp": "Tue Aug 29 18:42:31 UTC 2017"}
        ],
        [
            {"location": [[
                {"latitude": 59.95771},
                {"longitude": 11.087699}
            ]]},
            {"altitude": 147},
            {"distance_km": 1.94523},
            {"speed_kmh": 9.24817},
            {"timestamp": "Tue Aug 29 18:42:42 UTC 2017"}
        ],
        [
            {"location": [[
                {"latitude": 59.957899},
                {"longitude": 11.087624}
            ]]},
            {"altitude": 152},
            {"distance_km": 1.96665},
            {"speed_kmh": 9.19699},
            {"timestamp": "Tue Aug 29 18:42:50 UTC 2017"}
        ],
        [
            {"location": [[
                {"latitude": 59.958119},
                {"longitude": 11.087492}
            ]]},
            {"altitude": 147},
            {"distance_km": 1.99229},
            {"speed_kmh": 9.04123},
            {"timestamp": "Tue Aug 29 18:43:01 UTC 2017"}
        ],
        [
            {"location": [[
                {"latitude": 59.958347},
                {"longitude": 11.087385}
            ]]},
            {"altitude": 145},
            {"distance_km": 2.01835},
            {"speed_kmh": 9.47252},
            {"timestamp": "Tue Aug 29 18:43:10 UTC 2017"}
        ],
        [
            {"location": [[
                {"latitude": 59.958587},
                {"longitude": 11.087321}
            ]]},
            {"altitude": 148},
            {"distance_km": 2.04541},
            {"speed_kmh": 9.53525},
            {"timestamp": "Tue Aug 29 18:43:20 UTC 2017"}
        ],
        [
            {"location": [[
                {"latitude": 59.958747},
                {"longitude": 11.087281}
            ]]},
            {"altitude": 149},
            {"distance_km": 2.06328},
            {"speed_kmh": 10.2865},
            {"timestamp": "Tue Aug 29 18:43:26 UTC 2017"}
        ],
        [
            {"location": [[
                {"latitude": 59.958959},
                {"longitude": 11.087295}
            ]]},
            {"altitude": 150},
            {"distance_km": 2.08699},
            {"speed_kmh": 9.9797},
            {"timestamp": "Tue Aug 29 18:43:35 UTC 2017"}
        ],
        [
            {"location": [[
                {"latitude": 59.959186},
                {"longitude": 11.087276}
            ]]},
            {"altitude": 148},
            {"distance_km": 2.11225},
            {"speed_kmh": 9.73136},
            {"timestamp": "Tue Aug 29 18:43:45 UTC 2017"}
        ],
        [
            {"location": [[
                {"latitude": 59.959388},
                {"longitude": 11.087247}
            ]]},
            {"altitude": 151},
            {"distance_km": 2.13485},
            {"speed_kmh": 9.59991},
            {"timestamp": "Tue Aug 29 18:43:53 UTC 2017"}
        ],
        [
            {"location": [[
                {"latitude": 59.959548},
                {"longitude": 11.087255}
            ]]},
            {"altitude": 151},
            {"distance_km": 2.1527},
            {"speed_kmh": 10.0001},
            {"timestamp": "Tue Aug 29 18:43:59 UTC 2017"}
        ],
        [
            {"location": [[
                {"latitude": 59.95975},
                {"longitude": 11.087305}
            ]]},
            {"altitude": 152},
            {"distance_km": 2.17535},
            {"speed_kmh": 10.0167},
            {"timestamp": "Tue Aug 29 18:44:08 UTC 2017"}
        ],
        [
            {"location": [[
                {"latitude": 59.959944},
                {"longitude": 11.087431}
            ]]},
            {"altitude": 150},
            {"distance_km": 2.19806},
            {"speed_kmh": 9.61044},
            {"timestamp": "Tue Aug 29 18:44:17 UTC 2017"}
        ],
        [
            {"location": [[
                {"latitude": 59.960187},
                {"longitude": 11.087619}
            ]]},
            {"altitude": 151},
            {"distance_km": 2.22709},
            {"speed_kmh": 9.91888},
            {"timestamp": "Tue Aug 29 18:44:26 UTC 2017"}
        ],
        [
            {"location": [[
                {"latitude": 59.960376},
                {"longitude": 11.087777}
            ]]},
            {"altitude": 154},
            {"distance_km": 2.24998},
            {"speed_kmh": 9.95034},
            {"timestamp": "Tue Aug 29 18:44:35 UTC 2017"}
        ],
        [
            {"location": [[
                {"latitude": 59.960599},
                {"longitude": 11.088008}
            ]]},
            {"altitude": 156},
            {"distance_km": 2.27798},
            {"speed_kmh": 10.2855},
            {"timestamp": "Tue Aug 29 18:44:45 UTC 2017"}
        ],
        [
            {"location": [[
                {"latitude": 59.960774},
                {"longitude": 11.088178}
            ]]},
            {"altitude": 156},
            {"distance_km": 2.29958},
            {"speed_kmh": 9.29409},
            {"timestamp": "Tue Aug 29 18:44:54 UTC 2017"}
        ],
        [
            {"location": [[
                {"latitude": 59.960855},
                {"longitude": 11.088298}
            ]]},
            {"altitude": 154},
            {"distance_km": 2.31086},
            {"speed_kmh": 8.49777},
            {"timestamp": "Tue Aug 29 18:45:00 UTC 2017"}
        ],
        [
            {"location": [[
                {"latitude": 59.961101},
                {"longitude": 11.088484}
            ]]},
            {"altitude": 152},
            {"distance_km": 2.34022},
            {"speed_kmh": 9.04798},
            {"timestamp": "Tue Aug 29 18:45:09 UTC 2017"}
        ],
        [
            {"location": [[
                {"latitude": 59.961272},
                {"longitude": 11.088629}
            ]]},
            {"altitude": 152},
            {"distance_km": 2.36086},
            {"speed_kmh": 9.26834},
            {"timestamp": "Tue Aug 29 18:45:17 UTC 2017"}
        ],
        [
            {"location": [[
                {"latitude": 59.961487},
                {"longitude": 11.088631}
            ]]},
            {"altitude": 146},
            {"distance_km": 2.38484},
            {"speed_kmh": 11.1183},
            {"timestamp": "Tue Aug 29 18:45:24 UTC 2017"}
        ],
        [
            {"location": [[
                {"latitude": 59.96168},
                {"longitude": 11.08846}
            ]]},
            {"altitude": 144},
            {"distance_km": 2.4084},
            {"speed_kmh": 11.2444},
            {"timestamp": "Tue Aug 29 18:45:31 UTC 2017"}
        ],
        [
            {"location": [[
                {"latitude": 59.961892},
                {"longitude": 11.088325}
            ]]},
            {"altitude": 148},
            {"distance_km": 2.43315},
            {"speed_kmh": 11.446},
            {"timestamp": "Tue Aug 29 18:45:40 UTC 2017"}
        ],
        [
            {"location": [[
                {"latitude": 59.962108},
                {"longitude": 11.088186}
            ]]},
            {"altitude": 144},
            {"distance_km": 2.45849},
            {"speed_kmh": 10.7171},
            {"timestamp": "Tue Aug 29 18:45:49 UTC 2017"}
        ],
        [
            {"location": [[
                {"latitude": 59.962294},
                {"longitude": 11.08807}
            ]]},
            {"altitude": 145},
            {"distance_km": 2.48013},
            {"speed_kmh": 9.56396},
            {"timestamp": "Tue Aug 29 18:45:58 UTC 2017"}
        ],
        [
            {"location": [[
                {"latitude": 59.96248},
                {"longitude": 11.088024}
            ]]},
            {"altitude": 145},
            {"distance_km": 2.50106},
            {"speed_kmh": 9.40019},
            {"timestamp": "Tue Aug 29 18:46:06 UTC 2017"}
        ],
        [
            {"location": [[
                {"latitude": 59.962671},
                {"longitude": 11.088064}
            ]]},
            {"altitude": 147},
            {"distance_km": 2.52246},
            {"speed_kmh": 9.23491},
            {"timestamp": "Tue Aug 29 18:46:14 UTC 2017"}
        ],
        [
            {"location": [[
                {"latitude": 59.962792},
                {"longitude": 11.088079}
            ]]},
            {"altitude": 146},
            {"distance_km": 2.53591},
            {"speed_kmh": 9.04042},
            {"timestamp": "Tue Aug 29 18:46:20 UTC 2017"}
        ],
        [
            {"location": [[
                {"latitude": 59.963008},
                {"longitude": 11.088165}
            ]]},
            {"altitude": 146},
            {"distance_km": 2.56049},
            {"speed_kmh": 9.17982},
            {"timestamp": "Tue Aug 29 18:46:29 UTC 2017"}
        ],
        [
            {"location": [[
                {"latitude": 59.963124},
                {"longitude": 11.088205}
            ]]},
            {"altitude": 147},
            {"distance_km": 2.57357},
            {"speed_kmh": 8.58215},
            {"timestamp": "Tue Aug 29 18:46:35 UTC 2017"}
        ],
        [
            {"location": [[
                {"latitude": 59.96334},
                {"longitude": 11.088266}
            ]]},
            {"altitude": 146},
            {"distance_km": 2.59785},
            {"speed_kmh": 9.5435},
            {"timestamp": "Tue Aug 29 18:46:43 UTC 2017"}
        ],
        [
            {"location": [[
                {"latitude": 59.963536},
                {"longitude": 11.088287}
            ]]},
            {"altitude": 142},
            {"distance_km": 2.61979},
            {"speed_kmh": 10.6412},
            {"timestamp": "Tue Aug 29 18:46:49 UTC 2017"}
        ],
        [
            {"location": [[
                {"latitude": 59.963741},
                {"longitude": 11.088264}
            ]]},
            {"altitude": 148},
            {"distance_km": 2.64265},
            {"speed_kmh": 10.9908},
            {"timestamp": "Tue Aug 29 18:46:58 UTC 2017"}
        ],
        [
            {"location": [[
                {"latitude": 59.963751},
                {"longitude": 11.087788}
            ]]},
            {"altitude": 145},
            {"distance_km": 2.66928},
            {"speed_kmh": 10.0605},
            {"timestamp": "Tue Aug 29 18:47:10 UTC 2017"}
        ],
        [
            {"location": [[
                {"latitude": 59.963565},
                {"longitude": 11.087511}
            ]]},
            {"altitude": 145},
            {"distance_km": 2.6952},
            {"speed_kmh": 8.79615},
            {"timestamp": "Tue Aug 29 18:47:20 UTC 2017"}
        ],
        [
            {"location": [[
                {"latitude": 59.963417},
                {"longitude": 11.087347}
            ]]},
            {"altitude": 147},
            {"distance_km": 2.71403},
            {"speed_kmh": 8.65377},
            {"timestamp": "Tue Aug 29 18:47:28 UTC 2017"}
        ],
        [
            {"location": [[
                {"latitude": 59.963214},
                {"longitude": 11.087265}
            ]]},
            {"altitude": 144},
            {"distance_km": 2.73716},
            {"speed_kmh": 9.02168},
            {"timestamp": "Tue Aug 29 18:47:37 UTC 2017"}
        ],
        [
            {"location": [[
                {"latitude": 59.963128},
                {"longitude": 11.087249}
            ]]},
            {"altitude": 141},
            {"distance_km": 2.7467},
            {"speed_kmh": 9.71618},
            {"timestamp": "Tue Aug 29 18:47:40 UTC 2017"}
        ],
        [
            {"location": [[
                {"latitude": 59.963042},
                {"longitude": 11.087227}
            ]]},
            {"altitude": 140},
            {"distance_km": 2.7564},
            {"speed_kmh": 10.7883},
            {"timestamp": "Tue Aug 29 18:47:43 UTC 2017"}
        ],
        [
            {"location": [[
                {"latitude": 59.962858},
                {"longitude": 11.087199}
            ]]},
            {"altitude": 136},
            {"distance_km": 2.77698},
            {"speed_kmh": 11.2242},
            {"timestamp": "Tue Aug 29 18:47:50 UTC 2017"}
        ],
        [
            {"location": [[
                {"latitude": 59.962683},
                {"longitude": 11.0872}
            ]]},
            {"altitude": 139},
            {"distance_km": 2.79646},
            {"speed_kmh": 11.3067},
            {"timestamp": "Tue Aug 29 18:47:56 UTC 2017"}
        ],
        [
            {"location": [[
                {"latitude": 59.962481},
                {"longitude": 11.08722}
            ]]},
            {"altitude": 141},
            {"distance_km": 2.81894},
            {"speed_kmh": 10.7877},
            {"timestamp": "Tue Aug 29 18:48:04 UTC 2017"}
        ],
        [
            {"location": [[
                {"latitude": 59.962359},
                {"longitude": 11.087248}
            ]]},
            {"altitude": 139},
            {"distance_km": 2.83264},
            {"speed_kmh": 10.5504},
            {"timestamp": "Tue Aug 29 18:48:09 UTC 2017"}
        ],
        [
            {"location": [[
                {"latitude": 59.962151},
                {"longitude": 11.087225}
            ]]},
            {"altitude": 138},
            {"distance_km": 2.85586},
            {"speed_kmh": 9.75621},
            {"timestamp": "Tue Aug 29 18:48:18 UTC 2017"}
        ],
        [
            {"location": [[
                {"latitude": 59.96195},
                {"longitude": 11.087153}
            ]]},
            {"altitude": 138},
            {"distance_km": 2.87858},
            {"speed_kmh": 9.4109},
            {"timestamp": "Tue Aug 29 18:48:27 UTC 2017"}
        ],
        [
            {"location": [[
                {"latitude": 59.961742},
                {"longitude": 11.087111}
            ]]},
            {"altitude": 139},
            {"distance_km": 2.90189},
            {"speed_kmh": 9.23373},
            {"timestamp": "Tue Aug 29 18:48:36 UTC 2017"}
        ],
        [
            {"location": [[
                {"latitude": 59.961593},
                {"longitude": 11.087014}
            ]]},
            {"altitude": 141},
            {"distance_km": 2.91942},
            {"speed_kmh": 9.14189},
            {"timestamp": "Tue Aug 29 18:48:43 UTC 2017"}
        ],
        [
            {"location": [[
                {"latitude": 59.961366},
                {"longitude": 11.086834}
            ]]},
            {"altitude": 143},
            {"distance_km": 2.94656},
            {"speed_kmh": 9.07536},
            {"timestamp": "Tue Aug 29 18:48:54 UTC 2017"}
        ],
        [
            {"location": [[
                {"latitude": 59.961224},
                {"longitude": 11.086677}
            ]]},
            {"altitude": 142},
            {"distance_km": 2.96463},
            {"speed_kmh": 9.0653},
            {"timestamp": "Tue Aug 29 18:49:01 UTC 2017"}
        ],
        [
            {"location": [[
                {"latitude": 59.961043},
                {"longitude": 11.086389}
            ]]},
            {"altitude": 143},
            {"distance_km": 2.99044},
            {"speed_kmh": 9.50075},
            {"timestamp": "Tue Aug 29 18:49:10 UTC 2017"}
        ],
        [
            {"location": [[
                {"latitude": 59.960892},
                {"longitude": 11.086146}
            ]]},
            {"altitude": 145},
            {"distance_km": 3.0121},
            {"speed_kmh": 9.78871},
            {"timestamp": "Tue Aug 29 18:49:18 UTC 2017"}
        ],
        [
            {"location": [[
                {"latitude": 59.960781},
                {"longitude": 11.085879}
            ]]},
            {"altitude": 146},
            {"distance_km": 3.03144},
            {"speed_kmh": 10.0061},
            {"timestamp": "Tue Aug 29 18:49:25 UTC 2017"}
        ],
        [
            {"location": [[
                {"latitude": 59.960655},
                {"longitude": 11.085565}
            ]]},
            {"altitude": 147},
            {"distance_km": 3.05391},
            {"speed_kmh": 9.93792},
            {"timestamp": "Tue Aug 29 18:49:33 UTC 2017"}
        ],
        [
            {"location": [[
                {"latitude": 59.960569},
                {"longitude": 11.085334}
            ]]},
            {"altitude": 150},
            {"distance_km": 3.07002},
            {"speed_kmh": 9.444},
            {"timestamp": "Tue Aug 29 18:49:40 UTC 2017"}
        ],
        [
            {"location": [[
                {"latitude": 59.960451},
                {"longitude": 11.084871}
            ]]},
            {"altitude": 151},
            {"distance_km": 3.09902},
            {"speed_kmh": 9.29304},
            {"timestamp": "Tue Aug 29 18:49:51 UTC 2017"}
        ],
        [
            {"location": [[
                {"latitude": 59.96038},
                {"longitude": 11.084471}
            ]]},
            {"altitude": 152},
            {"distance_km": 3.1227},
            {"speed_kmh": 9.08054},
            {"timestamp": "Tue Aug 29 18:50:00 UTC 2017"}
        ],
        [
            {"location": [[
                {"latitude": 59.960293},
                {"longitude": 11.084056}
            ]]},
            {"altitude": 150},
            {"distance_km": 3.14787},
            {"speed_kmh": 9.68186},
            {"timestamp": "Tue Aug 29 18:50:09 UTC 2017"}
        ],
        [
            {"location": [[
                {"latitude": 59.960261},
                {"longitude": 11.08391}
            ]]},
            {"altitude": 149},
            {"distance_km": 3.15679},
            {"speed_kmh": 10.0727},
            {"timestamp": "Tue Aug 29 18:50:12 UTC 2017"}
        ],
        [
            {"location": [[
                {"latitude": 59.960209},
                {"longitude": 11.083539}
            ]]},
            {"altitude": 149},
            {"distance_km": 3.17829},
            {"speed_kmh": 10.0449},
            {"timestamp": "Tue Aug 29 18:50:20 UTC 2017"}
        ],
        [
            {"location": [[
                {"latitude": 59.960192},
                {"longitude": 11.083101}
            ]]},
            {"altitude": 147},
            {"distance_km": 3.20285},
            {"speed_kmh": 10.0529},
            {"timestamp": "Tue Aug 29 18:50:29 UTC 2017"}
        ],
        [
            {"location": [[
                {"latitude": 59.960166},
                {"longitude": 11.082597}
            ]]},
            {"altitude": 146},
            {"distance_km": 3.23111},
            {"speed_kmh": 9.8898},
            {"timestamp": "Tue Aug 29 18:50:39 UTC 2017"}
        ],
        [
            {"location": [[
                {"latitude": 59.960169},
                {"longitude": 11.082248}
            ]]},
            {"altitude": 147},
            {"distance_km": 3.25064},
            {"speed_kmh": 10.1101},
            {"timestamp": "Tue Aug 29 18:50:46 UTC 2017"}
        ],
        [
            {"location": [[
                {"latitude": 59.960186},
                {"longitude": 11.081913}
            ]]},
            {"altitude": 146},
            {"distance_km": 3.26943},
            {"speed_kmh": 10.4609},
            {"timestamp": "Tue Aug 29 18:50:52 UTC 2017"}
        ],
        [
            {"location": [[
                {"latitude": 59.960205},
                {"longitude": 11.081539}
            ]]},
            {"altitude": 144},
            {"distance_km": 3.29043},
            {"speed_kmh": 10.2403},
            {"timestamp": "Tue Aug 29 18:51:00 UTC 2017"}
        ],
        [
            {"location": [[
                {"latitude": 59.960264},
                {"longitude": 11.081148}
            ]]},
            {"altitude": 147},
            {"distance_km": 3.31325},
            {"speed_kmh": 9.93392},
            {"timestamp": "Tue Aug 29 18:51:09 UTC 2017"}
        ],
        [
            {"location": [[
                {"latitude": 59.960326},
                {"longitude": 11.080803}
            ]]},
            {"altitude": 146},
            {"distance_km": 3.33373},
            {"speed_kmh": 9.28732},
            {"timestamp": "Tue Aug 29 18:51:17 UTC 2017"}
        ],
        [
            {"location": [[
                {"latitude": 59.960406},
                {"longitude": 11.080348}
            ]]},
            {"altitude": 152},
            {"distance_km": 3.36066},
            {"speed_kmh": 9.34952},
            {"timestamp": "Tue Aug 29 18:51:27 UTC 2017"}
        ],
        [
            {"location": [[
                {"latitude": 59.960465},
                {"longitude": 11.080074}
            ]]},
            {"altitude": 152},
            {"distance_km": 3.37733},
            {"speed_kmh": 9.63493},
            {"timestamp": "Tue Aug 29 18:51:33 UTC 2017"}
        ],
        [
            {"location": [[
                {"latitude": 59.960531},
                {"longitude": 11.079793}
            ]]},
            {"altitude": 154},
            {"distance_km": 3.39466},
            {"speed_kmh": 10.0332},
            {"timestamp": "Tue Aug 29 18:51:39 UTC 2017"}
        ],
        [
            {"location": [[
                {"latitude": 59.960591},
                {"longitude": 11.079603}
            ]]},
            {"altitude": 152},
            {"distance_km": 3.4072},
            {"speed_kmh": 9.80452},
            {"timestamp": "Tue Aug 29 18:51:44 UTC 2017"}
        ],
        [
            {"location": [[
                {"latitude": 59.960672},
                {"longitude": 11.079322}
            ]]},
            {"altitude": 149},
            {"distance_km": 3.42537},
            {"speed_kmh": 10.107},
            {"timestamp": "Tue Aug 29 18:51:50 UTC 2017"}
        ],
        [
            {"location": [[
                {"latitude": 59.960787},
                {"longitude": 11.079046}
            ]]},
            {"altitude": 147},
            {"distance_km": 3.44538},
            {"speed_kmh": 10.0666},
            {"timestamp": "Tue Aug 29 18:51:57 UTC 2017"}
        ],
        [
            {"location": [[
                {"latitude": 59.960906},
                {"longitude": 11.078707}
            ]]},
            {"altitude": 148},
            {"distance_km": 3.46849},
            {"speed_kmh": 10.5297},
            {"timestamp": "Tue Aug 29 18:52:05 UTC 2017"}
        ],
        [
            {"location": [[
                {"latitude": 59.960975},
                {"longitude": 11.078504}
            ]]},
            {"altitude": 148},
            {"distance_km": 3.48217},
            {"speed_kmh": 10.1633},
            {"timestamp": "Tue Aug 29 18:52:10 UTC 2017"}
        ],
        [
            {"location": [[
                {"latitude": 59.961168},
                {"longitude": 11.07817}
            ]]},
            {"altitude": 145},
            {"distance_km": 3.51062},
            {"speed_kmh": 9.84717},
            {"timestamp": "Tue Aug 29 18:52:21 UTC 2017"}
        ],
        [
            {"location": [[
                {"latitude": 59.961315},
                {"longitude": 11.077966}
            ]]},
            {"altitude": 146},
            {"distance_km": 3.5306},
            {"speed_kmh": 9.80136},
            {"timestamp": "Tue Aug 29 18:52:28 UTC 2017"}
        ],
        [
            {"location": [[
                {"latitude": 59.961446},
                {"longitude": 11.077813}
            ]]},
            {"altitude": 149},
            {"distance_km": 3.54751},
            {"speed_kmh": 9.07469},
            {"timestamp": "Tue Aug 29 18:52:36 UTC 2017"}
        ],
        [
            {"location": [[
                {"latitude": 59.961536},
                {"longitude": 11.077543}
            ]]},
            {"altitude": 153},
            {"distance_km": 3.56568},
            {"speed_kmh": 8.38315},
            {"timestamp": "Tue Aug 29 18:52:45 UTC 2017"}
        ],
        [
            {"location": [[
                {"latitude": 59.961544},
                {"longitude": 11.077448}
            ]]},
            {"altitude": 154},
            {"distance_km": 3.57103},
            {"timestamp": "Tue Aug 29 18:52:48 UTC 2017"}
        ],
        [
            {"location": [[
                {"latitude": 59.961634},
                {"longitude": 11.07725}
            ]]},
            {"altitude": 155},
            {"distance_km": 3.60559},
            {"timestamp": "Tue Aug 29 18:52:59 UTC 2017"}
        ],
        [
            {"location": [[
                {"latitude": 59.961841},
                {"longitude": 11.076933}
            ]]},
            {"altitude": 159},
            {"distance_km": 3.63468},
            {"speed_kmh": 6.68412},
            {"timestamp": "Tue Aug 29 18:53:11 UTC 2017"}
        ],
        [
            {"location": [[
                {"latitude": 59.961917},
                {"longitude": 11.076764}
            ]]},
            {"altitude": 164},
            {"distance_km": 3.64733},
            {"speed_kmh": 6.6887},
            {"timestamp": "Tue Aug 29 18:53:18 UTC 2017"}
        ],
        [
            {"location": [[
                {"latitude": 59.962115},
                {"longitude": 11.076508}
            ]]},
            {"altitude": 170},
            {"distance_km": 3.67364},
            {"speed_kmh": 7.50016},
            {"timestamp": "Tue Aug 29 18:53:31 UTC 2017"}
        ],
        [
            {"location": [[
                {"latitude": 59.96234},
                {"longitude": 11.076317}
            ]]},
            {"altitude": 176},
            {"distance_km": 3.70089},
            {"speed_kmh": 7.85821},
            {"timestamp": "Tue Aug 29 18:53:41 UTC 2017"}
        ],
        [
            {"location": [[
                {"latitude": 59.962483},
                {"longitude": 11.076054}
            ]]},
            {"altitude": 168},
            {"distance_km": 3.72253},
            {"speed_kmh": 8.95379},
            {"timestamp": "Tue Aug 29 18:53:49 UTC 2017"}
        ],
        [
            {"location": [[
                {"latitude": 59.96269},
                {"longitude": 11.07575}
            ]]},
            {"altitude": 165},
            {"distance_km": 3.75116},
            {"speed_kmh": 9.95424},
            {"timestamp": "Tue Aug 29 18:53:59 UTC 2017"}
        ],
        [
            {"location": [[
                {"latitude": 59.962841},
                {"longitude": 11.075502}
            ]]},
            {"altitude": 168},
            {"distance_km": 3.77303},
            {"speed_kmh": 9.60217},
            {"timestamp": "Tue Aug 29 18:54:08 UTC 2017"}
        ],
        [
            {"location": [[
                {"latitude": 59.962934},
                {"longitude": 11.075285}
            ]]},
            {"altitude": 165},
            {"distance_km": 3.7889},
            {"speed_kmh": 8.73556},
            {"timestamp": "Tue Aug 29 18:54:16 UTC 2017"}
        ],
        [
            {"location": [[
                {"latitude": 59.963048},
                {"longitude": 11.074918}
            ]]},
            {"altitude": 157},
            {"distance_km": 3.81306},
            {"speed_kmh": 8.51622},
            {"timestamp": "Tue Aug 29 18:54:25 UTC 2017"}
        ],
        [
            {"location": [[
                {"latitude": 59.963229},
                {"longitude": 11.074591}
            ]]},
            {"altitude": 163},
            {"distance_km": 3.84026},
            {"speed_kmh": 8.31994},
            {"timestamp": "Tue Aug 29 18:54:37 UTC 2017"}
        ],
        [
            {"location": [[
                {"latitude": 59.963352},
                {"longitude": 11.074411}
            ]]},
            {"altitude": 166},
            {"distance_km": 3.85723},
            {"speed_kmh": 8.84808},
            {"timestamp": "Tue Aug 29 18:54:44 UTC 2017"}
        ],
        [
            {"location": [[
                {"latitude": 59.963441},
                {"longitude": 11.074205}
            ]]},
            {"altitude": 159},
            {"distance_km": 3.87246},
            {"speed_kmh": 9.28538},
            {"timestamp": "Tue Aug 29 18:54:49 UTC 2017"}
        ],
        [
            {"location": [[
                {"latitude": 59.963571},
                {"longitude": 11.073937}
            ]]},
            {"altitude": 160},
            {"distance_km": 3.89329},
            {"speed_kmh": 9.68578},
            {"timestamp": "Tue Aug 29 18:54:57 UTC 2017"}
        ],
        [
            {"location": [[
                {"latitude": 59.963742},
                {"longitude": 11.073507}
            ]]},
            {"altitude": 155},
            {"distance_km": 3.92396},
            {"speed_kmh": 10.8692},
            {"timestamp": "Tue Aug 29 18:55:06 UTC 2017"}
        ],
        [
            {"location": [[
                {"latitude": 59.96377},
                {"longitude": 11.073192}
            ]]},
            {"altitude": 154},
            {"distance_km": 3.94182},
            {"speed_kmh": 10.7861},
            {"timestamp": "Tue Aug 29 18:55:12 UTC 2017"}
        ],
        [
            {"location": [[
                {"latitude": 59.963828},
                {"longitude": 11.072812}
            ]]},
            {"altitude": 155},
            {"distance_km": 3.964},
            {"speed_kmh": 10.6218},
            {"timestamp": "Tue Aug 29 18:55:21 UTC 2017"}
        ],
        [
            {"location": [[
                {"latitude": 59.963873},
                {"longitude": 11.072598}
            ]]},
            {"altitude": 154},
            {"distance_km": 3.97697},
            {"speed_kmh": 9.64227},
            {"timestamp": "Tue Aug 29 18:55:26 UTC 2017"}
        ],
        [
            {"location": [[
                {"latitude": 59.963929},
                {"longitude": 11.072261}
            ]]},
            {"altitude": 154},
            {"distance_km": 3.99682},
            {"speed_kmh": 9.04719},
            {"timestamp": "Tue Aug 29 18:55:34 UTC 2017"}
        ],
        [
            {"location": [[
                {"latitude": 59.963935},
                {"longitude": 11.07189}
            ]]},
            {"altitude": 150},
            {"distance_km": 4.01757},
            {"speed_kmh": 9.18147},
            {"timestamp": "Tue Aug 29 18:55:42 UTC 2017"}
        ],
        [
            {"location": [[
                {"latitude": 59.963887},
                {"longitude": 11.071408}
            ]]},
            {"altitude": 148},
            {"distance_km": 4.04503},
            {"speed_kmh": 9.07959},
            {"timestamp": "Tue Aug 29 18:55:53 UTC 2017"}
        ],
        [
            {"location": [[
                {"latitude": 59.963828},
                {"longitude": 11.071124}
            ]]},
            {"altitude": 148},
            {"distance_km": 4.06218},
            {"speed_kmh": 9.03761},
            {"timestamp": "Tue Aug 29 18:56:00 UTC 2017"}
        ],
        [
            {"location": [[
                {"latitude": 59.963727},
                {"longitude": 11.070753}
            ]]},
            {"altitude": 149},
            {"distance_km": 4.08575},
            {"speed_kmh": 8.77703},
            {"timestamp": "Tue Aug 29 18:56:10 UTC 2017"}
        ],
        [
            {"location": [[
                {"latitude": 59.963618},
                {"longitude": 11.070406}
            ]]},
            {"altitude": 149},
            {"distance_km": 4.10864},
            {"speed_kmh": 8.49821},
            {"timestamp": "Tue Aug 29 18:56:20 UTC 2017"}
        ],
        [
            {"location": [[
                {"latitude": 59.963526},
                {"longitude": 11.070055}
            ]]},
            {"altitude": 151},
            {"distance_km": 4.13077},
            {"speed_kmh": 8.90592},
            {"timestamp": "Tue Aug 29 18:56:28 UTC 2017"}
        ],
        [
            {"location": [[
                {"latitude": 59.963428},
                {"longitude": 11.069699}
            ]]},
            {"altitude": 151},
            {"distance_km": 4.15346},
            {"speed_kmh": 9.10154},
            {"timestamp": "Tue Aug 29 18:56:37 UTC 2017"}
        ],
        [
            {"location": [[
                {"latitude": 59.963335},
                {"longitude": 11.069398}
            ]]},
            {"altitude": 152},
            {"distance_km": 4.17316},
            {"speed_kmh": 9.32301},
            {"timestamp": "Tue Aug 29 18:56:45 UTC 2017"}
        ],
        [
            {"location": [[
                {"latitude": 59.963269},
                {"longitude": 11.069177}
            ]]},
            {"altitude": 155},
            {"distance_km": 4.18756},
            {"speed_kmh": 8.86339},
            {"timestamp": "Tue Aug 29 18:56:51 UTC 2017"}
        ],
        [
            {"location": [[
                {"latitude": 59.963207},
                {"longitude": 11.068926}
            ]]},
            {"altitude": 154},
            {"distance_km": 4.20323},
            {"speed_kmh": 8.5218},
            {"timestamp": "Tue Aug 29 18:56:58 UTC 2017"}
        ],
        [
            {"location": [[
                {"latitude": 59.963177},
                {"longitude": 11.068752}
            ]]},
            {"altitude": 153},
            {"distance_km": 4.21348},
            {"speed_kmh": 8.63797},
            {"timestamp": "Tue Aug 29 18:57:02 UTC 2017"}
        ],
        [
            {"location": [[
                {"latitude": 59.963088},
                {"longitude": 11.068316}
            ]]},
            {"altitude": 154},
            {"distance_km": 4.23979},
            {"speed_kmh": 8.91517},
            {"timestamp": "Tue Aug 29 18:57:12 UTC 2017"}
        ],
        [
            {"location": [[
                {"latitude": 59.963042},
                {"longitude": 11.068105}
            ]]},
            {"altitude": 158},
            {"distance_km": 4.25261},
            {"speed_kmh": 9.30487},
            {"timestamp": "Tue Aug 29 18:57:17 UTC 2017"}
        ],
        [
            {"location": [[
                {"latitude": 59.962983},
                {"longitude": 11.067811}
            ]]},
            {"altitude": 156},
            {"distance_km": 4.27031},
            {"speed_kmh": 9.26867},
            {"timestamp": "Tue Aug 29 18:57:24 UTC 2017"}
        ],
        [
            {"location": [[
                {"latitude": 59.96287},
                {"longitude": 11.067374}
            ]]},
            {"altitude": 159},
            {"distance_km": 4.29775},
            {"speed_kmh": 9.1035},
            {"timestamp": "Tue Aug 29 18:57:35 UTC 2017"}
        ],
        [
            {"location": [[
                {"latitude": 59.962749},
                {"longitude": 11.067137}
            ]]},
            {"altitude": 156},
            {"distance_km": 4.31666},
            {"speed_kmh": 9.26793},
            {"timestamp": "Tue Aug 29 18:57:42 UTC 2017"}
        ],
        [
            {"location": [[
                {"latitude": 59.962649},
                {"longitude": 11.06686}
            ]]},
            {"altitude": 159},
            {"distance_km": 4.33573},
            {"speed_kmh": 9.09632},
            {"timestamp": "Tue Aug 29 18:57:50 UTC 2017"}
        ],
        [
            {"location": [[
                {"latitude": 59.962528},
                {"longitude": 11.066604}
            ]]},
            {"altitude": 155},
            {"distance_km": 4.35546},
            {"speed_kmh": 10.0422},
            {"timestamp": "Tue Aug 29 18:57:56 UTC 2017"}
        ],
        [
            {"location": [[
                {"latitude": 59.962444},
                {"longitude": 11.066282}
            ]]},
            {"altitude": 158},
            {"distance_km": 4.3757},
            {"speed_kmh": 9.84197},
            {"timestamp": "Tue Aug 29 18:58:04 UTC 2017"}
        ],
        [
            {"location": [[
                {"latitude": 59.962386},
                {"longitude": 11.066102}
            ]]},
            {"altitude": 154},
            {"distance_km": 4.38764},
            {"speed_kmh": 9.83852},
            {"timestamp": "Tue Aug 29 18:58:09 UTC 2017"}
        ],
        [
            {"location": [[
                {"latitude": 59.962259},
                {"longitude": 11.065746}
            ]]},
            {"altitude": 151},
            {"distance_km": 4.41206},
            {"speed_kmh": 8.83026},
            {"timestamp": "Tue Aug 29 18:58:19 UTC 2017"}
        ],
        [
            {"location": [[
                {"latitude": 59.962123},
                {"longitude": 11.065571}
            ]]},
            {"altitude": 153},
            {"distance_km": 4.43008},
            {"speed_kmh": 8.87897},
            {"timestamp": "Tue Aug 29 18:58:26 UTC 2017"}
        ],
        [
            {"location": [[
                {"latitude": 59.961912},
                {"longitude": 11.065225}
            ]]},
            {"altitude": 148},
            {"distance_km": 4.46052},
            {"speed_kmh": 9.06612},
            {"timestamp": "Tue Aug 29 18:58:38 UTC 2017"}
        ],
        [
            {"location": [[
                {"latitude": 59.961754},
                {"longitude": 11.064931}
            ]]},
            {"altitude": 149},
            {"distance_km": 4.48456},
            {"speed_kmh": 9.73654},
            {"timestamp": "Tue Aug 29 18:58:46 UTC 2017"}
        ],
        [
            {"location": [[
                {"latitude": 59.961603},
                {"longitude": 11.064663}
            ]]},
            {"altitude": 154},
            {"distance_km": 4.50712},
            {"speed_kmh": 9.65897},
            {"timestamp": "Tue Aug 29 18:58:55 UTC 2017"}
        ],
        [
            {"location": [[
                {"latitude": 59.961445},
                {"longitude": 11.064502}
            ]]},
            {"altitude": 154},
            {"distance_km": 4.5269},
            {"speed_kmh": 9.24967},
            {"timestamp": "Tue Aug 29 18:59:04 UTC 2017"}
        ],
        [
            {"location": [[
                {"latitude": 59.961257},
                {"longitude": 11.064373}
            ]]},
            {"altitude": 151},
            {"distance_km": 4.54909},
            {"speed_kmh": 8.97205},
            {"timestamp": "Tue Aug 29 18:59:12 UTC 2017"}
        ],
        [
            {"location": [[
                {"latitude": 59.961051},
                {"longitude": 11.06441}
            ]]},
            {"altitude": 145},
            {"distance_km": 4.57207},
            {"speed_kmh": 9.4131},
            {"timestamp": "Tue Aug 29 18:59:20 UTC 2017"}
        ],
        [
            {"location": [[
                {"latitude": 59.960924},
                {"longitude": 11.064632}
            ]]},
            {"altitude": 148},
            {"distance_km": 4.59088},
            {"speed_kmh": 9.99916},
            {"timestamp": "Tue Aug 29 18:59:27 UTC 2017"}
        ],
        [
            {"location": [[
                {"latitude": 59.960821},
                {"longitude": 11.064944}
            ]]},
            {"altitude": 149},
            {"distance_km": 4.61178},
            {"speed_kmh": 9.80772},
            {"timestamp": "Tue Aug 29 18:59:35 UTC 2017"}
        ],
        [
            {"location": [[
                {"latitude": 59.96073},
                {"longitude": 11.065305}
            ]]},
            {"altitude": 151},
            {"distance_km": 4.63437},
            {"speed_kmh": 9.37059},
            {"timestamp": "Tue Aug 29 18:59:44 UTC 2017"}
        ],
        [
            {"location": [[
                {"latitude": 59.960653},
                {"longitude": 11.065527}
            ]]},
            {"altitude": 154},
            {"distance_km": 4.64942},
            {"speed_kmh": 9.15558},
            {"timestamp": "Tue Aug 29 18:59:50 UTC 2017"}
        ],
        [
            {"location": [[
                {"latitude": 59.960529},
                {"longitude": 11.065847}
            ]]},
            {"altitude": 158},
            {"distance_km": 4.672},
            {"speed_kmh": 8.73159},
            {"timestamp": "Tue Aug 29 19:00:00 UTC 2017"}
        ],
        [
            {"location": [[
                {"latitude": 59.960381},
                {"longitude": 11.066162}
            ]]},
            {"altitude": 159},
            {"distance_km": 4.69607},
            {"speed_kmh": 7.94006},
            {"timestamp": "Tue Aug 29 19:00:13 UTC 2017"}
        ],
        [
            {"location": [[
                {"latitude": 59.960171},
                {"longitude": 11.066238}
            ]]},
            {"altitude": 153},
            {"distance_km": 4.71988},
            {"speed_kmh": 7.53009},
            {"timestamp": "Tue Aug 29 19:00:24 UTC 2017"}
        ],
        [
            {"location": [[
                {"latitude": 59.960057},
                {"longitude": 11.066261}
            ]]},
            {"altitude": 151},
            {"distance_km": 4.73267},
            {"speed_kmh": 7.88717},
            {"timestamp": "Tue Aug 29 19:00:29 UTC 2017"}
        ],
        [
            {"location": [[
                {"latitude": 59.95991},
                {"longitude": 11.066288}
            ]]},
            {"altitude": 150},
            {"distance_km": 4.74917},
            {"speed_kmh": 8.96483},
            {"timestamp": "Tue Aug 29 19:00:35 UTC 2017"}
        ],
        [
            {"location": [[
                {"latitude": 59.959771},
                {"longitude": 11.0664}
            ]]},
            {"altitude": 145},
            {"distance_km": 4.76582},
            {"speed_kmh": 9.22457},
            {"timestamp": "Tue Aug 29 19:00:42 UTC 2017"}
        ],
        [
            {"location": [[
                {"latitude": 59.959632},
                {"longitude": 11.066661}
            ]]},
            {"altitude": 146},
            {"distance_km": 4.78713},
            {"speed_kmh": 9.35343},
            {"timestamp": "Tue Aug 29 19:00:50 UTC 2017"}
        ],
        [
            {"location": [[
                {"latitude": 59.959559},
                {"longitude": 11.066848}
            ]]},
            {"altitude": 147},
            {"distance_km": 4.80033},
            {"speed_kmh": 9.21782},
            {"timestamp": "Tue Aug 29 19:00:55 UTC 2017"}
        ],
        [
            {"location": [[
                {"latitude": 59.95951},
                {"longitude": 11.067058}
            ]]},
            {"altitude": 148},
            {"distance_km": 4.81332},
            {"speed_kmh": 9.39065},
            {"timestamp": "Tue Aug 29 19:01:00 UTC 2017"}
        ],
        [
            {"location": [[
                {"latitude": 59.959469},
                {"longitude": 11.067465}
            ]]},
            {"altitude": 151},
            {"distance_km": 4.83648},
            {"speed_kmh": 9.33286},
            {"timestamp": "Tue Aug 29 19:01:09 UTC 2017"}
        ],
        [
            {"location": [[
                {"latitude": 59.959508},
                {"longitude": 11.067851}
            ]]},
            {"altitude": 152},
            {"distance_km": 4.85845},
            {"speed_kmh": 9.09982},
            {"timestamp": "Tue Aug 29 19:01:18 UTC 2017"}
        ],
        [
            {"location": [[
                {"latitude": 59.959591},
                {"longitude": 11.068096}
            ]]},
            {"altitude": 152},
            {"distance_km": 4.87496},
            {"speed_kmh": 8.89421},
            {"timestamp": "Tue Aug 29 19:01:25 UTC 2017"}
        ],
        [
            {"location": [[
                {"latitude": 59.959591},
                {"longitude": 11.068096}
            ]]},
            {"distance_km": 4.87496},
            {"timestamp": "Tue Aug 29 19:01:36 UTC 2017"}
        ],
        [
            {"location": [[
                {"latitude": 59.959591},
                {"longitude": 11.068096}
            ]]},
            {"distance_km": 4.87496},
            {"timestamp": "Tue Aug 29 19:10:51 UTC 2017"}
        ],
        [
            {"location": [[
                {"latitude": 59.959773},
                {"longitude": 11.068172}
            ]]},
            {"altitude": 150},
            {"distance_km": 4.87496},
            {"speed_kmh": 8.89421},
            {"timestamp": "Tue Aug 29 19:10:52 UTC 2017"}
        ],
        [
            {"location": [[
                {"latitude": 59.959594},
                {"longitude": 11.06837}
            ]]},
            {"altitude": 151},
            {"distance_km": 4.89775},
            {"speed_kmh": 8.89421},
            {"timestamp": "Tue Aug 29 19:11:14 UTC 2017"}
        ],
        [
            {"location": [[
                {"latitude": 59.959541},
                {"longitude": 11.068734}
            ]]},
            {"altitude": 151},
            {"distance_km": 4.91889},
            {"speed_kmh": 8.89421},
            {"timestamp": "Tue Aug 29 19:11:28 UTC 2017"}
        ],
        [
            {"location": [[
                {"latitude": 59.959572},
                {"longitude": 11.069021}
            ]]},
            {"altitude": 148},
            {"distance_km": 4.93532},
            {"speed_kmh": 5.24395},
            {"timestamp": "Tue Aug 29 19:11:37 UTC 2017"}
        ],
        [
            {"location": [[
                {"latitude": 59.959594},
                {"longitude": 11.069457}
            ]]},
            {"altitude": 151},
            {"distance_km": 4.95978},
            {"speed_kmh": 6.4488},
            {"timestamp": "Tue Aug 29 19:11:49 UTC 2017"}
        ],
        [
            {"location": [[
                {"latitude": 59.959657},
                {"longitude": 11.069861}
            ]]},
            {"altitude": 148},
            {"distance_km": 4.98345},
            {"speed_kmh": 7.21657},
            {"timestamp": "Tue Aug 29 19:12:00 UTC 2017"}
        ],
        [
            {"location": [[
                {"latitude": 59.959694},
                {"longitude": 11.070288}
            ]]},
            {"altitude": 152},
            {"distance_km": 5.00766},
            {"speed_kmh": 7.26336},
            {"timestamp": "Tue Aug 29 19:12:13 UTC 2017"}
        ],
        [
            {"location": [[
                {"latitude": 59.959771},
                {"longitude": 11.070845}
            ]]},
            {"altitude": 150},
            {"distance_km": 5.0399},
            {"speed_kmh": 7.23319},
            {"timestamp": "Tue Aug 29 19:12:29 UTC 2017"}
        ],
        [
            {"location": [[
                {"latitude": 59.95981},
                {"longitude": 11.071245}
            ]]},
            {"altitude": 148},
            {"distance_km": 5.06266},
            {"speed_kmh": 7.38549},
            {"timestamp": "Tue Aug 29 19:12:39 UTC 2017"}
        ],
        [
            {"location": [[
                {"latitude": 59.959829},
                {"longitude": 11.071473}
            ]]},
            {"altitude": 146},
            {"distance_km": 5.0756},
            {"speed_kmh": 7.0911},
            {"timestamp": "Tue Aug 29 19:12:47 UTC 2017"}
        ],
        [
            {"location": [[
                {"latitude": 59.959876},
                {"longitude": 11.071769}
            ]]},
            {"altitude": 145},
            {"distance_km": 5.09296},
            {"speed_kmh": 7.15793},
            {"timestamp": "Tue Aug 29 19:12:55 UTC 2017"}
        ],
        [
            {"location": [[
                {"latitude": 59.959891},
                {"longitude": 11.072227}
            ]]},
            {"altitude": 146},
            {"distance_km": 5.11859},
            {"speed_kmh": 7.62299},
            {"timestamp": "Tue Aug 29 19:13:05 UTC 2017"}
        ],
        [
            {"location": [[
                {"latitude": 59.959835},
                {"longitude": 11.07253}
            ]]},
            {"altitude": 146},
            {"distance_km": 5.1366},
            {"speed_kmh": 8.38491},
            {"timestamp": "Tue Aug 29 19:13:13 UTC 2017"}
        ],
        [
            {"location": [[
                {"latitude": 59.959793},
                {"longitude": 11.072728}
            ]]},
            {"altitude": 148},
            {"distance_km": 5.14863},
            {"speed_kmh": 8.3069},
            {"timestamp": "Tue Aug 29 19:13:19 UTC 2017"}
        ],
        [
            {"location": [[
                {"latitude": 59.959753},
                {"longitude": 11.073092}
            ]]},
            {"altitude": 148},
            {"distance_km": 5.16944},
            {"speed_kmh": 7.03087},
            {"timestamp": "Tue Aug 29 19:13:32 UTC 2017"}
        ],
        [
            {"location": [[
                {"latitude": 59.959753},
                {"longitude": 11.073092}
            ]]},
            {"distance_km": 5.16944},
            {"timestamp": "Tue Aug 29 19:13:32 UTC 2017"}
        ],
        [
            {"location": [[
                {"latitude": 59.959753},
                {"longitude": 11.073092}
            ]]},
            {"distance_km": 5.16944},
            {"timestamp": "Tue Aug 29 19:13:34 UTC 2017"}
        ]
    ]}
]