[
    {"sport": "RUNNING"},
    {"source": "TRACK_MOBILE"},
    {"created_date": "2017-05-13 20:06:10.0"},
    {"start_time": "2017-05-13 19:33:54.0"},
    {"end_time": "2017-05-13 20:04:51.0"},
    {"duration_s": 1856},
    {"distance_km": 5.020115852355957},
    {"calories_kcal": 313},
    {"altitude_min_m": 155},
    {"altitude_max_m": 188},
    {"speed_avg_kmh": 9.73729367913871},
    {"speed_max_kmh": 15.0146},
    {"hydration_l": 0.19242},
    {"ascend_m": 75},
    {"descend_m": 76},
    {"points": [
        [
            {"location": [[
                {"latitude": 60.024225},
                {"longitude": 11.115074}
            ]]},
            {"distance_km": 0},
            {"timestamp": "Sat May 13 19:33:54 UTC 2017"}
        ],
        [
            {"location": [[
                {"latitude": 60.024225},
                {"longitude": 11.115074}
            ]]},
            {"altitude": 184},
            {"distance_km": 0},
            {"timestamp": "Sat May 13 19:33:57 UTC 2017"}
        ],
        [
            {"location": [[
                {"latitude": 60.024308},
                {"longitude": 11.114797}
            ]]},
            {"altitude": 180},
            {"distance_km": 0.036077},
            {"timestamp": "Sat May 13 19:34:14 UTC 2017"}
        ],
        [
            {"location": [[
                {"latitude": 60.02457},
                {"longitude": 11.114773}
            ]]},
            {"altitude": 180},
            {"distance_km": 0.065294},
            {"timestamp": "Sat May 13 19:34:22 UTC 2017"}
        ],
        [
            {"location": [[
                {"latitude": 60.024798},
                {"longitude": 11.114846}
            ]]},
            {"altitude": 182},
            {"distance_km": 0.091007},
            {"speed_kmh": 10.0648},
            {"timestamp": "Sat May 13 19:34:29 UTC 2017"}
        ],
        [
            {"location": [[
                {"latitude": 60.024987},
                {"longitude": 11.11497}
            ]]},
            {"altitude": 184},
            {"distance_km": 0.113238},
            {"speed_kmh": 13.2376},
            {"timestamp": "Sat May 13 19:34:35 UTC 2017"}
        ],
        [
            {"location": [[
                {"latitude": 60.025167},
                {"longitude": 11.11516}
            ]]},
            {"altitude": 186},
            {"distance_km": 0.135905},
            {"speed_kmh": 13.3895},
            {"timestamp": "Sat May 13 19:34:41 UTC 2017"}
        ],
        [
            {"location": [[
                {"latitude": 60.025346},
                {"longitude": 11.115358}
            ]]},
            {"altitude": 188},
            {"distance_km": 0.15864},
            {"speed_kmh": 13.5189},
            {"timestamp": "Sat May 13 19:34:47 UTC 2017"}
        ],
        [
            {"location": [[
                {"latitude": 60.025569},
                {"longitude": 11.115648}
            ]]},
            {"altitude": 185},
            {"distance_km": 0.188334},
            {"speed_kmh": 13.5318},
            {"timestamp": "Sat May 13 19:34:55 UTC 2017"}
        ],
        [
            {"location": [[
                {"latitude": 60.025718},
                {"longitude": 11.115865}
            ]]},
            {"altitude": 182},
            {"distance_km": 0.208903},
            {"speed_kmh": 13.1068},
            {"timestamp": "Sat May 13 19:35:01 UTC 2017"}
        ],
        [
            {"location": [[
                {"latitude": 60.025879},
                {"longitude": 11.115987}
            ]]},
            {"altitude": 185},
            {"distance_km": 0.22803},
            {"speed_kmh": 11.4364},
            {"timestamp": "Sat May 13 19:35:09 UTC 2017"}
        ],
        [
            {"location": [[
                {"latitude": 60.026153},
                {"longitude": 11.115762}
            ]]},
            {"altitude": 175},
            {"distance_km": 0.261037},
            {"speed_kmh": 10.9427},
            {"timestamp": "Sat May 13 19:35:19 UTC 2017"}
        ],
        [
            {"location": [[
                {"latitude": 60.026274},
                {"longitude": 11.115824}
            ]]},
            {"altitude": 172},
            {"distance_km": 0.27502},
            {"speed_kmh": 8.92991},
            {"timestamp": "Sat May 13 19:35:27 UTC 2017"}
        ],
        [
            {"location": [[
                {"latitude": 60.026138},
                {"longitude": 11.116187}
            ]]},
            {"altitude": 184},
            {"distance_km": 0.300305},
            {"timestamp": "Sat May 13 19:35:42 UTC 2017"}
        ],
        [
            {"location": [[
                {"latitude": 60.026366},
                {"longitude": 11.116081}
            ]]},
            {"altitude": 181},
            {"distance_km": 0.344021},
            {"timestamp": "Sat May 13 19:35:54 UTC 2017"}
        ],
        [
            {"location": [[
                {"latitude": 60.026532},
                {"longitude": 11.116004}
            ]]},
            {"altitude": 182},
            {"distance_km": 0.363024},
            {"speed_kmh": 8.44273},
            {"timestamp": "Sat May 13 19:36:00 UTC 2017"}
        ],
        [
            {"location": [[
                {"latitude": 60.026672},
                {"longitude": 11.115931}
            ]]},
            {"altitude": 182},
            {"distance_km": 0.379053},
            {"speed_kmh": 9.62346},
            {"timestamp": "Sat May 13 19:36:06 UTC 2017"}
        ],
        [
            {"location": [[
                {"latitude": 60.026778},
                {"longitude": 11.115904}
            ]]},
            {"altitude": 177},
            {"distance_km": 0.390958},
            {"speed_kmh": 9.8656},
            {"timestamp": "Sat May 13 19:36:11 UTC 2017"}
        ],
        [
            {"location": [[
                {"latitude": 60.027086},
                {"longitude": 11.115909}
            ]]},
            {"altitude": 182},
            {"distance_km": 0.425299},
            {"speed_kmh": 10.1782},
            {"timestamp": "Sat May 13 19:36:21 UTC 2017"}
        ],
        [
            {"location": [[
                {"latitude": 60.027282},
                {"longitude": 11.115848}
            ]]},
            {"altitude": 184},
            {"distance_km": 0.447476},
            {"speed_kmh": 10.7579},
            {"timestamp": "Sat May 13 19:36:28 UTC 2017"}
        ],
        [
            {"location": [[
                {"latitude": 60.027517},
                {"longitude": 11.115866}
            ]]},
            {"altitude": 181},
            {"distance_km": 0.473658},
            {"speed_kmh": 10.7646},
            {"timestamp": "Sat May 13 19:36:39 UTC 2017"}
        ],
        [
            {"location": [[
                {"latitude": 60.027972},
                {"longitude": 11.115958}
            ]]},
            {"altitude": 182},
            {"distance_km": 0.524542},
            {"speed_kmh": 10.4642},
            {"timestamp": "Sat May 13 19:36:55 UTC 2017"}
        ],
        [
            {"location": [[
                {"latitude": 60.028147},
                {"longitude": 11.115867}
            ]]},
            {"altitude": 187},
            {"distance_km": 0.544762},
            {"speed_kmh": 10.7183},
            {"timestamp": "Sat May 13 19:37:01 UTC 2017"}
        ],
        [
            {"location": [[
                {"latitude": 60.028403},
                {"longitude": 11.115775}
            ]]},
            {"altitude": 186},
            {"distance_km": 0.573748},
            {"speed_kmh": 12.212},
            {"timestamp": "Sat May 13 19:37:09 UTC 2017"}
        ],
        [
            {"location": [[
                {"latitude": 60.028627},
                {"longitude": 11.115605}
            ]]},
            {"altitude": 177},
            {"distance_km": 0.60039},
            {"speed_kmh": 11.9467},
            {"timestamp": "Sat May 13 19:37:18 UTC 2017"}
        ],
        [
            {"location": [[
                {"latitude": 60.028837},
                {"longitude": 11.115449}
            ]]},
            {"altitude": 178},
            {"distance_km": 0.6254},
            {"speed_kmh": 11.6587},
            {"timestamp": "Sat May 13 19:37:26 UTC 2017"}
        ],
        [
            {"location": [[
                {"latitude": 60.029075},
                {"longitude": 11.115286}
            ]]},
            {"altitude": 181},
            {"distance_km": 0.653352},
            {"speed_kmh": 11.4992},
            {"timestamp": "Sat May 13 19:37:34 UTC 2017"}
        ],
        [
            {"location": [[
                {"latitude": 60.029246},
                {"longitude": 11.115196}
            ]]},
            {"altitude": 180},
            {"distance_km": 0.673055},
            {"speed_kmh": 11.3251},
            {"timestamp": "Sat May 13 19:37:41 UTC 2017"}
        ],
        [
            {"location": [[
                {"latitude": 60.029376},
                {"longitude": 11.115155}
            ]]},
            {"altitude": 184},
            {"distance_km": 0.687731},
            {"speed_kmh": 11.0903},
            {"timestamp": "Sat May 13 19:37:46 UTC 2017"}
        ],
        [
            {"location": [[
                {"latitude": 60.029568},
                {"longitude": 11.115068}
            ]]},
            {"altitude": 178},
            {"distance_km": 0.709682},
            {"speed_kmh": 10.6584},
            {"timestamp": "Sat May 13 19:37:53 UTC 2017"}
        ],
        [
            {"location": [[
                {"latitude": 60.029747},
                {"longitude": 11.115019}
            ]]},
            {"altitude": 169},
            {"distance_km": 0.729794},
            {"speed_kmh": 9.96076},
            {"timestamp": "Sat May 13 19:38:02 UTC 2017"}
        ],
        [
            {"location": [[
                {"latitude": 60.029996},
                {"longitude": 11.114865}
            ]]},
            {"altitude": 170},
            {"distance_km": 0.75884},
            {"speed_kmh": 9.34813},
            {"timestamp": "Sat May 13 19:38:14 UTC 2017"}
        ],
        [
            {"location": [[
                {"latitude": 60.029232},
                {"longitude": 11.113504}
            ]]},
            {"altitude": 159},
            {"distance_km": 0.872859},
            {"speed_kmh": 3.04059},
            {"timestamp": "Sat May 13 19:38:59 UTC 2017"}
        ],
        [
            {"location": [[
                {"latitude": 60.028881},
                {"longitude": 11.113158}
            ]]},
            {"altitude": 166},
            {"distance_km": 0.916481},
            {"speed_kmh": 8.27837},
            {"timestamp": "Sat May 13 19:39:09 UTC 2017"}
        ],
        [
            {"location": [[
                {"latitude": 60.02871},
                {"longitude": 11.11296}
            ]]},
            {"altitude": 169},
            {"distance_km": 0.938464},
            {"speed_kmh": 13.55},
            {"timestamp": "Sat May 13 19:39:14 UTC 2017"}
        ],
        [
            {"location": [[
                {"latitude": 60.028586},
                {"longitude": 11.112858}
            ]]},
            {"altitude": 167},
            {"distance_km": 0.953478},
            {"speed_kmh": 15.0146},
            {"timestamp": "Sat May 13 19:39:18 UTC 2017"}
        ],
        [
            {"location": [[
                {"latitude": 60.028498},
                {"longitude": 11.112779}
            ]]},
            {"altitude": 167},
            {"distance_km": 0.964146},
            {"speed_kmh": 14.0441},
            {"timestamp": "Sat May 13 19:39:21 UTC 2017"}
        ],
        [
            {"location": [[
                {"latitude": 60.028336},
                {"longitude": 11.112618}
            ]]},
            {"altitude": 167},
            {"distance_km": 0.984333},
            {"speed_kmh": 12.8098},
            {"timestamp": "Sat May 13 19:39:27 UTC 2017"}
        ],
        [
            {"location": [[
                {"latitude": 60.028251},
                {"longitude": 11.11255}
            ]]},
            {"altitude": 167},
            {"distance_km": 0.99459},
            {"speed_kmh": 12.4158},
            {"timestamp": "Sat May 13 19:39:30 UTC 2017"}
        ],
        [
            {"location": [[
                {"latitude": 60.028082},
                {"longitude": 11.112421}
            ]]},
            {"altitude": 166},
            {"distance_km": 1.01467},
            {"speed_kmh": 12.165},
            {"timestamp": "Sat May 13 19:39:36 UTC 2017"}
        ],
        [
            {"location": [[
                {"latitude": 60.027957},
                {"longitude": 11.112294}
            ]]},
            {"altitude": 169},
            {"distance_km": 1.03036},
            {"speed_kmh": 11.888},
            {"timestamp": "Sat May 13 19:39:41 UTC 2017"}
        ],
        [
            {"location": [[
                {"latitude": 60.02779},
                {"longitude": 11.112106}
            ]]},
            {"altitude": 170},
            {"distance_km": 1.05174},
            {"speed_kmh": 12.0499},
            {"timestamp": "Sat May 13 19:39:47 UTC 2017"}
        ],
        [
            {"location": [[
                {"latitude": 60.027611},
                {"longitude": 11.111948}
            ]]},
            {"altitude": 167},
            {"distance_km": 1.07346},
            {"speed_kmh": 11.7587},
            {"timestamp": "Sat May 13 19:39:54 UTC 2017"}
        ],
        [
            {"location": [[
                {"latitude": 60.027466},
                {"longitude": 11.111844}
            ]]},
            {"altitude": 163},
            {"distance_km": 1.09067},
            {"speed_kmh": 10.5806},
            {"timestamp": "Sat May 13 19:40:02 UTC 2017"}
        ],
        [
            {"location": [[
                {"latitude": 60.02723},
                {"longitude": 11.111608}
            ]]},
            {"altitude": 166},
            {"distance_km": 1.12007},
            {"speed_kmh": 10.2299},
            {"timestamp": "Sat May 13 19:40:11 UTC 2017"}
        ],
        [
            {"location": [[
                {"latitude": 60.027052},
                {"longitude": 11.111425}
            ]]},
            {"altitude": 166},
            {"distance_km": 1.14235},
            {"speed_kmh": 10.3196},
            {"timestamp": "Sat May 13 19:40:18 UTC 2017"}
        ],
        [
            {"location": [[
                {"latitude": 60.026924},
                {"longitude": 11.111297}
            ]]},
            {"altitude": 164},
            {"distance_km": 1.15826},
            {"speed_kmh": 11.5542},
            {"timestamp": "Sat May 13 19:40:23 UTC 2017"}
        ],
        [
            {"location": [[
                {"latitude": 60.026803},
                {"longitude": 11.111119}
            ]]},
            {"altitude": 165},
            {"distance_km": 1.17507},
            {"speed_kmh": 11.67},
            {"timestamp": "Sat May 13 19:40:28 UTC 2017"}
        ],
        [
            {"location": [[
                {"latitude": 60.026659},
                {"longitude": 11.110843}
            ]]},
            {"altitude": 163},
            {"distance_km": 1.19728},
            {"speed_kmh": 11.6606},
            {"timestamp": "Sat May 13 19:40:35 UTC 2017"}
        ],
        [
            {"location": [[
                {"latitude": 60.026538},
                {"longitude": 11.110489}
            ]]},
            {"altitude": 163},
            {"distance_km": 1.22118},
            {"speed_kmh": 11.9342},
            {"timestamp": "Sat May 13 19:40:42 UTC 2017"}
        ],
        [
            {"location": [[
                {"latitude": 60.026363},
                {"longitude": 11.110062}
            ]]},
            {"altitude": 156},
            {"distance_km": 1.25199},
            {"speed_kmh": 12.0074},
            {"timestamp": "Sat May 13 19:40:51 UTC 2017"}
        ],
        [
            {"location": [[
                {"latitude": 60.026164},
                {"longitude": 11.10961}
            ]]},
            {"altitude": 156},
            {"distance_km": 1.28551},
            {"speed_kmh": 11.86},
            {"timestamp": "Sat May 13 19:41:02 UTC 2017"}
        ],
        [
            {"location": [[
                {"latitude": 60.025991},
                {"longitude": 11.10923}
            ]]},
            {"altitude": 155},
            {"distance_km": 1.31412},
            {"speed_kmh": 11.5879},
            {"timestamp": "Sat May 13 19:41:11 UTC 2017"}
        ],
        [
            {"location": [[
                {"latitude": 60.025923},
                {"longitude": 11.108958}
            ]]},
            {"altitude": 156},
            {"distance_km": 1.3311},
            {"speed_kmh": 11.5424},
            {"timestamp": "Sat May 13 19:41:16 UTC 2017"}
        ],
        [
            {"location": [[
                {"latitude": 60.025807},
                {"longitude": 11.108564}
            ]]},
            {"altitude": 156},
            {"distance_km": 1.3566},
            {"speed_kmh": 11.7097},
            {"timestamp": "Sat May 13 19:41:24 UTC 2017"}
        ],
        [
            {"location": [[
                {"latitude": 60.025675},
                {"longitude": 11.108118}
            ]]},
            {"altitude": 159},
            {"distance_km": 1.38548},
            {"speed_kmh": 11.7446},
            {"timestamp": "Sat May 13 19:41:33 UTC 2017"}
        ],
        [
            {"location": [[
                {"latitude": 60.025586},
                {"longitude": 11.10785}
            ]]},
            {"altitude": 158},
            {"distance_km": 1.40345},
            {"speed_kmh": 11.2703},
            {"timestamp": "Sat May 13 19:41:39 UTC 2017"}
        ],
        [
            {"location": [[
                {"latitude": 60.025458},
                {"longitude": 11.107498}
            ]]},
            {"altitude": 159},
            {"distance_km": 1.42767},
            {"speed_kmh": 11.0619},
            {"timestamp": "Sat May 13 19:41:47 UTC 2017"}
        ],
        [
            {"location": [[
                {"latitude": 60.025306},
                {"longitude": 11.107151}
            ]]},
            {"altitude": 160},
            {"distance_km": 1.45334},
            {"speed_kmh": 11.0497},
            {"timestamp": "Sat May 13 19:41:55 UTC 2017"}
        ],
        [
            {"location": [[
                {"latitude": 60.025167},
                {"longitude": 11.106854}
            ]]},
            {"altitude": 162},
            {"distance_km": 1.47602},
            {"speed_kmh": 11.382},
            {"timestamp": "Sat May 13 19:42:02 UTC 2017"}
        ],
        [
            {"location": [[
                {"latitude": 60.025156},
                {"longitude": 11.106645}
            ]]},
            {"altitude": 159},
            {"distance_km": 1.48772},
            {"speed_kmh": 10.568},
            {"timestamp": "Sat May 13 19:42:07 UTC 2017"}
        ],
        [
            {"location": [[
                {"latitude": 60.025089},
                {"longitude": 11.10623}
            ]]},
            {"altitude": 155},
            {"distance_km": 1.51212},
            {"speed_kmh": 9.38992},
            {"timestamp": "Sat May 13 19:42:18 UTC 2017"}
        ],
        [
            {"location": [[
                {"latitude": 60.025002},
                {"longitude": 11.105867}
            ]]},
            {"altitude": 156},
            {"distance_km": 1.53452},
            {"speed_kmh": 9.30534},
            {"timestamp": "Sat May 13 19:42:25 UTC 2017"}
        ],
        [
            {"location": [[
                {"latitude": 60.024951},
                {"longitude": 11.105485}
            ]]},
            {"altitude": 156},
            {"distance_km": 1.55655},
            {"speed_kmh": 10.2766},
            {"timestamp": "Sat May 13 19:42:32 UTC 2017"}
        ],
        [
            {"location": [[
                {"latitude": 60.024931},
                {"longitude": 11.105159}
            ]]},
            {"altitude": 155},
            {"distance_km": 1.57487},
            {"speed_kmh": 11.2767},
            {"timestamp": "Sat May 13 19:42:38 UTC 2017"}
        ],
        [
            {"location": [[
                {"latitude": 60.024909},
                {"longitude": 11.104691}
            ]]},
            {"altitude": 156},
            {"distance_km": 1.60106},
            {"speed_kmh": 10.9331},
            {"timestamp": "Sat May 13 19:42:47 UTC 2017"}
        ],
        [
            {"location": [[
                {"latitude": 60.024912},
                {"longitude": 11.104317}
            ]]},
            {"altitude": 155},
            {"distance_km": 1.62191},
            {"speed_kmh": 10.2829},
            {"timestamp": "Sat May 13 19:42:55 UTC 2017"}
        ],
        [
            {"location": [[
                {"latitude": 60.024869},
                {"longitude": 11.103798}
            ]]},
            {"altitude": 155},
            {"distance_km": 1.65128},
            {"speed_kmh": 9.55867},
            {"timestamp": "Sat May 13 19:43:07 UTC 2017"}
        ],
        [
            {"location": [[
                {"latitude": 60.024869},
                {"longitude": 11.103798}
            ]]},
            {"altitude": 155},
            {"distance_km": 1.65128},
            {"timestamp": "Sat May 13 19:43:13 UTC 2017"}
        ],
        [
            {"location": [[
                {"latitude": 60.024869},
                {"longitude": 11.103798}
            ]]},
            {"altitude": 155},
            {"distance_km": 1.65128},
            {"timestamp": "Sat May 13 19:43:14 UTC 2017"}
        ],
        [
            {"location": [[
                {"latitude": 60.02474},
                {"longitude": 11.103354}
            ]]},
            {"altitude": 158},
            {"distance_km": 1.7086},
            {"speed_kmh": 4.90951},
            {"timestamp": "Sat May 13 19:43:21 UTC 2017"}
        ],
        [
            {"location": [[
                {"latitude": 60.02398},
                {"longitude": 11.104073}
            ]]},
            {"altitude": 156},
            {"distance_km": 1.80229},
            {"timestamp": "Sat May 13 19:43:57 UTC 2017"}
        ],
        [
            {"location": [[
                {"latitude": 60.023858},
                {"longitude": 11.104493}
            ]]},
            {"altitude": 155},
            {"distance_km": 1.82937},
            {"timestamp": "Sat May 13 19:44:06 UTC 2017"}
        ],
        [
            {"location": [[
                {"latitude": 60.023756},
                {"longitude": 11.104815}
            ]]},
            {"altitude": 158},
            {"distance_km": 1.85059},
            {"speed_kmh": 9.04414},
            {"timestamp": "Sat May 13 19:44:17 UTC 2017"}
        ],
        [
            {"location": [[
                {"latitude": 60.023636},
                {"longitude": 11.105245}
            ]]},
            {"altitude": 159},
            {"distance_km": 1.87806},
            {"speed_kmh": 9.23738},
            {"timestamp": "Sat May 13 19:44:27 UTC 2017"}
        ],
        [
            {"location": [[
                {"latitude": 60.02356},
                {"longitude": 11.105772}
            ]]},
            {"altitude": 160},
            {"distance_km": 1.90863},
            {"speed_kmh": 9.28671},
            {"timestamp": "Sat May 13 19:44:37 UTC 2017"}
        ],
        [
            {"location": [[
                {"latitude": 60.023552},
                {"longitude": 11.105929}
            ]]},
            {"altitude": 161},
            {"distance_km": 1.91745},
            {"speed_kmh": 10.5105},
            {"timestamp": "Sat May 13 19:44:40 UTC 2017"}
        ],
        [
            {"location": [[
                {"latitude": 60.02353},
                {"longitude": 11.106346}
            ]]},
            {"altitude": 160},
            {"distance_km": 1.94083},
            {"speed_kmh": 10.3146},
            {"timestamp": "Sat May 13 19:44:49 UTC 2017"}
        ],
        [
            {"location": [[
                {"latitude": 60.023518},
                {"longitude": 11.106568}
            ]]},
            {"altitude": 159},
            {"distance_km": 1.95327},
            {"speed_kmh": 9.11734},
            {"timestamp": "Sat May 13 19:44:55 UTC 2017"}
        ],
        [
            {"location": [[
                {"latitude": 60.023513},
                {"longitude": 11.107054}
            ]]},
            {"altitude": 160},
            {"distance_km": 1.98038},
            {"speed_kmh": 8.09298},
            {"timestamp": "Sat May 13 19:45:08 UTC 2017"}
        ],
        [
            {"location": [[
                {"latitude": 60.02352},
                {"longitude": 11.107613}
            ]]},
            {"altitude": 163},
            {"distance_km": 2.0116},
            {"speed_kmh": 9.14558},
            {"timestamp": "Sat May 13 19:45:17 UTC 2017"}
        ],
        [
            {"location": [[
                {"latitude": 60.023563},
                {"longitude": 11.107972}
            ]]},
            {"altitude": 165},
            {"distance_km": 2.03217},
            {"speed_kmh": 9.7654},
            {"timestamp": "Sat May 13 19:45:25 UTC 2017"}
        ],
        [
            {"location": [[
                {"latitude": 60.023585},
                {"longitude": 11.108241}
            ]]},
            {"altitude": 164},
            {"distance_km": 2.04737},
            {"speed_kmh": 9.54141},
            {"timestamp": "Sat May 13 19:45:33 UTC 2017"}
        ],
        [
            {"location": [[
                {"latitude": 60.023572},
                {"longitude": 11.108509}
            ]]},
            {"altitude": 160},
            {"distance_km": 2.06236},
            {"speed_kmh": 7.61964},
            {"timestamp": "Sat May 13 19:45:41 UTC 2017"}
        ],
        [
            {"location": [[
                {"latitude": 60.02351},
                {"longitude": 11.1089}
            ]]},
            {"altitude": 164},
            {"distance_km": 2.08522},
            {"speed_kmh": 7.57699},
            {"timestamp": "Sat May 13 19:45:50 UTC 2017"}
        ],
        [
            {"location": [[
                {"latitude": 60.023479},
                {"longitude": 11.109148}
            ]]},
            {"altitude": 164},
            {"distance_km": 2.09949},
            {"speed_kmh": 8.15079},
            {"timestamp": "Sat May 13 19:45:56 UTC 2017"}
        ],
        [
            {"location": [[
                {"latitude": 60.023595},
                {"longitude": 11.109386}
            ]]},
            {"altitude": 161},
            {"distance_km": 2.11804},
            {"speed_kmh": 8.12613},
            {"timestamp": "Sat May 13 19:46:06 UTC 2017"}
        ],
        [
            {"location": [[
                {"latitude": 60.023755},
                {"longitude": 11.109617}
            ]]},
            {"altitude": 170},
            {"distance_km": 2.13998},
            {"speed_kmh": 7.46935},
            {"timestamp": "Sat May 13 19:46:17 UTC 2017"}
        ],
        [
            {"location": [[
                {"latitude": 60.023896},
                {"longitude": 11.109855}
            ]]},
            {"altitude": 172},
            {"distance_km": 2.16051},
            {"speed_kmh": 6.51341},
            {"timestamp": "Sat May 13 19:46:30 UTC 2017"}
        ],
        [
            {"location": [[
                {"latitude": 60.023898},
                {"longitude": 11.110118}
            ]]},
            {"altitude": 172},
            {"distance_km": 2.17517},
            {"speed_kmh": 5.88759},
            {"timestamp": "Sat May 13 19:46:41 UTC 2017"}
        ],
        [
            {"location": [[
                {"latitude": 60.023777},
                {"longitude": 11.110442}
            ]]},
            {"altitude": 166},
            {"distance_km": 2.19773},
            {"speed_kmh": 5.75304},
            {"timestamp": "Sat May 13 19:46:53 UTC 2017"}
        ],
        [
            {"location": [[
                {"latitude": 60.023635},
                {"longitude": 11.111077}
            ]]},
            {"altitude": 171},
            {"distance_km": 2.23649},
            {"speed_kmh": 7.73032},
            {"timestamp": "Sat May 13 19:47:05 UTC 2017"}
        ],
        [
            {"location": [[
                {"latitude": 60.023558},
                {"longitude": 11.111358}
            ]]},
            {"altitude": 166},
            {"distance_km": 2.25431},
            {"speed_kmh": 9.69543},
            {"timestamp": "Sat May 13 19:47:11 UTC 2017"}
        ],
        [
            {"location": [[
                {"latitude": 60.023471},
                {"longitude": 11.111851}
            ]]},
            {"altitude": 166},
            {"distance_km": 2.2835},
            {"speed_kmh": 10.3583},
            {"timestamp": "Sat May 13 19:47:23 UTC 2017"}
        ],
        [
            {"location": [[
                {"latitude": 60.023415},
                {"longitude": 11.112085}
            ]]},
            {"altitude": 167},
            {"distance_km": 2.29793},
            {"speed_kmh": 9.94464},
            {"timestamp": "Sat May 13 19:47:28 UTC 2017"}
        ],
        [
            {"location": [[
                {"latitude": 60.02337},
                {"longitude": 11.112247}
            ]]},
            {"altitude": 169},
            {"distance_km": 2.30829},
            {"speed_kmh": 10.5239},
            {"timestamp": "Sat May 13 19:47:31 UTC 2017"}
        ],
        [
            {"location": [[
                {"latitude": 60.02331},
                {"longitude": 11.112608}
            ]]},
            {"altitude": 173},
            {"distance_km": 2.32952},
            {"speed_kmh": 10.4366},
            {"timestamp": "Sat May 13 19:47:40 UTC 2017"}
        ],
        [
            {"location": [[
                {"latitude": 60.02326},
                {"longitude": 11.112795}
            ]]},
            {"altitude": 168},
            {"distance_km": 2.34129},
            {"speed_kmh": 8.98709},
            {"timestamp": "Sat May 13 19:47:47 UTC 2017"}
        ],
        [
            {"location": [[
                {"latitude": 60.023436},
                {"longitude": 11.113513}
            ]]},
            {"altitude": 180},
            {"distance_km": 2.38581},
            {"speed_kmh": 8.66526},
            {"timestamp": "Sat May 13 19:48:01 UTC 2017"}
        ],
        [
            {"location": [[
                {"latitude": 60.023529},
                {"longitude": 11.113713}
            ]]},
            {"altitude": 180},
            {"distance_km": 2.40103},
            {"speed_kmh": 8.87663},
            {"timestamp": "Sat May 13 19:48:07 UTC 2017"}
        ],
        [
            {"location": [[
                {"latitude": 60.023608},
                {"longitude": 11.113918}
            ]]},
            {"altitude": 178},
            {"distance_km": 2.41546},
            {"speed_kmh": 9.73174},
            {"timestamp": "Sat May 13 19:48:13 UTC 2017"}
        ],
        [
            {"location": [[
                {"latitude": 60.023708},
                {"longitude": 11.114309}
            ]]},
            {"altitude": 181},
            {"distance_km": 2.43997},
            {"speed_kmh": 8.8592},
            {"timestamp": "Sat May 13 19:48:23 UTC 2017"}
        ],
        [
            {"location": [[
                {"latitude": 60.024592},
                {"longitude": 11.114801}
            ]]},
            {"altitude": 183},
            {"distance_km": 2.54223},
            {"timestamp": "Sat May 13 19:49:00 UTC 2017"}
        ],
        [
            {"location": [[
                {"latitude": 60.024789},
                {"longitude": 11.114842}
            ]]},
            {"altitude": 184},
            {"distance_km": 2.5643},
            {"timestamp": "Sat May 13 19:49:08 UTC 2017"}
        ],
        [
            {"location": [[
                {"latitude": 60.024922},
                {"longitude": 11.11488}
            ]]},
            {"altitude": 183},
            {"distance_km": 2.57921},
            {"speed_kmh": 9.60025},
            {"timestamp": "Sat May 13 19:49:14 UTC 2017"}
        ],
        [
            {"location": [[
                {"latitude": 60.025117},
                {"longitude": 11.115068}
            ]]},
            {"altitude": 184},
            {"distance_km": 2.60334},
            {"speed_kmh": 10.3994},
            {"timestamp": "Sat May 13 19:49:21 UTC 2017"}
        ],
        [
            {"location": [[
                {"latitude": 60.025371},
                {"longitude": 11.115399}
            ]]},
            {"altitude": 186},
            {"distance_km": 2.63717},
            {"speed_kmh": 12.1615},
            {"timestamp": "Sat May 13 19:49:29 UTC 2017"}
        ],
        [
            {"location": [[
                {"latitude": 60.025562},
                {"longitude": 11.115589}
            ]]},
            {"altitude": 185},
            {"distance_km": 2.6609},
            {"speed_kmh": 13.2975},
            {"timestamp": "Sat May 13 19:49:36 UTC 2017"}
        ],
        [
            {"location": [[
                {"latitude": 60.025698},
                {"longitude": 11.115715}
            ]]},
            {"altitude": 182},
            {"distance_km": 2.67759},
            {"speed_kmh": 11.1802},
            {"timestamp": "Sat May 13 19:49:46 UTC 2017"}
        ],
        [
            {"location": [[
                {"latitude": 60.025862},
                {"longitude": 11.115872}
            ]]},
            {"altitude": 183},
            {"distance_km": 2.69793},
            {"speed_kmh": 8.54607},
            {"timestamp": "Sat May 13 19:49:56 UTC 2017"}
        ],
        [
            {"location": [[
                {"latitude": 60.026073},
                {"longitude": 11.115797}
            ]]},
            {"altitude": 182},
            {"distance_km": 2.72179},
            {"speed_kmh": 7.98007},
            {"timestamp": "Sat May 13 19:50:04 UTC 2017"}
        ],
        [
            {"location": [[
                {"latitude": 60.026357},
                {"longitude": 11.11575}
            ]]},
            {"altitude": 182},
            {"distance_km": 2.75347},
            {"speed_kmh": 9.81232},
            {"timestamp": "Sat May 13 19:50:14 UTC 2017"}
        ],
        [
            {"location": [[
                {"latitude": 60.026376},
                {"longitude": 11.115971}
            ]]},
            {"altitude": 178},
            {"distance_km": 2.76601},
            {"speed_kmh": 9.0372},
            {"timestamp": "Sat May 13 19:50:23 UTC 2017"}
        ],
        [
            {"location": [[
                {"latitude": 60.026216},
                {"longitude": 11.116198}
            ]]},
            {"altitude": 185},
            {"distance_km": 2.78781},
            {"speed_kmh": 7.87599},
            {"timestamp": "Sat May 13 19:50:34 UTC 2017"}
        ],
        [
            {"location": [[
                {"latitude": 60.026148},
                {"longitude": 11.116228}
            ]]},
            {"altitude": 187},
            {"distance_km": 2.79555},
            {"timestamp": "Sat May 13 19:50:39 UTC 2017"}
        ],
        [
            {"location": [[
                {"latitude": 60.026216},
                {"longitude": 11.116198}
            ]]},
            {"altitude": 185},
            {"distance_km": 2.80329},
            {"timestamp": "Sat May 13 19:50:47 UTC 2017"}
        ],
        [
            {"location": [[
                {"latitude": 60.026357},
                {"longitude": 11.116143}
            ]]},
            {"altitude": 176},
            {"distance_km": 2.83537},
            {"speed_kmh": 5.43802},
            {"timestamp": "Sat May 13 19:50:55 UTC 2017"}
        ],
        [
            {"location": [[
                {"latitude": 60.026592},
                {"longitude": 11.116059}
            ]]},
            {"altitude": 177},
            {"distance_km": 2.8619},
            {"speed_kmh": 7.11965},
            {"timestamp": "Sat May 13 19:51:04 UTC 2017"}
        ],
        [
            {"location": [[
                {"latitude": 60.026795},
                {"longitude": 11.116012}
            ]]},
            {"altitude": 177},
            {"distance_km": 2.88475},
            {"speed_kmh": 9.34919},
            {"timestamp": "Sat May 13 19:51:12 UTC 2017"}
        ],
        [
            {"location": [[
                {"latitude": 60.027016},
                {"longitude": 11.115937}
            ]]},
            {"altitude": 177},
            {"distance_km": 2.90963},
            {"speed_kmh": 10.2921},
            {"timestamp": "Sat May 13 19:51:21 UTC 2017"}
        ],
        [
            {"location": [[
                {"latitude": 60.0272},
                {"longitude": 11.115877}
            ]]},
            {"altitude": 180},
            {"distance_km": 2.93043},
            {"speed_kmh": 10.2545},
            {"timestamp": "Sat May 13 19:51:28 UTC 2017"}
        ],
        [
            {"location": [[
                {"latitude": 60.02737},
                {"longitude": 11.115858}
            ]]},
            {"altitude": 180},
            {"distance_km": 2.94942},
            {"speed_kmh": 9.76352},
            {"timestamp": "Sat May 13 19:51:36 UTC 2017"}
        ],
        [
            {"location": [[
                {"latitude": 60.027548},
                {"longitude": 11.115956}
            ]]},
            {"altitude": 177},
            {"distance_km": 2.97002},
            {"speed_kmh": 9.49794},
            {"timestamp": "Sat May 13 19:51:44 UTC 2017"}
        ],
        [
            {"location": [[
                {"latitude": 60.027685},
                {"longitude": 11.116003}
            ]]},
            {"altitude": 178},
            {"distance_km": 2.98545},
            {"speed_kmh": 9.67662},
            {"timestamp": "Sat May 13 19:51:49 UTC 2017"}
        ],
        [
            {"location": [[
                {"latitude": 60.027894},
                {"longitude": 11.115951}
            ]]},
            {"altitude": 177},
            {"distance_km": 3.00888},
            {"speed_kmh": 10.2654},
            {"timestamp": "Sat May 13 19:51:57 UTC 2017"}
        ],
        [
            {"location": [[
                {"latitude": 60.028155},
                {"longitude": 11.115832}
            ]]},
            {"altitude": 178},
            {"distance_km": 3.03879},
            {"speed_kmh": 11.2038},
            {"timestamp": "Sat May 13 19:52:06 UTC 2017"}
        ],
        [
            {"location": [[
                {"latitude": 60.028299},
                {"longitude": 11.115775}
            ]]},
            {"altitude": 178},
            {"distance_km": 3.05513},
            {"speed_kmh": 10.7755},
            {"timestamp": "Sat May 13 19:52:12 UTC 2017"}
        ],
        [
            {"location": [[
                {"latitude": 60.028442},
                {"longitude": 11.115699}
            ]]},
            {"altitude": 179},
            {"distance_km": 3.07159},
            {"speed_kmh": 10.5529},
            {"timestamp": "Sat May 13 19:52:18 UTC 2017"}
        ],
        [
            {"location": [[
                {"latitude": 60.028668},
                {"longitude": 11.11557}
            ]]},
            {"altitude": 181},
            {"distance_km": 3.09773},
            {"speed_kmh": 10.4752},
            {"timestamp": "Sat May 13 19:52:26 UTC 2017"}
        ],
        [
            {"location": [[
                {"latitude": 60.028859},
                {"longitude": 11.115442}
            ]]},
            {"altitude": 183},
            {"distance_km": 3.12024},
            {"speed_kmh": 11.0598},
            {"timestamp": "Sat May 13 19:52:33 UTC 2017"}
        ],
        [
            {"location": [[
                {"latitude": 60.029078},
                {"longitude": 11.115303}
            ]]},
            {"altitude": 184},
            {"distance_km": 3.14588},
            {"speed_kmh": 11.6565},
            {"timestamp": "Sat May 13 19:52:41 UTC 2017"}
        ],
        [
            {"location": [[
                {"latitude": 60.029155},
                {"longitude": 11.115258}
            ]]},
            {"altitude": 185},
            {"distance_km": 3.15474},
            {"speed_kmh": 11.2371},
            {"timestamp": "Sat May 13 19:52:44 UTC 2017"}
        ],
        [
            {"location": [[
                {"latitude": 60.029338},
                {"longitude": 11.115163}
            ]]},
            {"altitude": 183},
            {"distance_km": 3.17583},
            {"speed_kmh": 10.995},
            {"timestamp": "Sat May 13 19:52:51 UTC 2017"}
        ],
        [
            {"location": [[
                {"latitude": 60.029519},
                {"longitude": 11.115054}
            ]]},
            {"altitude": 182},
            {"distance_km": 3.19694},
            {"speed_kmh": 10.3082},
            {"timestamp": "Sat May 13 19:52:59 UTC 2017"}
        ],
        [
            {"location": [[
                {"latitude": 60.029655},
                {"longitude": 11.114989}
            ]]},
            {"altitude": 181},
            {"distance_km": 3.21247},
            {"speed_kmh": 9.88725},
            {"timestamp": "Sat May 13 19:53:05 UTC 2017"}
        ],
        [
            {"location": [[
                {"latitude": 60.029812},
                {"longitude": 11.115}
            ]]},
            {"altitude": 177},
            {"distance_km": 3.22991},
            {"speed_kmh": 8.5983},
            {"timestamp": "Sat May 13 19:53:14 UTC 2017"}
        ],
        [
            {"location": [[
                {"latitude": 60.030032},
                {"longitude": 11.114985}
            ]]},
            {"altitude": 179},
            {"distance_km": 3.25446},
            {"speed_kmh": 9.12776},
            {"timestamp": "Sat May 13 19:53:22 UTC 2017"}
        ],
        [
            {"location": [[
                {"latitude": 60.02952},
                {"longitude": 11.113752}
            ]]},
            {"altitude": 171},
            {"distance_km": 3.34373},
            {"timestamp": "Sat May 13 19:54:00 UTC 2017"}
        ],
        [
            {"location": [[
                {"latitude": 60.029425},
                {"longitude": 11.113646}
            ]]},
            {"altitude": 165},
            {"distance_km": 3.35586},
            {"timestamp": "Sat May 13 19:54:05 UTC 2017"}
        ],
        [
            {"location": [[
                {"latitude": 60.029181},
                {"longitude": 11.113434}
            ]]},
            {"altitude": 169},
            {"distance_km": 3.38559},
            {"speed_kmh": 9.27928},
            {"timestamp": "Sat May 13 19:54:15 UTC 2017"}
        ],
        [
            {"location": [[
                {"latitude": 60.028989},
                {"longitude": 11.113256}
            ]]},
            {"altitude": 170},
            {"distance_km": 3.40909},
            {"speed_kmh": 9.98428},
            {"timestamp": "Sat May 13 19:54:23 UTC 2017"}
        ],
        [
            {"location": [[
                {"latitude": 60.02884},
                {"longitude": 11.113137}
            ]]},
            {"altitude": 169},
            {"distance_km": 3.42704},
            {"speed_kmh": 10.6981},
            {"timestamp": "Sat May 13 19:54:29 UTC 2017"}
        ],
        [
            {"location": [[
                {"latitude": 60.02864},
                {"longitude": 11.112932}
            ]]},
            {"altitude": 169},
            {"distance_km": 3.45208},
            {"speed_kmh": 10.4525},
            {"timestamp": "Sat May 13 19:54:38 UTC 2017"}
        ],
        [
            {"location": [[
                {"latitude": 60.028507},
                {"longitude": 11.112767}
            ]]},
            {"altitude": 169},
            {"distance_km": 3.46953},
            {"speed_kmh": 10.3816},
            {"timestamp": "Sat May 13 19:54:44 UTC 2017"}
        ],
        [
            {"location": [[
                {"latitude": 60.028326},
                {"longitude": 11.112607}
            ]]},
            {"altitude": 166},
            {"distance_km": 3.49149},
            {"speed_kmh": 10.1164},
            {"timestamp": "Sat May 13 19:54:52 UTC 2017"}
        ],
        [
            {"location": [[
                {"latitude": 60.028117},
                {"longitude": 11.112414}
            ]]},
            {"altitude": 170},
            {"distance_km": 3.51725},
            {"speed_kmh": 10.2049},
            {"timestamp": "Sat May 13 19:55:01 UTC 2017"}
        ],
        [
            {"location": [[
                {"latitude": 60.027903},
                {"longitude": 11.112212}
            ]]},
            {"altitude": 163},
            {"distance_km": 3.54356},
            {"speed_kmh": 9.62389},
            {"timestamp": "Sat May 13 19:55:12 UTC 2017"}
        ],
        [
            {"location": [[
                {"latitude": 60.027652},
                {"longitude": 11.112012}
            ]]},
            {"altitude": 166},
            {"distance_km": 3.57369},
            {"speed_kmh": 9.58433},
            {"timestamp": "Sat May 13 19:55:23 UTC 2017"}
        ],
        [
            {"location": [[
                {"latitude": 60.027497},
                {"longitude": 11.111871}
            ]]},
            {"altitude": 166},
            {"distance_km": 3.59269},
            {"speed_kmh": 9.96615},
            {"timestamp": "Sat May 13 19:55:29 UTC 2017"}
        ],
        [
            {"location": [[
                {"latitude": 60.027287},
                {"longitude": 11.111666}
            ]]},
            {"altitude": 166},
            {"distance_km": 3.61866},
            {"speed_kmh": 10.983},
            {"timestamp": "Sat May 13 19:55:37 UTC 2017"}
        ],
        [
            {"location": [[
                {"latitude": 60.027079},
                {"longitude": 11.111463}
            ]]},
            {"altitude": 164},
            {"distance_km": 3.64442},
            {"speed_kmh": 11.1445},
            {"timestamp": "Sat May 13 19:55:46 UTC 2017"}
        ],
        [
            {"location": [[
                {"latitude": 60.026946},
                {"longitude": 11.111345}
            ]]},
            {"altitude": 163},
            {"distance_km": 3.66072},
            {"speed_kmh": 10.5683},
            {"timestamp": "Sat May 13 19:55:52 UTC 2017"}
        ],
        [
            {"location": [[
                {"latitude": 60.026773},
                {"longitude": 11.111125}
            ]]},
            {"altitude": 159},
            {"distance_km": 3.68354},
            {"speed_kmh": 9.73522},
            {"timestamp": "Sat May 13 19:56:01 UTC 2017"}
        ],
        [
            {"location": [[
                {"latitude": 60.026655},
                {"longitude": 11.110845}
            ]]},
            {"altitude": 161},
            {"distance_km": 3.70392},
            {"speed_kmh": 9.78638},
            {"timestamp": "Sat May 13 19:56:08 UTC 2017"}
        ],
        [
            {"location": [[
                {"latitude": 60.026525},
                {"longitude": 11.110514}
            ]]},
            {"altitude": 162},
            {"distance_km": 3.72739},
            {"speed_kmh": 10.0684},
            {"timestamp": "Sat May 13 19:56:16 UTC 2017"}
        ],
        [
            {"location": [[
                {"latitude": 60.026451},
                {"longitude": 11.110263}
            ]]},
            {"altitude": 162},
            {"distance_km": 3.74365},
            {"speed_kmh": 10.2574},
            {"timestamp": "Sat May 13 19:56:22 UTC 2017"}
        ],
        [
            {"location": [[
                {"latitude": 60.026323},
                {"longitude": 11.109915}
            ]]},
            {"altitude": 158},
            {"distance_km": 3.76772},
            {"speed_kmh": 9.65723},
            {"timestamp": "Sat May 13 19:56:32 UTC 2017"}
        ],
        [
            {"location": [[
                {"latitude": 60.026181},
                {"longitude": 11.109607}
            ]]},
            {"altitude": 157},
            {"distance_km": 3.79106},
            {"speed_kmh": 9.25112},
            {"timestamp": "Sat May 13 19:56:41 UTC 2017"}
        ],
        [
            {"location": [[
                {"latitude": 60.026092},
                {"longitude": 11.109381}
            ]]},
            {"altitude": 159},
            {"distance_km": 3.8071},
            {"speed_kmh": 9.21243},
            {"timestamp": "Sat May 13 19:56:47 UTC 2017"}
        ],
        [
            {"location": [[
                {"latitude": 60.026014},
                {"longitude": 11.109089}
            ]]},
            {"altitude": 156},
            {"distance_km": 3.82556},
            {"speed_kmh": 9.08204},
            {"timestamp": "Sat May 13 19:56:55 UTC 2017"}
        ],
        [
            {"location": [[
                {"latitude": 60.025919},
                {"longitude": 11.108801}
            ]]},
            {"altitude": 160},
            {"distance_km": 3.84479},
            {"speed_kmh": 9.8261},
            {"timestamp": "Sat May 13 19:57:01 UTC 2017"}
        ],
        [
            {"location": [[
                {"latitude": 60.02583},
                {"longitude": 11.108526}
            ]]},
            {"altitude": 160},
            {"distance_km": 3.86307},
            {"speed_kmh": 10.2746},
            {"timestamp": "Sat May 13 19:57:07 UTC 2017"}
        ],
        [
            {"location": [[
                {"latitude": 60.0257},
                {"longitude": 11.108169}
            ]]},
            {"altitude": 158},
            {"distance_km": 3.88765},
            {"speed_kmh": 10.7845},
            {"timestamp": "Sat May 13 19:57:16 UTC 2017"}
        ],
        [
            {"location": [[
                {"latitude": 60.025553},
                {"longitude": 11.107744}
            ]]},
            {"altitude": 159},
            {"distance_km": 3.9165},
            {"speed_kmh": 10.3933},
            {"timestamp": "Sat May 13 19:57:26 UTC 2017"}
        ],
        [
            {"location": [[
                {"latitude": 60.025506},
                {"longitude": 11.107606}
            ]]},
            {"altitude": 158},
            {"distance_km": 3.92582},
            {"speed_kmh": 10.4715},
            {"timestamp": "Sat May 13 19:57:29 UTC 2017"}
        ],
        [
            {"location": [[
                {"latitude": 60.025396},
                {"longitude": 11.107333}
            ]]},
            {"altitude": 160},
            {"distance_km": 3.94534},
            {"speed_kmh": 10.5391},
            {"timestamp": "Sat May 13 19:57:36 UTC 2017"}
        ],
        [
            {"location": [[
                {"latitude": 60.025343},
                {"longitude": 11.107199}
            ]]},
            {"altitude": 160},
            {"distance_km": 3.95484},
            {"speed_kmh": 9.93363},
            {"timestamp": "Sat May 13 19:57:40 UTC 2017"}
        ],
        [
            {"location": [[
                {"latitude": 60.025194},
                {"longitude": 11.106905}
            ]]},
            {"altitude": 158},
            {"distance_km": 3.97824},
            {"speed_kmh": 9.32006},
            {"timestamp": "Sat May 13 19:57:49 UTC 2017"}
        ],
        [
            {"location": [[
                {"latitude": 60.025204},
                {"longitude": 11.106559}
            ]]},
            {"altitude": 158},
            {"distance_km": 3.99752},
            {"speed_kmh": 8.54989},
            {"timestamp": "Sat May 13 19:57:58 UTC 2017"}
        ],
        [
            {"location": [[
                {"latitude": 60.025092},
                {"longitude": 11.106228}
            ]]},
            {"altitude": 160},
            {"distance_km": 4.01975},
            {"speed_kmh": 8.65558},
            {"timestamp": "Sat May 13 19:58:07 UTC 2017"}
        ],
        [
            {"location": [[
                {"latitude": 60.025024},
                {"longitude": 11.10583}
            ]]},
            {"altitude": 161},
            {"distance_km": 4.04327},
            {"speed_kmh": 9.06305},
            {"timestamp": "Sat May 13 19:58:15 UTC 2017"}
        ],
        [
            {"location": [[
                {"latitude": 60.024856},
                {"longitude": 11.103774}
            ]]},
            {"altitude": 169},
            {"distance_km": 4.15941},
            {"speed_kmh": 3.31797},
            {"timestamp": "Sat May 13 19:58:57 UTC 2017"}
        ],
        [
            {"location": [[
                {"latitude": 60.024876},
                {"longitude": 11.103655}
            ]]},
            {"altitude": 166},
            {"distance_km": 4.16642},
            {"timestamp": "Sat May 13 19:59:01 UTC 2017"}
        ],
        [
            {"location": [[
                {"latitude": 60.024754},
                {"longitude": 11.103516}
            ]]},
            {"altitude": 162},
            {"distance_km": 4.20043},
            {"timestamp": "Sat May 13 19:59:10 UTC 2017"}
        ],
        [
            {"location": [[
                {"latitude": 60.024666},
                {"longitude": 11.103106}
            ]]},
            {"altitude": 163},
            {"distance_km": 4.22531},
            {"speed_kmh": 7.91415},
            {"timestamp": "Sat May 13 19:59:18 UTC 2017"}
        ],
        [
            {"location": [[
                {"latitude": 60.024516},
                {"longitude": 11.102866}
            ]]},
            {"altitude": 161},
            {"distance_km": 4.24675},
            {"speed_kmh": 9.0478},
            {"timestamp": "Sat May 13 19:59:26 UTC 2017"}
        ],
        [
            {"location": [[
                {"latitude": 60.024366},
                {"longitude": 11.103248}
            ]]},
            {"altitude": 160},
            {"distance_km": 4.27378},
            {"speed_kmh": 10.1811},
            {"timestamp": "Sat May 13 19:59:36 UTC 2017"}
        ],
        [
            {"location": [[
                {"latitude": 60.024226},
                {"longitude": 11.103643}
            ]]},
            {"altitude": 164},
            {"distance_km": 4.3008},
            {"speed_kmh": 10.5194},
            {"timestamp": "Sat May 13 19:59:44 UTC 2017"}
        ],
        [
            {"location": [[
                {"latitude": 60.024112},
                {"longitude": 11.103936}
            ]]},
            {"altitude": 167},
            {"distance_km": 4.3215},
            {"speed_kmh": 10.8534},
            {"timestamp": "Sat May 13 19:59:51 UTC 2017"}
        ],
        [
            {"location": [[
                {"latitude": 60.023987},
                {"longitude": 11.104266}
            ]]},
            {"altitude": 170},
            {"distance_km": 4.34455},
            {"speed_kmh": 11.5693},
            {"timestamp": "Sat May 13 19:59:58 UTC 2017"}
        ],
        [
            {"location": [[
                {"latitude": 60.023915},
                {"longitude": 11.10443}
            ]]},
            {"altitude": 169},
            {"distance_km": 4.35672},
            {"speed_kmh": 11.1537},
            {"timestamp": "Sat May 13 20:00:02 UTC 2017"}
        ],
        [
            {"location": [[
                {"latitude": 60.023833},
                {"longitude": 11.104686}
            ]]},
            {"altitude": 171},
            {"distance_km": 4.3737},
            {"speed_kmh": 10.5085},
            {"timestamp": "Sat May 13 20:00:09 UTC 2017"}
        ],
        [
            {"location": [[
                {"latitude": 60.023697},
                {"longitude": 11.105139}
            ]]},
            {"altitude": 170},
            {"distance_km": 4.40311},
            {"speed_kmh": 10.0916},
            {"timestamp": "Sat May 13 20:00:19 UTC 2017"}
        ],
        [
            {"location": [[
                {"latitude": 60.023589},
                {"longitude": 11.105267}
            ]]},
            {"altitude": 165},
            {"distance_km": 4.41711},
            {"speed_kmh": 8.11934},
            {"timestamp": "Sat May 13 20:00:29 UTC 2017"}
        ],
        [
            {"location": [[
                {"latitude": 60.023559},
                {"longitude": 11.105776}
            ]]},
            {"altitude": 164},
            {"distance_km": 4.4457},
            {"speed_kmh": 8.33},
            {"timestamp": "Sat May 13 20:00:40 UTC 2017"}
        ],
        [
            {"location": [[
                {"latitude": 60.023533},
                {"longitude": 11.106284}
            ]]},
            {"altitude": 166},
            {"distance_km": 4.47415},
            {"speed_kmh": 8.21452},
            {"timestamp": "Sat May 13 20:00:50 UTC 2017"}
        ],
        [
            {"location": [[
                {"latitude": 60.023508},
                {"longitude": 11.106559}
            ]]},
            {"altitude": 165},
            {"distance_km": 4.48974},
            {"speed_kmh": 9.64891},
            {"timestamp": "Sat May 13 20:00:56 UTC 2017"}
        ],
        [
            {"location": [[
                {"latitude": 60.023638},
                {"longitude": 11.108441}
            ]]},
            {"altitude": 184},
            {"distance_km": 4.59572},
            {"speed_kmh": 3.18021},
            {"timestamp": "Sat May 13 20:01:36 UTC 2017"}
        ],
        [
            {"location": [[
                {"latitude": 60.023654},
                {"longitude": 11.108673}
            ]]},
            {"altitude": 181},
            {"distance_km": 4.60875},
            {"speed_kmh": 5.13104},
            {"timestamp": "Sat May 13 20:01:44 UTC 2017"}
        ],
        [
            {"location": [[
                {"latitude": 60.023556},
                {"longitude": 11.109087}
            ]]},
            {"altitude": 173},
            {"distance_km": 4.63436},
            {"speed_kmh": 7.32662},
            {"timestamp": "Sat May 13 20:01:58 UTC 2017"}
        ],
        [
            {"location": [[
                {"latitude": 60.023525},
                {"longitude": 11.10934}
            ]]},
            {"altitude": 171},
            {"distance_km": 4.64885},
            {"speed_kmh": 6.6307},
            {"timestamp": "Sat May 13 20:02:05 UTC 2017"}
        ],
        [
            {"location": [[
                {"latitude": 60.023611},
                {"longitude": 11.109465}
            ]]},
            {"altitude": 168},
            {"distance_km": 4.6606},
            {"speed_kmh": 6.24003},
            {"timestamp": "Sat May 13 20:02:14 UTC 2017"}
        ],
        [
            {"location": [[
                {"latitude": 60.023813},
                {"longitude": 11.109678}
            ]]},
            {"altitude": 171},
            {"distance_km": 4.68613},
            {"speed_kmh": 5.84516},
            {"timestamp": "Sat May 13 20:02:31 UTC 2017"}
        ],
        [
            {"location": [[
                {"latitude": 60.02392},
                {"longitude": 11.109939}
            ]]},
            {"altitude": 173},
            {"distance_km": 4.70491},
            {"speed_kmh": 4.9773},
            {"timestamp": "Sat May 13 20:02:45 UTC 2017"}
        ],
        [
            {"location": [[
                {"latitude": 60.02387},
                {"longitude": 11.110252}
            ]]},
            {"altitude": 172},
            {"distance_km": 4.72325},
            {"speed_kmh": 4.98864},
            {"timestamp": "Sat May 13 20:02:59 UTC 2017"}
        ],
        [
            {"location": [[
                {"latitude": 60.023762},
                {"longitude": 11.110669}
            ]]},
            {"altitude": 173},
            {"distance_km": 4.74943},
            {"speed_kmh": 6.04612},
            {"timestamp": "Sat May 13 20:03:10 UTC 2017"}
        ],
        [
            {"location": [[
                {"latitude": 60.023664},
                {"longitude": 11.111021}
            ]]},
            {"altitude": 172},
            {"distance_km": 4.77193},
            {"speed_kmh": 8.92663},
            {"timestamp": "Sat May 13 20:03:16 UTC 2017"}
        ],
        [
            {"location": [[
                {"latitude": 60.023613},
                {"longitude": 11.111213}
            ]]},
            {"altitude": 173},
            {"distance_km": 4.78405},
            {"speed_kmh": 10.9873},
            {"timestamp": "Sat May 13 20:03:20 UTC 2017"}
        ],
        [
            {"location": [[
                {"latitude": 60.023272},
                {"longitude": 11.112723}
            ]]},
            {"altitude": 168},
            {"distance_km": 4.87644},
            {"speed_kmh": 2.91762},
            {"timestamp": "Sat May 13 20:03:58 UTC 2017"}
        ],
        [
            {"location": [[
                {"latitude": 60.023312},
                {"longitude": 11.113072}
            ]]},
            {"altitude": 171},
            {"distance_km": 4.89641},
            {"speed_kmh": 5.91112},
            {"timestamp": "Sat May 13 20:04:06 UTC 2017"}
        ],
        [
            {"location": [[
                {"latitude": 60.023391},
                {"longitude": 11.113338}
            ]]},
            {"altitude": 178},
            {"distance_km": 4.91366},
            {"speed_kmh": 10.0602},
            {"timestamp": "Sat May 13 20:04:11 UTC 2017"}
        ],
        [
            {"location": [[
                {"latitude": 60.02346},
                {"longitude": 11.113498}
            ]]},
            {"altitude": 179},
            {"distance_km": 4.92542},
            {"speed_kmh": 10.6657},
            {"timestamp": "Sat May 13 20:04:15 UTC 2017"}
        ],
        [
            {"location": [[
                {"latitude": 60.02355},
                {"longitude": 11.113769}
            ]]},
            {"altitude": 178},
            {"distance_km": 4.94358},
            {"speed_kmh": 12.0322},
            {"timestamp": "Sat May 13 20:04:20 UTC 2017"}
        ],
        [
            {"location": [[
                {"latitude": 60.023609},
                {"longitude": 11.113934}
            ]]},
            {"altitude": 178},
            {"distance_km": 4.95486},
            {"speed_kmh": 12.326},
            {"timestamp": "Sat May 13 20:04:23 UTC 2017"}
        ],
        [
            {"location": [[
                {"latitude": 60.023718},
                {"longitude": 11.11432}
            ]]},
            {"altitude": 179},
            {"distance_km": 4.97961},
            {"speed_kmh": 12.5299},
            {"timestamp": "Sat May 13 20:04:31 UTC 2017"}
        ],
        [
            {"location": [[
                {"latitude": 60.023834},
                {"longitude": 11.114609}
            ]]},
            {"altitude": 183},
            {"distance_km": 5.00028},
            {"speed_kmh": 11.2734},
            {"timestamp": "Sat May 13 20:04:39 UTC 2017"}
        ],
        [
            {"location": [[
                {"latitude": 60.023992},
                {"longitude": 11.114774}
            ]]},
            {"altitude": 181},
            {"distance_km": 5.02012},
            {"speed_kmh": 10.2277},
            {"timestamp": "Sat May 13 20:04:46 UTC 2017"}
        ],
        [
            {"location": [[
                {"latitude": 60.023992},
                {"longitude": 11.114774}
            ]]},
            {"distance_km": 5.02012},
            {"timestamp": "Sat May 13 20:04:51 UTC 2017"}
        ],
        [
            {"location": [[
                {"latitude": 60.023992},
                {"longitude": 11.114774}
            ]]},
            {"distance_km": 5.02012},
            {"timestamp": "Sat May 13 20:05:02 UTC 2017"}
        ]
    ]}
]