[
    {"sport": "RUNNING"},
    {"source": "INPUT_MANUAL_MOBILE"},
    {"created_date": "2017-11-23 18:03:07.0"},
    {"start_time": "2017-11-23 16:57:43.0"},
    {"end_time": "2017-11-23 17:38:35.0"},
    {"duration_s": 2452},
    {"distance_km": 6.400000095367432},
    {"calories_kcal": 401},
    {"speed_avg_kmh": 9.396411233002755},
    {"hydration_l": 0.054648},
    {"points": [
        [
            {"distance_km": 0},
            {"timestamp": "Thu Nov 23 16:57:43 UTC 2017"}
        ],
        [
            {"distance_km": 0},
            {"timestamp": "Thu Nov 23 17:38:35 UTC 2017"}
        ],
        [
            {"distance_km": 0},
            {"timestamp": "Thu Nov 23 17:38:55 UTC 2017"}
        ]
    ]}
]