[
    {"sport": "RUNNING"},
    {"source": "TRACK_MOBILE"},
    {"created_date": "2017-08-24 19:39:05.0"},
    {"start_time": "2017-08-24 18:43:15.0"},
    {"end_time": "2017-08-24 19:36:16.0"},
    {"duration_s": 3181},
    {"distance_km": 6.652132034301758},
    {"calories_kcal": 412},
    {"altitude_min_m": 130},
    {"altitude_max_m": 165},
    {"speed_avg_kmh": 7.52834810546568},
    {"speed_max_kmh": 15.8424},
    {"hydration_l": 0.260216},
    {"ascend_m": 52},
    {"descend_m": 39},
    {"points": [
        [
            {"location": [[
                {"latitude": 59.953539},
                {"longitude": 11.064775}
            ]]},
            {"distance_km": 0},
            {"timestamp": "Thu Aug 24 18:43:15 UTC 2017"}
        ],
        [
            {"location": [[
                {"latitude": 59.953539},
                {"longitude": 11.064775}
            ]]},
            {"altitude": 145},
            {"distance_km": 0},
            {"timestamp": "Thu Aug 24 18:43:16 UTC 2017"}
        ],
        [
            {"location": [[
                {"latitude": 59.953672},
                {"longitude": 11.064935}
            ]]},
            {"altitude": 146},
            {"distance_km": 0.03457},
            {"timestamp": "Thu Aug 24 18:43:32 UTC 2017"}
        ],
        [
            {"location": [[
                {"latitude": 59.953742},
                {"longitude": 11.065202}
            ]]},
            {"altitude": 147},
            {"distance_km": 0.051348},
            {"timestamp": "Thu Aug 24 18:43:43 UTC 2017"}
        ],
        [
            {"location": [[
                {"latitude": 59.953754},
                {"longitude": 11.065242}
            ]]},
            {"altitude": 147},
            {"distance_km": 0.053966},
            {"speed_kmh": 4.7055},
            {"timestamp": "Thu Aug 24 18:43:45 UTC 2017"}
        ],
        [
            {"location": [[
                {"latitude": 59.953742},
                {"longitude": 11.065202}
            ]]},
            {"altitude": 147},
            {"distance_km": 0.056584},
            {"speed_kmh": 3.79964},
            {"timestamp": "Thu Aug 24 18:43:53 UTC 2017"}
        ],
        [
            {"location": [[
                {"latitude": 59.953797},
                {"longitude": 11.065515}
            ]]},
            {"altitude": 143},
            {"distance_km": 0.093687},
            {"timestamp": "Thu Aug 24 18:44:27 UTC 2017"}
        ],
        [
            {"location": [[
                {"latitude": 59.953819},
                {"longitude": 11.065707}
            ]]},
            {"altitude": 142},
            {"distance_km": 0.104682},
            {"timestamp": "Thu Aug 24 18:44:34 UTC 2017"}
        ],
        [
            {"location": [[
                {"latitude": 59.953849},
                {"longitude": 11.065986}
            ]]},
            {"altitude": 140},
            {"distance_km": 0.120658},
            {"speed_kmh": 4.28343},
            {"timestamp": "Thu Aug 24 18:44:45 UTC 2017"}
        ],
        [
            {"location": [[
                {"latitude": 59.953909},
                {"longitude": 11.066275}
            ]]},
            {"altitude": 140},
            {"distance_km": 0.138147},
            {"speed_kmh": 5.49283},
            {"timestamp": "Thu Aug 24 18:44:56 UTC 2017"}
        ],
        [
            {"location": [[
                {"latitude": 59.953924},
                {"longitude": 11.066547}
            ]]},
            {"altitude": 138},
            {"distance_km": 0.153407},
            {"speed_kmh": 5.2415},
            {"timestamp": "Thu Aug 24 18:45:07 UTC 2017"}
        ],
        [
            {"location": [[
                {"latitude": 59.953969},
                {"longitude": 11.067002}
            ]]},
            {"altitude": 137},
            {"distance_km": 0.179306},
            {"speed_kmh": 5.35039},
            {"timestamp": "Thu Aug 24 18:45:24 UTC 2017"}
        ],
        [
            {"location": [[
                {"latitude": 59.953993},
                {"longitude": 11.067233}
            ]]},
            {"altitude": 141},
            {"distance_km": 0.192536},
            {"speed_kmh": 5.23275},
            {"timestamp": "Thu Aug 24 18:45:33 UTC 2017"}
        ],
        [
            {"location": [[
                {"latitude": 59.953999},
                {"longitude": 11.067551}
            ]]},
            {"altitude": 141},
            {"distance_km": 0.210301},
            {"speed_kmh": 5.38485},
            {"timestamp": "Thu Aug 24 18:45:45 UTC 2017"}
        ],
        [
            {"location": [[
                {"latitude": 59.954046},
                {"longitude": 11.067878}
            ]]},
            {"altitude": 144},
            {"distance_km": 0.229288},
            {"speed_kmh": 5.2772},
            {"timestamp": "Thu Aug 24 18:45:58 UTC 2017"}
        ],
        [
            {"location": [[
                {"latitude": 59.954114},
                {"longitude": 11.068077}
            ]]},
            {"altitude": 145},
            {"distance_km": 0.242757},
            {"speed_kmh": 5.3269},
            {"timestamp": "Thu Aug 24 18:46:07 UTC 2017"}
        ],
        [
            {"location": [[
                {"latitude": 59.954215},
                {"longitude": 11.06833}
            ]]},
            {"altitude": 148},
            {"distance_km": 0.260835},
            {"speed_kmh": 5.21896},
            {"timestamp": "Thu Aug 24 18:46:20 UTC 2017"}
        ],
        [
            {"location": [[
                {"latitude": 59.954367},
                {"longitude": 11.068669}
            ]]},
            {"altitude": 146},
            {"distance_km": 0.286225},
            {"speed_kmh": 5.36943},
            {"timestamp": "Thu Aug 24 18:46:36 UTC 2017"}
        ],
        [
            {"location": [[
                {"latitude": 59.954846},
                {"longitude": 11.069482}
            ]]},
            {"altitude": 147},
            {"distance_km": 0.356286},
            {"timestamp": "Thu Aug 24 18:47:18 UTC 2017"}
        ],
        [
            {"location": [[
                {"latitude": 59.955021},
                {"longitude": 11.069558}
            ]]},
            {"altitude": 144},
            {"distance_km": 0.376227},
            {"timestamp": "Thu Aug 24 18:47:32 UTC 2017"}
        ],
        [
            {"location": [[
                {"latitude": 59.955141},
                {"longitude": 11.069764}
            ]]},
            {"altitude": 143},
            {"distance_km": 0.393907},
            {"speed_kmh": 5.49245},
            {"timestamp": "Thu Aug 24 18:47:44 UTC 2017"}
        ],
        [
            {"location": [[
                {"latitude": 59.955253},
                {"longitude": 11.069773}
            ]]},
            {"altitude": 142},
            {"distance_km": 0.406381},
            {"speed_kmh": 5.60525},
            {"timestamp": "Thu Aug 24 18:47:51 UTC 2017"}
        ],
        [
            {"location": [[
                {"latitude": 59.955382},
                {"longitude": 11.069715}
            ]]},
            {"altitude": 141},
            {"distance_km": 0.421055},
            {"speed_kmh": 5.85043},
            {"timestamp": "Thu Aug 24 18:48:00 UTC 2017"}
        ],
        [
            {"location": [[
                {"latitude": 59.955477},
                {"longitude": 11.06966}
            ]]},
            {"altitude": 141},
            {"distance_km": 0.432084},
            {"speed_kmh": 5.95871},
            {"timestamp": "Thu Aug 24 18:48:07 UTC 2017"}
        ],
        [
            {"location": [[
                {"latitude": 59.955619},
                {"longitude": 11.069602}
            ]]},
            {"altitude": 141},
            {"distance_km": 0.448243},
            {"speed_kmh": 5.45995},
            {"timestamp": "Thu Aug 24 18:48:19 UTC 2017"}
        ],
        [
            {"location": [[
                {"latitude": 59.955755},
                {"longitude": 11.0697}
            ]]},
            {"altitude": 141},
            {"distance_km": 0.464328},
            {"speed_kmh": 5.11434},
            {"timestamp": "Thu Aug 24 18:48:31 UTC 2017"}
        ],
        [
            {"location": [[
                {"latitude": 59.955817},
                {"longitude": 11.070057}
            ]]},
            {"altitude": 144},
            {"distance_km": 0.485437},
            {"speed_kmh": 5.16815},
            {"timestamp": "Thu Aug 24 18:48:44 UTC 2017"}
        ],
        [
            {"location": [[
                {"latitude": 59.95586},
                {"longitude": 11.070458}
            ]]},
            {"altitude": 141},
            {"distance_km": 0.508371},
            {"speed_kmh": 5.67362},
            {"timestamp": "Thu Aug 24 18:48:57 UTC 2017"}
        ],
        [
            {"location": [[
                {"latitude": 59.95589},
                {"longitude": 11.070763}
            ]]},
            {"altitude": 142},
            {"distance_km": 0.525696},
            {"speed_kmh": 5.79835},
            {"timestamp": "Thu Aug 24 18:49:09 UTC 2017"}
        ],
        [
            {"location": [[
                {"latitude": 59.955924},
                {"longitude": 11.07098}
            ]]},
            {"altitude": 144},
            {"distance_km": 0.538401},
            {"speed_kmh": 5.54846},
            {"timestamp": "Thu Aug 24 18:49:18 UTC 2017"}
        ],
        [
            {"location": [[
                {"latitude": 59.955975},
                {"longitude": 11.071311}
            ]]},
            {"altitude": 146},
            {"distance_km": 0.55776},
            {"speed_kmh": 5.21438},
            {"timestamp": "Thu Aug 24 18:49:31 UTC 2017"}
        ],
        [
            {"location": [[
                {"latitude": 59.955968},
                {"longitude": 11.071652}
            ]]},
            {"altitude": 142},
            {"distance_km": 0.576822},
            {"speed_kmh": 5.56029},
            {"timestamp": "Thu Aug 24 18:49:42 UTC 2017"}
        ],
        [
            {"location": [[
                {"latitude": 59.956071},
                {"longitude": 11.0719}
            ]]},
            {"altitude": 142},
            {"distance_km": 0.594757},
            {"speed_kmh": 5.2999},
            {"timestamp": "Thu Aug 24 18:49:57 UTC 2017"}
        ],
        [
            {"location": [[
                {"latitude": 59.956285},
                {"longitude": 11.071917}
            ]]},
            {"altitude": 142},
            {"distance_km": 0.618695},
            {"speed_kmh": 5.3089},
            {"timestamp": "Thu Aug 24 18:50:13 UTC 2017"}
        ],
        [
            {"location": [[
                {"latitude": 59.956412},
                {"longitude": 11.072049}
            ]]},
            {"altitude": 140},
            {"distance_km": 0.634652},
            {"speed_kmh": 4.50339},
            {"timestamp": "Thu Aug 24 18:50:28 UTC 2017"}
        ],
        [
            {"location": [[
                {"latitude": 59.956524},
                {"longitude": 11.072262}
            ]]},
            {"altitude": 141},
            {"distance_km": 0.651893},
            {"speed_kmh": 4.66587},
            {"timestamp": "Thu Aug 24 18:50:41 UTC 2017"}
        ],
        [
            {"location": [[
                {"latitude": 59.956703},
                {"longitude": 11.072405}
            ]]},
            {"altitude": 141},
            {"distance_km": 0.673373},
            {"speed_kmh": 4.70751},
            {"timestamp": "Thu Aug 24 18:50:55 UTC 2017"}
        ],
        [
            {"location": [[
                {"latitude": 59.956926},
                {"longitude": 11.072586}
            ]]},
            {"altitude": 142},
            {"distance_km": 0.700244},
            {"speed_kmh": 7.02865},
            {"timestamp": "Thu Aug 24 18:51:04 UTC 2017"}
        ],
        [
            {"location": [[
                {"latitude": 59.957102},
                {"longitude": 11.072725}
            ]]},
            {"altitude": 141},
            {"distance_km": 0.72129},
            {"speed_kmh": 9.03997},
            {"timestamp": "Thu Aug 24 18:51:11 UTC 2017"}
        ],
        [
            {"location": [[
                {"latitude": 59.957272},
                {"longitude": 11.072862}
            ]]},
            {"altitude": 143},
            {"distance_km": 0.74167},
            {"speed_kmh": 10.7433},
            {"timestamp": "Thu Aug 24 18:51:18 UTC 2017"}
        ],
        [
            {"location": [[
                {"latitude": 59.957405},
                {"longitude": 11.073003}
            ]]},
            {"altitude": 141},
            {"distance_km": 0.758478},
            {"speed_kmh": 9.98934},
            {"timestamp": "Thu Aug 24 18:51:25 UTC 2017"}
        ],
        [
            {"location": [[
                {"latitude": 59.95763},
                {"longitude": 11.073158}
            ]]},
            {"altitude": 142},
            {"distance_km": 0.78495},
            {"speed_kmh": 9.55977},
            {"timestamp": "Thu Aug 24 18:51:35 UTC 2017"}
        ],
        [
            {"location": [[
                {"latitude": 59.95784},
                {"longitude": 11.073309}
            ]]},
            {"altitude": 143},
            {"distance_km": 0.809886},
            {"speed_kmh": 9.34136},
            {"timestamp": "Thu Aug 24 18:51:44 UTC 2017"}
        ],
        [
            {"location": [[
                {"latitude": 59.958582},
                {"longitude": 11.073419}
            ]]},
            {"altitude": 143},
            {"distance_km": 0.892745},
            {"speed_kmh": 2.84162},
            {"timestamp": "Thu Aug 24 18:52:19 UTC 2017"}
        ],
        [
            {"location": [[
                {"latitude": 59.9589},
                {"longitude": 11.073396}
            ]]},
            {"altitude": 143},
            {"distance_km": 0.928212},
            {"speed_kmh": 6.71179},
            {"timestamp": "Thu Aug 24 18:52:30 UTC 2017"}
        ],
        [
            {"location": [[
                {"latitude": 59.959082},
                {"longitude": 11.073418}
            ]]},
            {"altitude": 141},
            {"distance_km": 0.948501},
            {"speed_kmh": 9.79283},
            {"timestamp": "Thu Aug 24 18:52:38 UTC 2017"}
        ],
        [
            {"location": [[
                {"latitude": 59.959271},
                {"longitude": 11.073446}
            ]]},
            {"altitude": 144},
            {"distance_km": 0.969649},
            {"speed_kmh": 10.1206},
            {"timestamp": "Thu Aug 24 18:52:46 UTC 2017"}
        ],
        [
            {"location": [[
                {"latitude": 59.959398},
                {"longitude": 11.073418}
            ]]},
            {"altitude": 143},
            {"distance_km": 0.983906},
            {"speed_kmh": 9.60781},
            {"timestamp": "Thu Aug 24 18:52:51 UTC 2017"}
        ],
        [
            {"location": [[
                {"latitude": 59.959497},
                {"longitude": 11.073399}
            ]]},
            {"altitude": 143},
            {"distance_km": 0.994977},
            {"speed_kmh": 9.84791},
            {"timestamp": "Thu Aug 24 18:52:55 UTC 2017"}
        ],
        [
            {"location": [[
                {"latitude": 59.959705},
                {"longitude": 11.073406}
            ]]},
            {"altitude": 142},
            {"distance_km": 1.01813},
            {"speed_kmh": 9.4529},
            {"timestamp": "Thu Aug 24 18:53:05 UTC 2017"}
        ],
        [
            {"location": [[
                {"latitude": 59.959639},
                {"longitude": 11.073677}
            ]]},
            {"altitude": 146},
            {"distance_km": 1.03497},
            {"speed_kmh": 8.62699},
            {"timestamp": "Thu Aug 24 18:53:13 UTC 2017"}
        ],
        [
            {"location": [[
                {"latitude": 59.959542},
                {"longitude": 11.07412}
            ]]},
            {"altitude": 144},
            {"distance_km": 1.06199},
            {"speed_kmh": 8.00759},
            {"timestamp": "Thu Aug 24 18:53:25 UTC 2017"}
        ],
        [
            {"location": [[
                {"latitude": 59.959418},
                {"longitude": 11.074528}
            ]]},
            {"altitude": 143},
            {"distance_km": 1.0886},
            {"speed_kmh": 8.42712},
            {"timestamp": "Thu Aug 24 18:53:35 UTC 2017"}
        ],
        [
            {"location": [[
                {"latitude": 59.959366},
                {"longitude": 11.074941}
            ]]},
            {"altitude": 149},
            {"distance_km": 1.11241},
            {"speed_kmh": 9.06407},
            {"timestamp": "Thu Aug 24 18:53:44 UTC 2017"}
        ],
        [
            {"location": [[
                {"latitude": 59.959284},
                {"longitude": 11.075375}
            ]]},
            {"altitude": 154},
            {"distance_km": 1.13837},
            {"speed_kmh": 9.48194},
            {"timestamp": "Thu Aug 24 18:53:54 UTC 2017"}
        ],
        [
            {"location": [[
                {"latitude": 59.959207},
                {"longitude": 11.07571}
            ]]},
            {"altitude": 158},
            {"distance_km": 1.15895},
            {"speed_kmh": 9.03271},
            {"timestamp": "Thu Aug 24 18:54:03 UTC 2017"}
        ],
        [
            {"location": [[
                {"latitude": 59.959117},
                {"longitude": 11.076091}
            ]]},
            {"altitude": 155},
            {"distance_km": 1.18245},
            {"speed_kmh": 8.99809},
            {"timestamp": "Thu Aug 24 18:54:12 UTC 2017"}
        ],
        [
            {"location": [[
                {"latitude": 59.959025},
                {"longitude": 11.076331}
            ]]},
            {"altitude": 150},
            {"distance_km": 1.19933},
            {"speed_kmh": 9.25282},
            {"timestamp": "Thu Aug 24 18:54:18 UTC 2017"}
        ],
        [
            {"location": [[
                {"latitude": 59.958929},
                {"longitude": 11.07678}
            ]]},
            {"altitude": 150},
            {"distance_km": 1.22662},
            {"speed_kmh": 9.77508},
            {"timestamp": "Thu Aug 24 18:54:28 UTC 2017"}
        ],
        [
            {"location": [[
                {"latitude": 59.958803},
                {"longitude": 11.077191}
            ]]},
            {"altitude": 147},
            {"distance_km": 1.25353},
            {"speed_kmh": 9.87944},
            {"timestamp": "Thu Aug 24 18:54:38 UTC 2017"}
        ],
        [
            {"location": [[
                {"latitude": 59.958714},
                {"longitude": 11.077536}
            ]]},
            {"altitude": 143},
            {"distance_km": 1.2752},
            {"speed_kmh": 9.75525},
            {"timestamp": "Thu Aug 24 18:54:46 UTC 2017"}
        ],
        [
            {"location": [[
                {"latitude": 59.958696},
                {"longitude": 11.07786}
            ]]},
            {"altitude": 150},
            {"distance_km": 1.29341},
            {"speed_kmh": 9.21561},
            {"timestamp": "Thu Aug 24 18:54:54 UTC 2017"}
        ],
        [
            {"location": [[
                {"latitude": 59.958581},
                {"longitude": 11.078325}
            ]]},
            {"altitude": 146},
            {"distance_km": 1.32238},
            {"speed_kmh": 9.45777},
            {"timestamp": "Thu Aug 24 18:55:04 UTC 2017"}
        ],
        [
            {"location": [[
                {"latitude": 59.95851},
                {"longitude": 11.078531}
            ]]},
            {"altitude": 144},
            {"distance_km": 1.33629},
            {"speed_kmh": 9.53625},
            {"timestamp": "Thu Aug 24 18:55:09 UTC 2017"}
        ],
        [
            {"location": [[
                {"latitude": 59.958375},
                {"longitude": 11.078865}
            ]]},
            {"altitude": 150},
            {"distance_km": 1.3603},
            {"speed_kmh": 9.69486},
            {"timestamp": "Thu Aug 24 18:55:19 UTC 2017"}
        ],
        [
            {"location": [[
                {"latitude": 59.958194},
                {"longitude": 11.079106}
            ]]},
            {"altitude": 147},
            {"distance_km": 1.38448},
            {"speed_kmh": 9.11551},
            {"timestamp": "Thu Aug 24 18:55:29 UTC 2017"}
        ],
        [
            {"location": [[
                {"latitude": 59.958053},
                {"longitude": 11.079186}
            ]]},
            {"altitude": 146},
            {"distance_km": 1.40082},
            {"speed_kmh": 9.04735},
            {"timestamp": "Thu Aug 24 18:55:35 UTC 2017"}
        ],
        [
            {"location": [[
                {"latitude": 59.957886},
                {"longitude": 11.079544}
            ]]},
            {"altitude": 151},
            {"distance_km": 1.42818},
            {"speed_kmh": 9.81612},
            {"timestamp": "Thu Aug 24 18:55:44 UTC 2017"}
        ],
        [
            {"location": [[
                {"latitude": 59.957838},
                {"longitude": 11.079762}
            ]]},
            {"altitude": 150},
            {"distance_km": 1.4415},
            {"speed_kmh": 10.1108},
            {"timestamp": "Thu Aug 24 18:55:49 UTC 2017"}
        ],
        [
            {"location": [[
                {"latitude": 59.95784},
                {"longitude": 11.080004}
            ]]},
            {"altitude": 147},
            {"distance_km": 1.45503},
            {"speed_kmh": 9.55558},
            {"timestamp": "Thu Aug 24 18:55:55 UTC 2017"}
        ],
        [
            {"location": [[
                {"latitude": 59.957787},
                {"longitude": 11.080509}
            ]]},
            {"altitude": 147},
            {"distance_km": 1.48381},
            {"speed_kmh": 9.02789},
            {"timestamp": "Thu Aug 24 18:56:06 UTC 2017"}
        ],
        [
            {"location": [[
                {"latitude": 59.957702},
                {"longitude": 11.080913}
            ]]},
            {"altitude": 153},
            {"distance_km": 1.50828},
            {"speed_kmh": 9.10954},
            {"timestamp": "Thu Aug 24 18:56:15 UTC 2017"}
        ],
        [
            {"location": [[
                {"latitude": 59.957657},
                {"longitude": 11.081164}
            ]]},
            {"altitude": 153},
            {"distance_km": 1.52318},
            {"speed_kmh": 9.38808},
            {"timestamp": "Thu Aug 24 18:56:21 UTC 2017"}
        ],
        [
            {"location": [[
                {"latitude": 59.957608},
                {"longitude": 11.08157}
            ]]},
            {"altitude": 148},
            {"distance_km": 1.54655},
            {"speed_kmh": 9.76404},
            {"timestamp": "Thu Aug 24 18:56:29 UTC 2017"}
        ],
        [
            {"location": [[
                {"latitude": 59.957556},
                {"longitude": 11.081857}
            ]]},
            {"altitude": 145},
            {"distance_km": 1.56362},
            {"speed_kmh": 9.9039},
            {"timestamp": "Thu Aug 24 18:56:35 UTC 2017"}
        ],
        [
            {"location": [[
                {"latitude": 59.957504},
                {"longitude": 11.082191}
            ]]},
            {"altitude": 147},
            {"distance_km": 1.58312},
            {"speed_kmh": 10.2604},
            {"timestamp": "Thu Aug 24 18:56:42 UTC 2017"}
        ],
        [
            {"location": [[
                {"latitude": 59.957098},
                {"longitude": 11.08371}
            ]]},
            {"altitude": 130},
            {"distance_km": 1.67928},
            {"timestamp": "Thu Aug 24 18:57:18 UTC 2017"}
        ],
        [
            {"location": [[
                {"latitude": 59.956994},
                {"longitude": 11.084144}
            ]]},
            {"altitude": 136},
            {"distance_km": 1.70616},
            {"timestamp": "Thu Aug 24 18:57:29 UTC 2017"}
        ],
        [
            {"location": [[
                {"latitude": 59.956959},
                {"longitude": 11.08456}
            ]]},
            {"altitude": 136},
            {"distance_km": 1.72972},
            {"speed_kmh": 9.28001},
            {"timestamp": "Thu Aug 24 18:57:38 UTC 2017"}
        ],
        [
            {"location": [[
                {"latitude": 59.956977},
                {"longitude": 11.084894}
            ]]},
            {"altitude": 139},
            {"distance_km": 1.74848},
            {"speed_kmh": 8.92139},
            {"timestamp": "Thu Aug 24 18:57:46 UTC 2017"}
        ],
        [
            {"location": [[
                {"latitude": 59.957003},
                {"longitude": 11.085254}
            ]]},
            {"altitude": 141},
            {"distance_km": 1.76884},
            {"speed_kmh": 9.04374},
            {"timestamp": "Thu Aug 24 18:57:54 UTC 2017"}
        ],
        [
            {"location": [[
                {"latitude": 59.957002},
                {"longitude": 11.085602}
            ]]},
            {"altitude": 143},
            {"distance_km": 1.7883},
            {"speed_kmh": 8.81715},
            {"timestamp": "Thu Aug 24 18:58:02 UTC 2017"}
        ],
        [
            {"location": [[
                {"latitude": 59.956994},
                {"longitude": 11.086019}
            ]]},
            {"altitude": 146},
            {"distance_km": 1.8116},
            {"speed_kmh": 9.46336},
            {"timestamp": "Thu Aug 24 18:58:10 UTC 2017"}
        ],
        [
            {"location": [[
                {"latitude": 59.956976},
                {"longitude": 11.086473}
            ]]},
            {"altitude": 145},
            {"distance_km": 1.83708},
            {"speed_kmh": 9.16873},
            {"timestamp": "Thu Aug 24 18:58:21 UTC 2017"}
        ],
        [
            {"location": [[
                {"latitude": 59.957004},
                {"longitude": 11.086915}
            ]]},
            {"altitude": 146},
            {"distance_km": 1.86196},
            {"speed_kmh": 8.96627},
            {"timestamp": "Thu Aug 24 18:58:32 UTC 2017"}
        ],
        [
            {"location": [[
                {"latitude": 59.957045},
                {"longitude": 11.087348}
            ]]},
            {"altitude": 140},
            {"distance_km": 1.88657},
            {"speed_kmh": 8.42653},
            {"timestamp": "Thu Aug 24 18:58:42 UTC 2017"}
        ],
        [
            {"location": [[
                {"latitude": 59.95721},
                {"longitude": 11.087537}
            ]]},
            {"altitude": 144},
            {"distance_km": 1.90778},
            {"speed_kmh": 8.52375},
            {"timestamp": "Thu Aug 24 18:58:51 UTC 2017"}
        ],
        [
            {"location": [[
                {"latitude": 59.957384},
                {"longitude": 11.087639}
            ]]},
            {"altitude": 146},
            {"distance_km": 1.92803},
            {"speed_kmh": 8.21829},
            {"timestamp": "Thu Aug 24 18:59:01 UTC 2017"}
        ],
        [
            {"location": [[
                {"latitude": 59.957521},
                {"longitude": 11.087694}
            ]]},
            {"altitude": 144},
            {"distance_km": 1.94357},
            {"speed_kmh": 8.37086},
            {"timestamp": "Thu Aug 24 18:59:07 UTC 2017"}
        ],
        [
            {"location": [[
                {"latitude": 59.957714},
                {"longitude": 11.087691}
            ]]},
            {"altitude": 149},
            {"distance_km": 1.96503},
            {"speed_kmh": 7.95511},
            {"timestamp": "Thu Aug 24 18:59:18 UTC 2017"}
        ],
        [
            {"location": [[
                {"latitude": 59.9579},
                {"longitude": 11.087635}
            ]]},
            {"altitude": 148},
            {"distance_km": 1.98604},
            {"speed_kmh": 8.69922},
            {"timestamp": "Thu Aug 24 18:59:26 UTC 2017"}
        ],
        [
            {"location": [[
                {"latitude": 59.958003},
                {"longitude": 11.087541}
            ]]},
            {"altitude": 149},
            {"distance_km": 1.99868},
            {"speed_kmh": 7.94775},
            {"timestamp": "Thu Aug 24 18:59:32 UTC 2017"}
        ],
        [
            {"location": [[
                {"latitude": 59.958133},
                {"longitude": 11.087455}
            ]]},
            {"altitude": 149},
            {"distance_km": 2.01389},
            {"speed_kmh": 8.11415},
            {"timestamp": "Thu Aug 24 18:59:39 UTC 2017"}
        ],
        [
            {"location": [[
                {"latitude": 59.958309},
                {"longitude": 11.087353}
            ]]},
            {"altitude": 148},
            {"distance_km": 2.0343},
            {"speed_kmh": 7.98683},
            {"timestamp": "Thu Aug 24 18:59:47 UTC 2017"}
        ],
        [
            {"location": [[
                {"latitude": 59.958534},
                {"longitude": 11.087274}
            ]]},
            {"altitude": 148},
            {"distance_km": 2.05977},
            {"speed_kmh": 8.71712},
            {"timestamp": "Thu Aug 24 18:59:57 UTC 2017"}
        ],
        [
            {"location": [[
                {"latitude": 59.95868},
                {"longitude": 11.087254}
            ]]},
            {"altitude": 148},
            {"distance_km": 2.07613},
            {"speed_kmh": 9.38104},
            {"timestamp": "Thu Aug 24 19:00:03 UTC 2017"}
        ],
        [
            {"location": [[
                {"latitude": 59.9588},
                {"longitude": 11.087269}
            ]]},
            {"altitude": 148},
            {"distance_km": 2.08945},
            {"speed_kmh": 9.5492},
            {"timestamp": "Thu Aug 24 19:00:08 UTC 2017"}
        ],
        [
            {"location": [[
                {"latitude": 59.958983},
                {"longitude": 11.087289}
            ]]},
            {"altitude": 150},
            {"distance_km": 2.10992},
            {"speed_kmh": 9.53116},
            {"timestamp": "Thu Aug 24 19:00:16 UTC 2017"}
        ],
        [
            {"location": [[
                {"latitude": 59.95922},
                {"longitude": 11.087277}
            ]]},
            {"altitude": 148},
            {"distance_km": 2.1363},
            {"speed_kmh": 9.16633},
            {"timestamp": "Thu Aug 24 19:00:27 UTC 2017"}
        ],
        [
            {"location": [[
                {"latitude": 59.959388},
                {"longitude": 11.087261}
            ]]},
            {"altitude": 145},
            {"distance_km": 2.15499},
            {"speed_kmh": 9.17607},
            {"timestamp": "Thu Aug 24 19:00:34 UTC 2017"}
        ],
        [
            {"location": [[
                {"latitude": 59.959623},
                {"longitude": 11.087281}
            ]]},
            {"altitude": 144},
            {"distance_km": 2.18125},
            {"speed_kmh": 9.22744},
            {"timestamp": "Thu Aug 24 19:00:44 UTC 2017"}
        ],
        [
            {"location": [[
                {"latitude": 59.959754},
                {"longitude": 11.08735}
            ]]},
            {"altitude": 144},
            {"distance_km": 2.19633},
            {"speed_kmh": 9.87185},
            {"timestamp": "Thu Aug 24 19:00:49 UTC 2017"}
        ],
        [
            {"location": [[
                {"latitude": 59.959956},
                {"longitude": 11.087445}
            ]]},
            {"altitude": 145},
            {"distance_km": 2.21943},
            {"speed_kmh": 10.1833},
            {"timestamp": "Thu Aug 24 19:00:57 UTC 2017"}
        ],
        [
            {"location": [[
                {"latitude": 59.960051},
                {"longitude": 11.087515}
            ]]},
            {"altitude": 144},
            {"distance_km": 2.2307},
            {"speed_kmh": 10.447},
            {"timestamp": "Thu Aug 24 19:01:01 UTC 2017"}
        ],
        [
            {"location": [[
                {"latitude": 59.960229},
                {"longitude": 11.08773}
            ]]},
            {"altitude": 144},
            {"distance_km": 2.25394},
            {"speed_kmh": 10.0232},
            {"timestamp": "Thu Aug 24 19:01:10 UTC 2017"}
        ],
        [
            {"location": [[
                {"latitude": 59.960429},
                {"longitude": 11.087954}
            ]]},
            {"altitude": 142},
            {"distance_km": 2.27946},
            {"speed_kmh": 9.54637},
            {"timestamp": "Thu Aug 24 19:01:20 UTC 2017"}
        ],
        [
            {"location": [[
                {"latitude": 59.960649},
                {"longitude": 11.088133}
            ]]},
            {"altitude": 145},
            {"distance_km": 2.30599},
            {"speed_kmh": 9.05802},
            {"timestamp": "Thu Aug 24 19:01:31 UTC 2017"}
        ],
        [
            {"location": [[
                {"latitude": 59.960851},
                {"longitude": 11.088273}
            ]]},
            {"altitude": 147},
            {"distance_km": 2.32976},
            {"speed_kmh": 8.81115},
            {"timestamp": "Thu Aug 24 19:01:41 UTC 2017"}
        ],
        [
            {"location": [[
                {"latitude": 59.961786},
                {"longitude": 11.08846}
            ]]},
            {"altitude": 135},
            {"distance_km": 2.43444},
            {"speed_kmh": 2.93856},
            {"timestamp": "Thu Aug 24 19:02:24 UTC 2017"}
        ],
        [
            {"location": [[
                {"latitude": 59.961983},
                {"longitude": 11.088178}
            ]]},
            {"altitude": 139},
            {"distance_km": 2.46144},
            {"speed_kmh": 6.40673},
            {"timestamp": "Thu Aug 24 19:02:33 UTC 2017"}
        ],
        [
            {"location": [[
                {"latitude": 59.962151},
                {"longitude": 11.088074}
            ]]},
            {"altitude": 139},
            {"distance_km": 2.48112},
            {"speed_kmh": 9.76977},
            {"timestamp": "Thu Aug 24 19:02:40 UTC 2017"}
        ],
        [
            {"location": [[
                {"latitude": 59.962348},
                {"longitude": 11.088017}
            ]]},
            {"altitude": 142},
            {"distance_km": 2.50328},
            {"speed_kmh": 9.79374},
            {"timestamp": "Thu Aug 24 19:02:49 UTC 2017"}
        ],
        [
            {"location": [[
                {"latitude": 59.96252},
                {"longitude": 11.088027}
            ]]},
            {"altitude": 143},
            {"distance_km": 2.52246},
            {"speed_kmh": 8.88221},
            {"timestamp": "Thu Aug 24 19:02:58 UTC 2017"}
        ],
        [
            {"location": [[
                {"latitude": 59.962732},
                {"longitude": 11.088061}
            ]]},
            {"altitude": 145},
            {"distance_km": 2.54616},
            {"speed_kmh": 8.10517},
            {"timestamp": "Thu Aug 24 19:03:09 UTC 2017"}
        ],
        [
            {"location": [[
                {"latitude": 59.962916},
                {"longitude": 11.088096}
            ]]},
            {"altitude": 148},
            {"distance_km": 2.5667},
            {"speed_kmh": 8.21613},
            {"timestamp": "Thu Aug 24 19:03:17 UTC 2017"}
        ],
        [
            {"location": [[
                {"latitude": 59.963176},
                {"longitude": 11.08815}
            ]]},
            {"altitude": 142},
            {"distance_km": 2.59582},
            {"speed_kmh": 9.54189},
            {"timestamp": "Thu Aug 24 19:03:26 UTC 2017"}
        ],
        [
            {"location": [[
                {"latitude": 59.963406},
                {"longitude": 11.088204}
            ]]},
            {"altitude": 144},
            {"distance_km": 2.62164},
            {"speed_kmh": 10.0602},
            {"timestamp": "Thu Aug 24 19:03:36 UTC 2017"}
        ],
        [
            {"location": [[
                {"latitude": 59.963548},
                {"longitude": 11.088258}
            ]]},
            {"altitude": 142},
            {"distance_km": 2.63778},
            {"speed_kmh": 10.2132},
            {"timestamp": "Thu Aug 24 19:03:42 UTC 2017"}
        ],
        [
            {"location": [[
                {"latitude": 59.963742},
                {"longitude": 11.088191}
            ]]},
            {"altitude": 143},
            {"distance_km": 2.65973},
            {"speed_kmh": 9.2579},
            {"timestamp": "Thu Aug 24 19:03:51 UTC 2017"}
        ],
        [
            {"location": [[
                {"latitude": 59.963737},
                {"longitude": 11.087771}
            ]]},
            {"altitude": 145},
            {"distance_km": 2.68321},
            {"speed_kmh": 8.97147},
            {"timestamp": "Thu Aug 24 19:04:01 UTC 2017"}
        ],
        [
            {"location": [[
                {"latitude": 59.963604},
                {"longitude": 11.087516}
            ]]},
            {"altitude": 146},
            {"distance_km": 2.7038},
            {"speed_kmh": 7.99142},
            {"timestamp": "Thu Aug 24 19:04:12 UTC 2017"}
        ],
        [
            {"location": [[
                {"latitude": 59.963413},
                {"longitude": 11.087264}
            ]]},
            {"altitude": 141},
            {"distance_km": 2.72928},
            {"speed_kmh": 8.11622},
            {"timestamp": "Thu Aug 24 19:04:22 UTC 2017"}
        ],
        [
            {"location": [[
                {"latitude": 59.963212},
                {"longitude": 11.087222}
            ]]},
            {"altitude": 144},
            {"distance_km": 2.75174},
            {"speed_kmh": 8.29861},
            {"timestamp": "Thu Aug 24 19:04:31 UTC 2017"}
        ],
        [
            {"location": [[
                {"latitude": 59.96311},
                {"longitude": 11.087208}
            ]]},
            {"altitude": 143},
            {"distance_km": 2.76321},
            {"speed_kmh": 8.80348},
            {"timestamp": "Thu Aug 24 19:04:36 UTC 2017"}
        ],
        [
            {"location": [[
                {"latitude": 59.962944},
                {"longitude": 11.087208}
            ]]},
            {"altitude": 142},
            {"distance_km": 2.78171},
            {"speed_kmh": 8.52796},
            {"timestamp": "Thu Aug 24 19:04:44 UTC 2017"}
        ],
        [
            {"location": [[
                {"latitude": 59.962698},
                {"longitude": 11.087188}
            ]]},
            {"altitude": 141},
            {"distance_km": 2.8091},
            {"speed_kmh": 8.5146},
            {"timestamp": "Thu Aug 24 19:04:55 UTC 2017"}
        ],
        [
            {"location": [[
                {"latitude": 59.962485},
                {"longitude": 11.087214}
            ]]},
            {"altitude": 140},
            {"distance_km": 2.83283},
            {"speed_kmh": 9.32455},
            {"timestamp": "Thu Aug 24 19:05:03 UTC 2017"}
        ],
        [
            {"location": [[
                {"latitude": 59.962336},
                {"longitude": 11.087207}
            ]]},
            {"altitude": 141},
            {"distance_km": 2.84947},
            {"speed_kmh": 9.87471},
            {"timestamp": "Thu Aug 24 19:05:09 UTC 2017"}
        ],
        [
            {"location": [[
                {"latitude": 59.962121},
                {"longitude": 11.087154}
            ]]},
            {"altitude": 139},
            {"distance_km": 2.87359},
            {"speed_kmh": 9.81057},
            {"timestamp": "Thu Aug 24 19:05:19 UTC 2017"}
        ],
        [
            {"location": [[
                {"latitude": 59.961971},
                {"longitude": 11.087104}
            ]]},
            {"altitude": 137},
            {"distance_km": 2.89057},
            {"speed_kmh": 9.12221},
            {"timestamp": "Thu Aug 24 19:05:26 UTC 2017"}
        ],
        [
            {"location": [[
                {"latitude": 59.961858},
                {"longitude": 11.087072}
            ]]},
            {"altitude": 137},
            {"distance_km": 2.90324},
            {"speed_kmh": 8.83763},
            {"timestamp": "Thu Aug 24 19:05:31 UTC 2017"}
        ],
        [
            {"location": [[
                {"latitude": 59.96167},
                {"longitude": 11.086985}
            ]]},
            {"altitude": 137},
            {"distance_km": 2.92474},
            {"speed_kmh": 9.13732},
            {"timestamp": "Thu Aug 24 19:05:39 UTC 2017"}
        ],
        [
            {"location": [[
                {"latitude": 59.961495},
                {"longitude": 11.086919}
            ]]},
            {"altitude": 139},
            {"distance_km": 2.94462},
            {"speed_kmh": 9.24846},
            {"timestamp": "Thu Aug 24 19:05:47 UTC 2017"}
        ],
        [
            {"location": [[
                {"latitude": 59.961354},
                {"longitude": 11.086805}
            ]]},
            {"altitude": 142},
            {"distance_km": 2.96152},
            {"speed_kmh": 8.73338},
            {"timestamp": "Thu Aug 24 19:05:55 UTC 2017"}
        ],
        [
            {"location": [[
                {"latitude": 59.961177},
                {"longitude": 11.086585}
            ]]},
            {"altitude": 140},
            {"distance_km": 2.98479},
            {"speed_kmh": 8.61371},
            {"timestamp": "Thu Aug 24 19:06:04 UTC 2017"}
        ],
        [
            {"location": [[
                {"latitude": 59.960987},
                {"longitude": 11.086311}
            ]]},
            {"altitude": 141},
            {"distance_km": 3.0109},
            {"speed_kmh": 8.77024},
            {"timestamp": "Thu Aug 24 19:06:14 UTC 2017"}
        ],
        [
            {"location": [[
                {"latitude": 59.960879},
                {"longitude": 11.086148}
            ]]},
            {"altitude": 141},
            {"distance_km": 3.026},
            {"speed_kmh": 9.30845},
            {"timestamp": "Thu Aug 24 19:06:20 UTC 2017"}
        ],
        [
            {"location": [[
                {"latitude": 59.960788},
                {"longitude": 11.085946}
            ]]},
            {"altitude": 139},
            {"distance_km": 3.04118},
            {"speed_kmh": 9.19702},
            {"timestamp": "Thu Aug 24 19:06:26 UTC 2017"}
        ],
        [
            {"location": [[
                {"latitude": 59.960704},
                {"longitude": 11.085751}
            ]]},
            {"altitude": 140},
            {"distance_km": 3.05554},
            {"speed_kmh": 8.92486},
            {"timestamp": "Thu Aug 24 19:06:32 UTC 2017"}
        ],
        [
            {"location": [[
                {"latitude": 59.960577},
                {"longitude": 11.085412}
            ]]},
            {"altitude": 142},
            {"distance_km": 3.07917},
            {"speed_kmh": 8.69729},
            {"timestamp": "Thu Aug 24 19:06:42 UTC 2017"}
        ],
        [
            {"location": [[
                {"latitude": 59.960192},
                {"longitude": 11.083862}
            ]]},
            {"altitude": 143},
            {"distance_km": 3.17585},
            {"speed_kmh": 3.1357},
            {"timestamp": "Thu Aug 24 19:07:19 UTC 2017"}
        ],
        [
            {"location": [[
                {"latitude": 59.960187},
                {"longitude": 11.083574}
            ]]},
            {"altitude": 142},
            {"distance_km": 3.19191},
            {"speed_kmh": 5.54213},
            {"timestamp": "Thu Aug 24 19:07:27 UTC 2017"}
        ],
        [
            {"location": [[
                {"latitude": 59.960169},
                {"longitude": 11.083208}
            ]]},
            {"altitude": 144},
            {"distance_km": 3.2125},
            {"speed_kmh": 8.63363},
            {"timestamp": "Thu Aug 24 19:07:35 UTC 2017"}
        ],
        [
            {"location": [[
                {"latitude": 59.960152},
                {"longitude": 11.082923}
            ]]},
            {"altitude": 141},
            {"distance_km": 3.22854},
            {"speed_kmh": 8.70436},
            {"timestamp": "Thu Aug 24 19:07:41 UTC 2017"}
        ],
        [
            {"location": [[
                {"latitude": 59.960157},
                {"longitude": 11.082578}
            ]]},
            {"altitude": 145},
            {"distance_km": 3.24779},
            {"speed_kmh": 9.18617},
            {"timestamp": "Thu Aug 24 19:07:49 UTC 2017"}
        ],
        [
            {"location": [[
                {"latitude": 59.960162},
                {"longitude": 11.082125}
            ]]},
            {"altitude": 146},
            {"distance_km": 3.27311},
            {"speed_kmh": 9.13251},
            {"timestamp": "Thu Aug 24 19:07:59 UTC 2017"}
        ],
        [
            {"location": [[
                {"latitude": 59.96018},
                {"longitude": 11.081777}
            ]]},
            {"altitude": 142},
            {"distance_km": 3.29266},
            {"speed_kmh": 9.26892},
            {"timestamp": "Thu Aug 24 19:08:06 UTC 2017"}
        ],
        [
            {"location": [[
                {"latitude": 59.960198},
                {"longitude": 11.081379}
            ]]},
            {"altitude": 141},
            {"distance_km": 3.315},
            {"speed_kmh": 9.36724},
            {"timestamp": "Thu Aug 24 19:08:15 UTC 2017"}
        ],
        [
            {"location": [[
                {"latitude": 59.960239},
                {"longitude": 11.081115}
            ]]},
            {"altitude": 141},
            {"distance_km": 3.33043},
            {"speed_kmh": 9.41417},
            {"timestamp": "Thu Aug 24 19:08:21 UTC 2017"}
        ],
        [
            {"location": [[
                {"latitude": 59.960299},
                {"longitude": 11.08076}
            ]]},
            {"altitude": 140},
            {"distance_km": 3.35135},
            {"speed_kmh": 9.20815},
            {"timestamp": "Thu Aug 24 19:08:29 UTC 2017"}
        ],
        [
            {"location": [[
                {"latitude": 59.960354},
                {"longitude": 11.080325}
            ]]},
            {"altitude": 137},
            {"distance_km": 3.3764},
            {"speed_kmh": 9.2248},
            {"timestamp": "Thu Aug 24 19:08:39 UTC 2017"}
        ],
        [
            {"location": [[
                {"latitude": 59.960443},
                {"longitude": 11.079949}
            ]]},
            {"altitude": 140},
            {"distance_km": 3.39961},
            {"speed_kmh": 8.92909},
            {"timestamp": "Thu Aug 24 19:08:49 UTC 2017"}
        ],
        [
            {"location": [[
                {"latitude": 59.960503},
                {"longitude": 11.079739}
            ]]},
            {"altitude": 141},
            {"distance_km": 3.41316},
            {"speed_kmh": 9.04344},
            {"timestamp": "Thu Aug 24 19:08:54 UTC 2017"}
        ],
        [
            {"location": [[
                {"latitude": 59.960563},
                {"longitude": 11.079516}
            ]]},
            {"altitude": 139},
            {"distance_km": 3.42726},
            {"speed_kmh": 9.42248},
            {"timestamp": "Thu Aug 24 19:08:59 UTC 2017"}
        ],
        [
            {"location": [[
                {"latitude": 59.960654},
                {"longitude": 11.079288}
            ]]},
            {"altitude": 140},
            {"distance_km": 3.44357},
            {"speed_kmh": 9.42439},
            {"timestamp": "Thu Aug 24 19:09:06 UTC 2017"}
        ],
        [
            {"location": [[
                {"latitude": 59.960807},
                {"longitude": 11.078981}
            ]]},
            {"altitude": 138},
            {"distance_km": 3.46772},
            {"speed_kmh": 9.07551},
            {"timestamp": "Thu Aug 24 19:09:16 UTC 2017"}
        ],
        [
            {"location": [[
                {"latitude": 59.960925},
                {"longitude": 11.078649}
            ]]},
            {"altitude": 139},
            {"distance_km": 3.49042},
            {"speed_kmh": 8.71972},
            {"timestamp": "Thu Aug 24 19:09:25 UTC 2017"}
        ],
        [
            {"location": [[
                {"latitude": 59.96098},
                {"longitude": 11.078454}
            ]]},
            {"altitude": 142},
            {"distance_km": 3.50295},
            {"speed_kmh": 8.43448},
            {"timestamp": "Thu Aug 24 19:09:31 UTC 2017"}
        ],
        [
            {"location": [[
                {"latitude": 59.961148},
                {"longitude": 11.078157}
            ]]},
            {"altitude": 141},
            {"distance_km": 3.528},
            {"speed_kmh": 8.26367},
            {"timestamp": "Thu Aug 24 19:09:42 UTC 2017"}
        ],
        [
            {"location": [[
                {"latitude": 59.961327},
                {"longitude": 11.077911}
            ]]},
            {"altitude": 141},
            {"distance_km": 3.55216},
            {"speed_kmh": 8.13943},
            {"timestamp": "Thu Aug 24 19:09:52 UTC 2017"}
        ],
        [
            {"location": [[
                {"latitude": 59.961448},
                {"longitude": 11.077753}
            ]]},
            {"altitude": 145},
            {"distance_km": 3.56831},
            {"speed_kmh": 8.05365},
            {"timestamp": "Thu Aug 24 19:10:00 UTC 2017"}
        ],
        [
            {"location": [[
                {"latitude": 59.961547},
                {"longitude": 11.077378}
            ]]},
            {"altitude": 145},
            {"distance_km": 3.59198},
            {"speed_kmh": 7.50725},
            {"timestamp": "Thu Aug 24 19:10:13 UTC 2017"}
        ],
        [
            {"location": [[
                {"latitude": 59.961619},
                {"longitude": 11.077182}
            ]]},
            {"altitude": 147},
            {"distance_km": 3.60553},
            {"speed_kmh": 6.23199},
            {"timestamp": "Thu Aug 24 19:10:23 UTC 2017"}
        ],
        [
            {"location": [[
                {"latitude": 59.961864},
                {"longitude": 11.076784}
            ]]},
            {"altitude": 159},
            {"distance_km": 3.64072},
            {"speed_kmh": 6.45086},
            {"timestamp": "Thu Aug 24 19:10:39 UTC 2017"}
        ],
        [
            {"location": [[
                {"latitude": 59.962006},
                {"longitude": 11.076498}
            ]]},
            {"altitude": 161},
            {"distance_km": 3.6632},
            {"speed_kmh": 6.96252},
            {"timestamp": "Thu Aug 24 19:10:49 UTC 2017"}
        ],
        [
            {"location": [[
                {"latitude": 59.962141},
                {"longitude": 11.076332}
            ]]},
            {"altitude": 165},
            {"distance_km": 3.68093},
            {"speed_kmh": 7.46364},
            {"timestamp": "Thu Aug 24 19:10:59 UTC 2017"}
        ],
        [
            {"location": [[
                {"latitude": 59.962352},
                {"longitude": 11.076138}
            ]]},
            {"altitude": 160},
            {"distance_km": 3.70682},
            {"speed_kmh": 7.4137},
            {"timestamp": "Thu Aug 24 19:11:11 UTC 2017"}
        ],
        [
            {"location": [[
                {"latitude": 59.962518},
                {"longitude": 11.075817}
            ]]},
            {"altitude": 162},
            {"distance_km": 3.73253},
            {"speed_kmh": 7.28858},
            {"timestamp": "Thu Aug 24 19:11:23 UTC 2017"}
        ],
        [
            {"location": [[
                {"latitude": 59.962708},
                {"longitude": 11.075411}
            ]]},
            {"altitude": 158},
            {"distance_km": 3.76355},
            {"speed_kmh": 8.26258},
            {"timestamp": "Thu Aug 24 19:11:35 UTC 2017"}
        ],
        [
            {"location": [[
                {"latitude": 59.962787},
                {"longitude": 11.075178}
            ]]},
            {"altitude": 156},
            {"distance_km": 3.7793},
            {"speed_kmh": 8.03414},
            {"timestamp": "Thu Aug 24 19:11:43 UTC 2017"}
        ],
        [
            {"location": [[
                {"latitude": 59.963007},
                {"longitude": 11.074863}
            ]]},
            {"altitude": 152},
            {"distance_km": 3.80946},
            {"speed_kmh": 8.75486},
            {"timestamp": "Thu Aug 24 19:11:54 UTC 2017"}
        ],
        [
            {"location": [[
                {"latitude": 59.96311},
                {"longitude": 11.074627}
            ]]},
            {"altitude": 153},
            {"distance_km": 3.82696},
            {"speed_kmh": 8.65128},
            {"timestamp": "Thu Aug 24 19:12:01 UTC 2017"}
        ],
        [
            {"location": [[
                {"latitude": 59.963266},
                {"longitude": 11.074355}
            ]]},
            {"altitude": 153},
            {"distance_km": 3.85004},
            {"speed_kmh": 9.36939},
            {"timestamp": "Thu Aug 24 19:12:10 UTC 2017"}
        ],
        [
            {"location": [[
                {"latitude": 59.963394},
                {"longitude": 11.074126}
            ]]},
            {"altitude": 153},
            {"distance_km": 3.86917},
            {"speed_kmh": 8.97799},
            {"timestamp": "Thu Aug 24 19:12:18 UTC 2017"}
        ],
        [
            {"location": [[
                {"latitude": 59.963508},
                {"longitude": 11.073992}
            ]]},
            {"altitude": 156},
            {"distance_km": 3.88396},
            {"speed_kmh": 8.8835},
            {"timestamp": "Thu Aug 24 19:12:24 UTC 2017"}
        ],
        [
            {"location": [[
                {"latitude": 59.963666},
                {"longitude": 11.073697}
            ]]},
            {"altitude": 154},
            {"distance_km": 3.90805},
            {"speed_kmh": 9.01845},
            {"timestamp": "Thu Aug 24 19:12:33 UTC 2017"}
        ],
        [
            {"location": [[
                {"latitude": 59.963703},
                {"longitude": 11.073227}
            ]]},
            {"altitude": 148},
            {"distance_km": 3.93466},
            {"speed_kmh": 9.31638},
            {"timestamp": "Thu Aug 24 19:12:43 UTC 2017"}
        ],
        [
            {"location": [[
                {"latitude": 59.963762},
                {"longitude": 11.072922}
            ]]},
            {"altitude": 149},
            {"distance_km": 3.95291},
            {"speed_kmh": 9.54234},
            {"timestamp": "Thu Aug 24 19:12:50 UTC 2017"}
        ],
        [
            {"location": [[
                {"latitude": 59.963801},
                {"longitude": 11.072582}
            ]]},
            {"altitude": 143},
            {"distance_km": 3.9724},
            {"speed_kmh": 9.65947},
            {"timestamp": "Thu Aug 24 19:12:57 UTC 2017"}
        ],
        [
            {"location": [[
                {"latitude": 59.96388},
                {"longitude": 11.072177}
            ]]},
            {"altitude": 147},
            {"distance_km": 3.99668},
            {"speed_kmh": 9.70498},
            {"timestamp": "Thu Aug 24 19:13:06 UTC 2017"}
        ],
        [
            {"location": [[
                {"latitude": 59.963884},
                {"longitude": 11.071879}
            ]]},
            {"altitude": 148},
            {"distance_km": 4.01334},
            {"speed_kmh": 9.43116},
            {"timestamp": "Thu Aug 24 19:13:13 UTC 2017"}
        ],
        [
            {"location": [[
                {"latitude": 59.963894},
                {"longitude": 11.071625}
            ]]},
            {"altitude": 157},
            {"distance_km": 4.02758},
            {"speed_kmh": 8.54132},
            {"timestamp": "Thu Aug 24 19:13:20 UTC 2017"}
        ],
        [
            {"location": [[
                {"latitude": 59.963861},
                {"longitude": 11.071223}
            ]]},
            {"altitude": 156},
            {"distance_km": 4.0503},
            {"speed_kmh": 7.79497},
            {"timestamp": "Thu Aug 24 19:13:31 UTC 2017"}
        ],
        [
            {"location": [[
                {"latitude": 59.963792},
                {"longitude": 11.070859}
            ]]},
            {"altitude": 153},
            {"distance_km": 4.07205},
            {"speed_kmh": 7.83869},
            {"timestamp": "Thu Aug 24 19:13:40 UTC 2017"}
        ],
        [
            {"location": [[
                {"latitude": 59.963739},
                {"longitude": 11.07066}
            ]]},
            {"altitude": 154},
            {"distance_km": 4.08465},
            {"speed_kmh": 7.92218},
            {"timestamp": "Thu Aug 24 19:13:46 UTC 2017"}
        ],
        [
            {"location": [[
                {"latitude": 59.96364},
                {"longitude": 11.070357}
            ]]},
            {"altitude": 145},
            {"distance_km": 4.10487},
            {"speed_kmh": 8.88596},
            {"timestamp": "Thu Aug 24 19:13:53 UTC 2017"}
        ],
        [
            {"location": [[
                {"latitude": 59.963513},
                {"longitude": 11.070084}
            ]]},
            {"altitude": 145},
            {"distance_km": 4.12563},
            {"speed_kmh": 8.88821},
            {"timestamp": "Thu Aug 24 19:14:02 UTC 2017"}
        ],
        [
            {"location": [[
                {"latitude": 59.963385},
                {"longitude": 11.069728}
            ]]},
            {"altitude": 148},
            {"distance_km": 4.15009},
            {"speed_kmh": 9.15849},
            {"timestamp": "Thu Aug 24 19:14:12 UTC 2017"}
        ],
        [
            {"location": [[
                {"latitude": 59.96326},
                {"longitude": 11.069252}
            ]]},
            {"altitude": 146},
            {"distance_km": 4.1801},
            {"speed_kmh": 8.26928},
            {"timestamp": "Thu Aug 24 19:14:26 UTC 2017"}
        ],
        [
            {"location": [[
                {"latitude": 59.963184},
                {"longitude": 11.068799}
            ]]},
            {"altitude": 152},
            {"distance_km": 4.20683},
            {"speed_kmh": 7.65847},
            {"timestamp": "Thu Aug 24 19:14:40 UTC 2017"}
        ],
        [
            {"location": [[
                {"latitude": 59.963136},
                {"longitude": 11.068409}
            ]]},
            {"altitude": 157},
            {"distance_km": 4.22923},
            {"speed_kmh": 7.32849},
            {"timestamp": "Thu Aug 24 19:14:51 UTC 2017"}
        ],
        [
            {"location": [[
                {"latitude": 59.963033},
                {"longitude": 11.068117}
            ]]},
            {"altitude": 150},
            {"distance_km": 4.24916},
            {"speed_kmh": 7.3865},
            {"timestamp": "Thu Aug 24 19:15:00 UTC 2017"}
        ],
        [
            {"location": [[
                {"latitude": 59.962944},
                {"longitude": 11.067824}
            ]]},
            {"altitude": 148},
            {"distance_km": 4.26831},
            {"speed_kmh": 8.92341},
            {"timestamp": "Thu Aug 24 19:15:06 UTC 2017"}
        ],
        [
            {"location": [[
                {"latitude": 59.962828},
                {"longitude": 11.067486}
            ]]},
            {"altitude": 152},
            {"distance_km": 4.29117},
            {"speed_kmh": 9.53849},
            {"timestamp": "Thu Aug 24 19:15:15 UTC 2017"}
        ],
        [
            {"location": [[
                {"latitude": 59.962734},
                {"longitude": 11.067259}
            ]]},
            {"altitude": 151},
            {"distance_km": 4.30767},
            {"speed_kmh": 9.10686},
            {"timestamp": "Thu Aug 24 19:15:24 UTC 2017"}
        ],
        [
            {"location": [[
                {"latitude": 59.96263},
                {"longitude": 11.066891}
            ]]},
            {"altitude": 150},
            {"distance_km": 4.33128},
            {"speed_kmh": 8.39535},
            {"timestamp": "Thu Aug 24 19:15:33 UTC 2017"}
        ],
        [
            {"location": [[
                {"latitude": 59.96256},
                {"longitude": 11.066669}
            ]]},
            {"altitude": 150},
            {"distance_km": 4.34587},
            {"speed_kmh": 8.23637},
            {"timestamp": "Thu Aug 24 19:15:39 UTC 2017"}
        ],
        [
            {"location": [[
                {"latitude": 59.962453},
                {"longitude": 11.066513}
            ]]},
            {"altitude": 148},
            {"distance_km": 4.36063},
            {"speed_kmh": 9.65134},
            {"timestamp": "Thu Aug 24 19:15:44 UTC 2017"}
        ],
        [
            {"location": [[
                {"latitude": 59.962391},
                {"longitude": 11.066336}
            ]]},
            {"altitude": 149},
            {"distance_km": 4.3727},
            {"speed_kmh": 8.3413},
            {"timestamp": "Thu Aug 24 19:15:52 UTC 2017"}
        ],
        [
            {"location": [[
                {"latitude": 59.962336},
                {"longitude": 11.065995}
            ]]},
            {"altitude": 151},
            {"distance_km": 4.39269},
            {"speed_kmh": 7.40625},
            {"timestamp": "Thu Aug 24 19:16:04 UTC 2017"}
        ],
        [
            {"location": [[
                {"latitude": 59.962201},
                {"longitude": 11.065798}
            ]]},
            {"altitude": 151},
            {"distance_km": 4.41138},
            {"speed_kmh": 6.58953},
            {"timestamp": "Thu Aug 24 19:16:12 UTC 2017"}
        ],
        [
            {"location": [[
                {"latitude": 59.962033},
                {"longitude": 11.065468}
            ]]},
            {"altitude": 148},
            {"distance_km": 4.43766},
            {"speed_kmh": 8.32704},
            {"timestamp": "Thu Aug 24 19:16:21 UTC 2017"}
        ],
        [
            {"location": [[
                {"latitude": 59.961927},
                {"longitude": 11.065195}
            ]]},
            {"altitude": 149},
            {"distance_km": 4.4569},
            {"speed_kmh": 9.59988},
            {"timestamp": "Thu Aug 24 19:16:28 UTC 2017"}
        ],
        [
            {"location": [[
                {"latitude": 59.961829},
                {"longitude": 11.064997}
            ]]},
            {"altitude": 148},
            {"distance_km": 4.47249},
            {"speed_kmh": 9.9191},
            {"timestamp": "Thu Aug 24 19:16:34 UTC 2017"}
        ],
        [
            {"location": [[
                {"latitude": 59.961802},
                {"longitude": 11.064944}
            ]]},
            {"altitude": 149},
            {"distance_km": 4.47667},
            {"timestamp": "Thu Aug 24 19:16:36 UTC 2017"}
        ],
        [
            {"location": [[
                {"latitude": 59.961797},
                {"longitude": 11.064918}
            ]]},
            {"altitude": 149},
            {"distance_km": 4.47826},
            {"timestamp": "Thu Aug 24 19:16:42 UTC 2017"}
        ],
        [
            {"location": [[
                {"latitude": 59.961701},
                {"longitude": 11.064726}
            ]]},
            {"altitude": 152},
            {"distance_km": 4.5085},
            {"speed_kmh": 3.60767},
            {"timestamp": "Thu Aug 24 19:17:05 UTC 2017"}
        ],
        [
            {"location": [[
                {"latitude": 59.961588},
                {"longitude": 11.064588}
            ]]},
            {"altitude": 150},
            {"distance_km": 4.52323},
            {"speed_kmh": 4.61339},
            {"timestamp": "Thu Aug 24 19:17:10 UTC 2017"}
        ],
        [
            {"location": [[
                {"latitude": 59.961415},
                {"longitude": 11.064421}
            ]]},
            {"altitude": 149},
            {"distance_km": 4.54468},
            {"speed_kmh": 7.51096},
            {"timestamp": "Thu Aug 24 19:17:18 UTC 2017"}
        ],
        [
            {"location": [[
                {"latitude": 59.961191},
                {"longitude": 11.064258}
            ]]},
            {"altitude": 141},
            {"distance_km": 4.57122},
            {"speed_kmh": 10.2622},
            {"timestamp": "Thu Aug 24 19:17:27 UTC 2017"}
        ],
        [
            {"location": [[
                {"latitude": 59.961087},
                {"longitude": 11.064271}
            ]]},
            {"altitude": 149},
            {"distance_km": 4.58283},
            {"speed_kmh": 8.74593},
            {"timestamp": "Thu Aug 24 19:17:34 UTC 2017"}
        ],
        [
            {"location": [[
                {"latitude": 59.960825},
                {"longitude": 11.06472}
            ]]},
            {"altitude": 143},
            {"distance_km": 4.62135},
            {"speed_kmh": 8.61136},
            {"timestamp": "Thu Aug 24 19:17:49 UTC 2017"}
        ],
        [
            {"location": [[
                {"latitude": 59.960727},
                {"longitude": 11.065036}
            ]]},
            {"altitude": 140},
            {"distance_km": 4.6421},
            {"speed_kmh": 8.62666},
            {"timestamp": "Thu Aug 24 19:17:56 UTC 2017"}
        ],
        [
            {"location": [[
                {"latitude": 59.960629},
                {"longitude": 11.065378}
            ]]},
            {"altitude": 146},
            {"distance_km": 4.66408},
            {"speed_kmh": 9.56931},
            {"timestamp": "Thu Aug 24 19:18:05 UTC 2017"}
        ],
        [
            {"location": [[
                {"latitude": 59.960557},
                {"longitude": 11.065553}
            ]]},
            {"altitude": 146},
            {"distance_km": 4.67674},
            {"speed_kmh": 8.38612},
            {"timestamp": "Thu Aug 24 19:18:13 UTC 2017"}
        ],
        [
            {"location": [[
                {"latitude": 59.96044},
                {"longitude": 11.065865}
            ]]},
            {"altitude": 154},
            {"distance_km": 4.69848},
            {"speed_kmh": 6.83848},
            {"timestamp": "Thu Aug 24 19:18:26 UTC 2017"}
        ],
        [
            {"location": [[
                {"latitude": 59.96025},
                {"longitude": 11.066092}
            ]]},
            {"altitude": 154},
            {"distance_km": 4.72318},
            {"speed_kmh": 6.18567},
            {"timestamp": "Thu Aug 24 19:18:39 UTC 2017"}
        ],
        [
            {"location": [[
                {"latitude": 59.960124},
                {"longitude": 11.066166}
            ]]},
            {"altitude": 155},
            {"distance_km": 4.7378},
            {"speed_kmh": 6.79059},
            {"timestamp": "Thu Aug 24 19:18:46 UTC 2017"}
        ],
        [
            {"location": [[
                {"latitude": 59.959842},
                {"longitude": 11.066208}
            ]]},
            {"altitude": 146},
            {"distance_km": 4.76938},
            {"speed_kmh": 7.94272},
            {"timestamp": "Thu Aug 24 19:18:58 UTC 2017"}
        ],
        [
            {"location": [[
                {"latitude": 59.959696},
                {"longitude": 11.066429}
            ]]},
            {"altitude": 149},
            {"distance_km": 4.78973},
            {"speed_kmh": 8.71671},
            {"timestamp": "Thu Aug 24 19:19:06 UTC 2017"}
        ],
        [
            {"location": [[
                {"latitude": 59.959537},
                {"longitude": 11.066769}
            ]]},
            {"altitude": 147},
            {"distance_km": 4.81575},
            {"speed_kmh": 9.33595},
            {"timestamp": "Thu Aug 24 19:19:16 UTC 2017"}
        ],
        [
            {"location": [[
                {"latitude": 59.959471},
                {"longitude": 11.067057}
            ]]},
            {"altitude": 146},
            {"distance_km": 4.83346},
            {"speed_kmh": 9.21123},
            {"timestamp": "Thu Aug 24 19:19:23 UTC 2017"}
        ],
        [
            {"location": [[
                {"latitude": 59.959464},
                {"longitude": 11.067558}
            ]]},
            {"altitude": 147},
            {"distance_km": 4.86142},
            {"speed_kmh": 9.20988},
            {"timestamp": "Thu Aug 24 19:19:34 UTC 2017"}
        ],
        [
            {"location": [[
                {"latitude": 59.959527},
                {"longitude": 11.067819}
            ]]},
            {"altitude": 144},
            {"distance_km": 4.87762},
            {"speed_kmh": 8.51489},
            {"timestamp": "Thu Aug 24 19:19:42 UTC 2017"}
        ],
        [
            {"location": [[
                {"latitude": 59.959702},
                {"longitude": 11.068055}
            ]]},
            {"altitude": 143},
            {"distance_km": 4.9012},
            {"speed_kmh": 7.83927},
            {"timestamp": "Thu Aug 24 19:19:54 UTC 2017"}
        ],
        [
            {"location": [[
                {"latitude": 59.959746},
                {"longitude": 11.067813}
            ]]},
            {"altitude": 142},
            {"distance_km": 4.91557},
            {"speed_kmh": 6.35363},
            {"timestamp": "Thu Aug 24 19:20:05 UTC 2017"}
        ],
        [
            {"location": [[
                {"latitude": 59.959612},
                {"longitude": 11.067309}
            ]]},
            {"altitude": 143},
            {"distance_km": 4.94747},
            {"speed_kmh": 7.11805},
            {"timestamp": "Thu Aug 24 19:20:17 UTC 2017"}
        ],
        [
            {"location": [[
                {"latitude": 59.959613},
                {"longitude": 11.067075}
            ]]},
            {"altitude": 142},
            {"distance_km": 4.96057},
            {"speed_kmh": 7.89904},
            {"timestamp": "Thu Aug 24 19:20:22 UTC 2017"}
        ],
        [
            {"location": [[
                {"latitude": 59.959725},
                {"longitude": 11.066789}
            ]]},
            {"altitude": 142},
            {"distance_km": 4.98081},
            {"speed_kmh": 9.03343},
            {"timestamp": "Thu Aug 24 19:20:31 UTC 2017"}
        ],
        [
            {"location": [[
                {"latitude": 59.959912},
                {"longitude": 11.066587}
            ]]},
            {"altitude": 142},
            {"distance_km": 5.00451},
            {"speed_kmh": 9.00074},
            {"timestamp": "Thu Aug 24 19:20:40 UTC 2017"}
        ],
        [
            {"location": [[
                {"latitude": 59.960041},
                {"longitude": 11.066561}
            ]]},
            {"altitude": 141},
            {"distance_km": 5.01891},
            {"speed_kmh": 9.31198},
            {"timestamp": "Thu Aug 24 19:20:45 UTC 2017"}
        ],
        [
            {"location": [[
                {"latitude": 59.960256},
                {"longitude": 11.066632}
            ]]},
            {"altitude": 147},
            {"distance_km": 5.04321},
            {"speed_kmh": 9.52664},
            {"timestamp": "Thu Aug 24 19:20:55 UTC 2017"}
        ],
        [
            {"location": [[
                {"latitude": 59.960443},
                {"longitude": 11.06663}
            ]]},
            {"altitude": 151},
            {"distance_km": 5.06411},
            {"speed_kmh": 8.87501},
            {"timestamp": "Thu Aug 24 19:21:05 UTC 2017"}
        ],
        [
            {"location": [[
                {"latitude": 59.960645},
                {"longitude": 11.066621}
            ]]},
            {"altitude": 145},
            {"distance_km": 5.08656},
            {"speed_kmh": 8.79122},
            {"timestamp": "Thu Aug 24 19:21:13 UTC 2017"}
        ],
        [
            {"location": [[
                {"latitude": 59.960843},
                {"longitude": 11.066628}
            ]]},
            {"altitude": 145},
            {"distance_km": 5.10862},
            {"speed_kmh": 9.65863},
            {"timestamp": "Thu Aug 24 19:21:20 UTC 2017"}
        ],
        [
            {"location": [[
                {"latitude": 59.960971},
                {"longitude": 11.06679}
            ]]},
            {"altitude": 149},
            {"distance_km": 5.12554},
            {"speed_kmh": 10.0524},
            {"timestamp": "Thu Aug 24 19:21:27 UTC 2017"}
        ],
        [
            {"location": [[
                {"latitude": 59.96108},
                {"longitude": 11.06708}
            ]]},
            {"altitude": 145},
            {"distance_km": 5.14577},
            {"speed_kmh": 9.71521},
            {"timestamp": "Thu Aug 24 19:21:35 UTC 2017"}
        ],
        [
            {"location": [[
                {"latitude": 59.961094},
                {"longitude": 11.067527}
            ]]},
            {"altitude": 143},
            {"distance_km": 5.17079},
            {"speed_kmh": 8.93522},
            {"timestamp": "Thu Aug 24 19:21:45 UTC 2017"}
        ],
        [
            {"location": [[
                {"latitude": 59.960937},
                {"longitude": 11.067892}
            ]]},
            {"altitude": 141},
            {"distance_km": 5.19762},
            {"speed_kmh": 9.25298},
            {"timestamp": "Thu Aug 24 19:21:55 UTC 2017"}
        ],
        [
            {"location": [[
                {"latitude": 59.960763},
                {"longitude": 11.067958}
            ]]},
            {"altitude": 141},
            {"distance_km": 5.21745},
            {"speed_kmh": 9.62229},
            {"timestamp": "Thu Aug 24 19:22:02 UTC 2017"}
        ],
        [
            {"location": [[
                {"latitude": 59.960559},
                {"longitude": 11.067962}
            ]]},
            {"altitude": 145},
            {"distance_km": 5.24014},
            {"speed_kmh": 10.0263},
            {"timestamp": "Thu Aug 24 19:22:10 UTC 2017"}
        ],
        [
            {"location": [[
                {"latitude": 59.960442},
                {"longitude": 11.067965}
            ]]},
            {"altitude": 145},
            {"distance_km": 5.25318},
            {"speed_kmh": 9.93351},
            {"timestamp": "Thu Aug 24 19:22:15 UTC 2017"}
        ],
        [
            {"location": [[
                {"latitude": 59.960291},
                {"longitude": 11.06797}
            ]]},
            {"altitude": 151},
            {"distance_km": 5.27002},
            {"speed_kmh": 9.41922},
            {"timestamp": "Thu Aug 24 19:22:22 UTC 2017"}
        ],
        [
            {"location": [[
                {"latitude": 59.960011},
                {"longitude": 11.06798}
            ]]},
            {"altitude": 149},
            {"distance_km": 5.30116},
            {"speed_kmh": 9.74958},
            {"timestamp": "Thu Aug 24 19:22:32 UTC 2017"}
        ],
        [
            {"location": [[
                {"latitude": 59.959853},
                {"longitude": 11.067999}
            ]]},
            {"altitude": 147},
            {"distance_km": 5.31876},
            {"speed_kmh": 10.8458},
            {"timestamp": "Thu Aug 24 19:22:37 UTC 2017"}
        ],
        [
            {"location": [[
                {"latitude": 59.959801},
                {"longitude": 11.068003}
            ]]},
            {"altitude": 147},
            {"distance_km": 5.32458},
            {"timestamp": "Thu Aug 24 19:22:40 UTC 2017"}
        ],
        [
            {"location": [[
                {"latitude": 59.95977},
                {"longitude": 11.068029}
            ]]},
            {"altitude": 145},
            {"distance_km": 5.32841},
            {"timestamp": "Thu Aug 24 19:22:47 UTC 2017"}
        ],
        [
            {"location": [[
                {"latitude": 59.959556},
                {"longitude": 11.068281}
            ]]},
            {"altitude": 145},
            {"distance_km": 5.38376},
            {"speed_kmh": 4.054},
            {"timestamp": "Thu Aug 24 19:23:18 UTC 2017"}
        ],
        [
            {"location": [[
                {"latitude": 59.959576},
                {"longitude": 11.068861}
            ]]},
            {"altitude": 141},
            {"distance_km": 5.41623},
            {"speed_kmh": 4.51133},
            {"timestamp": "Thu Aug 24 19:23:32 UTC 2017"}
        ],
        [
            {"location": [[
                {"latitude": 59.959597},
                {"longitude": 11.069077}
            ]]},
            {"altitude": 141},
            {"distance_km": 5.42849},
            {"speed_kmh": 6.30734},
            {"timestamp": "Thu Aug 24 19:23:38 UTC 2017"}
        ],
        [
            {"location": [[
                {"latitude": 59.959623},
                {"longitude": 11.069478}
            ]]},
            {"altitude": 143},
            {"distance_km": 5.45111},
            {"speed_kmh": 7.70287},
            {"timestamp": "Thu Aug 24 19:23:49 UTC 2017"}
        ],
        [
            {"location": [[
                {"latitude": 59.959648},
                {"longitude": 11.069743}
            ]]},
            {"altitude": 144},
            {"distance_km": 5.46617},
            {"speed_kmh": 7.93321},
            {"timestamp": "Thu Aug 24 19:23:55 UTC 2017"}
        ],
        [
            {"location": [[
                {"latitude": 59.959675},
                {"longitude": 11.070096}
            ]]},
            {"altitude": 143},
            {"distance_km": 5.48609},
            {"speed_kmh": 8.46835},
            {"timestamp": "Thu Aug 24 19:24:03 UTC 2017"}
        ],
        [
            {"location": [[
                {"latitude": 59.959703},
                {"longitude": 11.070367}
            ]]},
            {"altitude": 144},
            {"distance_km": 5.50156},
            {"speed_kmh": 9.71356},
            {"timestamp": "Thu Aug 24 19:24:08 UTC 2017"}
        ],
        [
            {"location": [[
                {"latitude": 59.959749},
                {"longitude": 11.070716}
            ]]},
            {"altitude": 144},
            {"distance_km": 5.52172},
            {"speed_kmh": 10.1558},
            {"timestamp": "Thu Aug 24 19:24:15 UTC 2017"}
        ],
        [
            {"location": [[
                {"latitude": 59.959793},
                {"longitude": 11.071062}
            ]]},
            {"altitude": 144},
            {"distance_km": 5.54167},
            {"speed_kmh": 10.1612},
            {"timestamp": "Thu Aug 24 19:24:23 UTC 2017"}
        ],
        [
            {"location": [[
                {"latitude": 59.959825},
                {"longitude": 11.071393}
            ]]},
            {"altitude": 140},
            {"distance_km": 5.56048},
            {"speed_kmh": 8.9574},
            {"timestamp": "Thu Aug 24 19:24:32 UTC 2017"}
        ],
        [
            {"location": [[
                {"latitude": 59.959865},
                {"longitude": 11.071816}
            ]]},
            {"altitude": 145},
            {"distance_km": 5.58456},
            {"speed_kmh": 8.38989},
            {"timestamp": "Thu Aug 24 19:24:42 UTC 2017"}
        ],
        [
            {"location": [[
                {"latitude": 59.959839},
                {"longitude": 11.072217}
            ]]},
            {"altitude": 145},
            {"distance_km": 5.60709},
            {"speed_kmh": 8.40237},
            {"timestamp": "Thu Aug 24 19:24:51 UTC 2017"}
        ],
        [
            {"location": [[
                {"latitude": 59.959809},
                {"longitude": 11.072532}
            ]]},
            {"altitude": 146},
            {"distance_km": 5.62503},
            {"speed_kmh": 8.96742},
            {"timestamp": "Thu Aug 24 19:24:58 UTC 2017"}
        ],
        [
            {"location": [[
                {"latitude": 59.959706},
                {"longitude": 11.072946}
            ]]},
            {"altitude": 149},
            {"distance_km": 5.65088},
            {"speed_kmh": 8.66421},
            {"timestamp": "Thu Aug 24 19:25:10 UTC 2017"}
        ],
        [
            {"location": [[
                {"latitude": 59.959575},
                {"longitude": 11.073163}
            ]]},
            {"altitude": 155},
            {"distance_km": 5.66985},
            {"speed_kmh": 7.40957},
            {"timestamp": "Thu Aug 24 19:25:23 UTC 2017"}
        ],
        [
            {"location": [[
                {"latitude": 59.959368},
                {"longitude": 11.073234}
            ]]},
            {"altitude": 153},
            {"distance_km": 5.69317},
            {"speed_kmh": 7.4438},
            {"timestamp": "Thu Aug 24 19:25:32 UTC 2017"}
        ],
        [
            {"location": [[
                {"latitude": 59.95914},
                {"longitude": 11.073265}
            ]]},
            {"altitude": 150},
            {"distance_km": 5.71867},
            {"speed_kmh": 7.92019},
            {"timestamp": "Thu Aug 24 19:25:42 UTC 2017"}
        ],
        [
            {"location": [[
                {"latitude": 59.959027},
                {"longitude": 11.073283}
            ]]},
            {"altitude": 146},
            {"distance_km": 5.73134},
            {"speed_kmh": 9.20896},
            {"timestamp": "Thu Aug 24 19:25:47 UTC 2017"}
        ],
        [
            {"location": [[
                {"latitude": 59.958798},
                {"longitude": 11.073328}
            ]]},
            {"altitude": 140},
            {"distance_km": 5.75693},
            {"speed_kmh": 9.515},
            {"timestamp": "Thu Aug 24 19:25:56 UTC 2017"}
        ],
        [
            {"location": [[
                {"latitude": 59.958598},
                {"longitude": 11.073367}
            ]]},
            {"altitude": 139},
            {"distance_km": 5.77938},
            {"speed_kmh": 9.82027},
            {"timestamp": "Thu Aug 24 19:26:04 UTC 2017"}
        ],
        [
            {"location": [[
                {"latitude": 59.958397},
                {"longitude": 11.073378}
            ]]},
            {"altitude": 141},
            {"distance_km": 5.80176},
            {"speed_kmh": 9.76676},
            {"timestamp": "Thu Aug 24 19:26:13 UTC 2017"}
        ],
        [
            {"location": [[
                {"latitude": 59.958228},
                {"longitude": 11.073402}
            ]]},
            {"altitude": 139},
            {"distance_km": 5.82066},
            {"speed_kmh": 9.59234},
            {"timestamp": "Thu Aug 24 19:26:20 UTC 2017"}
        ],
        [
            {"location": [[
                {"latitude": 59.957937},
                {"longitude": 11.073344}
            ]]},
            {"altitude": 141},
            {"distance_km": 5.85324},
            {"speed_kmh": 11.1123},
            {"timestamp": "Thu Aug 24 19:26:28 UTC 2017"}
        ],
        [
            {"location": [[
                {"latitude": 59.957714},
                {"longitude": 11.073167}
            ]]},
            {"altitude": 140},
            {"distance_km": 5.87993},
            {"speed_kmh": 13.4689},
            {"timestamp": "Thu Aug 24 19:26:34 UTC 2017"}
        ],
        [
            {"location": [[
                {"latitude": 59.957518},
                {"longitude": 11.073015}
            ]]},
            {"altitude": 140},
            {"distance_km": 5.90333},
            {"speed_kmh": 15.8424},
            {"timestamp": "Thu Aug 24 19:26:39 UTC 2017"}
        ],
        [
            {"location": [[
                {"latitude": 59.957331},
                {"longitude": 11.072841}
            ]]},
            {"altitude": 144},
            {"distance_km": 5.92632},
            {"speed_kmh": 14.8943},
            {"timestamp": "Thu Aug 24 19:26:46 UTC 2017"}
        ],
        [
            {"location": [[
                {"latitude": 59.957167},
                {"longitude": 11.072742}
            ]]},
            {"altitude": 144},
            {"distance_km": 5.9454},
            {"speed_kmh": 12.4103},
            {"timestamp": "Thu Aug 24 19:26:54 UTC 2017"}
        ],
        [
            {"location": [[
                {"latitude": 59.956934},
                {"longitude": 11.072584}
            ]]},
            {"altitude": 140},
            {"distance_km": 5.97284},
            {"speed_kmh": 10.0935},
            {"timestamp": "Thu Aug 24 19:27:04 UTC 2017"}
        ],
        [
            {"location": [[
                {"latitude": 59.956822},
                {"longitude": 11.072477}
            ]]},
            {"altitude": 143},
            {"distance_km": 5.98674},
            {"speed_kmh": 9.49124},
            {"timestamp": "Thu Aug 24 19:27:09 UTC 2017"}
        ],
        [
            {"location": [[
                {"latitude": 59.956731},
                {"longitude": 11.072391}
            ]]},
            {"altitude": 144},
            {"distance_km": 5.99789},
            {"speed_kmh": 11.0919},
            {"timestamp": "Thu Aug 24 19:27:12 UTC 2017"}
        ],
        [
            {"location": [[
                {"latitude": 59.956656},
                {"longitude": 11.072305}
            ]]},
            {"altitude": 144},
            {"distance_km": 6.00755},
            {"speed_kmh": 11.6462},
            {"timestamp": "Thu Aug 24 19:27:15 UTC 2017"}
        ],
        [
            {"location": [[
                {"latitude": 59.956457},
                {"longitude": 11.072146}
            ]]},
            {"altitude": 143},
            {"distance_km": 6.03142},
            {"speed_kmh": 11.1788},
            {"timestamp": "Thu Aug 24 19:27:25 UTC 2017"}
        ],
        [
            {"location": [[
                {"latitude": 59.95636},
                {"longitude": 11.071996}
            ]]},
            {"altitude": 144},
            {"distance_km": 6.04515},
            {"speed_kmh": 7.89499},
            {"timestamp": "Thu Aug 24 19:27:39 UTC 2017"}
        ],
        [
            {"location": [[
                {"latitude": 59.956257},
                {"longitude": 11.071912}
            ]]},
            {"altitude": 150},
            {"distance_km": 6.05751},
            {"speed_kmh": 5.10461},
            {"timestamp": "Thu Aug 24 19:27:53 UTC 2017"}
        ],
        [
            {"location": [[
                {"latitude": 59.956109},
                {"longitude": 11.071861}
            ]]},
            {"altitude": 154},
            {"distance_km": 6.07425},
            {"speed_kmh": 3.5747},
            {"timestamp": "Thu Aug 24 19:28:08 UTC 2017"}
        ],
        [
            {"location": [[
                {"latitude": 59.955994},
                {"longitude": 11.071735}
            ]]},
            {"altitude": 148},
            {"distance_km": 6.08892},
            {"speed_kmh": 3.75298},
            {"timestamp": "Thu Aug 24 19:28:21 UTC 2017"}
        ],
        [
            {"location": [[
                {"latitude": 59.955943},
                {"longitude": 11.071333}
            ]]},
            {"altitude": 144},
            {"distance_km": 6.11207},
            {"speed_kmh": 4.5454},
            {"timestamp": "Thu Aug 24 19:28:36 UTC 2017"}
        ],
        [
            {"location": [[
                {"latitude": 59.955924},
                {"longitude": 11.071106}
            ]]},
            {"altitude": 145},
            {"distance_km": 6.12494},
            {"speed_kmh": 4.75018},
            {"timestamp": "Thu Aug 24 19:28:46 UTC 2017"}
        ],
        [
            {"location": [[
                {"latitude": 59.955924},
                {"longitude": 11.071106}
            ]]},
            {"altitude": 145},
            {"distance_km": 6.12494},
            {"timestamp": "Thu Aug 24 19:28:51 UTC 2017"}
        ],
        [
            {"location": [[
                {"latitude": 59.955897},
                {"longitude": 11.070917}
            ]]},
            {"altitude": 148},
            {"distance_km": 6.14688},
            {"timestamp": "Thu Aug 24 19:28:56 UTC 2017"}
        ],
        [
            {"location": [[
                {"latitude": 59.955864},
                {"longitude": 11.070622}
            ]]},
            {"altitude": 147},
            {"distance_km": 6.16379},
            {"speed_kmh": 3.89448},
            {"timestamp": "Thu Aug 24 19:29:12 UTC 2017"}
        ],
        [
            {"location": [[
                {"latitude": 59.955815},
                {"longitude": 11.070237}
            ]]},
            {"altitude": 148},
            {"distance_km": 6.18598},
            {"speed_kmh": 5.79906},
            {"timestamp": "Thu Aug 24 19:29:26 UTC 2017"}
        ],
        [
            {"location": [[
                {"latitude": 59.955793},
                {"longitude": 11.069899}
            ]]},
            {"altitude": 149},
            {"distance_km": 6.205},
            {"speed_kmh": 4.92894},
            {"timestamp": "Thu Aug 24 19:29:39 UTC 2017"}
        ],
        [
            {"location": [[
                {"latitude": 59.955753},
                {"longitude": 11.069721}
            ]]},
            {"altitude": 153},
            {"distance_km": 6.21591},
            {"speed_kmh": 4.9693},
            {"timestamp": "Thu Aug 24 19:29:49 UTC 2017"}
        ],
        [
            {"location": [[
                {"latitude": 59.955563},
                {"longitude": 11.069667}
            ]]},
            {"altitude": 157},
            {"distance_km": 6.2373},
            {"speed_kmh": 4.3482},
            {"timestamp": "Thu Aug 24 19:30:09 UTC 2017"}
        ],
        [
            {"location": [[
                {"latitude": 59.955412},
                {"longitude": 11.069708}
            ]]},
            {"altitude": 158},
            {"distance_km": 6.25433},
            {"speed_kmh": 4.29415},
            {"timestamp": "Thu Aug 24 19:30:21 UTC 2017"}
        ],
        [
            {"location": [[
                {"latitude": 59.955182},
                {"longitude": 11.069753}
            ]]},
            {"altitude": 149},
            {"distance_km": 6.28002},
            {"speed_kmh": 4.69913},
            {"timestamp": "Thu Aug 24 19:30:39 UTC 2017"}
        ],
        [
            {"location": [[
                {"latitude": 59.955051},
                {"longitude": 11.069616}
            ]]},
            {"altitude": 150},
            {"distance_km": 6.29651},
            {"speed_kmh": 5.06406},
            {"timestamp": "Thu Aug 24 19:30:51 UTC 2017"}
        ],
        [
            {"location": [[
                {"latitude": 59.954987},
                {"longitude": 11.06952}
            ]]},
            {"altitude": 151},
            {"distance_km": 6.30547},
            {"timestamp": "Thu Aug 24 19:30:58 UTC 2017"}
        ],
        [
            {"location": [[
                {"latitude": 59.95494},
                {"longitude": 11.069468}
            ]]},
            {"altitude": 151},
            {"distance_km": 6.31144},
            {"timestamp": "Thu Aug 24 19:31:04 UTC 2017"}
        ],
        [
            {"location": [[
                {"latitude": 59.954816},
                {"longitude": 11.069482}
            ]]},
            {"altitude": 149},
            {"distance_km": 6.33905},
            {"speed_kmh": 3.91383},
            {"timestamp": "Thu Aug 24 19:31:18 UTC 2017"}
        ],
        [
            {"location": [[
                {"latitude": 59.954726},
                {"longitude": 11.069391}
            ]]},
            {"altitude": 152},
            {"distance_km": 6.35027},
            {"speed_kmh": 4.06175},
            {"timestamp": "Thu Aug 24 19:31:26 UTC 2017"}
        ],
        [
            {"location": [[
                {"latitude": 59.954556},
                {"longitude": 11.069147}
            ]]},
            {"altitude": 155},
            {"distance_km": 6.37369},
            {"speed_kmh": 4.42861},
            {"timestamp": "Thu Aug 24 19:31:44 UTC 2017"}
        ],
        [
            {"location": [[
                {"latitude": 59.95444},
                {"longitude": 11.0689}
            ]]},
            {"altitude": 155},
            {"distance_km": 6.39256},
            {"speed_kmh": 4.66107},
            {"timestamp": "Thu Aug 24 19:32:00 UTC 2017"}
        ],
        [
            {"location": [[
                {"latitude": 59.954338},
                {"longitude": 11.068498}
            ]]},
            {"altitude": 155},
            {"distance_km": 6.41773},
            {"speed_kmh": 4.99097},
            {"timestamp": "Thu Aug 24 19:32:15 UTC 2017"}
        ],
        [
            {"location": [[
                {"latitude": 59.954169},
                {"longitude": 11.068276}
            ]]},
            {"altitude": 157},
            {"distance_km": 6.4403},
            {"speed_kmh": 5.0221},
            {"timestamp": "Thu Aug 24 19:32:32 UTC 2017"}
        ],
        [
            {"location": [[
                {"latitude": 59.954051},
                {"longitude": 11.067966}
            ]]},
            {"altitude": 157},
            {"distance_km": 6.46202},
            {"speed_kmh": 5.0544},
            {"timestamp": "Thu Aug 24 19:32:50 UTC 2017"}
        ],
        [
            {"location": [[
                {"latitude": 59.954032},
                {"longitude": 11.067556}
            ]]},
            {"altitude": 157},
            {"distance_km": 6.48506},
            {"speed_kmh": 4.66705},
            {"timestamp": "Thu Aug 24 19:33:07 UTC 2017"}
        ],
        [
            {"location": [[
                {"latitude": 59.953992},
                {"longitude": 11.067242}
            ]]},
            {"altitude": 153},
            {"distance_km": 6.50317},
            {"speed_kmh": 5.04968},
            {"timestamp": "Thu Aug 24 19:33:18 UTC 2017"}
        ],
        [
            {"location": [[
                {"latitude": 59.953925},
                {"longitude": 11.066801}
            ]]},
            {"altitude": 152},
            {"distance_km": 6.52889},
            {"speed_kmh": 5.14523},
            {"timestamp": "Thu Aug 24 19:33:38 UTC 2017"}
        ],
        [
            {"location": [[
                {"latitude": 59.953872},
                {"longitude": 11.066397}
            ]]},
            {"altitude": 151},
            {"distance_km": 6.55222},
            {"speed_kmh": 5.16598},
            {"timestamp": "Thu Aug 24 19:33:55 UTC 2017"}
        ],
        [
            {"location": [[
                {"latitude": 59.953831},
                {"longitude": 11.066088}
            ]]},
            {"altitude": 150},
            {"distance_km": 6.5701},
            {"speed_kmh": 4.62025},
            {"timestamp": "Thu Aug 24 19:34:10 UTC 2017"}
        ],
        [
            {"location": [[
                {"latitude": 59.95379},
                {"longitude": 11.065739}
            ]]},
            {"altitude": 154},
            {"distance_km": 6.59011},
            {"speed_kmh": 4.41067},
            {"timestamp": "Thu Aug 24 19:34:28 UTC 2017"}
        ],
        [
            {"location": [[
                {"latitude": 59.95375},
                {"longitude": 11.065332}
            ]]},
            {"altitude": 151},
            {"distance_km": 6.61327},
            {"speed_kmh": 4.39889},
            {"timestamp": "Thu Aug 24 19:34:45 UTC 2017"}
        ],
        [
            {"location": [[
                {"latitude": 59.953682},
                {"longitude": 11.064982}
            ]]},
            {"altitude": 153},
            {"distance_km": 6.63426},
            {"speed_kmh": 4.29463},
            {"timestamp": "Thu Aug 24 19:35:04 UTC 2017"}
        ],
        [
            {"location": [[
                {"latitude": 59.953524},
                {"longitude": 11.064932}
            ]]},
            {"altitude": 152},
            {"distance_km": 6.65213},
            {"speed_kmh": 4.08984},
            {"timestamp": "Thu Aug 24 19:35:23 UTC 2017"}
        ],
        [
            {"location": [[
                {"latitude": 59.953524},
                {"longitude": 11.064932}
            ]]},
            {"altitude": 152},
            {"distance_km": 6.65213},
            {"timestamp": "Thu Aug 24 19:35:30 UTC 2017"}
        ],
        [
            {"location": [[
                {"latitude": 59.953524},
                {"longitude": 11.064932}
            ]]},
            {"altitude": 152},
            {"distance_km": 6.65213},
            {"timestamp": "Thu Aug 24 19:35:31 UTC 2017"}
        ],
        [
            {"location": [[
                {"latitude": 59.953524},
                {"longitude": 11.064932}
            ]]},
            {"distance_km": 6.65213},
            {"timestamp": "Thu Aug 24 19:36:15 UTC 2017"}
        ],
        [
            {"location": [[
                {"latitude": 59.953524},
                {"longitude": 11.064932}
            ]]},
            {"distance_km": 6.65213},
            {"timestamp": "Thu Aug 24 19:36:17 UTC 2017"}
        ]
    ]}
]