[
    {"sport": "RUNNING"},
    {"source": "TRACK_MOBILE"},
    {"created_date": "2017-02-02 18:46:08.0"},
    {"start_time": "2017-02-02 18:30:07.0"},
    {"end_time": "2017-02-02 19:05:56.0"},
    {"duration_s": 1927},
    {"distance_km": 5.074734210968018},
    {"calories_kcal": 318},
    {"altitude_min_m": 144},
    {"altitude_max_m": 187},
    {"speed_avg_kmh": 9.480562096255767},
    {"speed_max_kmh": 13.0002},
    {"hydration_l": 0.195657},
    {"ascend_m": 69},
    {"descend_m": 67},
    {"points": [
        [
            {"location": [[
                {"latitude": 60.024176},
                {"longitude": 11.115049}
            ]]},
            {"distance_km": 0},
            {"timestamp": "Thu Feb 02 18:30:07 UTC 2017"}
        ],
        [
            {"location": [[
                {"latitude": 60.024176},
                {"longitude": 11.115049}
            ]]},
            {"altitude": 177},
            {"distance_km": 0},
            {"timestamp": "Thu Feb 02 18:30:08 UTC 2017"}
        ],
        [
            {"location": [[
                {"latitude": 60.024051},
                {"longitude": 11.114914}
            ]]},
            {"altitude": 175},
            {"distance_km": 0.031614},
            {"timestamp": "Thu Feb 02 18:30:18 UTC 2017"}
        ],
        [
            {"location": [[
                {"latitude": 60.024126},
                {"longitude": 11.114762}
            ]]},
            {"altitude": 174},
            {"distance_km": 0.043453},
            {"timestamp": "Thu Feb 02 18:30:26 UTC 2017"}
        ],
        [
            {"location": [[
                {"latitude": 60.024356},
                {"longitude": 11.114708}
            ]]},
            {"altitude": 176},
            {"distance_km": 0.069258},
            {"speed_kmh": 6.77967},
            {"timestamp": "Thu Feb 02 18:30:36 UTC 2017"}
        ],
        [
            {"location": [[
                {"latitude": 60.024533},
                {"longitude": 11.114716}
            ]]},
            {"altitude": 175},
            {"distance_km": 0.089049},
            {"speed_kmh": 7.85087},
            {"timestamp": "Thu Feb 02 18:30:44 UTC 2017"}
        ],
        [
            {"location": [[
                {"latitude": 60.024752},
                {"longitude": 11.11481}
            ]]},
            {"altitude": 176},
            {"distance_km": 0.113945},
            {"speed_kmh": 9.40368},
            {"timestamp": "Thu Feb 02 18:30:53 UTC 2017"}
        ],
        [
            {"location": [[
                {"latitude": 60.024882},
                {"longitude": 11.114883}
            ]]},
            {"altitude": 181},
            {"distance_km": 0.12898},
            {"speed_kmh": 9.87944},
            {"timestamp": "Thu Feb 02 18:30:58 UTC 2017"}
        ],
        [
            {"location": [[
                {"latitude": 60.02509},
                {"longitude": 11.114983}
            ]]},
            {"altitude": 180},
            {"distance_km": 0.152925},
            {"speed_kmh": 11.6673},
            {"timestamp": "Thu Feb 02 18:31:04 UTC 2017"}
        ],
        [
            {"location": [[
                {"latitude": 60.025291},
                {"longitude": 11.115168}
            ]]},
            {"altitude": 178},
            {"distance_km": 0.177483},
            {"speed_kmh": 12.5734},
            {"timestamp": "Thu Feb 02 18:31:11 UTC 2017"}
        ],
        [
            {"location": [[
                {"latitude": 60.025475},
                {"longitude": 11.115377}
            ]]},
            {"altitude": 177},
            {"distance_km": 0.201124},
            {"speed_kmh": 13.0002},
            {"timestamp": "Thu Feb 02 18:31:18 UTC 2017"}
        ],
        [
            {"location": [[
                {"latitude": 60.025671},
                {"longitude": 11.115629}
            ]]},
            {"altitude": 178},
            {"distance_km": 0.227085},
            {"speed_kmh": 12.1557},
            {"timestamp": "Thu Feb 02 18:31:26 UTC 2017"}
        ],
        [
            {"location": [[
                {"latitude": 60.025877},
                {"longitude": 11.115877}
            ]]},
            {"altitude": 178},
            {"distance_km": 0.253904},
            {"speed_kmh": 11.5323},
            {"timestamp": "Thu Feb 02 18:31:35 UTC 2017"}
        ],
        [
            {"location": [[
                {"latitude": 60.026058},
                {"longitude": 11.115783}
            ]]},
            {"altitude": 175},
            {"distance_km": 0.274673},
            {"speed_kmh": 11.021},
            {"timestamp": "Thu Feb 02 18:31:42 UTC 2017"}
        ],
        [
            {"location": [[
                {"latitude": 60.026286},
                {"longitude": 11.115757}
            ]]},
            {"altitude": 175},
            {"distance_km": 0.300186},
            {"speed_kmh": 10.521},
            {"timestamp": "Thu Feb 02 18:31:51 UTC 2017"}
        ],
        [
            {"location": [[
                {"latitude": 60.026346},
                {"longitude": 11.116132}
            ]]},
            {"altitude": 174},
            {"distance_km": 0.322111},
            {"speed_kmh": 9.86298},
            {"timestamp": "Thu Feb 02 18:32:00 UTC 2017"}
        ],
        [
            {"location": [[
                {"latitude": 60.026176},
                {"longitude": 11.116235}
            ]]},
            {"altitude": 178},
            {"distance_km": 0.341812},
            {"speed_kmh": 9.319},
            {"timestamp": "Thu Feb 02 18:32:08 UTC 2017"}
        ],
        [
            {"location": [[
                {"latitude": 60.026128},
                {"longitude": 11.116183}
            ]]},
            {"altitude": 177},
            {"distance_km": 0.347914},
            {"timestamp": "Thu Feb 02 18:32:11 UTC 2017"}
        ],
        [
            {"location": [[
                {"latitude": 60.026176},
                {"longitude": 11.116235}
            ]]},
            {"altitude": 178},
            {"distance_km": 0.354017},
            {"timestamp": "Thu Feb 02 18:32:17 UTC 2017"}
        ],
        [
            {"location": [[
                {"latitude": 60.026414},
                {"longitude": 11.116007}
            ]]},
            {"altitude": 173},
            {"distance_km": 0.412699},
            {"speed_kmh": 7.53614},
            {"timestamp": "Thu Feb 02 18:32:26 UTC 2017"}
        ],
        [
            {"location": [[
                {"latitude": 60.026689},
                {"longitude": 11.116005}
            ]]},
            {"altitude": 177},
            {"distance_km": 0.443303},
            {"speed_kmh": 8.47127},
            {"timestamp": "Thu Feb 02 18:32:37 UTC 2017"}
        ],
        [
            {"location": [[
                {"latitude": 60.026831},
                {"longitude": 11.115947}
            ]]},
            {"altitude": 178},
            {"distance_km": 0.45951},
            {"speed_kmh": 11.1324},
            {"timestamp": "Thu Feb 02 18:32:42 UTC 2017"}
        ],
        [
            {"location": [[
                {"latitude": 60.027028},
                {"longitude": 11.115876}
            ]]},
            {"altitude": 177},
            {"distance_km": 0.481789},
            {"speed_kmh": 11.0637},
            {"timestamp": "Thu Feb 02 18:32:49 UTC 2017"}
        ],
        [
            {"location": [[
                {"latitude": 60.027211},
                {"longitude": 11.115813}
            ]]},
            {"altitude": 177},
            {"distance_km": 0.502518},
            {"speed_kmh": 11.2032},
            {"timestamp": "Thu Feb 02 18:32:56 UTC 2017"}
        ],
        [
            {"location": [[
                {"latitude": 60.027429},
                {"longitude": 11.115822}
            ]]},
            {"altitude": 176},
            {"distance_km": 0.526823},
            {"speed_kmh": 11.0112},
            {"timestamp": "Thu Feb 02 18:33:04 UTC 2017"}
        ],
        [
            {"location": [[
                {"latitude": 60.027649},
                {"longitude": 11.11594}
            ]]},
            {"altitude": 178},
            {"distance_km": 0.552165},
            {"speed_kmh": 11.0053},
            {"timestamp": "Thu Feb 02 18:33:12 UTC 2017"}
        ],
        [
            {"location": [[
                {"latitude": 60.027827},
                {"longitude": 11.115967}
            ]]},
            {"altitude": 176},
            {"distance_km": 0.572073},
            {"speed_kmh": 10.893},
            {"timestamp": "Thu Feb 02 18:33:19 UTC 2017"}
        ],
        [
            {"location": [[
                {"latitude": 60.028052},
                {"longitude": 11.115857}
            ]]},
            {"altitude": 175},
            {"distance_km": 0.597882},
            {"speed_kmh": 11.0464},
            {"timestamp": "Thu Feb 02 18:33:27 UTC 2017"}
        ],
        [
            {"location": [[
                {"latitude": 60.028255},
                {"longitude": 11.115774}
            ]]},
            {"altitude": 176},
            {"distance_km": 0.620981},
            {"speed_kmh": 10.6986},
            {"timestamp": "Thu Feb 02 18:33:35 UTC 2017"}
        ],
        [
            {"location": [[
                {"latitude": 60.028479},
                {"longitude": 11.115668}
            ]]},
            {"altitude": 178},
            {"distance_km": 0.646585},
            {"speed_kmh": 11.1941},
            {"timestamp": "Thu Feb 02 18:33:43 UTC 2017"}
        ],
        [
            {"location": [[
                {"latitude": 60.028639},
                {"longitude": 11.115563}
            ]]},
            {"altitude": 177},
            {"distance_km": 0.665345},
            {"speed_kmh": 11.0943},
            {"timestamp": "Thu Feb 02 18:33:49 UTC 2017"}
        ],
        [
            {"location": [[
                {"latitude": 60.028769},
                {"longitude": 11.115487}
            ]]},
            {"altitude": 176},
            {"distance_km": 0.680441},
            {"speed_kmh": 11.2728},
            {"timestamp": "Thu Feb 02 18:33:54 UTC 2017"}
        ],
        [
            {"location": [[
                {"latitude": 60.028914},
                {"longitude": 11.115377}
            ]]},
            {"altitude": 175},
            {"distance_km": 0.697688},
            {"speed_kmh": 10.8266},
            {"timestamp": "Thu Feb 02 18:34:00 UTC 2017"}
        ],
        [
            {"location": [[
                {"latitude": 60.029137},
                {"longitude": 11.115251}
            ]]},
            {"altitude": 172},
            {"distance_km": 0.7235},
            {"speed_kmh": 10.5212},
            {"timestamp": "Thu Feb 02 18:34:09 UTC 2017"}
        ],
        [
            {"location": [[
                {"latitude": 60.02934},
                {"longitude": 11.1151}
            ]]},
            {"altitude": 175},
            {"distance_km": 0.747678},
            {"speed_kmh": 10.5146},
            {"timestamp": "Thu Feb 02 18:34:17 UTC 2017"}
        ],
        [
            {"location": [[
                {"latitude": 60.029576},
                {"longitude": 11.114965}
            ]]},
            {"altitude": 176},
            {"distance_km": 0.775055},
            {"speed_kmh": 10.3502},
            {"timestamp": "Thu Feb 02 18:34:27 UTC 2017"}
        ],
        [
            {"location": [[
                {"latitude": 60.029785},
                {"longitude": 11.11497}
            ]]},
            {"altitude": 174},
            {"distance_km": 0.79828},
            {"speed_kmh": 10.3899},
            {"timestamp": "Thu Feb 02 18:34:35 UTC 2017"}
        ],
        [
            {"location": [[
                {"latitude": 60.029971},
                {"longitude": 11.114964}
            ]]},
            {"altitude": 175},
            {"distance_km": 0.818986},
            {"speed_kmh": 10.2954},
            {"timestamp": "Thu Feb 02 18:34:42 UTC 2017"}
        ],
        [
            {"location": [[
                {"latitude": 60.030019},
                {"longitude": 11.114954}
            ]]},
            {"altitude": 174},
            {"distance_km": 0.824438},
            {"timestamp": "Thu Feb 02 18:34:44 UTC 2017"}
        ],
        [
            {"location": [[
                {"latitude": 60.029979},
                {"longitude": 11.11472}
            ]]},
            {"altitude": 177},
            {"distance_km": 0.851873},
            {"timestamp": "Thu Feb 02 18:34:58 UTC 2017"}
        ],
        [
            {"location": [[
                {"latitude": 60.029774},
                {"longitude": 11.113956}
            ]]},
            {"altitude": 175},
            {"distance_km": 0.900173},
            {"speed_kmh": 8.34466},
            {"timestamp": "Thu Feb 02 18:35:13 UTC 2017"}
        ],
        [
            {"location": [[
                {"latitude": 60.029706},
                {"longitude": 11.113856}
            ]]},
            {"altitude": 174},
            {"distance_km": 0.909635},
            {"speed_kmh": 8.83778},
            {"timestamp": "Thu Feb 02 18:35:16 UTC 2017"}
        ],
        [
            {"location": [[
                {"latitude": 60.029635},
                {"longitude": 11.113772}
            ]]},
            {"altitude": 173},
            {"distance_km": 0.918803},
            {"speed_kmh": 11.3062},
            {"timestamp": "Thu Feb 02 18:35:19 UTC 2017"}
        ],
        [
            {"location": [[
                {"latitude": 60.029437},
                {"longitude": 11.113588}
            ]]},
            {"altitude": 171},
            {"distance_km": 0.943118},
            {"speed_kmh": 11.0932},
            {"timestamp": "Thu Feb 02 18:35:27 UTC 2017"}
        ],
        [
            {"location": [[
                {"latitude": 60.02925},
                {"longitude": 11.113429}
            ]]},
            {"altitude": 168},
            {"distance_km": 0.965738},
            {"speed_kmh": 11.154},
            {"timestamp": "Thu Feb 02 18:35:34 UTC 2017"}
        ],
        [
            {"location": [[
                {"latitude": 60.029035},
                {"longitude": 11.113243}
            ]]},
            {"altitude": 165},
            {"distance_km": 0.991909},
            {"speed_kmh": 11.4205},
            {"timestamp": "Thu Feb 02 18:35:42 UTC 2017"}
        ],
        [
            {"location": [[
                {"latitude": 60.028819},
                {"longitude": 11.113045}
            ]]},
            {"altitude": 162},
            {"distance_km": 1.01837},
            {"speed_kmh": 11.7661},
            {"timestamp": "Thu Feb 02 18:35:50 UTC 2017"}
        ],
        [
            {"location": [[
                {"latitude": 60.028597},
                {"longitude": 11.112838}
            ]]},
            {"altitude": 157},
            {"distance_km": 1.0456},
            {"speed_kmh": 12.0076},
            {"timestamp": "Thu Feb 02 18:35:58 UTC 2017"}
        ],
        [
            {"location": [[
                {"latitude": 60.028423},
                {"longitude": 11.112688}
            ]]},
            {"altitude": 155},
            {"distance_km": 1.06678},
            {"speed_kmh": 12.3174},
            {"timestamp": "Thu Feb 02 18:36:04 UTC 2017"}
        ],
        [
            {"location": [[
                {"latitude": 60.028339},
                {"longitude": 11.112609}
            ]]},
            {"altitude": 153},
            {"distance_km": 1.07713},
            {"speed_kmh": 12.3992},
            {"timestamp": "Thu Feb 02 18:36:07 UTC 2017"}
        ],
        [
            {"location": [[
                {"latitude": 60.028112},
                {"longitude": 11.112407}
            ]]},
            {"altitude": 149},
            {"distance_km": 1.10477},
            {"speed_kmh": 12.4659},
            {"timestamp": "Thu Feb 02 18:36:15 UTC 2017"}
        ],
        [
            {"location": [[
                {"latitude": 60.02792},
                {"longitude": 11.112226}
            ]]},
            {"altitude": 150},
            {"distance_km": 1.12845},
            {"speed_kmh": 12.2828},
            {"timestamp": "Thu Feb 02 18:36:22 UTC 2017"}
        ],
        [
            {"location": [[
                {"latitude": 60.027704},
                {"longitude": 11.112031}
            ]]},
            {"altitude": 146},
            {"distance_km": 1.15483},
            {"speed_kmh": 12.1867},
            {"timestamp": "Thu Feb 02 18:36:30 UTC 2017"}
        ],
        [
            {"location": [[
                {"latitude": 60.027518},
                {"longitude": 11.111865}
            ]]},
            {"altitude": 147},
            {"distance_km": 1.17749},
            {"speed_kmh": 11.917},
            {"timestamp": "Thu Feb 02 18:36:37 UTC 2017"}
        ],
        [
            {"location": [[
                {"latitude": 60.02744},
                {"longitude": 11.111799}
            ]]},
            {"altitude": 148},
            {"distance_km": 1.18691},
            {"speed_kmh": 11.6341},
            {"timestamp": "Thu Feb 02 18:36:40 UTC 2017"}
        ],
        [
            {"location": [[
                {"latitude": 60.027364},
                {"longitude": 11.111734}
            ]]},
            {"altitude": 149},
            {"distance_km": 1.19614},
            {"speed_kmh": 11.339},
            {"timestamp": "Thu Feb 02 18:36:43 UTC 2017"}
        ],
        [
            {"location": [[
                {"latitude": 60.027159},
                {"longitude": 11.111551}
            ]]},
            {"altitude": 146},
            {"distance_km": 1.22121},
            {"speed_kmh": 11.1801},
            {"timestamp": "Thu Feb 02 18:36:51 UTC 2017"}
        ],
        [
            {"location": [[
                {"latitude": 60.026927},
                {"longitude": 11.111323}
            ]]},
            {"altitude": 144},
            {"distance_km": 1.24999},
            {"speed_kmh": 11.283},
            {"timestamp": "Thu Feb 02 18:37:00 UTC 2017"}
        ],
        [
            {"location": [[
                {"latitude": 60.026774},
                {"longitude": 11.111092}
            ]]},
            {"altitude": 145},
            {"distance_km": 1.27131},
            {"speed_kmh": 11.2464},
            {"timestamp": "Thu Feb 02 18:37:07 UTC 2017"}
        ],
        [
            {"location": [[
                {"latitude": 60.026675},
                {"longitude": 11.110895}
            ]]},
            {"altitude": 144},
            {"distance_km": 1.28693},
            {"speed_kmh": 11.2373},
            {"timestamp": "Thu Feb 02 18:37:12 UTC 2017"}
        ],
        [
            {"location": [[
                {"latitude": 60.026537},
                {"longitude": 11.110548}
            ]]},
            {"altitude": 146},
            {"distance_km": 1.31169},
            {"speed_kmh": 11.1061},
            {"timestamp": "Thu Feb 02 18:37:20 UTC 2017"}
        ],
        [
            {"location": [[
                {"latitude": 60.026489},
                {"longitude": 11.11042}
            ]]},
            {"altitude": 145},
            {"distance_km": 1.32053},
            {"speed_kmh": 10.9925},
            {"timestamp": "Thu Feb 02 18:37:23 UTC 2017"}
        ],
        [
            {"location": [[
                {"latitude": 60.026378},
                {"longitude": 11.110136}
            ]]},
            {"altitude": 148},
            {"distance_km": 1.34065},
            {"speed_kmh": 10.7236},
            {"timestamp": "Thu Feb 02 18:37:30 UTC 2017"}
        ],
        [
            {"location": [[
                {"latitude": 60.026333},
                {"longitude": 11.110008}
            ]]},
            {"altitude": 149},
            {"distance_km": 1.34936},
            {"speed_kmh": 10.4285},
            {"timestamp": "Thu Feb 02 18:37:33 UTC 2017"}
        ],
        [
            {"location": [[
                {"latitude": 60.026189},
                {"longitude": 11.109692}
            ]]},
            {"altitude": 151},
            {"distance_km": 1.37318},
            {"speed_kmh": 10.0803},
            {"timestamp": "Thu Feb 02 18:37:42 UTC 2017"}
        ],
        [
            {"location": [[
                {"latitude": 60.026044},
                {"longitude": 11.109339}
            ]]},
            {"altitude": 157},
            {"distance_km": 1.39866},
            {"speed_kmh": 10.0305},
            {"timestamp": "Thu Feb 02 18:37:51 UTC 2017"}
        ],
        [
            {"location": [[
                {"latitude": 60.025973},
                {"longitude": 11.109117}
            ]]},
            {"altitude": 158},
            {"distance_km": 1.41334},
            {"speed_kmh": 10.1007},
            {"timestamp": "Thu Feb 02 18:37:56 UTC 2017"}
        ],
        [
            {"location": [[
                {"latitude": 60.025862},
                {"longitude": 11.108757}
            ]]},
            {"altitude": 160},
            {"distance_km": 1.43691},
            {"speed_kmh": 10.4526},
            {"timestamp": "Thu Feb 02 18:38:04 UTC 2017"}
        ],
        [
            {"location": [[
                {"latitude": 60.02576},
                {"longitude": 11.108424}
            ]]},
            {"altitude": 159},
            {"distance_km": 1.45866},
            {"speed_kmh": 10.3208},
            {"timestamp": "Thu Feb 02 18:38:12 UTC 2017"}
        ],
        [
            {"location": [[
                {"latitude": 60.025707},
                {"longitude": 11.108199}
            ]]},
            {"altitude": 157},
            {"distance_km": 1.47255},
            {"speed_kmh": 10.1284},
            {"timestamp": "Thu Feb 02 18:38:17 UTC 2017"}
        ],
        [
            {"location": [[
                {"latitude": 60.025599},
                {"longitude": 11.107762}
            ]]},
            {"altitude": 158},
            {"distance_km": 1.4997},
            {"speed_kmh": 10.6301},
            {"timestamp": "Thu Feb 02 18:38:25 UTC 2017"}
        ],
        [
            {"location": [[
                {"latitude": 60.025465},
                {"longitude": 11.107442}
            ]]},
            {"altitude": 157},
            {"distance_km": 1.52299},
            {"speed_kmh": 10.8864},
            {"timestamp": "Thu Feb 02 18:38:33 UTC 2017"}
        ],
        [
            {"location": [[
                {"latitude": 60.025381},
                {"longitude": 11.107264}
            ]]},
            {"altitude": 155},
            {"distance_km": 1.53662},
            {"speed_kmh": 10.8128},
            {"timestamp": "Thu Feb 02 18:38:38 UTC 2017"}
        ],
        [
            {"location": [[
                {"latitude": 60.025235},
                {"longitude": 11.106942}
            ]]},
            {"altitude": 155},
            {"distance_km": 1.56087},
            {"speed_kmh": 10.4259},
            {"timestamp": "Thu Feb 02 18:38:46 UTC 2017"}
        ],
        [
            {"location": [[
                {"latitude": 60.025128},
                {"longitude": 11.106641}
            ]]},
            {"altitude": 154},
            {"distance_km": 1.58142},
            {"speed_kmh": 9.96008},
            {"timestamp": "Thu Feb 02 18:38:54 UTC 2017"}
        ],
        [
            {"location": [[
                {"latitude": 60.025072},
                {"longitude": 11.106194}
            ]]},
            {"altitude": 152},
            {"distance_km": 1.60715},
            {"speed_kmh": 9.53671},
            {"timestamp": "Thu Feb 02 18:39:05 UTC 2017"}
        ],
        [
            {"location": [[
                {"latitude": 60.025002},
                {"longitude": 11.105919}
            ]]},
            {"altitude": 151},
            {"distance_km": 1.62436},
            {"speed_kmh": 9.31489},
            {"timestamp": "Thu Feb 02 18:39:11 UTC 2017"}
        ],
        [
            {"location": [[
                {"latitude": 60.024948},
                {"longitude": 11.105543}
            ]]},
            {"altitude": 149},
            {"distance_km": 1.64614},
            {"speed_kmh": 9.97083},
            {"timestamp": "Thu Feb 02 18:39:18 UTC 2017"}
        ],
        [
            {"location": [[
                {"latitude": 60.024933},
                {"longitude": 11.105244}
            ]]},
            {"altitude": 152},
            {"distance_km": 1.66288},
            {"speed_kmh": 10.5164},
            {"timestamp": "Thu Feb 02 18:39:24 UTC 2017"}
        ],
        [
            {"location": [[
                {"latitude": 60.024936},
                {"longitude": 11.104793}
            ]]},
            {"altitude": 156},
            {"distance_km": 1.68803},
            {"speed_kmh": 10.4426},
            {"timestamp": "Thu Feb 02 18:39:33 UTC 2017"}
        ],
        [
            {"location": [[
                {"latitude": 60.024922},
                {"longitude": 11.104583}
            ]]},
            {"altitude": 157},
            {"distance_km": 1.69987},
            {"speed_kmh": 9.56115},
            {"timestamp": "Thu Feb 02 18:39:38 UTC 2017"}
        ],
        [
            {"location": [[
                {"latitude": 60.02493},
                {"longitude": 11.104078}
            ]]},
            {"altitude": 165},
            {"distance_km": 1.72801},
            {"speed_kmh": 9.26612},
            {"timestamp": "Thu Feb 02 18:39:49 UTC 2017"}
        ],
        [
            {"location": [[
                {"latitude": 60.024918},
                {"longitude": 11.103779}
            ]]},
            {"altitude": 164},
            {"distance_km": 1.74474},
            {"speed_kmh": 8.77332},
            {"timestamp": "Thu Feb 02 18:39:56 UTC 2017"}
        ],
        [
            {"location": [[
                {"latitude": 60.024753},
                {"longitude": 11.10344}
            ]]},
            {"altitude": 161},
            {"distance_km": 1.7711},
            {"speed_kmh": 8.81012},
            {"timestamp": "Thu Feb 02 18:40:07 UTC 2017"}
        ],
        [
            {"location": [[
                {"latitude": 60.024577},
                {"longitude": 11.102974}
            ]]},
            {"altitude": 159},
            {"distance_km": 1.80366},
            {"speed_kmh": 10.0855},
            {"timestamp": "Thu Feb 02 18:40:16 UTC 2017"}
        ],
        [
            {"location": [[
                {"latitude": 60.024459},
                {"longitude": 11.103016}
            ]]},
            {"altitude": 156},
            {"distance_km": 1.817},
            {"speed_kmh": 10.4076},
            {"timestamp": "Thu Feb 02 18:40:21 UTC 2017"}
        ],
        [
            {"location": [[
                {"latitude": 60.024329},
                {"longitude": 11.103407}
            ]]},
            {"altitude": 153},
            {"distance_km": 1.84322},
            {"speed_kmh": 11.0236},
            {"timestamp": "Thu Feb 02 18:40:30 UTC 2017"}
        ],
        [
            {"location": [[
                {"latitude": 60.024203},
                {"longitude": 11.10371}
            ]]},
            {"altitude": 151},
            {"distance_km": 1.86518},
            {"speed_kmh": 9.60008},
            {"timestamp": "Thu Feb 02 18:40:39 UTC 2017"}
        ],
        [
            {"location": [[
                {"latitude": 60.024072},
                {"longitude": 11.104179}
            ]]},
            {"altitude": 151},
            {"distance_km": 1.89511},
            {"speed_kmh": 10.0248},
            {"timestamp": "Thu Feb 02 18:40:49 UTC 2017"}
        ],
        [
            {"location": [[
                {"latitude": 60.024},
                {"longitude": 11.104382}
            ]]},
            {"altitude": 148},
            {"distance_km": 1.90901},
            {"speed_kmh": 9.87679},
            {"timestamp": "Thu Feb 02 18:40:54 UTC 2017"}
        ],
        [
            {"location": [[
                {"latitude": 60.023914},
                {"longitude": 11.104675}
            ]]},
            {"altitude": 145},
            {"distance_km": 1.92792},
            {"speed_kmh": 10.1947},
            {"timestamp": "Thu Feb 02 18:41:01 UTC 2017"}
        ],
        [
            {"location": [[
                {"latitude": 60.023824},
                {"longitude": 11.105043}
            ]]},
            {"altitude": 151},
            {"distance_km": 1.95079},
            {"speed_kmh": 10},
            {"timestamp": "Thu Feb 02 18:41:09 UTC 2017"}
        ],
        [
            {"location": [[
                {"latitude": 60.023719},
                {"longitude": 11.105229}
            ]]},
            {"altitude": 152},
            {"distance_km": 1.96639},
            {"speed_kmh": 9.79656},
            {"timestamp": "Thu Feb 02 18:41:15 UTC 2017"}
        ],
        [
            {"location": [[
                {"latitude": 60.023657},
                {"longitude": 11.105532}
            ]]},
            {"altitude": 155},
            {"distance_km": 1.98465},
            {"speed_kmh": 10.2002},
            {"timestamp": "Thu Feb 02 18:41:21 UTC 2017"}
        ],
        [
            {"location": [[
                {"latitude": 60.023632},
                {"longitude": 11.105842}
            ]]},
            {"altitude": 156},
            {"distance_km": 2.00214},
            {"speed_kmh": 10.2801},
            {"timestamp": "Thu Feb 02 18:41:27 UTC 2017"}
        ],
        [
            {"location": [[
                {"latitude": 60.023592},
                {"longitude": 11.106217}
            ]]},
            {"altitude": 160},
            {"distance_km": 2.02353},
            {"speed_kmh": 10.8098},
            {"timestamp": "Thu Feb 02 18:41:34 UTC 2017"}
        ],
        [
            {"location": [[
                {"latitude": 60.023569},
                {"longitude": 11.10648}
            ]]},
            {"altitude": 161},
            {"distance_km": 2.03837},
            {"speed_kmh": 10.7131},
            {"timestamp": "Thu Feb 02 18:41:39 UTC 2017"}
        ],
        [
            {"location": [[
                {"latitude": 60.02355},
                {"longitude": 11.106875}
            ]]},
            {"altitude": 161},
            {"distance_km": 2.0605},
            {"speed_kmh": 10.543},
            {"timestamp": "Thu Feb 02 18:41:47 UTC 2017"}
        ],
        [
            {"location": [[
                {"latitude": 60.023541},
                {"longitude": 11.107061}
            ]]},
            {"altitude": 161},
            {"distance_km": 2.07093},
            {"speed_kmh": 10.0083},
            {"timestamp": "Thu Feb 02 18:41:51 UTC 2017"}
        ],
        [
            {"location": [[
                {"latitude": 60.023536},
                {"longitude": 11.107208}
            ]]},
            {"altitude": 162},
            {"distance_km": 2.07919},
            {"speed_kmh": 9.75952},
            {"timestamp": "Thu Feb 02 18:41:54 UTC 2017"}
        ],
        [
            {"location": [[
                {"latitude": 60.023542},
                {"longitude": 11.10736}
            ]]},
            {"altitude": 162},
            {"distance_km": 2.08768},
            {"speed_kmh": 9.83637},
            {"timestamp": "Thu Feb 02 18:41:57 UTC 2017"}
        ],
        [
            {"location": [[
                {"latitude": 60.023549},
                {"longitude": 11.107516}
            ]]},
            {"altitude": 164},
            {"distance_km": 2.09637},
            {"speed_kmh": 10.1766},
            {"timestamp": "Thu Feb 02 18:42:00 UTC 2017"}
        ],
        [
            {"location": [[
                {"latitude": 60.023558},
                {"longitude": 11.107674}
            ]]},
            {"altitude": 165},
            {"distance_km": 2.10525},
            {"speed_kmh": 10.4214},
            {"timestamp": "Thu Feb 02 18:42:03 UTC 2017"}
        ],
        [
            {"location": [[
                {"latitude": 60.023569},
                {"longitude": 11.107825}
            ]]},
            {"altitude": 165},
            {"distance_km": 2.11379},
            {"speed_kmh": 10.4177},
            {"timestamp": "Thu Feb 02 18:42:06 UTC 2017"}
        ],
        [
            {"location": [[
                {"latitude": 60.023586},
                {"longitude": 11.10797}
            ]]},
            {"altitude": 166},
            {"distance_km": 2.1221},
            {"speed_kmh": 10.2776},
            {"timestamp": "Thu Feb 02 18:42:09 UTC 2017"}
        ],
        [
            {"location": [[
                {"latitude": 60.023644},
                {"longitude": 11.108413}
            ]]},
            {"altitude": 170},
            {"distance_km": 2.14762},
            {"speed_kmh": 9.79303},
            {"timestamp": "Thu Feb 02 18:42:19 UTC 2017"}
        ],
        [
            {"location": [[
                {"latitude": 60.02363},
                {"longitude": 11.108775}
            ]]},
            {"altitude": 172},
            {"distance_km": 2.16784},
            {"speed_kmh": 9.09115},
            {"timestamp": "Thu Feb 02 18:42:28 UTC 2017"}
        ],
        [
            {"location": [[
                {"latitude": 60.023561},
                {"longitude": 11.109176}
            ]]},
            {"altitude": 172},
            {"distance_km": 2.19149},
            {"speed_kmh": 8.60027},
            {"timestamp": "Thu Feb 02 18:42:38 UTC 2017"}
        ],
        [
            {"location": [[
                {"latitude": 60.023584},
                {"longitude": 11.109515}
            ]]},
            {"altitude": 166},
            {"distance_km": 2.21056},
            {"speed_kmh": 7.29858},
            {"timestamp": "Thu Feb 02 18:42:51 UTC 2017"}
        ],
        [
            {"location": [[
                {"latitude": 60.023673},
                {"longitude": 11.109605}
            ]]},
            {"altitude": 167},
            {"distance_km": 2.22171},
            {"timestamp": "Thu Feb 02 18:42:59 UTC 2017"}
        ],
        [
            {"location": [[
                {"latitude": 60.023749},
                {"longitude": 11.10967}
            ]]},
            {"altitude": 166},
            {"distance_km": 2.25131},
            {"timestamp": "Thu Feb 02 18:43:14 UTC 2017"}
        ],
        [
            {"location": [[
                {"latitude": 60.023875},
                {"longitude": 11.109876}
            ]]},
            {"altitude": 168},
            {"distance_km": 2.26943},
            {"speed_kmh": 4.08125},
            {"timestamp": "Thu Feb 02 18:43:27 UTC 2017"}
        ],
        [
            {"location": [[
                {"latitude": 60.023859},
                {"longitude": 11.110189}
            ]]},
            {"altitude": 165},
            {"distance_km": 2.28699},
            {"speed_kmh": 4.1659},
            {"timestamp": "Thu Feb 02 18:43:39 UTC 2017"}
        ],
        [
            {"location": [[
                {"latitude": 60.023809},
                {"longitude": 11.110512}
            ]]},
            {"altitude": 166},
            {"distance_km": 2.30583},
            {"speed_kmh": 5.68003},
            {"timestamp": "Thu Feb 02 18:43:49 UTC 2017"}
        ],
        [
            {"location": [[
                {"latitude": 60.023725},
                {"longitude": 11.110913}
            ]]},
            {"altitude": 165},
            {"distance_km": 2.33006},
            {"speed_kmh": 6.08984},
            {"timestamp": "Thu Feb 02 18:44:03 UTC 2017"}
        ],
        [
            {"location": [[
                {"latitude": 60.023594},
                {"longitude": 11.111453}
            ]]},
            {"altitude": 166},
            {"distance_km": 2.36351},
            {"speed_kmh": 7.20403},
            {"timestamp": "Thu Feb 02 18:44:17 UTC 2017"}
        ],
        [
            {"location": [[
                {"latitude": 60.023502},
                {"longitude": 11.11186}
            ]]},
            {"altitude": 164},
            {"distance_km": 2.3884},
            {"speed_kmh": 7.921},
            {"timestamp": "Thu Feb 02 18:44:27 UTC 2017"}
        ],
        [
            {"location": [[
                {"latitude": 60.023392},
                {"longitude": 11.11231}
            ]]},
            {"altitude": 170},
            {"distance_km": 2.41636},
            {"speed_kmh": 9.21162},
            {"timestamp": "Thu Feb 02 18:44:37 UTC 2017"}
        ],
        [
            {"location": [[
                {"latitude": 60.023328},
                {"longitude": 11.11254}
            ]]},
            {"altitude": 169},
            {"distance_km": 2.43102},
            {"speed_kmh": 9.80975},
            {"timestamp": "Thu Feb 02 18:44:42 UTC 2017"}
        ],
        [
            {"location": [[
                {"latitude": 60.023279},
                {"longitude": 11.113006}
            ]]},
            {"altitude": 173},
            {"distance_km": 2.45757},
            {"speed_kmh": 10.4019},
            {"timestamp": "Thu Feb 02 18:44:51 UTC 2017"}
        ],
        [
            {"location": [[
                {"latitude": 60.023359},
                {"longitude": 11.113361}
            ]]},
            {"altitude": 174},
            {"distance_km": 2.47929},
            {"speed_kmh": 10.2712},
            {"timestamp": "Thu Feb 02 18:44:59 UTC 2017"}
        ],
        [
            {"location": [[
                {"latitude": 60.023495},
                {"longitude": 11.113677}
            ]]},
            {"altitude": 176},
            {"distance_km": 2.50247},
            {"speed_kmh": 9.91348},
            {"timestamp": "Thu Feb 02 18:45:08 UTC 2017"}
        ],
        [
            {"location": [[
                {"latitude": 60.023607},
                {"longitude": 11.113944}
            ]]},
            {"altitude": 176},
            {"distance_km": 2.5219},
            {"speed_kmh": 9.68437},
            {"timestamp": "Thu Feb 02 18:45:15 UTC 2017"}
        ],
        [
            {"location": [[
                {"latitude": 60.023683},
                {"longitude": 11.114212}
            ]]},
            {"altitude": 176},
            {"distance_km": 2.53911},
            {"speed_kmh": 9.39158},
            {"timestamp": "Thu Feb 02 18:45:22 UTC 2017"}
        ],
        [
            {"location": [[
                {"latitude": 60.023764},
                {"longitude": 11.114624}
            ]]},
            {"altitude": 179},
            {"distance_km": 2.56379},
            {"speed_kmh": 9.98337},
            {"timestamp": "Thu Feb 02 18:45:30 UTC 2017"}
        ],
        [
            {"location": [[
                {"latitude": 60.023899},
                {"longitude": 11.114741}
            ]]},
            {"altitude": 180},
            {"distance_km": 2.58018},
            {"speed_kmh": 9.93173},
            {"timestamp": "Thu Feb 02 18:45:36 UTC 2017"}
        ],
        [
            {"location": [[
                {"latitude": 60.024046},
                {"longitude": 11.114837}
            ]]},
            {"altitude": 179},
            {"distance_km": 2.59738},
            {"speed_kmh": 9.93163},
            {"timestamp": "Thu Feb 02 18:45:43 UTC 2017"}
        ],
        [
            {"location": [[
                {"latitude": 60.024046},
                {"longitude": 11.114837}
            ]]},
            {"distance_km": 2.59738},
            {"timestamp": "Thu Feb 02 18:45:47 UTC 2017"}
        ],
        [
            {"location": [[
                {"latitude": 60.024046},
                {"longitude": 11.114837}
            ]]},
            {"distance_km": 2.59738},
            {"timestamp": "Thu Feb 02 18:49:29 UTC 2017"}
        ],
        [
            {"location": [[
                {"latitude": 60.024053},
                {"longitude": 11.114895}
            ]]},
            {"altitude": 177},
            {"distance_km": 2.59738},
            {"speed_kmh": 9.93163},
            {"timestamp": "Thu Feb 02 18:49:29 UTC 2017"}
        ],
        [
            {"location": [[
                {"latitude": 60.02418},
                {"longitude": 11.114813}
            ]]},
            {"altitude": 177},
            {"distance_km": 2.61234},
            {"speed_kmh": 9.93163},
            {"timestamp": "Thu Feb 02 18:49:43 UTC 2017"}
        ],
        [
            {"location": [[
                {"latitude": 60.024349},
                {"longitude": 11.114803}
            ]]},
            {"altitude": 178},
            {"distance_km": 2.6311},
            {"speed_kmh": 9.93163},
            {"timestamp": "Thu Feb 02 18:49:49 UTC 2017"}
        ],
        [
            {"location": [[
                {"latitude": 60.024501},
                {"longitude": 11.114802}
            ]]},
            {"altitude": 179},
            {"distance_km": 2.64805},
            {"speed_kmh": 8.42702},
            {"timestamp": "Thu Feb 02 18:49:55 UTC 2017"}
        ],
        [
            {"location": [[
                {"latitude": 60.024596},
                {"longitude": 11.114791}
            ]]},
            {"altitude": 177},
            {"distance_km": 2.6587},
            {"speed_kmh": 9.27074},
            {"timestamp": "Thu Feb 02 18:50:01 UTC 2017"}
        ],
        [
            {"location": [[
                {"latitude": 60.025015},
                {"longitude": 11.114985}
            ]]},
            {"altitude": 176},
            {"distance_km": 2.70658},
            {"speed_kmh": 9.11405},
            {"timestamp": "Thu Feb 02 18:50:17 UTC 2017"}
        ],
        [
            {"location": [[
                {"latitude": 60.025187},
                {"longitude": 11.115128}
            ]]},
            {"altitude": 177},
            {"distance_km": 2.72736},
            {"speed_kmh": 9.27868},
            {"timestamp": "Thu Feb 02 18:50:24 UTC 2017"}
        ],
        [
            {"location": [[
                {"latitude": 60.025381},
                {"longitude": 11.11532}
            ]]},
            {"altitude": 176},
            {"distance_km": 2.7514},
            {"speed_kmh": 10.7565},
            {"timestamp": "Thu Feb 02 18:50:32 UTC 2017"}
        ],
        [
            {"location": [[
                {"latitude": 60.025575},
                {"longitude": 11.115529}
            ]]},
            {"altitude": 178},
            {"distance_km": 2.77605},
            {"speed_kmh": 10.8633},
            {"timestamp": "Thu Feb 02 18:50:40 UTC 2017"}
        ],
        [
            {"location": [[
                {"latitude": 60.025743},
                {"longitude": 11.11576}
            ]]},
            {"altitude": 180},
            {"distance_km": 2.79871},
            {"speed_kmh": 10.6958},
            {"timestamp": "Thu Feb 02 18:50:48 UTC 2017"}
        ],
        [
            {"location": [[
                {"latitude": 60.025823},
                {"longitude": 11.115859}
            ]]},
            {"altitude": 180},
            {"distance_km": 2.80926},
            {"speed_kmh": 10.2685},
            {"timestamp": "Thu Feb 02 18:50:52 UTC 2017"}
        ],
        [
            {"location": [[
                {"latitude": 60.02602},
                {"longitude": 11.115793}
            ]]},
            {"altitude": 177},
            {"distance_km": 2.83145},
            {"speed_kmh": 9.52716},
            {"timestamp": "Thu Feb 02 18:51:01 UTC 2017"}
        ],
        [
            {"location": [[
                {"latitude": 60.02627},
                {"longitude": 11.115768}
            ]]},
            {"altitude": 177},
            {"distance_km": 2.85939},
            {"speed_kmh": 9.18344},
            {"timestamp": "Thu Feb 02 18:51:12 UTC 2017"}
        ],
        [
            {"location": [[
                {"latitude": 60.026314},
                {"longitude": 11.115976}
            ]]},
            {"altitude": 179},
            {"distance_km": 2.87197},
            {"speed_kmh": 7.68421},
            {"timestamp": "Thu Feb 02 18:51:21 UTC 2017"}
        ],
        [
            {"location": [[
                {"latitude": 60.026237},
                {"longitude": 11.116168}
            ]]},
            {"altitude": 177},
            {"distance_km": 2.88565},
            {"speed_kmh": 6.53787},
            {"timestamp": "Thu Feb 02 18:51:30 UTC 2017"}
        ],
        [
            {"location": [[
                {"latitude": 60.026208},
                {"longitude": 11.116047}
            ]]},
            {"altitude": 175},
            {"distance_km": 2.8932},
            {"speed_kmh": 4.02434},
            {"timestamp": "Thu Feb 02 18:51:47 UTC 2017"}
        ],
        [
            {"location": [[
                {"latitude": 60.026447},
                {"longitude": 11.116022}
            ]]},
            {"altitude": 174},
            {"distance_km": 2.91994},
            {"speed_kmh": 5.55646},
            {"timestamp": "Thu Feb 02 18:51:57 UTC 2017"}
        ],
        [
            {"location": [[
                {"latitude": 60.02662},
                {"longitude": 11.115975}
            ]]},
            {"altitude": 168},
            {"distance_km": 2.93937},
            {"speed_kmh": 6.33589},
            {"timestamp": "Thu Feb 02 18:52:06 UTC 2017"}
        ],
        [
            {"location": [[
                {"latitude": 60.026881},
                {"longitude": 11.115907}
            ]]},
            {"altitude": 173},
            {"distance_km": 2.96867},
            {"speed_kmh": 8.50366},
            {"timestamp": "Thu Feb 02 18:52:19 UTC 2017"}
        ],
        [
            {"location": [[
                {"latitude": 60.027125},
                {"longitude": 11.115834}
            ]]},
            {"altitude": 176},
            {"distance_km": 2.99619},
            {"speed_kmh": 8.59916},
            {"timestamp": "Thu Feb 02 18:52:29 UTC 2017"}
        ],
        [
            {"location": [[
                {"latitude": 60.027357},
                {"longitude": 11.115812}
            ]]},
            {"altitude": 181},
            {"distance_km": 3.02205},
            {"speed_kmh": 9.45567},
            {"timestamp": "Thu Feb 02 18:52:38 UTC 2017"}
        ],
        [
            {"location": [[
                {"latitude": 60.027583},
                {"longitude": 11.115925}
            ]]},
            {"altitude": 184},
            {"distance_km": 3.04801},
            {"speed_kmh": 9.87095},
            {"timestamp": "Thu Feb 02 18:52:48 UTC 2017"}
        ],
        [
            {"location": [[
                {"latitude": 60.027721},
                {"longitude": 11.115984}
            ]]},
            {"altitude": 183},
            {"distance_km": 3.06378},
            {"speed_kmh": 9.71526},
            {"timestamp": "Thu Feb 02 18:52:54 UTC 2017"}
        ],
        [
            {"location": [[
                {"latitude": 60.027955},
                {"longitude": 11.115925}
            ]]},
            {"altitude": 181},
            {"distance_km": 3.09005},
            {"speed_kmh": 9.77097},
            {"timestamp": "Thu Feb 02 18:53:03 UTC 2017"}
        ],
        [
            {"location": [[
                {"latitude": 60.028136},
                {"longitude": 11.115833}
            ]]},
            {"altitude": 180},
            {"distance_km": 3.11084},
            {"speed_kmh": 10.2157},
            {"timestamp": "Thu Feb 02 18:53:10 UTC 2017"}
        ],
        [
            {"location": [[
                {"latitude": 60.028226},
                {"longitude": 11.115784}
            ]]},
            {"altitude": 179},
            {"distance_km": 3.12123},
            {"speed_kmh": 10.1605},
            {"timestamp": "Thu Feb 02 18:53:14 UTC 2017"}
        ],
        [
            {"location": [[
                {"latitude": 60.028455},
                {"longitude": 11.115648}
            ]]},
            {"altitude": 180},
            {"distance_km": 3.14785},
            {"speed_kmh": 9.86159},
            {"timestamp": "Thu Feb 02 18:53:24 UTC 2017"}
        ],
        [
            {"location": [[
                {"latitude": 60.028592},
                {"longitude": 11.115586}
            ]]},
            {"altitude": 183},
            {"distance_km": 3.16348},
            {"speed_kmh": 10.0457},
            {"timestamp": "Thu Feb 02 18:53:29 UTC 2017"}
        ],
        [
            {"location": [[
                {"latitude": 60.028819},
                {"longitude": 11.115427}
            ]]},
            {"altitude": 175},
            {"distance_km": 3.19032},
            {"speed_kmh": 10.1737},
            {"timestamp": "Thu Feb 02 18:53:39 UTC 2017"}
        ],
        [
            {"location": [[
                {"latitude": 60.029039},
                {"longitude": 11.115284}
            ]]},
            {"altitude": 175},
            {"distance_km": 3.21609},
            {"speed_kmh": 10.061},
            {"timestamp": "Thu Feb 02 18:53:49 UTC 2017"}
        ],
        [
            {"location": [[
                {"latitude": 60.029234},
                {"longitude": 11.11516}
            ]]},
            {"altitude": 173},
            {"distance_km": 3.23885},
            {"speed_kmh": 9.35154},
            {"timestamp": "Thu Feb 02 18:53:58 UTC 2017"}
        ],
        [
            {"location": [[
                {"latitude": 60.02935},
                {"longitude": 11.115099}
            ]]},
            {"altitude": 172},
            {"distance_km": 3.25222},
            {"speed_kmh": 9.33317},
            {"timestamp": "Thu Feb 02 18:54:03 UTC 2017"}
        ],
        [
            {"location": [[
                {"latitude": 60.029583},
                {"longitude": 11.114989}
            ]]},
            {"altitude": 171},
            {"distance_km": 3.27896},
            {"speed_kmh": 9.45083},
            {"timestamp": "Thu Feb 02 18:54:13 UTC 2017"}
        ],
        [
            {"location": [[
                {"latitude": 60.02973},
                {"longitude": 11.114968}
            ]]},
            {"altitude": 172},
            {"distance_km": 3.29528},
            {"speed_kmh": 9.67582},
            {"timestamp": "Thu Feb 02 18:54:19 UTC 2017"}
        ],
        [
            {"location": [[
                {"latitude": 60.029983},
                {"longitude": 11.114904}
            ]]},
            {"altitude": 165},
            {"distance_km": 3.32369},
            {"speed_kmh": 9.31361},
            {"timestamp": "Thu Feb 02 18:54:31 UTC 2017"}
        ],
        [
            {"location": [[
                {"latitude": 60.029983},
                {"longitude": 11.114904}
            ]]},
            {"altitude": 165},
            {"distance_km": 3.32369},
            {"timestamp": "Thu Feb 02 18:54:37 UTC 2017"}
        ],
        [
            {"location": [[
                {"latitude": 60.029983},
                {"longitude": 11.114904}
            ]]},
            {"altitude": 165},
            {"distance_km": 3.32369},
            {"timestamp": "Thu Feb 02 18:54:38 UTC 2017"}
        ],
        [
            {"location": [[
                {"latitude": 60.029895},
                {"longitude": 11.11457}
            ]]},
            {"altitude": 166},
            {"distance_km": 3.36567},
            {"speed_kmh": 2.51861},
            {"timestamp": "Thu Feb 02 18:54:48 UTC 2017"}
        ],
        [
            {"location": [[
                {"latitude": 60.029872},
                {"longitude": 11.114102}
            ]]},
            {"altitude": 173},
            {"distance_km": 3.39187},
            {"speed_kmh": 6.44487},
            {"timestamp": "Thu Feb 02 18:54:56 UTC 2017"}
        ],
        [
            {"location": [[
                {"latitude": 60.029752},
                {"longitude": 11.113881}
            ]]},
            {"altitude": 173},
            {"distance_km": 3.41003},
            {"speed_kmh": 10.0503},
            {"timestamp": "Thu Feb 02 18:55:02 UTC 2017"}
        ],
        [
            {"location": [[
                {"latitude": 60.029558},
                {"longitude": 11.113689}
            ]]},
            {"altitude": 171},
            {"distance_km": 3.43415},
            {"speed_kmh": 11.1696},
            {"timestamp": "Thu Feb 02 18:55:10 UTC 2017"}
        ],
        [
            {"location": [[
                {"latitude": 60.029472},
                {"longitude": 11.11361}
            ]]},
            {"altitude": 171},
            {"distance_km": 3.44468},
            {"speed_kmh": 11.4541},
            {"timestamp": "Thu Feb 02 18:55:13 UTC 2017"}
        ],
        [
            {"location": [[
                {"latitude": 60.029249},
                {"longitude": 11.113421}
            ]]},
            {"altitude": 170},
            {"distance_km": 3.47174},
            {"speed_kmh": 11.9064},
            {"timestamp": "Thu Feb 02 18:55:21 UTC 2017"}
        ],
        [
            {"location": [[
                {"latitude": 60.029036},
                {"longitude": 11.113248}
            ]]},
            {"altitude": 168},
            {"distance_km": 3.49734},
            {"speed_kmh": 12.1095},
            {"timestamp": "Thu Feb 02 18:55:29 UTC 2017"}
        ],
        [
            {"location": [[
                {"latitude": 60.028903},
                {"longitude": 11.113137}
            ]]},
            {"altitude": 168},
            {"distance_km": 3.51341},
            {"speed_kmh": 11.7512},
            {"timestamp": "Thu Feb 02 18:55:34 UTC 2017"}
        ],
        [
            {"location": [[
                {"latitude": 60.028677},
                {"longitude": 11.11295}
            ]]},
            {"altitude": 168},
            {"distance_km": 3.54058},
            {"speed_kmh": 11.3199},
            {"timestamp": "Thu Feb 02 18:55:43 UTC 2017"}
        ],
        [
            {"location": [[
                {"latitude": 60.028484},
                {"longitude": 11.11283}
            ]]},
            {"altitude": 167},
            {"distance_km": 3.56311},
            {"speed_kmh": 10.8544},
            {"timestamp": "Thu Feb 02 18:55:51 UTC 2017"}
        ],
        [
            {"location": [[
                {"latitude": 60.028295},
                {"longitude": 11.112641}
            ]]},
            {"altitude": 166},
            {"distance_km": 3.58669},
            {"speed_kmh": 10.5413},
            {"timestamp": "Thu Feb 02 18:55:59 UTC 2017"}
        ],
        [
            {"location": [[
                {"latitude": 60.028133},
                {"longitude": 11.11246}
            ]]},
            {"altitude": 164},
            {"distance_km": 3.60734},
            {"speed_kmh": 10.4552},
            {"timestamp": "Thu Feb 02 18:56:06 UTC 2017"}
        ],
        [
            {"location": [[
                {"latitude": 60.027968},
                {"longitude": 11.112294}
            ]]},
            {"altitude": 163},
            {"distance_km": 3.62791},
            {"speed_kmh": 10.6067},
            {"timestamp": "Thu Feb 02 18:56:13 UTC 2017"}
        ],
        [
            {"location": [[
                {"latitude": 60.027802},
                {"longitude": 11.112141}
            ]]},
            {"altitude": 162},
            {"distance_km": 3.64827},
            {"speed_kmh": 10.548},
            {"timestamp": "Thu Feb 02 18:56:20 UTC 2017"}
        ],
        [
            {"location": [[
                {"latitude": 60.027618},
                {"longitude": 11.11196}
            ]]},
            {"altitude": 162},
            {"distance_km": 3.6711},
            {"speed_kmh": 10.4393},
            {"timestamp": "Thu Feb 02 18:56:28 UTC 2017"}
        ],
        [
            {"location": [[
                {"latitude": 60.027399},
                {"longitude": 11.111787}
            ]]},
            {"altitude": 165},
            {"distance_km": 3.69738},
            {"speed_kmh": 10.4114},
            {"timestamp": "Thu Feb 02 18:56:37 UTC 2017"}
        ],
        [
            {"location": [[
                {"latitude": 60.027221},
                {"longitude": 11.111643}
            ]]},
            {"altitude": 164},
            {"distance_km": 3.71875},
            {"speed_kmh": 10.1419},
            {"timestamp": "Thu Feb 02 18:56:45 UTC 2017"}
        ],
        [
            {"location": [[
                {"latitude": 60.026996},
                {"longitude": 11.111403}
            ]]},
            {"altitude": 166},
            {"distance_km": 3.74721},
            {"speed_kmh": 10.1285},
            {"timestamp": "Thu Feb 02 18:56:55 UTC 2017"}
        ],
        [
            {"location": [[
                {"latitude": 60.026858},
                {"longitude": 11.111236}
            ]]},
            {"altitude": 163},
            {"distance_km": 3.76516},
            {"speed_kmh": 9.31773},
            {"timestamp": "Thu Feb 02 18:57:03 UTC 2017"}
        ],
        [
            {"location": [[
                {"latitude": 60.026586},
                {"longitude": 11.110696}
            ]]},
            {"altitude": 158},
            {"distance_km": 3.8079},
            {"speed_kmh": 9.5274},
            {"timestamp": "Thu Feb 02 18:57:18 UTC 2017"}
        ],
        [
            {"location": [[
                {"latitude": 60.026534},
                {"longitude": 11.110562}
            ]]},
            {"altitude": 158},
            {"distance_km": 3.81739},
            {"speed_kmh": 9.89939},
            {"timestamp": "Thu Feb 02 18:57:21 UTC 2017"}
        ],
        [
            {"location": [[
                {"latitude": 60.026398},
                {"longitude": 11.110265}
            ]]},
            {"altitude": 155},
            {"distance_km": 3.83982},
            {"speed_kmh": 10.5755},
            {"timestamp": "Thu Feb 02 18:57:29 UTC 2017"}
        ],
        [
            {"location": [[
                {"latitude": 60.026294},
                {"longitude": 11.110001}
            ]]},
            {"altitude": 154},
            {"distance_km": 3.85852},
            {"speed_kmh": 10.3583},
            {"timestamp": "Thu Feb 02 18:57:36 UTC 2017"}
        ],
        [
            {"location": [[
                {"latitude": 60.026214},
                {"longitude": 11.109815}
            ]]},
            {"altitude": 153},
            {"distance_km": 3.87218},
            {"speed_kmh": 9.84935},
            {"timestamp": "Thu Feb 02 18:57:41 UTC 2017"}
        ],
        [
            {"location": [[
                {"latitude": 60.026096},
                {"longitude": 11.109494}
            ]]},
            {"altitude": 153},
            {"distance_km": 3.89439},
            {"speed_kmh": 9.81676},
            {"timestamp": "Thu Feb 02 18:57:49 UTC 2017"}
        ],
        [
            {"location": [[
                {"latitude": 60.026046},
                {"longitude": 11.109389}
            ]]},
            {"altitude": 153},
            {"distance_km": 3.90249},
            {"speed_kmh": 9.8541},
            {"timestamp": "Thu Feb 02 18:57:52 UTC 2017"}
        ],
        [
            {"location": [[
                {"latitude": 60.02598},
                {"longitude": 11.109169}
            ]]},
            {"altitude": 156},
            {"distance_km": 3.91679},
            {"speed_kmh": 9.99097},
            {"timestamp": "Thu Feb 02 18:57:57 UTC 2017"}
        ],
        [
            {"location": [[
                {"latitude": 60.025863},
                {"longitude": 11.108788}
            ]]},
            {"altitude": 156},
            {"distance_km": 3.9417},
            {"speed_kmh": 9.98734},
            {"timestamp": "Thu Feb 02 18:58:06 UTC 2017"}
        ],
        [
            {"location": [[
                {"latitude": 60.025759},
                {"longitude": 11.108425}
            ]]},
            {"altitude": 156},
            {"distance_km": 3.96508},
            {"speed_kmh": 10.2537},
            {"timestamp": "Thu Feb 02 18:58:14 UTC 2017"}
        ],
        [
            {"location": [[
                {"latitude": 60.025629},
                {"longitude": 11.108062}
            ]]},
            {"altitude": 155},
            {"distance_km": 3.98993},
            {"speed_kmh": 10.1489},
            {"timestamp": "Thu Feb 02 18:58:23 UTC 2017"}
        ],
        [
            {"location": [[
                {"latitude": 60.025522},
                {"longitude": 11.107674}
            ]]},
            {"altitude": 158},
            {"distance_km": 4.01463},
            {"speed_kmh": 10.5256},
            {"timestamp": "Thu Feb 02 18:58:31 UTC 2017"}
        ],
        [
            {"location": [[
                {"latitude": 60.025406},
                {"longitude": 11.107418}
            ]]},
            {"altitude": 157},
            {"distance_km": 4.03387},
            {"speed_kmh": 10.3146},
            {"timestamp": "Thu Feb 02 18:58:38 UTC 2017"}
        ],
        [
            {"location": [[
                {"latitude": 60.025258},
                {"longitude": 11.107107}
            ]]},
            {"altitude": 156},
            {"distance_km": 4.05779},
            {"speed_kmh": 10.1943},
            {"timestamp": "Thu Feb 02 18:58:47 UTC 2017"}
        ],
        [
            {"location": [[
                {"latitude": 60.02521},
                {"longitude": 11.106995}
            ]]},
            {"altitude": 156},
            {"distance_km": 4.066},
            {"speed_kmh": 9.76796},
            {"timestamp": "Thu Feb 02 18:58:50 UTC 2017"}
        ],
        [
            {"location": [[
                {"latitude": 60.025161},
                {"longitude": 11.106664}
            ]]},
            {"altitude": 158},
            {"distance_km": 4.08524},
            {"speed_kmh": 9.35546},
            {"timestamp": "Thu Feb 02 18:58:58 UTC 2017"}
        ],
        [
            {"location": [[
                {"latitude": 60.025128},
                {"longitude": 11.106314}
            ]]},
            {"altitude": 156},
            {"distance_km": 4.10512},
            {"speed_kmh": 9.14505},
            {"timestamp": "Thu Feb 02 18:59:06 UTC 2017"}
        ],
        [
            {"location": [[
                {"latitude": 60.025019},
                {"longitude": 11.105934}
            ]]},
            {"altitude": 156},
            {"distance_km": 4.1295},
            {"speed_kmh": 9.12062},
            {"timestamp": "Thu Feb 02 18:59:15 UTC 2017"}
        ],
        [
            {"location": [[
                {"latitude": 60.024978},
                {"longitude": 11.105662}
            ]]},
            {"altitude": 155},
            {"distance_km": 4.14533},
            {"speed_kmh": 9.39825},
            {"timestamp": "Thu Feb 02 18:59:21 UTC 2017"}
        ],
        [
            {"location": [[
                {"latitude": 60.024948},
                {"longitude": 11.105188}
            ]]},
            {"altitude": 155},
            {"distance_km": 4.17198},
            {"speed_kmh": 9.96988},
            {"timestamp": "Thu Feb 02 18:59:30 UTC 2017"}
        ],
        [
            {"location": [[
                {"latitude": 60.024937},
                {"longitude": 11.104828}
            ]]},
            {"altitude": 157},
            {"distance_km": 4.1921},
            {"speed_kmh": 10.164},
            {"timestamp": "Thu Feb 02 18:59:37 UTC 2017"}
        ],
        [
            {"location": [[
                {"latitude": 60.024927},
                {"longitude": 11.104418}
            ]]},
            {"altitude": 157},
            {"distance_km": 4.21499},
            {"speed_kmh": 9.7503},
            {"timestamp": "Thu Feb 02 18:59:47 UTC 2017"}
        ],
        [
            {"location": [[
                {"latitude": 60.024906},
                {"longitude": 11.103968}
            ]]},
            {"altitude": 157},
            {"distance_km": 4.24019},
            {"speed_kmh": 8.94415},
            {"timestamp": "Thu Feb 02 18:59:58 UTC 2017"}
        ],
        [
            {"location": [[
                {"latitude": 60.024826},
                {"longitude": 11.103758}
            ]]},
            {"altitude": 156},
            {"distance_km": 4.25491},
            {"speed_kmh": 8.01927},
            {"timestamp": "Thu Feb 02 19:00:05 UTC 2017"}
        ],
        [
            {"location": [[
                {"latitude": 60.024684},
                {"longitude": 11.103333}
            ]]},
            {"altitude": 157},
            {"distance_km": 4.2834},
            {"speed_kmh": 8.38034},
            {"timestamp": "Thu Feb 02 19:00:16 UTC 2017"}
        ],
        [
            {"location": [[
                {"latitude": 60.024598},
                {"longitude": 11.103054}
            ]]},
            {"altitude": 156},
            {"distance_km": 4.30165},
            {"speed_kmh": 9.28624},
            {"timestamp": "Thu Feb 02 19:00:22 UTC 2017"}
        ],
        [
            {"location": [[
                {"latitude": 60.024481},
                {"longitude": 11.103035}
            ]]},
            {"altitude": 154},
            {"distance_km": 4.3147},
            {"speed_kmh": 9.89038},
            {"timestamp": "Thu Feb 02 19:00:27 UTC 2017"}
        ],
        [
            {"location": [[
                {"latitude": 60.024404},
                {"longitude": 11.1033}
            ]]},
            {"altitude": 153},
            {"distance_km": 4.33178},
            {"speed_kmh": 10.1988},
            {"timestamp": "Thu Feb 02 19:00:33 UTC 2017"}
        ],
        [
            {"location": [[
                {"latitude": 60.024309},
                {"longitude": 11.103583}
            ]]},
            {"altitude": 153},
            {"distance_km": 4.35079},
            {"speed_kmh": 9.80311},
            {"timestamp": "Thu Feb 02 19:00:40 UTC 2017"}
        ],
        [
            {"location": [[
                {"latitude": 60.024177},
                {"longitude": 11.10391}
            ]]},
            {"altitude": 153},
            {"distance_km": 4.37419},
            {"speed_kmh": 9.79471},
            {"timestamp": "Thu Feb 02 19:00:49 UTC 2017"}
        ],
        [
            {"location": [[
                {"latitude": 60.024042},
                {"longitude": 11.104269}
            ]]},
            {"altitude": 152},
            {"distance_km": 4.39925},
            {"speed_kmh": 9.38481},
            {"timestamp": "Thu Feb 02 19:00:59 UTC 2017"}
        ],
        [
            {"location": [[
                {"latitude": 60.023923},
                {"longitude": 11.104625}
            ]]},
            {"altitude": 151},
            {"distance_km": 4.42309},
            {"speed_kmh": 9.30453},
            {"timestamp": "Thu Feb 02 19:01:08 UTC 2017"}
        ],
        [
            {"location": [[
                {"latitude": 60.023797},
                {"longitude": 11.10496}
            ]]},
            {"altitude": 150},
            {"distance_km": 4.4465},
            {"speed_kmh": 9.31023},
            {"timestamp": "Thu Feb 02 19:01:17 UTC 2017"}
        ],
        [
            {"location": [[
                {"latitude": 60.023697},
                {"longitude": 11.105089}
            ]]},
            {"altitude": 151},
            {"distance_km": 4.45972},
            {"speed_kmh": 8.94619},
            {"timestamp": "Thu Feb 02 19:01:23 UTC 2017"}
        ],
        [
            {"location": [[
                {"latitude": 60.023633},
                {"longitude": 11.105579}
            ]]},
            {"altitude": 151},
            {"distance_km": 4.48798},
            {"speed_kmh": 9.15725},
            {"timestamp": "Thu Feb 02 19:01:33 UTC 2017"}
        ],
        [
            {"location": [[
                {"latitude": 60.023608},
                {"longitude": 11.105855}
            ]]},
            {"altitude": 153},
            {"distance_km": 4.50361},
            {"speed_kmh": 9.78461},
            {"timestamp": "Thu Feb 02 19:01:38 UTC 2017"}
        ],
        [
            {"location": [[
                {"latitude": 60.023581},
                {"longitude": 11.106213}
            ]]},
            {"altitude": 154},
            {"distance_km": 4.52381},
            {"speed_kmh": 10.6031},
            {"timestamp": "Thu Feb 02 19:01:45 UTC 2017"}
        ],
        [
            {"location": [[
                {"latitude": 60.02357},
                {"longitude": 11.106366}
            ]]},
            {"altitude": 155},
            {"distance_km": 4.53243},
            {"speed_kmh": 10.664},
            {"timestamp": "Thu Feb 02 19:01:48 UTC 2017"}
        ],
        [
            {"location": [[
                {"latitude": 60.02356},
                {"longitude": 11.106518}
            ]]},
            {"altitude": 156},
            {"distance_km": 4.54099},
            {"speed_kmh": 10.3328},
            {"timestamp": "Thu Feb 02 19:01:51 UTC 2017"}
        ],
        [
            {"location": [[
                {"latitude": 60.023536},
                {"longitude": 11.106906}
            ]]},
            {"altitude": 151},
            {"distance_km": 4.56275},
            {"speed_kmh": 9.77049},
            {"timestamp": "Thu Feb 02 19:02:00 UTC 2017"}
        ],
        [
            {"location": [[
                {"latitude": 60.02354},
                {"longitude": 11.107331}
            ]]},
            {"altitude": 154},
            {"distance_km": 4.58647},
            {"speed_kmh": 9.48286},
            {"timestamp": "Thu Feb 02 19:02:09 UTC 2017"}
        ],
        [
            {"location": [[
                {"latitude": 60.023581},
                {"longitude": 11.107742}
            ]]},
            {"altitude": 157},
            {"distance_km": 4.60987},
            {"speed_kmh": 9.18409},
            {"timestamp": "Thu Feb 02 19:02:18 UTC 2017"}
        ],
        [
            {"location": [[
                {"latitude": 60.023638},
                {"longitude": 11.108156}
            ]]},
            {"altitude": 160},
            {"distance_km": 4.63377},
            {"speed_kmh": 9.1528},
            {"timestamp": "Thu Feb 02 19:02:28 UTC 2017"}
        ],
        [
            {"location": [[
                {"latitude": 60.023652},
                {"longitude": 11.10845}
            ]]},
            {"altitude": 160},
            {"distance_km": 4.65027},
            {"speed_kmh": 8.81345},
            {"timestamp": "Thu Feb 02 19:02:35 UTC 2017"}
        ],
        [
            {"location": [[
                {"latitude": 60.023594},
                {"longitude": 11.108907}
            ]]},
            {"altitude": 164},
            {"distance_km": 4.67657},
            {"speed_kmh": 8.56426},
            {"timestamp": "Thu Feb 02 19:02:46 UTC 2017"}
        ],
        [
            {"location": [[
                {"latitude": 60.023542},
                {"longitude": 11.109304}
            ]]},
            {"altitude": 161},
            {"distance_km": 4.69945},
            {"speed_kmh": 8.07057},
            {"timestamp": "Thu Feb 02 19:02:58 UTC 2017"}
        ],
        [
            {"location": [[
                {"latitude": 60.023681},
                {"longitude": 11.109558}
            ]]},
            {"altitude": 164},
            {"distance_km": 4.72048},
            {"speed_kmh": 7.12517},
            {"timestamp": "Thu Feb 02 19:03:11 UTC 2017"}
        ],
        [
            {"location": [[
                {"latitude": 60.02379},
                {"longitude": 11.109625}
            ]]},
            {"altitude": 167},
            {"distance_km": 4.73315},
            {"speed_kmh": 5.52016},
            {"timestamp": "Thu Feb 02 19:03:23 UTC 2017"}
        ],
        [
            {"location": [[
                {"latitude": 60.02389},
                {"longitude": 11.109905}
            ]]},
            {"altitude": 168},
            {"distance_km": 4.75237},
            {"speed_kmh": 4.50222},
            {"timestamp": "Thu Feb 02 19:03:40 UTC 2017"}
        ],
        [
            {"location": [[
                {"latitude": 60.023808},
                {"longitude": 11.110325}
            ]]},
            {"altitude": 171},
            {"distance_km": 4.77749},
            {"speed_kmh": 4.63397},
            {"timestamp": "Thu Feb 02 19:03:55 UTC 2017"}
        ],
        [
            {"location": [[
                {"latitude": 60.023731},
                {"longitude": 11.110689}
            ]]},
            {"altitude": 172},
            {"distance_km": 4.79955},
            {"speed_kmh": 5.57159},
            {"timestamp": "Thu Feb 02 19:04:07 UTC 2017"}
        ],
        [
            {"location": [[
                {"latitude": 60.023638},
                {"longitude": 11.111216}
            ]]},
            {"altitude": 176},
            {"distance_km": 4.83069},
            {"speed_kmh": 7.94445},
            {"timestamp": "Thu Feb 02 19:04:17 UTC 2017"}
        ],
        [
            {"location": [[
                {"latitude": 60.023567},
                {"longitude": 11.111616}
            ]]},
            {"altitude": 180},
            {"distance_km": 4.85436},
            {"speed_kmh": 9.49653},
            {"timestamp": "Thu Feb 02 19:04:25 UTC 2017"}
        ],
        [
            {"location": [[
                {"latitude": 60.023532},
                {"longitude": 11.11184}
            ]]},
            {"altitude": 177},
            {"distance_km": 4.86744},
            {"speed_kmh": 10.4172},
            {"timestamp": "Thu Feb 02 19:04:30 UTC 2017"}
        ],
        [
            {"location": [[
                {"latitude": 60.023408},
                {"longitude": 11.112339}
            ]]},
            {"altitude": 179},
            {"distance_km": 4.89851},
            {"speed_kmh": 9.79917},
            {"timestamp": "Thu Feb 02 19:04:42 UTC 2017"}
        ],
        [
            {"location": [[
                {"latitude": 60.023298},
                {"longitude": 11.112727}
            ]]},
            {"altitude": 184},
            {"distance_km": 4.92337},
            {"speed_kmh": 9.55158},
            {"timestamp": "Thu Feb 02 19:04:51 UTC 2017"}
        ],
        [
            {"location": [[
                {"latitude": 60.023266},
                {"longitude": 11.113096}
            ]]},
            {"altitude": 183},
            {"distance_km": 4.94424},
            {"speed_kmh": 9.55677},
            {"timestamp": "Thu Feb 02 19:04:59 UTC 2017"}
        ],
        [
            {"location": [[
                {"latitude": 60.023355},
                {"longitude": 11.113437}
            ]]},
            {"altitude": 184},
            {"distance_km": 4.96572},
            {"speed_kmh": 9.6668},
            {"timestamp": "Thu Feb 02 19:05:07 UTC 2017"}
        ],
        [
            {"location": [[
                {"latitude": 60.023434},
                {"longitude": 11.113634}
            ]]},
            {"altitude": 186},
            {"distance_km": 4.97978},
            {"speed_kmh": 9.71391},
            {"timestamp": "Thu Feb 02 19:05:12 UTC 2017"}
        ],
        [
            {"location": [[
                {"latitude": 60.023568},
                {"longitude": 11.113958}
            ]]},
            {"altitude": 186},
            {"distance_km": 5.00324},
            {"speed_kmh": 10.1099},
            {"timestamp": "Thu Feb 02 19:05:20 UTC 2017"}
        ],
        [
            {"location": [[
                {"latitude": 60.023648},
                {"longitude": 11.114134}
            ]]},
            {"altitude": 186},
            {"distance_km": 5.0165},
            {"speed_kmh": 10.0594},
            {"timestamp": "Thu Feb 02 19:05:25 UTC 2017"}
        ],
        [
            {"location": [[
                {"latitude": 60.023746},
                {"longitude": 11.114517}
            ]]},
            {"altitude": 187},
            {"distance_km": 5.04047},
            {"speed_kmh": 9.89977},
            {"timestamp": "Thu Feb 02 19:05:34 UTC 2017"}
        ],
        [
            {"location": [[
                {"latitude": 60.023828},
                {"longitude": 11.114784}
            ]]},
            {"altitude": 187},
            {"distance_km": 5.05792},
            {"speed_kmh": 9.36907},
            {"timestamp": "Thu Feb 02 19:05:41 UTC 2017"}
        ],
        [
            {"location": [[
                {"latitude": 60.023977},
                {"longitude": 11.114824}
            ]]},
            {"altitude": 186},
            {"distance_km": 5.07473},
            {"speed_kmh": 9.53327},
            {"timestamp": "Thu Feb 02 19:05:47 UTC 2017"}
        ],
        [
            {"location": [[
                {"latitude": 60.023977},
                {"longitude": 11.114824}
            ]]},
            {"distance_km": 5.07473},
            {"timestamp": "Thu Feb 02 19:05:56 UTC 2017"}
        ],
        [
            {"location": [[
                {"latitude": 60.023977},
                {"longitude": 11.114824}
            ]]},
            {"distance_km": 5.07473},
            {"timestamp": "Thu Feb 02 19:05:57 UTC 2017"}
        ]
    ]},
    {"routes": [[
        {"identifier": 868210237},
        {"name": "2 x Gåshølet"}
    ]]}
]