[
    {"sport": "RUNNING"},
    {"source": "TRACK_MOBILE"},
    {"created_date": "2017-04-07 18:39:55.0"},
    {"start_time": "2017-04-07 18:09:22.0"},
    {"end_time": "2017-04-07 18:39:20.0"},
    {"duration_s": 1797},
    {"distance_km": 5.003767967224121},
    {"calories_kcal": 310},
    {"altitude_min_m": 151},
    {"altitude_max_m": 187},
    {"speed_avg_kmh": 10.024243006125118},
    {"speed_max_kmh": 14.4399},
    {"hydration_l": 0.189958},
    {"ascend_m": 43},
    {"descend_m": 45},
    {"points": [
        [
            {"location": [[
                {"latitude": 60.024046},
                {"longitude": 11.114766}
            ]]},
            {"distance_km": 0},
            {"timestamp": "Fri Apr 07 18:09:22 UTC 2017"}
        ],
        [
            {"location": [[
                {"latitude": 60.024046},
                {"longitude": 11.114766}
            ]]},
            {"altitude": 177},
            {"distance_km": 0},
            {"timestamp": "Fri Apr 07 18:09:23 UTC 2017"}
        ],
        [
            {"location": [[
                {"latitude": 60.0242},
                {"longitude": 11.114739}
            ]]},
            {"altitude": 176},
            {"distance_km": 0.034378},
            {"timestamp": "Fri Apr 07 18:09:31 UTC 2017"}
        ],
        [
            {"location": [[
                {"latitude": 60.024382},
                {"longitude": 11.114752}
            ]]},
            {"altitude": 171},
            {"distance_km": 0.054729},
            {"timestamp": "Fri Apr 07 18:09:38 UTC 2017"}
        ],
        [
            {"location": [[
                {"latitude": 60.02468},
                {"longitude": 11.114808}
            ]]},
            {"altitude": 171},
            {"distance_km": 0.08804},
            {"speed_kmh": 10.4941},
            {"timestamp": "Fri Apr 07 18:09:48 UTC 2017"}
        ],
        [
            {"location": [[
                {"latitude": 60.024923},
                {"longitude": 11.114941}
            ]]},
            {"altitude": 169},
            {"distance_km": 0.116102},
            {"speed_kmh": 12.7491},
            {"timestamp": "Fri Apr 07 18:09:54 UTC 2017"}
        ],
        [
            {"location": [[
                {"latitude": 60.025161},
                {"longitude": 11.11513}
            ]]},
            {"altitude": 166},
            {"distance_km": 0.144673},
            {"speed_kmh": 14.1568},
            {"timestamp": "Fri Apr 07 18:10:01 UTC 2017"}
        ],
        [
            {"location": [[
                {"latitude": 60.025352},
                {"longitude": 11.115309}
            ]]},
            {"altitude": 166},
            {"distance_km": 0.168219},
            {"speed_kmh": 14.4399},
            {"timestamp": "Fri Apr 07 18:10:07 UTC 2017"}
        ],
        [
            {"location": [[
                {"latitude": 60.025487},
                {"longitude": 11.115467}
            ]]},
            {"altitude": 166},
            {"distance_km": 0.185662},
            {"speed_kmh": 13.7934},
            {"timestamp": "Fri Apr 07 18:10:12 UTC 2017"}
        ],
        [
            {"location": [[
                {"latitude": 60.025677},
                {"longitude": 11.115698}
            ]]},
            {"altitude": 170},
            {"distance_km": 0.210436},
            {"speed_kmh": 13.1292},
            {"timestamp": "Fri Apr 07 18:10:19 UTC 2017"}
        ],
        [
            {"location": [[
                {"latitude": 60.025832},
                {"longitude": 11.115954}
            ]]},
            {"altitude": 173},
            {"distance_km": 0.232771},
            {"speed_kmh": 12.2543},
            {"timestamp": "Fri Apr 07 18:10:26 UTC 2017"}
        ],
        [
            {"location": [[
                {"latitude": 60.026012},
                {"longitude": 11.115874}
            ]]},
            {"altitude": 169},
            {"distance_km": 0.253365},
            {"speed_kmh": 11.6045},
            {"timestamp": "Fri Apr 07 18:10:33 UTC 2017"}
        ],
        [
            {"location": [[
                {"latitude": 60.026276},
                {"longitude": 11.115664}
            ]]},
            {"altitude": 170},
            {"distance_km": 0.285011},
            {"speed_kmh": 12.1176},
            {"timestamp": "Fri Apr 07 18:10:41 UTC 2017"}
        ],
        [
            {"location": [[
                {"latitude": 60.026383},
                {"longitude": 11.115964}
            ]]},
            {"altitude": 165},
            {"distance_km": 0.305518},
            {"speed_kmh": 11.0197},
            {"timestamp": "Fri Apr 07 18:10:50 UTC 2017"}
        ],
        [
            {"location": [[
                {"latitude": 60.026273},
                {"longitude": 11.116117}
            ]]},
            {"altitude": 168},
            {"distance_km": 0.320513},
            {"speed_kmh": 10.4792},
            {"timestamp": "Fri Apr 07 18:10:56 UTC 2017"}
        ],
        [
            {"location": [[
                {"latitude": 60.026177},
                {"longitude": 11.116153}
            ]]},
            {"altitude": 168},
            {"distance_km": 0.33141},
            {"speed_kmh": 8.34713},
            {"timestamp": "Fri Apr 07 18:11:01 UTC 2017"}
        ],
        [
            {"location": [[
                {"latitude": 60.026266},
                {"longitude": 11.116022}
            ]]},
            {"altitude": 173},
            {"distance_km": 0.343738},
            {"speed_kmh": 6.95537},
            {"timestamp": "Fri Apr 07 18:11:12 UTC 2017"}
        ],
        [
            {"location": [[
                {"latitude": 60.026505},
                {"longitude": 11.115979}
            ]]},
            {"altitude": 171},
            {"distance_km": 0.370471},
            {"speed_kmh": 7.52232},
            {"timestamp": "Fri Apr 07 18:11:21 UTC 2017"}
        ],
        [
            {"location": [[
                {"latitude": 60.026748},
                {"longitude": 11.1159}
            ]]},
            {"altitude": 171},
            {"distance_km": 0.397974},
            {"speed_kmh": 8.57585},
            {"timestamp": "Fri Apr 07 18:11:30 UTC 2017"}
        ],
        [
            {"location": [[
                {"latitude": 60.026959},
                {"longitude": 11.11584}
            ]]},
            {"altitude": 170},
            {"distance_km": 0.421706},
            {"speed_kmh": 10.7945},
            {"timestamp": "Fri Apr 07 18:11:38 UTC 2017"}
        ],
        [
            {"location": [[
                {"latitude": 60.02704},
                {"longitude": 11.115817}
            ]]},
            {"altitude": 169},
            {"distance_km": 0.430784},
            {"speed_kmh": 10.8093},
            {"timestamp": "Fri Apr 07 18:11:42 UTC 2017"}
        ],
        [
            {"location": [[
                {"latitude": 60.027253},
                {"longitude": 11.115762}
            ]]},
            {"altitude": 171},
            {"distance_km": 0.454754},
            {"speed_kmh": 10.7527},
            {"timestamp": "Fri Apr 07 18:11:49 UTC 2017"}
        ],
        [
            {"location": [[
                {"latitude": 60.027465},
                {"longitude": 11.115816}
            ]]},
            {"altitude": 170},
            {"distance_km": 0.478575},
            {"speed_kmh": 10.7638},
            {"timestamp": "Fri Apr 07 18:11:57 UTC 2017"}
        ],
        [
            {"location": [[
                {"latitude": 60.027588},
                {"longitude": 11.115903}
            ]]},
            {"altitude": 169},
            {"distance_km": 0.493086},
            {"speed_kmh": 10.6661},
            {"timestamp": "Fri Apr 07 18:12:02 UTC 2017"}
        ],
        [
            {"location": [[
                {"latitude": 60.02777},
                {"longitude": 11.115991}
            ]]},
            {"altitude": 168},
            {"distance_km": 0.513995},
            {"speed_kmh": 10.6388},
            {"timestamp": "Fri Apr 07 18:12:09 UTC 2017"}
        ],
        [
            {"location": [[
                {"latitude": 60.027963},
                {"longitude": 11.115888}
            ]]},
            {"altitude": 169},
            {"distance_km": 0.53615},
            {"speed_kmh": 10.8623},
            {"timestamp": "Fri Apr 07 18:12:16 UTC 2017"}
        ],
        [
            {"location": [[
                {"latitude": 60.028046},
                {"longitude": 11.115845}
            ]]},
            {"altitude": 170},
            {"distance_km": 0.545727},
            {"speed_kmh": 11.1968},
            {"timestamp": "Fri Apr 07 18:12:19 UTC 2017"}
        ],
        [
            {"location": [[
                {"latitude": 60.028951},
                {"longitude": 11.115329}
            ]]},
            {"altitude": 168},
            {"distance_km": 0.65064},
            {"timestamp": "Fri Apr 07 18:12:54 UTC 2017"}
        ],
        [
            {"location": [[
                {"latitude": 60.029161},
                {"longitude": 11.115189}
            ]]},
            {"altitude": 169},
            {"distance_km": 0.67526},
            {"timestamp": "Fri Apr 07 18:13:01 UTC 2017"}
        ],
        [
            {"location": [[
                {"latitude": 60.029391},
                {"longitude": 11.115088}
            ]]},
            {"altitude": 176},
            {"distance_km": 0.701542},
            {"speed_kmh": 12.3261},
            {"timestamp": "Fri Apr 07 18:13:08 UTC 2017"}
        ],
        [
            {"location": [[
                {"latitude": 60.029478},
                {"longitude": 11.115051}
            ]]},
            {"altitude": 178},
            {"distance_km": 0.711362},
            {"speed_kmh": 12.6477},
            {"timestamp": "Fri Apr 07 18:13:11 UTC 2017"}
        ],
        [
            {"location": [[
                {"latitude": 60.029701},
                {"longitude": 11.114993}
            ]]},
            {"altitude": 177},
            {"distance_km": 0.736421},
            {"speed_kmh": 12.1789},
            {"timestamp": "Fri Apr 07 18:13:20 UTC 2017"}
        ],
        [
            {"location": [[
                {"latitude": 60.029924},
                {"longitude": 11.114996}
            ]]},
            {"altitude": 174},
            {"distance_km": 0.761271},
            {"speed_kmh": 10.9832},
            {"timestamp": "Fri Apr 07 18:13:28 UTC 2017"}
        ],
        [
            {"location": [[
                {"latitude": 60.03004},
                {"longitude": 11.114773}
            ]]},
            {"altitude": 175},
            {"distance_km": 0.779228},
            {"speed_kmh": 9.46524},
            {"timestamp": "Fri Apr 07 18:13:37 UTC 2017"}
        ],
        [
            {"location": [[
                {"latitude": 60.029975},
                {"longitude": 11.114445}
            ]]},
            {"altitude": 179},
            {"distance_km": 0.7989},
            {"speed_kmh": 9.09087},
            {"timestamp": "Fri Apr 07 18:13:44 UTC 2017"}
        ],
        [
            {"location": [[
                {"latitude": 60.029915},
                {"longitude": 11.114159}
            ]]},
            {"altitude": 178},
            {"distance_km": 0.816216},
            {"speed_kmh": 9.90349},
            {"timestamp": "Fri Apr 07 18:13:49 UTC 2017"}
        ],
        [
            {"location": [[
                {"latitude": 60.029723},
                {"longitude": 11.113868}
            ]]},
            {"altitude": 180},
            {"distance_km": 0.843022},
            {"speed_kmh": 11.5353},
            {"timestamp": "Fri Apr 07 18:13:57 UTC 2017"}
        ],
        [
            {"location": [[
                {"latitude": 60.029648},
                {"longitude": 11.11379}
            ]]},
            {"altitude": 179},
            {"distance_km": 0.852493},
            {"speed_kmh": 11.9594},
            {"timestamp": "Fri Apr 07 18:14:00 UTC 2017"}
        ],
        [
            {"location": [[
                {"latitude": 60.029457},
                {"longitude": 11.113621}
            ]]},
            {"altitude": 178},
            {"distance_km": 0.875771},
            {"speed_kmh": 11.7992},
            {"timestamp": "Fri Apr 07 18:14:07 UTC 2017"}
        ],
        [
            {"location": [[
                {"latitude": 60.029284},
                {"longitude": 11.113484}
            ]]},
            {"altitude": 178},
            {"distance_km": 0.896429},
            {"speed_kmh": 11.896},
            {"timestamp": "Fri Apr 07 18:14:13 UTC 2017"}
        ],
        [
            {"location": [[
                {"latitude": 60.029082},
                {"longitude": 11.113328}
            ]]},
            {"altitude": 178},
            {"distance_km": 0.920606},
            {"speed_kmh": 12.2661},
            {"timestamp": "Fri Apr 07 18:14:20 UTC 2017"}
        ],
        [
            {"location": [[
                {"latitude": 60.028993},
                {"longitude": 11.11326}
            ]]},
            {"altitude": 178},
            {"distance_km": 0.931228},
            {"speed_kmh": 12.5423},
            {"timestamp": "Fri Apr 07 18:14:23 UTC 2017"}
        ],
        [
            {"location": [[
                {"latitude": 60.028829},
                {"longitude": 11.113109}
            ]]},
            {"altitude": 175},
            {"distance_km": 0.951348},
            {"speed_kmh": 12.3905},
            {"timestamp": "Fri Apr 07 18:14:30 UTC 2017"}
        ],
        [
            {"location": [[
                {"latitude": 60.028622},
                {"longitude": 11.112899}
            ]]},
            {"altitude": 173},
            {"distance_km": 0.977163},
            {"speed_kmh": 12.138},
            {"timestamp": "Fri Apr 07 18:14:37 UTC 2017"}
        ],
        [
            {"location": [[
                {"latitude": 60.028545},
                {"longitude": 11.112821}
            ]]},
            {"altitude": 173},
            {"distance_km": 0.98679},
            {"speed_kmh": 11.6805},
            {"timestamp": "Fri Apr 07 18:14:41 UTC 2017"}
        ],
        [
            {"location": [[
                {"latitude": 60.028336},
                {"longitude": 11.112618}
            ]]},
            {"altitude": 172},
            {"distance_km": 1.01273},
            {"speed_kmh": 11.6114},
            {"timestamp": "Fri Apr 07 18:14:48 UTC 2017"}
        ],
        [
            {"location": [[
                {"latitude": 60.028151},
                {"longitude": 11.112445}
            ]]},
            {"altitude": 172},
            {"distance_km": 1.03545},
            {"speed_kmh": 11.5946},
            {"timestamp": "Fri Apr 07 18:14:55 UTC 2017"}
        ],
        [
            {"location": [[
                {"latitude": 60.027989},
                {"longitude": 11.112287}
            ]]},
            {"altitude": 172},
            {"distance_km": 1.05558},
            {"speed_kmh": 11.8048},
            {"timestamp": "Fri Apr 07 18:15:02 UTC 2017"}
        ],
        [
            {"location": [[
                {"latitude": 60.027765},
                {"longitude": 11.112077}
            ]]},
            {"altitude": 170},
            {"distance_km": 1.08308},
            {"speed_kmh": 12.0345},
            {"timestamp": "Fri Apr 07 18:15:09 UTC 2017"}
        ],
        [
            {"location": [[
                {"latitude": 60.027586},
                {"longitude": 11.111918}
            ]]},
            {"altitude": 170},
            {"distance_km": 1.10488},
            {"speed_kmh": 12.4725},
            {"timestamp": "Fri Apr 07 18:15:16 UTC 2017"}
        ],
        [
            {"location": [[
                {"latitude": 60.027374},
                {"longitude": 11.111725}
            ]]},
            {"altitude": 169},
            {"distance_km": 1.13083},
            {"speed_kmh": 12.9505},
            {"timestamp": "Fri Apr 07 18:15:22 UTC 2017"}
        ],
        [
            {"location": [[
                {"latitude": 60.027231},
                {"longitude": 11.111586}
            ]]},
            {"altitude": 169},
            {"distance_km": 1.14863},
            {"speed_kmh": 13.0493},
            {"timestamp": "Fri Apr 07 18:15:28 UTC 2017"}
        ],
        [
            {"location": [[
                {"latitude": 60.027049},
                {"longitude": 11.111398}
            ]]},
            {"altitude": 168},
            {"distance_km": 1.17147},
            {"speed_kmh": 12.641},
            {"timestamp": "Fri Apr 07 18:15:35 UTC 2017"}
        ],
        [
            {"location": [[
                {"latitude": 60.026836},
                {"longitude": 11.111151}
            ]]},
            {"altitude": 169},
            {"distance_km": 1.19888},
            {"speed_kmh": 12.2873},
            {"timestamp": "Fri Apr 07 18:15:42 UTC 2017"}
        ],
        [
            {"location": [[
                {"latitude": 60.026763},
                {"longitude": 11.111024}
            ]]},
            {"altitude": 168},
            {"distance_km": 1.20969},
            {"speed_kmh": 12.3835},
            {"timestamp": "Fri Apr 07 18:15:45 UTC 2017"}
        ],
        [
            {"location": [[
                {"latitude": 60.026697},
                {"longitude": 11.110898}
            ]]},
            {"altitude": 167},
            {"distance_km": 1.2198},
            {"speed_kmh": 12.468},
            {"timestamp": "Fri Apr 07 18:15:48 UTC 2017"}
        ],
        [
            {"location": [[
                {"latitude": 60.026547},
                {"longitude": 11.110514}
            ]]},
            {"altitude": 168},
            {"distance_km": 1.24699},
            {"speed_kmh": 12.4305},
            {"timestamp": "Fri Apr 07 18:15:56 UTC 2017"}
        ],
        [
            {"location": [[
                {"latitude": 60.026492},
                {"longitude": 11.110369}
            ]]},
            {"altitude": 167},
            {"distance_km": 1.25711},
            {"speed_kmh": 12.1449},
            {"timestamp": "Fri Apr 07 18:15:59 UTC 2017"}
        ],
        [
            {"location": [[
                {"latitude": 60.026375},
                {"longitude": 11.110045}
            ]]},
            {"altitude": 167},
            {"distance_km": 1.27939},
            {"speed_kmh": 11.9577},
            {"timestamp": "Fri Apr 07 18:16:06 UTC 2017"}
        ],
        [
            {"location": [[
                {"latitude": 60.026286},
                {"longitude": 11.109784}
            ]]},
            {"altitude": 169},
            {"distance_km": 1.29704},
            {"speed_kmh": 12.1005},
            {"timestamp": "Fri Apr 07 18:16:11 UTC 2017"}
        ],
        [
            {"location": [[
                {"latitude": 60.026213},
                {"longitude": 11.109587}
            ]]},
            {"altitude": 169},
            {"distance_km": 1.31066},
            {"speed_kmh": 12.0856},
            {"timestamp": "Fri Apr 07 18:16:16 UTC 2017"}
        ],
        [
            {"location": [[
                {"latitude": 60.026091},
                {"longitude": 11.109313}
            ]]},
            {"altitude": 166},
            {"distance_km": 1.33114},
            {"speed_kmh": 11.7838},
            {"timestamp": "Fri Apr 07 18:16:23 UTC 2017"}
        ],
        [
            {"location": [[
                {"latitude": 60.025936},
                {"longitude": 11.10885}
            ]]},
            {"altitude": 169},
            {"distance_km": 1.36222},
            {"speed_kmh": 11.6814},
            {"timestamp": "Fri Apr 07 18:16:32 UTC 2017"}
        ],
        [
            {"location": [[
                {"latitude": 60.025823},
                {"longitude": 11.108505}
            ]]},
            {"altitude": 168},
            {"distance_km": 1.3852},
            {"speed_kmh": 11.6263},
            {"timestamp": "Fri Apr 07 18:16:38 UTC 2017"}
        ],
        [
            {"location": [[
                {"latitude": 60.025781},
                {"longitude": 11.108373}
            ]]},
            {"altitude": 168},
            {"distance_km": 1.39386},
            {"speed_kmh": 11.5401},
            {"timestamp": "Fri Apr 07 18:16:42 UTC 2017"}
        ],
        [
            {"location": [[
                {"latitude": 60.02574},
                {"longitude": 11.108232}
            ]]},
            {"altitude": 167},
            {"distance_km": 1.403},
            {"speed_kmh": 11.0026},
            {"timestamp": "Fri Apr 07 18:16:45 UTC 2017"}
        ],
        [
            {"location": [[
                {"latitude": 60.02562},
                {"longitude": 11.107878}
            ]]},
            {"altitude": 166},
            {"distance_km": 1.42687},
            {"speed_kmh": 10.2025},
            {"timestamp": "Fri Apr 07 18:16:54 UTC 2017"}
        ],
        [
            {"location": [[
                {"latitude": 60.025485},
                {"longitude": 11.107511}
            ]]},
            {"altitude": 166},
            {"distance_km": 1.45222},
            {"speed_kmh": 10.5876},
            {"timestamp": "Fri Apr 07 18:17:02 UTC 2017"}
        ],
        [
            {"location": [[
                {"latitude": 60.025322},
                {"longitude": 11.10712}
            ]]},
            {"altitude": 166},
            {"distance_km": 1.48058},
            {"speed_kmh": 10.7968},
            {"timestamp": "Fri Apr 07 18:17:10 UTC 2017"}
        ],
        [
            {"location": [[
                {"latitude": 60.02519},
                {"longitude": 11.106837}
            ]]},
            {"altitude": 166},
            {"distance_km": 1.50216},
            {"speed_kmh": 11.3165},
            {"timestamp": "Fri Apr 07 18:17:17 UTC 2017"}
        ],
        [
            {"location": [[
                {"latitude": 60.025139},
                {"longitude": 11.106721}
            ]]},
            {"altitude": 166},
            {"distance_km": 1.51076},
            {"speed_kmh": 10.8885},
            {"timestamp": "Fri Apr 07 18:17:21 UTC 2017"}
        ],
        [
            {"location": [[
                {"latitude": 60.025177},
                {"longitude": 11.106413}
            ]]},
            {"altitude": 162},
            {"distance_km": 1.5284},
            {"speed_kmh": 9.74702},
            {"timestamp": "Fri Apr 07 18:17:28 UTC 2017"}
        ],
        [
            {"location": [[
                {"latitude": 60.025046},
                {"longitude": 11.106021}
            ]]},
            {"altitude": 162},
            {"distance_km": 1.55466},
            {"speed_kmh": 9.955},
            {"timestamp": "Fri Apr 07 18:17:37 UTC 2017"}
        ],
        [
            {"location": [[
                {"latitude": 60.024986},
                {"longitude": 11.105672}
            ]]},
            {"altitude": 162},
            {"distance_km": 1.57524},
            {"speed_kmh": 10.0889},
            {"timestamp": "Fri Apr 07 18:17:44 UTC 2017"}
        ],
        [
            {"location": [[
                {"latitude": 60.024955},
                {"longitude": 11.105192}
            ]]},
            {"altitude": 162},
            {"distance_km": 1.60223},
            {"speed_kmh": 11.0558},
            {"timestamp": "Fri Apr 07 18:17:53 UTC 2017"}
        ],
        [
            {"location": [[
                {"latitude": 60.024944},
                {"longitude": 11.104869}
            ]]},
            {"altitude": 161},
            {"distance_km": 1.62029},
            {"speed_kmh": 10.7811},
            {"timestamp": "Fri Apr 07 18:17:58 UTC 2017"}
        ],
        [
            {"location": [[
                {"latitude": 60.024944},
                {"longitude": 11.104604}
            ]]},
            {"altitude": 160},
            {"distance_km": 1.63504},
            {"speed_kmh": 10.717},
            {"timestamp": "Fri Apr 07 18:18:04 UTC 2017"}
        ],
        [
            {"location": [[
                {"latitude": 60.024953},
                {"longitude": 11.104358}
            ]]},
            {"altitude": 158},
            {"distance_km": 1.64883},
            {"speed_kmh": 8.9362},
            {"timestamp": "Fri Apr 07 18:18:13 UTC 2017"}
        ],
        [
            {"location": [[
                {"latitude": 60.024833},
                {"longitude": 11.103954}
            ]]},
            {"altitude": 159},
            {"distance_km": 1.67507},
            {"speed_kmh": 8.47799},
            {"timestamp": "Fri Apr 07 18:18:22 UTC 2017"}
        ],
        [
            {"location": [[
                {"latitude": 60.024739},
                {"longitude": 11.103616}
            ]]},
            {"altitude": 157},
            {"distance_km": 1.69659},
            {"speed_kmh": 9.32654},
            {"timestamp": "Fri Apr 07 18:18:28 UTC 2017"}
        ],
        [
            {"location": [[
                {"latitude": 60.024644},
                {"longitude": 11.103214}
            ]]},
            {"altitude": 157},
            {"distance_km": 1.72138},
            {"speed_kmh": 11.7214},
            {"timestamp": "Fri Apr 07 18:18:35 UTC 2017"}
        ],
        [
            {"location": [[
                {"latitude": 60.024484},
                {"longitude": 11.103075}
            ]]},
            {"altitude": 159},
            {"distance_km": 1.74083},
            {"speed_kmh": 11.8807},
            {"timestamp": "Fri Apr 07 18:18:42 UTC 2017"}
        ],
        [
            {"location": [[
                {"latitude": 60.024347},
                {"longitude": 11.103425}
            ]]},
            {"altitude": 159},
            {"distance_km": 1.76564},
            {"speed_kmh": 10.8879},
            {"timestamp": "Fri Apr 07 18:18:51 UTC 2017"}
        ],
        [
            {"location": [[
                {"latitude": 60.02428},
                {"longitude": 11.103628}
            ]]},
            {"altitude": 158},
            {"distance_km": 1.77922},
            {"speed_kmh": 9.84421},
            {"timestamp": "Fri Apr 07 18:18:57 UTC 2017"}
        ],
        [
            {"location": [[
                {"latitude": 60.024142},
                {"longitude": 11.103984}
            ]]},
            {"altitude": 159},
            {"distance_km": 1.80428},
            {"speed_kmh": 9.885},
            {"timestamp": "Fri Apr 07 18:19:05 UTC 2017"}
        ],
        [
            {"location": [[
                {"latitude": 60.024012},
                {"longitude": 11.104313}
            ]]},
            {"altitude": 159},
            {"distance_km": 1.82765},
            {"speed_kmh": 10.0398},
            {"timestamp": "Fri Apr 07 18:19:14 UTC 2017"}
        ],
        [
            {"location": [[
                {"latitude": 60.023882},
                {"longitude": 11.104705}
            ]]},
            {"altitude": 159},
            {"distance_km": 1.85388},
            {"speed_kmh": 10.3766},
            {"timestamp": "Fri Apr 07 18:19:22 UTC 2017"}
        ],
        [
            {"location": [[
                {"latitude": 60.023847},
                {"longitude": 11.104844}
            ]]},
            {"altitude": 158},
            {"distance_km": 1.86253},
            {"speed_kmh": 10.4243},
            {"timestamp": "Fri Apr 07 18:19:26 UTC 2017"}
        ],
        [
            {"location": [[
                {"latitude": 60.023725},
                {"longitude": 11.105163}
            ]]},
            {"altitude": 159},
            {"distance_km": 1.88495},
            {"speed_kmh": 10.3287},
            {"timestamp": "Fri Apr 07 18:19:33 UTC 2017"}
        ],
        [
            {"location": [[
                {"latitude": 60.02363},
                {"longitude": 11.105569}
            ]]},
            {"altitude": 158},
            {"distance_km": 1.90992},
            {"speed_kmh": 10.1241},
            {"timestamp": "Fri Apr 07 18:19:42 UTC 2017"}
        ],
        [
            {"location": [[
                {"latitude": 60.023618},
                {"longitude": 11.105839}
            ]]},
            {"altitude": 157},
            {"distance_km": 1.92506},
            {"speed_kmh": 10.3372},
            {"timestamp": "Fri Apr 07 18:19:47 UTC 2017"}
        ],
        [
            {"location": [[
                {"latitude": 60.023597},
                {"longitude": 11.106195}
            ]]},
            {"altitude": 157},
            {"distance_km": 1.94504},
            {"speed_kmh": 10.3881},
            {"timestamp": "Fri Apr 07 18:19:54 UTC 2017"}
        ],
        [
            {"location": [[
                {"latitude": 60.023573},
                {"longitude": 11.106639}
            ]]},
            {"altitude": 157},
            {"distance_km": 1.96994},
            {"speed_kmh": 10.3792},
            {"timestamp": "Fri Apr 07 18:20:03 UTC 2017"}
        ],
        [
            {"location": [[
                {"latitude": 60.02355},
                {"longitude": 11.107081}
            ]]},
            {"altitude": 159},
            {"distance_km": 1.99471},
            {"speed_kmh": 10.0518},
            {"timestamp": "Fri Apr 07 18:20:12 UTC 2017"}
        ],
        [
            {"location": [[
                {"latitude": 60.023559},
                {"longitude": 11.107287}
            ]]},
            {"altitude": 160},
            {"distance_km": 2.00626},
            {"speed_kmh": 10.0937},
            {"timestamp": "Fri Apr 07 18:20:16 UTC 2017"}
        ],
        [
            {"location": [[
                {"latitude": 60.023593},
                {"longitude": 11.107651}
            ]]},
            {"altitude": 162},
            {"distance_km": 2.02687},
            {"speed_kmh": 9.86464},
            {"timestamp": "Fri Apr 07 18:20:24 UTC 2017"}
        ],
        [
            {"location": [[
                {"latitude": 60.023633},
                {"longitude": 11.107881}
            ]]},
            {"altitude": 163},
            {"distance_km": 2.04046},
            {"speed_kmh": 9.81633},
            {"timestamp": "Fri Apr 07 18:20:29 UTC 2017"}
        ],
        [
            {"location": [[
                {"latitude": 60.02367},
                {"longitude": 11.108222}
            ]]},
            {"altitude": 168},
            {"distance_km": 2.05991},
            {"speed_kmh": 9.26584},
            {"timestamp": "Fri Apr 07 18:20:37 UTC 2017"}
        ],
        [
            {"location": [[
                {"latitude": 60.023623},
                {"longitude": 11.108695}
            ]]},
            {"altitude": 167},
            {"distance_km": 2.08682},
            {"speed_kmh": 9.40849},
            {"timestamp": "Fri Apr 07 18:20:47 UTC 2017"}
        ],
        [
            {"location": [[
                {"latitude": 60.023572},
                {"longitude": 11.108958}
            ]]},
            {"altitude": 166},
            {"distance_km": 2.10256},
            {"speed_kmh": 9.9018},
            {"timestamp": "Fri Apr 07 18:20:52 UTC 2017"}
        ],
        [
            {"location": [[
                {"latitude": 60.023574},
                {"longitude": 11.109325}
            ]]},
            {"altitude": 164},
            {"distance_km": 2.12303},
            {"speed_kmh": 9.44901},
            {"timestamp": "Fri Apr 07 18:21:02 UTC 2017"}
        ],
        [
            {"location": [[
                {"latitude": 60.023665},
                {"longitude": 11.109507}
            ]]},
            {"altitude": 165},
            {"distance_km": 2.13731},
            {"speed_kmh": 8.11805},
            {"timestamp": "Fri Apr 07 18:21:11 UTC 2017"}
        ],
        [
            {"location": [[
                {"latitude": 60.023819},
                {"longitude": 11.10966}
            ]]},
            {"altitude": 166},
            {"distance_km": 2.15649},
            {"speed_kmh": 6.13686},
            {"timestamp": "Fri Apr 07 18:21:24 UTC 2017"}
        ],
        [
            {"location": [[
                {"latitude": 60.023905},
                {"longitude": 11.11}
            ]]},
            {"altitude": 167},
            {"distance_km": 2.17774},
            {"speed_kmh": 5.49522},
            {"timestamp": "Fri Apr 07 18:21:38 UTC 2017"}
        ],
        [
            {"location": [[
                {"latitude": 60.023841},
                {"longitude": 11.11049}
            ]]},
            {"altitude": 168},
            {"distance_km": 2.20598},
            {"speed_kmh": 6.01252},
            {"timestamp": "Fri Apr 07 18:21:52 UTC 2017"}
        ],
        [
            {"location": [[
                {"latitude": 60.023801},
                {"longitude": 11.110656}
            ]]},
            {"altitude": 168},
            {"distance_km": 2.21628},
            {"speed_kmh": 7.33334},
            {"timestamp": "Fri Apr 07 18:21:56 UTC 2017"}
        ],
        [
            {"location": [[
                {"latitude": 60.023753},
                {"longitude": 11.110838}
            ]]},
            {"altitude": 169},
            {"distance_km": 2.22775},
            {"speed_kmh": 8.95035},
            {"timestamp": "Fri Apr 07 18:22:00 UTC 2017"}
        ],
        [
            {"location": [[
                {"latitude": 60.023662},
                {"longitude": 11.111229}
            ]]},
            {"altitude": 171},
            {"distance_km": 2.2518},
            {"speed_kmh": 10.1389},
            {"timestamp": "Fri Apr 07 18:22:08 UTC 2017"}
        ],
        [
            {"location": [[
                {"latitude": 60.023599},
                {"longitude": 11.11156}
            ]]},
            {"altitude": 171},
            {"distance_km": 2.27151},
            {"speed_kmh": 10.4229},
            {"timestamp": "Fri Apr 07 18:22:15 UTC 2017"}
        ],
        [
            {"location": [[
                {"latitude": 60.023557},
                {"longitude": 11.111774}
            ]]},
            {"altitude": 172},
            {"distance_km": 2.28431},
            {"speed_kmh": 10.0552},
            {"timestamp": "Fri Apr 07 18:22:20 UTC 2017"}
        ],
        [
            {"location": [[
                {"latitude": 60.023525},
                {"longitude": 11.111903}
            ]]},
            {"altitude": 173},
            {"distance_km": 2.29238},
            {"speed_kmh": 9.68312},
            {"timestamp": "Fri Apr 07 18:22:23 UTC 2017"}
        ],
        [
            {"location": [[
                {"latitude": 60.023482},
                {"longitude": 11.112082}
            ]]},
            {"altitude": 173},
            {"distance_km": 2.30345},
            {"speed_kmh": 9.63375},
            {"timestamp": "Fri Apr 07 18:22:27 UTC 2017"}
        ],
        [
            {"location": [[
                {"latitude": 60.023442},
                {"longitude": 11.112223}
            ]]},
            {"altitude": 174},
            {"distance_km": 2.31247},
            {"speed_kmh": 10.1684},
            {"timestamp": "Fri Apr 07 18:22:30 UTC 2017"}
        ],
        [
            {"location": [[
                {"latitude": 60.023394},
                {"longitude": 11.11241}
            ]]},
            {"altitude": 173},
            {"distance_km": 2.32416},
            {"speed_kmh": 10.4267},
            {"timestamp": "Fri Apr 07 18:22:34 UTC 2017"}
        ],
        [
            {"location": [[
                {"latitude": 60.023291},
                {"longitude": 11.112815}
            ]]},
            {"altitude": 174},
            {"distance_km": 2.3495},
            {"speed_kmh": 10.4819},
            {"timestamp": "Fri Apr 07 18:22:43 UTC 2017"}
        ],
        [
            {"location": [[
                {"latitude": 60.023335},
                {"longitude": 11.113169}
            ]]},
            {"altitude": 174},
            {"distance_km": 2.36987},
            {"speed_kmh": 9.93034},
            {"timestamp": "Fri Apr 07 18:22:51 UTC 2017"}
        ],
        [
            {"location": [[
                {"latitude": 60.023446},
                {"longitude": 11.113501}
            ]]},
            {"altitude": 174},
            {"distance_km": 2.39213},
            {"speed_kmh": 9.7651},
            {"timestamp": "Fri Apr 07 18:22:59 UTC 2017"}
        ],
        [
            {"location": [[
                {"latitude": 60.023594},
                {"longitude": 11.113825}
            ]]},
            {"altitude": 178},
            {"distance_km": 2.41659},
            {"speed_kmh": 10.0426},
            {"timestamp": "Fri Apr 07 18:23:08 UTC 2017"}
        ],
        [
            {"location": [[
                {"latitude": 60.023719},
                {"longitude": 11.114304}
            ]]},
            {"altitude": 180},
            {"distance_km": 2.44669},
            {"speed_kmh": 11.0243},
            {"timestamp": "Fri Apr 07 18:23:16 UTC 2017"}
        ],
        [
            {"location": [[
                {"latitude": 60.023768},
                {"longitude": 11.114563}
            ]]},
            {"altitude": 179},
            {"distance_km": 2.46217},
            {"speed_kmh": 10.7946},
            {"timestamp": "Fri Apr 07 18:23:22 UTC 2017"}
        ],
        [
            {"location": [[
                {"latitude": 60.023825},
                {"longitude": 11.114759}
            ]]},
            {"altitude": 176},
            {"distance_km": 2.47476},
            {"speed_kmh": 10.1534},
            {"timestamp": "Fri Apr 07 18:23:27 UTC 2017"}
        ],
        [
            {"location": [[
                {"latitude": 60.023999},
                {"longitude": 11.114793}
            ]]},
            {"altitude": 173},
            {"distance_km": 2.49419},
            {"speed_kmh": 9.03069},
            {"timestamp": "Fri Apr 07 18:23:35 UTC 2017"}
        ],
        [
            {"location": [[
                {"latitude": 60.024201},
                {"longitude": 11.11478}
            ]]},
            {"altitude": 173},
            {"distance_km": 2.51676},
            {"speed_kmh": 8.94167},
            {"timestamp": "Fri Apr 07 18:23:44 UTC 2017"}
        ],
        [
            {"location": [[
                {"latitude": 60.024321},
                {"longitude": 11.114781}
            ]]},
            {"altitude": 172},
            {"distance_km": 2.53011},
            {"speed_kmh": 9.12911},
            {"timestamp": "Fri Apr 07 18:23:49 UTC 2017"}
        ],
        [
            {"location": [[
                {"latitude": 60.024497},
                {"longitude": 11.114762}
            ]]},
            {"altitude": 171},
            {"distance_km": 2.5498},
            {"speed_kmh": 9.59047},
            {"timestamp": "Fri Apr 07 18:23:56 UTC 2017"}
        ],
        [
            {"location": [[
                {"latitude": 60.024722},
                {"longitude": 11.114813}
            ]]},
            {"altitude": 171},
            {"distance_km": 2.57493},
            {"speed_kmh": 9.93014},
            {"timestamp": "Fri Apr 07 18:24:05 UTC 2017"}
        ],
        [
            {"location": [[
                {"latitude": 60.024864},
                {"longitude": 11.114872}
            ]]},
            {"altitude": 174},
            {"distance_km": 2.59113},
            {"speed_kmh": 10.6096},
            {"timestamp": "Fri Apr 07 18:24:10 UTC 2017"}
        ],
        [
            {"location": [[
                {"latitude": 60.024997},
                {"longitude": 11.114945}
            ]]},
            {"altitude": 174},
            {"distance_km": 2.60652},
            {"speed_kmh": 10.9267},
            {"timestamp": "Fri Apr 07 18:24:15 UTC 2017"}
        ],
        [
            {"location": [[
                {"latitude": 60.025185},
                {"longitude": 11.115048}
            ]]},
            {"altitude": 174},
            {"distance_km": 2.62821},
            {"speed_kmh": 11.2378},
            {"timestamp": "Fri Apr 07 18:24:23 UTC 2017"}
        ],
        [
            {"location": [[
                {"latitude": 60.025383},
                {"longitude": 11.115254}
            ]]},
            {"altitude": 176},
            {"distance_km": 2.65313},
            {"speed_kmh": 11.1427},
            {"timestamp": "Fri Apr 07 18:24:30 UTC 2017"}
        ],
        [
            {"location": [[
                {"latitude": 60.025584},
                {"longitude": 11.115476}
            ]]},
            {"altitude": 178},
            {"distance_km": 2.67867},
            {"speed_kmh": 10.8549},
            {"timestamp": "Fri Apr 07 18:24:39 UTC 2017"}
        ],
        [
            {"location": [[
                {"latitude": 60.025762},
                {"longitude": 11.115699}
            ]]},
            {"altitude": 180},
            {"distance_km": 2.70211},
            {"speed_kmh": 10.3035},
            {"timestamp": "Fri Apr 07 18:24:49 UTC 2017"}
        ],
        [
            {"location": [[
                {"latitude": 60.02599},
                {"longitude": 11.115893}
            ]]},
            {"altitude": 182},
            {"distance_km": 2.72972},
            {"speed_kmh": 9.53835},
            {"timestamp": "Fri Apr 07 18:24:59 UTC 2017"}
        ],
        [
            {"location": [[
                {"latitude": 60.026213},
                {"longitude": 11.115752}
            ]]},
            {"altitude": 182},
            {"distance_km": 2.75576},
            {"speed_kmh": 10.0505},
            {"timestamp": "Fri Apr 07 18:25:07 UTC 2017"}
        ],
        [
            {"location": [[
                {"latitude": 60.026295},
                {"longitude": 11.115716}
            ]]},
            {"altitude": 184},
            {"distance_km": 2.76511},
            {"speed_kmh": 10.6554},
            {"timestamp": "Fri Apr 07 18:25:10 UTC 2017"}
        ],
        [
            {"location": [[
                {"latitude": 60.026436},
                {"longitude": 11.115908}
            ]]},
            {"altitude": 181},
            {"distance_km": 2.78409},
            {"speed_kmh": 10.1645},
            {"timestamp": "Fri Apr 07 18:25:19 UTC 2017"}
        ],
        [
            {"location": [[
                {"latitude": 60.026279},
                {"longitude": 11.116221}
            ]]},
            {"altitude": 177},
            {"distance_km": 2.80883},
            {"speed_kmh": 8.53257},
            {"timestamp": "Fri Apr 07 18:25:32 UTC 2017"}
        ],
        [
            {"location": [[
                {"latitude": 60.026165},
                {"longitude": 11.116202}
            ]]},
            {"altitude": 178},
            {"distance_km": 2.82159},
            {"speed_kmh": 7.00713},
            {"timestamp": "Fri Apr 07 18:25:39 UTC 2017"}
        ],
        [
            {"location": [[
                {"latitude": 60.026339},
                {"longitude": 11.116095}
            ]]},
            {"altitude": 178},
            {"distance_km": 2.84189},
            {"speed_kmh": 7.51801},
            {"timestamp": "Fri Apr 07 18:25:47 UTC 2017"}
        ],
        [
            {"location": [[
                {"latitude": 60.026416},
                {"longitude": 11.116089}
            ]]},
            {"altitude": 179},
            {"distance_km": 2.85046},
            {"speed_kmh": 8.64565},
            {"timestamp": "Fri Apr 07 18:25:50 UTC 2017"}
        ],
        [
            {"location": [[
                {"latitude": 60.026612},
                {"longitude": 11.116064}
            ]]},
            {"altitude": 179},
            {"distance_km": 2.87235},
            {"speed_kmh": 9.73656},
            {"timestamp": "Fri Apr 07 18:25:58 UTC 2017"}
        ],
        [
            {"location": [[
                {"latitude": 60.026818},
                {"longitude": 11.116013}
            ]]},
            {"altitude": 182},
            {"distance_km": 2.89547},
            {"speed_kmh": 9.77991},
            {"timestamp": "Fri Apr 07 18:26:07 UTC 2017"}
        ],
        [
            {"location": [[
                {"latitude": 60.027048},
                {"longitude": 11.115924}
            ]]},
            {"altitude": 184},
            {"distance_km": 2.92161},
            {"speed_kmh": 9.85396},
            {"timestamp": "Fri Apr 07 18:26:16 UTC 2017"}
        ],
        [
            {"location": [[
                {"latitude": 60.027212},
                {"longitude": 11.115872}
            ]]},
            {"altitude": 187},
            {"distance_km": 2.94007},
            {"speed_kmh": 10.2689},
            {"timestamp": "Fri Apr 07 18:26:22 UTC 2017"}
        ],
        [
            {"location": [[
                {"latitude": 60.027382},
                {"longitude": 11.115828}
            ]]},
            {"altitude": 183},
            {"distance_km": 2.9592},
            {"speed_kmh": 10.025},
            {"timestamp": "Fri Apr 07 18:26:31 UTC 2017"}
        ],
        [
            {"location": [[
                {"latitude": 60.027646},
                {"longitude": 11.115933}
            ]]},
            {"altitude": 177},
            {"distance_km": 2.98916},
            {"speed_kmh": 9.32049},
            {"timestamp": "Fri Apr 07 18:26:43 UTC 2017"}
        ],
        [
            {"location": [[
                {"latitude": 60.027833},
                {"longitude": 11.115978}
            ]]},
            {"altitude": 179},
            {"distance_km": 3.01019},
            {"speed_kmh": 9.23118},
            {"timestamp": "Fri Apr 07 18:26:50 UTC 2017"}
        ],
        [
            {"location": [[
                {"latitude": 60.02797},
                {"longitude": 11.115932}
            ]]},
            {"altitude": 179},
            {"distance_km": 3.0256},
            {"speed_kmh": 10.0763},
            {"timestamp": "Fri Apr 07 18:26:55 UTC 2017"}
        ],
        [
            {"location": [[
                {"latitude": 60.028191},
                {"longitude": 11.11584}
            ]]},
            {"altitude": 182},
            {"distance_km": 3.05077},
            {"speed_kmh": 11.0775},
            {"timestamp": "Fri Apr 07 18:27:03 UTC 2017"}
        ],
        [
            {"location": [[
                {"latitude": 60.028295},
                {"longitude": 11.115804}
            ]]},
            {"altitude": 183},
            {"distance_km": 3.06253},
            {"speed_kmh": 10.9985},
            {"timestamp": "Fri Apr 07 18:27:07 UTC 2017"}
        ],
        [
            {"location": [[
                {"latitude": 60.028425},
                {"longitude": 11.115752}
            ]]},
            {"altitude": 184},
            {"distance_km": 3.07728},
            {"speed_kmh": 10.8497},
            {"timestamp": "Fri Apr 07 18:27:12 UTC 2017"}
        ],
        [
            {"location": [[
                {"latitude": 60.02854},
                {"longitude": 11.115656}
            ]]},
            {"altitude": 177},
            {"distance_km": 3.09116},
            {"speed_kmh": 9.80446},
            {"timestamp": "Fri Apr 07 18:27:19 UTC 2017"}
        ],
        [
            {"location": [[
                {"latitude": 60.028796},
                {"longitude": 11.115511}
            ]]},
            {"altitude": 178},
            {"distance_km": 3.12089},
            {"speed_kmh": 9.87574},
            {"timestamp": "Fri Apr 07 18:27:28 UTC 2017"}
        ],
        [
            {"location": [[
                {"latitude": 60.028983},
                {"longitude": 11.115402}
            ]]},
            {"altitude": 177},
            {"distance_km": 3.14258},
            {"speed_kmh": 10.0473},
            {"timestamp": "Fri Apr 07 18:27:35 UTC 2017"}
        ],
        [
            {"location": [[
                {"latitude": 60.029086},
                {"longitude": 11.115341}
            ]]},
            {"altitude": 179},
            {"distance_km": 3.15457},
            {"speed_kmh": 10.9194},
            {"timestamp": "Fri Apr 07 18:27:39 UTC 2017"}
        ],
        [
            {"location": [[
                {"latitude": 60.029188},
                {"longitude": 11.115277}
            ]]},
            {"altitude": 179},
            {"distance_km": 3.16641},
            {"speed_kmh": 10.8552},
            {"timestamp": "Fri Apr 07 18:27:43 UTC 2017"}
        ],
        [
            {"location": [[
                {"latitude": 60.029372},
                {"longitude": 11.115173}
            ]]},
            {"altitude": 179},
            {"distance_km": 3.18772},
            {"speed_kmh": 10.346},
            {"timestamp": "Fri Apr 07 18:27:51 UTC 2017"}
        ],
        [
            {"location": [[
                {"latitude": 60.029547},
                {"longitude": 11.115054}
            ]]},
            {"altitude": 180},
            {"distance_km": 3.20839},
            {"speed_kmh": 9.83871},
            {"timestamp": "Fri Apr 07 18:27:59 UTC 2017"}
        ],
        [
            {"location": [[
                {"latitude": 60.029684},
                {"longitude": 11.115011}
            ]]},
            {"altitude": 183},
            {"distance_km": 3.22379},
            {"speed_kmh": 9.99695},
            {"timestamp": "Fri Apr 07 18:28:04 UTC 2017"}
        ],
        [
            {"location": [[
                {"latitude": 60.029757},
                {"longitude": 11.115015}
            ]]},
            {"altitude": 182},
            {"distance_km": 3.23191},
            {"speed_kmh": 10.0259},
            {"timestamp": "Fri Apr 07 18:28:07 UTC 2017"}
        ],
        [
            {"location": [[
                {"latitude": 60.029964},
                {"longitude": 11.11501}
            ]]},
            {"altitude": 175},
            {"distance_km": 3.25496},
            {"speed_kmh": 10.0046},
            {"timestamp": "Fri Apr 07 18:28:16 UTC 2017"}
        ],
        [
            {"location": [[
                {"latitude": 60.03003},
                {"longitude": 11.114815}
            ]]},
            {"altitude": 176},
            {"distance_km": 3.2681},
            {"speed_kmh": 7.88809},
            {"timestamp": "Fri Apr 07 18:28:26 UTC 2017"}
        ],
        [
            {"location": [[
                {"latitude": 60.029867},
                {"longitude": 11.114165}
            ]]},
            {"altitude": 172},
            {"distance_km": 3.30863},
            {"speed_kmh": 8.12886},
            {"timestamp": "Fri Apr 07 18:28:40 UTC 2017"}
        ],
        [
            {"location": [[
                {"latitude": 60.029703},
                {"longitude": 11.113954}
            ]]},
            {"altitude": 174},
            {"distance_km": 3.33042},
            {"speed_kmh": 8.78532},
            {"timestamp": "Fri Apr 07 18:28:47 UTC 2017"}
        ],
        [
            {"location": [[
                {"latitude": 60.029631},
                {"longitude": 11.113879}
            ]]},
            {"altitude": 174},
            {"distance_km": 3.33943},
            {"speed_kmh": 10.81},
            {"timestamp": "Fri Apr 07 18:28:50 UTC 2017"}
        ],
        [
            {"location": [[
                {"latitude": 60.02956},
                {"longitude": 11.113803}
            ]]},
            {"altitude": 175},
            {"distance_km": 3.3484},
            {"speed_kmh": 10.9227},
            {"timestamp": "Fri Apr 07 18:28:53 UTC 2017"}
        ],
        [
            {"location": [[
                {"latitude": 60.02939},
                {"longitude": 11.113607}
            ]]},
            {"altitude": 174},
            {"distance_km": 3.3703},
            {"speed_kmh": 10.9423},
            {"timestamp": "Fri Apr 07 18:29:00 UTC 2017"}
        ],
        [
            {"location": [[
                {"latitude": 60.029311},
                {"longitude": 11.113519}
            ]]},
            {"altitude": 175},
            {"distance_km": 3.38035},
            {"speed_kmh": 11.3408},
            {"timestamp": "Fri Apr 07 18:29:03 UTC 2017"}
        ],
        [
            {"location": [[
                {"latitude": 60.029138},
                {"longitude": 11.113345}
            ]]},
            {"altitude": 173},
            {"distance_km": 3.40197},
            {"speed_kmh": 11.4697},
            {"timestamp": "Fri Apr 07 18:29:10 UTC 2017"}
        ],
        [
            {"location": [[
                {"latitude": 60.028952},
                {"longitude": 11.113165}
            ]]},
            {"altitude": 173},
            {"distance_km": 3.425},
            {"speed_kmh": 11.1605},
            {"timestamp": "Fri Apr 07 18:29:18 UTC 2017"}
        ],
        [
            {"location": [[
                {"latitude": 60.028856},
                {"longitude": 11.113058}
            ]]},
            {"altitude": 173},
            {"distance_km": 3.43718},
            {"speed_kmh": 8.97473},
            {"timestamp": "Fri Apr 07 18:29:27 UTC 2017"}
        ],
        [
            {"location": [[
                {"latitude": 60.028438},
                {"longitude": 11.112736}
            ]]},
            {"altitude": 169},
            {"distance_km": 3.48712},
            {"speed_kmh": 8.60034},
            {"timestamp": "Fri Apr 07 18:29:44 UTC 2017"}
        ],
        [
            {"location": [[
                {"latitude": 60.028195},
                {"longitude": 11.112511}
            ]]},
            {"altitude": 170},
            {"distance_km": 3.51693},
            {"speed_kmh": 9.13919},
            {"timestamp": "Fri Apr 07 18:29:53 UTC 2017"}
        ],
        [
            {"location": [[
                {"latitude": 60.028041},
                {"longitude": 11.112398}
            ]]},
            {"altitude": 169},
            {"distance_km": 3.53518},
            {"speed_kmh": 11.687},
            {"timestamp": "Fri Apr 07 18:29:58 UTC 2017"}
        ],
        [
            {"location": [[
                {"latitude": 60.027822},
                {"longitude": 11.112193}
            ]]},
            {"altitude": 166},
            {"distance_km": 3.5622},
            {"speed_kmh": 12.4086},
            {"timestamp": "Fri Apr 07 18:30:06 UTC 2017"}
        ],
        [
            {"location": [[
                {"latitude": 60.027661},
                {"longitude": 11.112063}
            ]]},
            {"altitude": 164},
            {"distance_km": 3.5815},
            {"speed_kmh": 12.2826},
            {"timestamp": "Fri Apr 07 18:30:12 UTC 2017"}
        ],
        [
            {"location": [[
                {"latitude": 60.027459},
                {"longitude": 11.111827}
            ]]},
            {"altitude": 165},
            {"distance_km": 3.60759},
            {"speed_kmh": 11.8042},
            {"timestamp": "Fri Apr 07 18:30:21 UTC 2017"}
        ],
        [
            {"location": [[
                {"latitude": 60.02725},
                {"longitude": 11.11159}
            ]]},
            {"altitude": 169},
            {"distance_km": 3.6344},
            {"speed_kmh": 11.796},
            {"timestamp": "Fri Apr 07 18:30:28 UTC 2017"}
        ],
        [
            {"location": [[
                {"latitude": 60.027122},
                {"longitude": 11.111477}
            ]]},
            {"altitude": 169},
            {"distance_km": 3.64992},
            {"speed_kmh": 11.5893},
            {"timestamp": "Fri Apr 07 18:30:34 UTC 2017"}
        ],
        [
            {"location": [[
                {"latitude": 60.026938},
                {"longitude": 11.11132}
            ]]},
            {"altitude": 166},
            {"distance_km": 3.67222},
            {"speed_kmh": 11.0942},
            {"timestamp": "Fri Apr 07 18:30:41 UTC 2017"}
        ],
        [
            {"location": [[
                {"latitude": 60.026873},
                {"longitude": 11.111241}
            ]]},
            {"altitude": 165},
            {"distance_km": 3.68072},
            {"speed_kmh": 10.4319},
            {"timestamp": "Fri Apr 07 18:30:44 UTC 2017"}
        ],
        [
            {"location": [[
                {"latitude": 60.026712},
                {"longitude": 11.110937}
            ]]},
            {"altitude": 167},
            {"distance_km": 3.70542},
            {"speed_kmh": 10.4849},
            {"timestamp": "Fri Apr 07 18:30:52 UTC 2017"}
        ],
        [
            {"location": [[
                {"latitude": 60.026605},
                {"longitude": 11.11073}
            ]]},
            {"altitude": 161},
            {"distance_km": 3.72203},
            {"speed_kmh": 9.94565},
            {"timestamp": "Fri Apr 07 18:30:59 UTC 2017"}
        ],
        [
            {"location": [[
                {"latitude": 60.026533},
                {"longitude": 11.110564}
            ]]},
            {"altitude": 160},
            {"distance_km": 3.73422},
            {"speed_kmh": 9.476},
            {"timestamp": "Fri Apr 07 18:31:04 UTC 2017"}
        ],
        [
            {"location": [[
                {"latitude": 60.026455},
                {"longitude": 11.110357}
            ]]},
            {"altitude": 160},
            {"distance_km": 3.74868},
            {"speed_kmh": 9.24116},
            {"timestamp": "Fri Apr 07 18:31:09 UTC 2017"}
        ],
        [
            {"location": [[
                {"latitude": 60.026332},
                {"longitude": 11.110021}
            ]]},
            {"altitude": 160},
            {"distance_km": 3.77193},
            {"speed_kmh": 9.86098},
            {"timestamp": "Fri Apr 07 18:31:18 UTC 2017"}
        ],
        [
            {"location": [[
                {"latitude": 60.026204},
                {"longitude": 11.109665}
            ]]},
            {"altitude": 161},
            {"distance_km": 3.7963},
            {"speed_kmh": 10.6156},
            {"timestamp": "Fri Apr 07 18:31:25 UTC 2017"}
        ],
        [
            {"location": [[
                {"latitude": 60.026156},
                {"longitude": 11.109536}
            ]]},
            {"altitude": 162},
            {"distance_km": 3.8053},
            {"speed_kmh": 10.6934},
            {"timestamp": "Fri Apr 07 18:31:29 UTC 2017"}
        ],
        [
            {"location": [[
                {"latitude": 60.02603},
                {"longitude": 11.109212}
            ]]},
            {"altitude": 162},
            {"distance_km": 3.82818},
            {"speed_kmh": 10.6702},
            {"timestamp": "Fri Apr 07 18:31:36 UTC 2017"}
        ],
        [
            {"location": [[
                {"latitude": 60.025924},
                {"longitude": 11.108851}
            ]]},
            {"altitude": 161},
            {"distance_km": 3.85153},
            {"speed_kmh": 10.5009},
            {"timestamp": "Fri Apr 07 18:31:44 UTC 2017"}
        ],
        [
            {"location": [[
                {"latitude": 60.025844},
                {"longitude": 11.1086}
            ]]},
            {"altitude": 160},
            {"distance_km": 3.86813},
            {"speed_kmh": 9.79881},
            {"timestamp": "Fri Apr 07 18:31:51 UTC 2017"}
        ],
        [
            {"location": [[
                {"latitude": 60.025733},
                {"longitude": 11.108218}
            ]]},
            {"altitude": 158},
            {"distance_km": 3.89277},
            {"speed_kmh": 9.31222},
            {"timestamp": "Fri Apr 07 18:32:01 UTC 2017"}
        ],
        [
            {"location": [[
                {"latitude": 60.025663},
                {"longitude": 11.107991}
            ]]},
            {"altitude": 159},
            {"distance_km": 3.90756},
            {"speed_kmh": 8.76015},
            {"timestamp": "Fri Apr 07 18:32:07 UTC 2017"}
        ],
        [
            {"location": [[
                {"latitude": 60.025609},
                {"longitude": 11.107816}
            ]]},
            {"altitude": 160},
            {"distance_km": 3.91905},
            {"speed_kmh": 9.3604},
            {"timestamp": "Fri Apr 07 18:32:11 UTC 2017"}
        ],
        [
            {"location": [[
                {"latitude": 60.025562},
                {"longitude": 11.107688}
            ]]},
            {"altitude": 160},
            {"distance_km": 3.92791},
            {"speed_kmh": 9.94447},
            {"timestamp": "Fri Apr 07 18:32:14 UTC 2017"}
        ],
        [
            {"location": [[
                {"latitude": 60.02543},
                {"longitude": 11.10738}
            ]]},
            {"altitude": 159},
            {"distance_km": 3.95052},
            {"speed_kmh": 10.3833},
            {"timestamp": "Fri Apr 07 18:32:22 UTC 2017"}
        ],
        [
            {"location": [[
                {"latitude": 60.025286},
                {"longitude": 11.107023}
            ]]},
            {"altitude": 161},
            {"distance_km": 3.97614},
            {"speed_kmh": 10.3471},
            {"timestamp": "Fri Apr 07 18:32:31 UTC 2017"}
        ],
        [
            {"location": [[
                {"latitude": 60.025157},
                {"longitude": 11.106694}
            ]]},
            {"altitude": 157},
            {"distance_km": 3.99938},
            {"speed_kmh": 9.59793},
            {"timestamp": "Fri Apr 07 18:32:41 UTC 2017"}
        ],
        [
            {"location": [[
                {"latitude": 60.025211},
                {"longitude": 11.106494}
            ]]},
            {"altitude": 157},
            {"distance_km": 4.01208},
            {"speed_kmh": 8.10912},
            {"timestamp": "Fri Apr 07 18:32:49 UTC 2017"}
        ],
        [
            {"location": [[
                {"latitude": 60.025105},
                {"longitude": 11.106193}
            ]]},
            {"altitude": 158},
            {"distance_km": 4.03258},
            {"speed_kmh": 8.16513},
            {"timestamp": "Fri Apr 07 18:32:57 UTC 2017"}
        ],
        [
            {"location": [[
                {"latitude": 60.025012},
                {"longitude": 11.105738}
            ]]},
            {"altitude": 158},
            {"distance_km": 4.06001},
            {"speed_kmh": 8.69242},
            {"timestamp": "Fri Apr 07 18:33:06 UTC 2017"}
        ],
        [
            {"location": [[
                {"latitude": 60.024967},
                {"longitude": 11.105453}
            ]]},
            {"altitude": 160},
            {"distance_km": 4.07666},
            {"speed_kmh": 10.1023},
            {"timestamp": "Fri Apr 07 18:33:12 UTC 2017"}
        ],
        [
            {"location": [[
                {"latitude": 60.024929},
                {"longitude": 11.105084}
            ]]},
            {"altitude": 159},
            {"distance_km": 4.09765},
            {"speed_kmh": 9.77554},
            {"timestamp": "Fri Apr 07 18:33:21 UTC 2017"}
        ],
        [
            {"location": [[
                {"latitude": 60.024924},
                {"longitude": 11.104563}
            ]]},
            {"altitude": 157},
            {"distance_km": 4.12669},
            {"speed_kmh": 9.37106},
            {"timestamp": "Fri Apr 07 18:33:32 UTC 2017"}
        ],
        [
            {"location": [[
                {"latitude": 60.024938},
                {"longitude": 11.104244}
            ]]},
            {"altitude": 154},
            {"distance_km": 4.1446},
            {"speed_kmh": 8.43923},
            {"timestamp": "Fri Apr 07 18:33:41 UTC 2017"}
        ],
        [
            {"location": [[
                {"latitude": 60.024822},
                {"longitude": 11.103895}
            ]]},
            {"altitude": 151},
            {"distance_km": 4.16797},
            {"speed_kmh": 7.63886},
            {"timestamp": "Fri Apr 07 18:33:53 UTC 2017"}
        ],
        [
            {"location": [[
                {"latitude": 60.024736},
                {"longitude": 11.103468}
            ]]},
            {"altitude": 152},
            {"distance_km": 4.1936},
            {"speed_kmh": 8.13632},
            {"timestamp": "Fri Apr 07 18:34:02 UTC 2017"}
        ],
        [
            {"location": [[
                {"latitude": 60.02464},
                {"longitude": 11.103139}
            ]]},
            {"altitude": 152},
            {"distance_km": 4.21483},
            {"speed_kmh": 9.37484},
            {"timestamp": "Fri Apr 07 18:34:10 UTC 2017"}
        ],
        [
            {"location": [[
                {"latitude": 60.024476},
                {"longitude": 11.103122}
            ]]},
            {"altitude": 157},
            {"distance_km": 4.23317},
            {"speed_kmh": 9.78561},
            {"timestamp": "Fri Apr 07 18:34:18 UTC 2017"}
        ],
        [
            {"location": [[
                {"latitude": 60.024332},
                {"longitude": 11.103514}
            ]]},
            {"altitude": 159},
            {"distance_km": 4.26026},
            {"speed_kmh": 9.34186},
            {"timestamp": "Fri Apr 07 18:34:28 UTC 2017"}
        ],
        [
            {"location": [[
                {"latitude": 60.024175},
                {"longitude": 11.10385}
            ]]},
            {"altitude": 165},
            {"distance_km": 4.28591},
            {"speed_kmh": 9.14087},
            {"timestamp": "Fri Apr 07 18:34:37 UTC 2017"}
        ],
        [
            {"location": [[
                {"latitude": 60.024045},
                {"longitude": 11.104129}
            ]]},
            {"altitude": 163},
            {"distance_km": 4.30714},
            {"speed_kmh": 9.57162},
            {"timestamp": "Fri Apr 07 18:34:45 UTC 2017"}
        ],
        [
            {"location": [[
                {"latitude": 60.023956},
                {"longitude": 11.104357}
            ]]},
            {"altitude": 164},
            {"distance_km": 4.32327},
            {"speed_kmh": 9.83524},
            {"timestamp": "Fri Apr 07 18:34:51 UTC 2017"}
        ],
        [
            {"location": [[
                {"latitude": 60.023916},
                {"longitude": 11.104485}
            ]]},
            {"altitude": 163},
            {"distance_km": 4.33168},
            {"speed_kmh": 9.68529},
            {"timestamp": "Fri Apr 07 18:34:55 UTC 2017"}
        ],
        [
            {"location": [[
                {"latitude": 60.02383},
                {"longitude": 11.104868}
            ]]},
            {"altitude": 159},
            {"distance_km": 4.3551},
            {"speed_kmh": 9.65014},
            {"timestamp": "Fri Apr 07 18:35:03 UTC 2017"}
        ],
        [
            {"location": [[
                {"latitude": 60.023721},
                {"longitude": 11.105141}
            ]]},
            {"altitude": 158},
            {"distance_km": 4.37454},
            {"speed_kmh": 9.0117},
            {"timestamp": "Fri Apr 07 18:35:12 UTC 2017"}
        ],
        [
            {"location": [[
                {"latitude": 60.023656},
                {"longitude": 11.105438}
            ]]},
            {"altitude": 161},
            {"distance_km": 4.39263},
            {"speed_kmh": 9.31297},
            {"timestamp": "Fri Apr 07 18:35:19 UTC 2017"}
        ],
        [
            {"location": [[
                {"latitude": 60.023626},
                {"longitude": 11.105823}
            ]]},
            {"altitude": 159},
            {"distance_km": 4.41436},
            {"speed_kmh": 9.45523},
            {"timestamp": "Fri Apr 07 18:35:26 UTC 2017"}
        ],
        [
            {"location": [[
                {"latitude": 60.023594},
                {"longitude": 11.106245}
            ]]},
            {"altitude": 163},
            {"distance_km": 4.43817},
            {"speed_kmh": 10.0291},
            {"timestamp": "Fri Apr 07 18:35:35 UTC 2017"}
        ],
        [
            {"location": [[
                {"latitude": 60.023587},
                {"longitude": 11.106634}
            ]]},
            {"altitude": 161},
            {"distance_km": 4.45986},
            {"speed_kmh": 9.72212},
            {"timestamp": "Fri Apr 07 18:35:43 UTC 2017"}
        ],
        [
            {"location": [[
                {"latitude": 60.023573},
                {"longitude": 11.106894}
            ]]},
            {"altitude": 161},
            {"distance_km": 4.47444},
            {"speed_kmh": 9.3453},
            {"timestamp": "Fri Apr 07 18:35:49 UTC 2017"}
        ],
        [
            {"location": [[
                {"latitude": 60.023578},
                {"longitude": 11.107292}
            ]]},
            {"altitude": 160},
            {"distance_km": 4.49666},
            {"speed_kmh": 9.14015},
            {"timestamp": "Fri Apr 07 18:35:58 UTC 2017"}
        ],
        [
            {"location": [[
                {"latitude": 60.023606},
                {"longitude": 11.107574}
            ]]},
            {"altitude": 159},
            {"distance_km": 4.51267},
            {"speed_kmh": 8.61402},
            {"timestamp": "Fri Apr 07 18:36:05 UTC 2017"}
        ],
        [
            {"location": [[
                {"latitude": 60.023636},
                {"longitude": 11.107793}
            ]]},
            {"altitude": 159},
            {"distance_km": 4.52536},
            {"speed_kmh": 8.70998},
            {"timestamp": "Fri Apr 07 18:36:11 UTC 2017"}
        ],
        [
            {"location": [[
                {"latitude": 60.02368},
                {"longitude": 11.108252}
            ]]},
            {"altitude": 162},
            {"distance_km": 4.5514},
            {"speed_kmh": 9.23761},
            {"timestamp": "Fri Apr 07 18:36:19 UTC 2017"}
        ],
        [
            {"location": [[
                {"latitude": 60.023632},
                {"longitude": 11.108697}
            ]]},
            {"altitude": 162},
            {"distance_km": 4.5768},
            {"speed_kmh": 9.89231},
            {"timestamp": "Fri Apr 07 18:36:28 UTC 2017"}
        ],
        [
            {"location": [[
                {"latitude": 60.023545},
                {"longitude": 11.109109}
            ]]},
            {"altitude": 164},
            {"distance_km": 4.60174},
            {"speed_kmh": 10.2115},
            {"timestamp": "Fri Apr 07 18:36:37 UTC 2017"}
        ],
        [
            {"location": [[
                {"latitude": 60.023598},
                {"longitude": 11.109424}
            ]]},
            {"altitude": 164},
            {"distance_km": 4.62025},
            {"speed_kmh": 8.94247},
            {"timestamp": "Fri Apr 07 18:36:47 UTC 2017"}
        ],
        [
            {"location": [[
                {"latitude": 60.023769},
                {"longitude": 11.109588}
            ]]},
            {"altitude": 170},
            {"distance_km": 4.6413},
            {"speed_kmh": 7.65235},
            {"timestamp": "Fri Apr 07 18:36:59 UTC 2017"}
        ],
        [
            {"location": [[
                {"latitude": 60.023892},
                {"longitude": 11.109814}
            ]]},
            {"altitude": 169},
            {"distance_km": 4.65999},
            {"speed_kmh": 6.57038},
            {"timestamp": "Fri Apr 07 18:37:09 UTC 2017"}
        ],
        [
            {"location": [[
                {"latitude": 60.02392},
                {"longitude": 11.110019}
            ]]},
            {"altitude": 169},
            {"distance_km": 4.67182},
            {"speed_kmh": 5.75818},
            {"timestamp": "Fri Apr 07 18:37:20 UTC 2017"}
        ],
        [
            {"location": [[
                {"latitude": 60.023765},
                {"longitude": 11.110819}
            ]]},
            {"altitude": 175},
            {"distance_km": 4.71967},
            {"speed_kmh": 7.04182},
            {"timestamp": "Fri Apr 07 18:37:36 UTC 2017"}
        ],
        [
            {"location": [[
                {"latitude": 60.023674},
                {"longitude": 11.111235}
            ]]},
            {"altitude": 175},
            {"distance_km": 4.74495},
            {"speed_kmh": 8.17181},
            {"timestamp": "Fri Apr 07 18:37:45 UTC 2017"}
        ],
        [
            {"location": [[
                {"latitude": 60.023581},
                {"longitude": 11.111661}
            ]]},
            {"altitude": 176},
            {"distance_km": 4.77093},
            {"speed_kmh": 10.2288},
            {"timestamp": "Fri Apr 07 18:37:54 UTC 2017"}
        ],
        [
            {"location": [[
                {"latitude": 60.023518},
                {"longitude": 11.11199}
            ]]},
            {"altitude": 176},
            {"distance_km": 4.79054},
            {"speed_kmh": 10.174},
            {"timestamp": "Fri Apr 07 18:38:02 UTC 2017"}
        ],
        [
            {"location": [[
                {"latitude": 60.023419},
                {"longitude": 11.112396}
            ]]},
            {"altitude": 176},
            {"distance_km": 4.81573},
            {"speed_kmh": 10.1771},
            {"timestamp": "Fri Apr 07 18:38:10 UTC 2017"}
        ],
        [
            {"location": [[
                {"latitude": 60.023294},
                {"longitude": 11.112837}
            ]]},
            {"altitude": 175},
            {"distance_km": 4.84399},
            {"speed_kmh": 10.1054},
            {"timestamp": "Fri Apr 07 18:38:20 UTC 2017"}
        ],
        [
            {"location": [[
                {"latitude": 60.023322},
                {"longitude": 11.113208}
            ]]},
            {"altitude": 178},
            {"distance_km": 4.86489},
            {"speed_kmh": 10.3612},
            {"timestamp": "Fri Apr 07 18:38:27 UTC 2017"}
        ],
        [
            {"location": [[
                {"latitude": 60.023382},
                {"longitude": 11.11346}
            ]]},
            {"altitude": 175},
            {"distance_km": 4.8805},
            {"speed_kmh": 10.6889},
            {"timestamp": "Fri Apr 07 18:38:33 UTC 2017"}
        ],
        [
            {"location": [[
                {"latitude": 60.023513},
                {"longitude": 11.113819}
            ]]},
            {"altitude": 173},
            {"distance_km": 4.90523},
            {"speed_kmh": 11.0263},
            {"timestamp": "Fri Apr 07 18:38:40 UTC 2017"}
        ],
        [
            {"location": [[
                {"latitude": 60.023612},
                {"longitude": 11.114031}
            ]]},
            {"altitude": 176},
            {"distance_km": 4.92147},
            {"speed_kmh": 11.3159},
            {"timestamp": "Fri Apr 07 18:38:45 UTC 2017"}
        ],
        [
            {"location": [[
                {"latitude": 60.023756},
                {"longitude": 11.11436}
            ]]},
            {"altitude": 176},
            {"distance_km": 4.94582},
            {"speed_kmh": 11.2769},
            {"timestamp": "Fri Apr 07 18:38:53 UTC 2017"}
        ],
        [
            {"location": [[
                {"latitude": 60.023879},
                {"longitude": 11.114763}
            ]]},
            {"altitude": 180},
            {"distance_km": 4.97211},
            {"speed_kmh": 11.0483},
            {"timestamp": "Fri Apr 07 18:39:02 UTC 2017"}
        ],
        [
            {"location": [[
                {"latitude": 60.024056},
                {"longitude": 11.114882}
            ]]},
            {"altitude": 179},
            {"distance_km": 4.99299},
            {"speed_kmh": 10.7454},
            {"timestamp": "Fri Apr 07 18:39:09 UTC 2017"}
        ],
        [
            {"location": [[
                {"latitude": 60.024115},
                {"longitude": 11.115036}
            ]]},
            {"altitude": 182},
            {"distance_km": 5.00377},
            {"timestamp": "Fri Apr 07 18:39:14 UTC 2017"}
        ],
        [
            {"location": [[
                {"latitude": 60.024115},
                {"longitude": 11.115036}
            ]]},
            {"distance_km": 5.00377},
            {"timestamp": "Fri Apr 07 18:39:20 UTC 2017"}
        ],
        [
            {"location": [[
                {"latitude": 60.024115},
                {"longitude": 11.115036}
            ]]},
            {"distance_km": 5.00377},
            {"timestamp": "Fri Apr 07 18:39:52 UTC 2017"}
        ]
    ]}
]