[
    {"sport": "RUNNING"},
    {"source": "TRACK_MOBILE"},
    {"created_date": "2017-09-13 18:19:53.0"},
    {"start_time": "2017-09-13 17:22:26.0"},
    {"end_time": "2017-09-13 17:55:19.0"},
    {"duration_s": 1970},
    {"distance_km": 5.512595176696777},
    {"calories_kcal": 341},
    {"altitude_min_m": 130},
    {"altitude_max_m": 165},
    {"speed_avg_kmh": 10.073777987872283},
    {"speed_max_kmh": 12.907},
    {"hydration_l": 0.208937},
    {"ascend_m": 113},
    {"descend_m": 132},
    {"points": [
        [
            {"location": [[
                {"latitude": 59.953776},
                {"longitude": 11.035532}
            ]]},
            {"distance_km": 0},
            {"timestamp": "Wed Sep 13 17:22:26 UTC 2017"}
        ],
        [
            {"location": [[
                {"latitude": 59.953776},
                {"longitude": 11.035532}
            ]]},
            {"altitude": 157},
            {"distance_km": 0},
            {"timestamp": "Wed Sep 13 17:23:10 UTC 2017"}
        ],
        [
            {"location": [[
                {"latitude": 59.953889},
                {"longitude": 11.035091}
            ]]},
            {"altitude": 151},
            {"distance_km": 0.055358},
            {"timestamp": "Wed Sep 13 17:23:18 UTC 2017"}
        ],
        [
            {"location": [[
                {"latitude": 59.954009},
                {"longitude": 11.034788}
            ]]},
            {"altitude": 157},
            {"distance_km": 0.076889},
            {"timestamp": "Wed Sep 13 17:23:26 UTC 2017"}
        ],
        [
            {"location": [[
                {"latitude": 59.954138},
                {"longitude": 11.034315}
            ]]},
            {"altitude": 155},
            {"distance_km": 0.106964},
            {"speed_kmh": 11.0208},
            {"timestamp": "Wed Sep 13 17:23:36 UTC 2017"}
        ],
        [
            {"location": [[
                {"latitude": 59.954233},
                {"longitude": 11.033898}
            ]]},
            {"altitude": 155},
            {"distance_km": 0.132598},
            {"speed_kmh": 10.6755},
            {"timestamp": "Wed Sep 13 17:23:44 UTC 2017"}
        ],
        [
            {"location": [[
                {"latitude": 59.954411},
                {"longitude": 11.03354}
            ]]},
            {"altitude": 158},
            {"distance_km": 0.160719},
            {"speed_kmh": 11.1977},
            {"timestamp": "Wed Sep 13 17:23:53 UTC 2017"}
        ],
        [
            {"location": [[
                {"latitude": 59.954484},
                {"longitude": 11.033297}
            ]]},
            {"altitude": 157},
            {"distance_km": 0.176562},
            {"speed_kmh": 11.3631},
            {"timestamp": "Wed Sep 13 17:23:58 UTC 2017"}
        ],
        [
            {"location": [[
                {"latitude": 59.954588},
                {"longitude": 11.032912}
            ]]},
            {"altitude": 156},
            {"distance_km": 0.201017},
            {"speed_kmh": 11.2647},
            {"timestamp": "Wed Sep 13 17:24:06 UTC 2017"}
        ],
        [
            {"location": [[
                {"latitude": 59.954711},
                {"longitude": 11.032622}
            ]]},
            {"altitude": 156},
            {"distance_km": 0.222232},
            {"speed_kmh": 11.1011},
            {"timestamp": "Wed Sep 13 17:24:13 UTC 2017"}
        ],
        [
            {"location": [[
                {"latitude": 59.954823},
                {"longitude": 11.032411}
            ]]},
            {"altitude": 154},
            {"distance_km": 0.239376},
            {"speed_kmh": 10.7187},
            {"timestamp": "Wed Sep 13 17:24:19 UTC 2017"}
        ],
        [
            {"location": [[
                {"latitude": 59.954999},
                {"longitude": 11.032144}
            ]]},
            {"altitude": 155},
            {"distance_km": 0.264072},
            {"speed_kmh": 10.7052},
            {"timestamp": "Wed Sep 13 17:24:27 UTC 2017"}
        ],
        [
            {"location": [[
                {"latitude": 59.955195},
                {"longitude": 11.031962}
            ]]},
            {"altitude": 155},
            {"distance_km": 0.288122},
            {"speed_kmh": 10.7404},
            {"timestamp": "Wed Sep 13 17:24:35 UTC 2017"}
        ],
        [
            {"location": [[
                {"latitude": 59.955272},
                {"longitude": 11.031888}
            ]]},
            {"altitude": 155},
            {"distance_km": 0.297606},
            {"speed_kmh": 11.2151},
            {"timestamp": "Wed Sep 13 17:24:38 UTC 2017"}
        ],
        [
            {"location": [[
                {"latitude": 59.955391},
                {"longitude": 11.031756}
            ]]},
            {"altitude": 153},
            {"distance_km": 0.312852},
            {"speed_kmh": 11.1694},
            {"timestamp": "Wed Sep 13 17:24:43 UTC 2017"}
        ],
        [
            {"location": [[
                {"latitude": 59.955586},
                {"longitude": 11.03159}
            ]]},
            {"altitude": 155},
            {"distance_km": 0.336448},
            {"speed_kmh": 11.0558},
            {"timestamp": "Wed Sep 13 17:24:51 UTC 2017"}
        ],
        [
            {"location": [[
                {"latitude": 59.955699},
                {"longitude": 11.031527}
            ]]},
            {"altitude": 154},
            {"distance_km": 0.349468},
            {"speed_kmh": 10.2861},
            {"timestamp": "Wed Sep 13 17:24:56 UTC 2017"}
        ],
        [
            {"location": [[
                {"latitude": 59.955892},
                {"longitude": 11.031346}
            ]]},
            {"altitude": 152},
            {"distance_km": 0.373311},
            {"speed_kmh": 9.81161},
            {"timestamp": "Wed Sep 13 17:25:05 UTC 2017"}
        ],
        [
            {"location": [[
                {"latitude": 59.95605},
                {"longitude": 11.031199}
            ]]},
            {"altitude": 152},
            {"distance_km": 0.392657},
            {"speed_kmh": 9.63753},
            {"timestamp": "Wed Sep 13 17:25:12 UTC 2017"}
        ],
        [
            {"location": [[
                {"latitude": 59.956282},
                {"longitude": 11.031019}
            ]]},
            {"altitude": 150},
            {"distance_km": 0.420474},
            {"speed_kmh": 10.2065},
            {"timestamp": "Wed Sep 13 17:25:21 UTC 2017"}
        ],
        [
            {"location": [[
                {"latitude": 59.956459},
                {"longitude": 11.030857}
            ]]},
            {"altitude": 148},
            {"distance_km": 0.442138},
            {"speed_kmh": 10.7226},
            {"timestamp": "Wed Sep 13 17:25:28 UTC 2017"}
        ],
        [
            {"location": [[
                {"latitude": 59.956657},
                {"longitude": 11.030676}
            ]]},
            {"altitude": 151},
            {"distance_km": 0.466401},
            {"speed_kmh": 11.0444},
            {"timestamp": "Wed Sep 13 17:25:36 UTC 2017"}
        ],
        [
            {"location": [[
                {"latitude": 59.956782},
                {"longitude": 11.03055}
            ]]},
            {"altitude": 152},
            {"distance_km": 0.481995},
            {"speed_kmh": 11.07},
            {"timestamp": "Wed Sep 13 17:25:41 UTC 2017"}
        ],
        [
            {"location": [[
                {"latitude": 59.956971},
                {"longitude": 11.030407}
            ]]},
            {"altitude": 155},
            {"distance_km": 0.504487},
            {"speed_kmh": 11.2475},
            {"timestamp": "Wed Sep 13 17:25:48 UTC 2017"}
        ],
        [
            {"location": [[
                {"latitude": 59.957122},
                {"longitude": 11.030217}
            ]]},
            {"altitude": 153},
            {"distance_km": 0.524403},
            {"speed_kmh": 11.0064},
            {"timestamp": "Wed Sep 13 17:25:55 UTC 2017"}
        ],
        [
            {"location": [[
                {"latitude": 59.957252},
                {"longitude": 11.029895}
            ]]},
            {"altitude": 145},
            {"distance_km": 0.547508},
            {"speed_kmh": 11.2484},
            {"timestamp": "Wed Sep 13 17:26:02 UTC 2017"}
        ],
        [
            {"location": [[
                {"latitude": 59.957426},
                {"longitude": 11.029805}
            ]]},
            {"altitude": 149},
            {"distance_km": 0.567511},
            {"speed_kmh": 11.3754},
            {"timestamp": "Wed Sep 13 17:26:08 UTC 2017"}
        ],
        [
            {"location": [[
                {"latitude": 59.957561},
                {"longitude": 11.029882}
            ]]},
            {"altitude": 143},
            {"distance_km": 0.583135},
            {"speed_kmh": 9.83558},
            {"timestamp": "Wed Sep 13 17:26:18 UTC 2017"}
        ],
        [
            {"location": [[
                {"latitude": 59.957758},
                {"longitude": 11.029892}
            ]]},
            {"altitude": 148},
            {"distance_km": 0.605158},
            {"speed_kmh": 8.80976},
            {"timestamp": "Wed Sep 13 17:26:27 UTC 2017"}
        ],
        [
            {"location": [[
                {"latitude": 59.957898},
                {"longitude": 11.029884}
            ]]},
            {"altitude": 148},
            {"distance_km": 0.620658},
            {"speed_kmh": 7.91197},
            {"timestamp": "Wed Sep 13 17:26:33 UTC 2017"}
        ],
        [
            {"location": [[
                {"latitude": 59.958095},
                {"longitude": 11.029887}
            ]]},
            {"altitude": 153},
            {"distance_km": 0.642707},
            {"speed_kmh": 10.4456},
            {"timestamp": "Wed Sep 13 17:26:39 UTC 2017"}
        ],
        [
            {"location": [[
                {"latitude": 59.958255},
                {"longitude": 11.029877}
            ]]},
            {"altitude": 151},
            {"distance_km": 0.660468},
            {"speed_kmh": 11.0622},
            {"timestamp": "Wed Sep 13 17:26:45 UTC 2017"}
        ],
        [
            {"location": [[
                {"latitude": 59.958415},
                {"longitude": 11.029806}
            ]]},
            {"altitude": 146},
            {"distance_km": 0.678721},
            {"speed_kmh": 11.6132},
            {"timestamp": "Wed Sep 13 17:26:51 UTC 2017"}
        ],
        [
            {"location": [[
                {"latitude": 59.958559},
                {"longitude": 11.029799}
            ]]},
            {"altitude": 149},
            {"distance_km": 0.694856},
            {"speed_kmh": 10.4205},
            {"timestamp": "Wed Sep 13 17:26:57 UTC 2017"}
        ],
        [
            {"location": [[
                {"latitude": 59.958721},
                {"longitude": 11.029835}
            ]]},
            {"altitude": 146},
            {"distance_km": 0.713016},
            {"speed_kmh": 10.5122},
            {"timestamp": "Wed Sep 13 17:27:03 UTC 2017"}
        ],
        [
            {"location": [[
                {"latitude": 59.958905},
                {"longitude": 11.02986}
            ]]},
            {"altitude": 144},
            {"distance_km": 0.733534},
            {"speed_kmh": 10.962},
            {"timestamp": "Wed Sep 13 17:27:09 UTC 2017"}
        ],
        [
            {"location": [[
                {"latitude": 59.959077},
                {"longitude": 11.029893}
            ]]},
            {"altitude": 148},
            {"distance_km": 0.752729},
            {"speed_kmh": 10.6245},
            {"timestamp": "Wed Sep 13 17:27:17 UTC 2017"}
        ],
        [
            {"location": [[
                {"latitude": 59.959353},
                {"longitude": 11.029917}
            ]]},
            {"altitude": 150},
            {"distance_km": 0.783595},
            {"speed_kmh": 10.674},
            {"timestamp": "Wed Sep 13 17:27:27 UTC 2017"}
        ],
        [
            {"location": [[
                {"latitude": 59.959668},
                {"longitude": 11.029852}
            ]]},
            {"altitude": 153},
            {"distance_km": 0.818782},
            {"speed_kmh": 10.8048},
            {"timestamp": "Wed Sep 13 17:27:37 UTC 2017"}
        ],
        [
            {"location": [[
                {"latitude": 59.959859},
                {"longitude": 11.029781}
            ]]},
            {"altitude": 159},
            {"distance_km": 0.840442},
            {"speed_kmh": 11.6333},
            {"timestamp": "Wed Sep 13 17:27:44 UTC 2017"}
        ],
        [
            {"location": [[
                {"latitude": 59.960075},
                {"longitude": 11.02956}
            ]]},
            {"altitude": 160},
            {"distance_km": 0.867534},
            {"speed_kmh": 11.5627},
            {"timestamp": "Wed Sep 13 17:27:53 UTC 2017"}
        ],
        [
            {"location": [[
                {"latitude": 59.960181},
                {"longitude": 11.029402}
            ]]},
            {"altitude": 161},
            {"distance_km": 0.882299},
            {"speed_kmh": 11.7251},
            {"timestamp": "Wed Sep 13 17:27:57 UTC 2017"}
        ],
        [
            {"location": [[
                {"latitude": 59.960351},
                {"longitude": 11.029287}
            ]]},
            {"altitude": 165},
            {"distance_km": 0.902259},
            {"speed_kmh": 11.4521},
            {"timestamp": "Wed Sep 13 17:28:04 UTC 2017"}
        ],
        [
            {"location": [[
                {"latitude": 59.960445},
                {"longitude": 11.029241}
            ]]},
            {"altitude": 156},
            {"distance_km": 0.913069},
            {"speed_kmh": 10.424},
            {"timestamp": "Wed Sep 13 17:28:09 UTC 2017"}
        ],
        [
            {"location": [[
                {"latitude": 59.960762},
                {"longitude": 11.029144}
            ]]},
            {"altitude": 151},
            {"distance_km": 0.948808},
            {"speed_kmh": 9.90646},
            {"timestamp": "Wed Sep 13 17:28:20 UTC 2017"}
        ],
        [
            {"location": [[
                {"latitude": 59.960955},
                {"longitude": 11.029088}
            ]]},
            {"altitude": 153},
            {"distance_km": 0.970474},
            {"speed_kmh": 9.74647},
            {"timestamp": "Wed Sep 13 17:28:28 UTC 2017"}
        ],
        [
            {"location": [[
                {"latitude": 59.961104},
                {"longitude": 11.029044}
            ]]},
            {"altitude": 156},
            {"distance_km": 0.98732},
            {"speed_kmh": 10.5205},
            {"timestamp": "Wed Sep 13 17:28:34 UTC 2017"}
        ],
        [
            {"location": [[
                {"latitude": 59.961248},
                {"longitude": 11.029034}
            ]]},
            {"altitude": 149},
            {"distance_km": 1.00334},
            {"speed_kmh": 10.487},
            {"timestamp": "Wed Sep 13 17:28:39 UTC 2017"}
        ],
        [
            {"location": [[
                {"latitude": 59.961356},
                {"longitude": 11.029018}
            ]]},
            {"altitude": 148},
            {"distance_km": 1.01539},
            {"speed_kmh": 10.8285},
            {"timestamp": "Wed Sep 13 17:28:43 UTC 2017"}
        ],
        [
            {"location": [[
                {"latitude": 59.961544},
                {"longitude": 11.028988}
            ]]},
            {"altitude": 148},
            {"distance_km": 1.03638},
            {"speed_kmh": 11.0507},
            {"timestamp": "Wed Sep 13 17:28:50 UTC 2017"}
        ],
        [
            {"location": [[
                {"latitude": 59.961784},
                {"longitude": 11.028952}
            ]]},
            {"altitude": 147},
            {"distance_km": 1.06317},
            {"speed_kmh": 11.234},
            {"timestamp": "Wed Sep 13 17:28:58 UTC 2017"}
        ],
        [
            {"location": [[
                {"latitude": 59.961891},
                {"longitude": 11.028984}
            ]]},
            {"altitude": 149},
            {"distance_km": 1.07527},
            {"speed_kmh": 10.5107},
            {"timestamp": "Wed Sep 13 17:29:03 UTC 2017"}
        ],
        [
            {"location": [[
                {"latitude": 59.962116},
                {"longitude": 11.029186}
            ]]},
            {"altitude": 147},
            {"distance_km": 1.10279},
            {"speed_kmh": 10.2289},
            {"timestamp": "Wed Sep 13 17:29:13 UTC 2017"}
        ],
        [
            {"location": [[
                {"latitude": 59.962266},
                {"longitude": 11.029321}
            ]]},
            {"altitude": 145},
            {"distance_km": 1.12106},
            {"speed_kmh": 9.83177},
            {"timestamp": "Wed Sep 13 17:29:19 UTC 2017"}
        ],
        [
            {"location": [[
                {"latitude": 59.962429},
                {"longitude": 11.029532}
            ]]},
            {"altitude": 146},
            {"distance_km": 1.14279},
            {"speed_kmh": 10.2134},
            {"timestamp": "Wed Sep 13 17:29:27 UTC 2017"}
        ],
        [
            {"location": [[
                {"latitude": 59.962522},
                {"longitude": 11.029655}
            ]]},
            {"altitude": 145},
            {"distance_km": 1.15522},
            {"speed_kmh": 10.6283},
            {"timestamp": "Wed Sep 13 17:29:31 UTC 2017"}
        ],
        [
            {"location": [[
                {"latitude": 59.962731},
                {"longitude": 11.029906}
            ]]},
            {"altitude": 145},
            {"distance_km": 1.18237},
            {"speed_kmh": 10.6115},
            {"timestamp": "Wed Sep 13 17:29:40 UTC 2017"}
        ],
        [
            {"location": [[
                {"latitude": 59.962921},
                {"longitude": 11.030193}
            ]]},
            {"altitude": 144},
            {"distance_km": 1.2089},
            {"speed_kmh": 10.8813},
            {"timestamp": "Wed Sep 13 17:29:49 UTC 2017"}
        ],
        [
            {"location": [[
                {"latitude": 59.963062},
                {"longitude": 11.030547}
            ]]},
            {"altitude": 143},
            {"distance_km": 1.23412},
            {"speed_kmh": 10.5216},
            {"timestamp": "Wed Sep 13 17:29:58 UTC 2017"}
        ],
        [
            {"location": [[
                {"latitude": 59.963149},
                {"longitude": 11.030723}
            ]]},
            {"altitude": 144},
            {"distance_km": 1.24801},
            {"speed_kmh": 10.241},
            {"timestamp": "Wed Sep 13 17:30:03 UTC 2017"}
        ],
        [
            {"location": [[
                {"latitude": 59.963277},
                {"longitude": 11.031034}
            ]]},
            {"altitude": 146},
            {"distance_km": 1.27043},
            {"speed_kmh": 10.0615},
            {"timestamp": "Wed Sep 13 17:30:11 UTC 2017"}
        ],
        [
            {"location": [[
                {"latitude": 59.963397},
                {"longitude": 11.0314}
            ]]},
            {"altitude": 146},
            {"distance_km": 1.29488},
            {"speed_kmh": 9.95743},
            {"timestamp": "Wed Sep 13 17:30:20 UTC 2017"}
        ],
        [
            {"location": [[
                {"latitude": 59.96355},
                {"longitude": 11.031793}
            ]]},
            {"altitude": 144},
            {"distance_km": 1.32265},
            {"speed_kmh": 9.95581},
            {"timestamp": "Wed Sep 13 17:30:30 UTC 2017"}
        ],
        [
            {"location": [[
                {"latitude": 59.963717},
                {"longitude": 11.032083}
            ]]},
            {"altitude": 142},
            {"distance_km": 1.34736},
            {"speed_kmh": 10.283},
            {"timestamp": "Wed Sep 13 17:30:38 UTC 2017"}
        ],
        [
            {"location": [[
                {"latitude": 59.963916},
                {"longitude": 11.032247}
            ]]},
            {"altitude": 144},
            {"distance_km": 1.3713},
            {"speed_kmh": 10.6644},
            {"timestamp": "Wed Sep 13 17:30:46 UTC 2017"}
        ],
        [
            {"location": [[
                {"latitude": 59.964048},
                {"longitude": 11.032323}
            ]]},
            {"altitude": 143},
            {"distance_km": 1.38662},
            {"speed_kmh": 10.9281},
            {"timestamp": "Wed Sep 13 17:30:51 UTC 2017"}
        ],
        [
            {"location": [[
                {"latitude": 59.964217},
                {"longitude": 11.032132}
            ]]},
            {"altitude": 142},
            {"distance_km": 1.40824},
            {"speed_kmh": 10.9635},
            {"timestamp": "Wed Sep 13 17:30:58 UTC 2017"}
        ],
        [
            {"location": [[
                {"latitude": 59.964364},
                {"longitude": 11.031841}
            ]]},
            {"altitude": 144},
            {"distance_km": 1.43131},
            {"speed_kmh": 11.2582},
            {"timestamp": "Wed Sep 13 17:31:05 UTC 2017"}
        ],
        [
            {"location": [[
                {"latitude": 59.964545},
                {"longitude": 11.031519}
            ]]},
            {"altitude": 143},
            {"distance_km": 1.45832},
            {"speed_kmh": 11.2783},
            {"timestamp": "Wed Sep 13 17:31:14 UTC 2017"}
        ],
        [
            {"location": [[
                {"latitude": 59.964653},
                {"longitude": 11.031363}
            ]]},
            {"altitude": 143},
            {"distance_km": 1.47319},
            {"speed_kmh": 11.1162},
            {"timestamp": "Wed Sep 13 17:31:19 UTC 2017"}
        ],
        [
            {"location": [[
                {"latitude": 59.964826},
                {"longitude": 11.031106}
            ]]},
            {"altitude": 146},
            {"distance_km": 1.4973},
            {"speed_kmh": 10.7987},
            {"timestamp": "Wed Sep 13 17:31:27 UTC 2017"}
        ],
        [
            {"location": [[
                {"latitude": 59.964968},
                {"longitude": 11.030984}
            ]]},
            {"altitude": 150},
            {"distance_km": 1.51453},
            {"speed_kmh": 10.6284},
            {"timestamp": "Wed Sep 13 17:31:33 UTC 2017"}
        ],
        [
            {"location": [[
                {"latitude": 59.965192},
                {"longitude": 11.030699}
            ]]},
            {"altitude": 149},
            {"distance_km": 1.54409},
            {"speed_kmh": 10.2879},
            {"timestamp": "Wed Sep 13 17:31:44 UTC 2017"}
        ],
        [
            {"location": [[
                {"latitude": 59.965386},
                {"longitude": 11.030533}
            ]]},
            {"altitude": 155},
            {"distance_km": 1.56755},
            {"speed_kmh": 10.1828},
            {"timestamp": "Wed Sep 13 17:31:52 UTC 2017"}
        ],
        [
            {"location": [[
                {"latitude": 59.965554},
                {"longitude": 11.030317}
            ]]},
            {"altitude": 154},
            {"distance_km": 1.58985},
            {"speed_kmh": 10.0899},
            {"timestamp": "Wed Sep 13 17:32:00 UTC 2017"}
        ],
        [
            {"location": [[
                {"latitude": 59.965656},
                {"longitude": 11.030175}
            ]]},
            {"altitude": 151},
            {"distance_km": 1.60377},
            {"speed_kmh": 10.2035},
            {"timestamp": "Wed Sep 13 17:32:05 UTC 2017"}
        ],
        [
            {"location": [[
                {"latitude": 59.965741},
                {"longitude": 11.030038}
            ]]},
            {"altitude": 149},
            {"distance_km": 1.61591},
            {"speed_kmh": 10.3573},
            {"timestamp": "Wed Sep 13 17:32:09 UTC 2017"}
        ],
        [
            {"location": [[
                {"latitude": 59.96585},
                {"longitude": 11.029864}
            ]]},
            {"altitude": 147},
            {"distance_km": 1.63142},
            {"speed_kmh": 10.7033},
            {"timestamp": "Wed Sep 13 17:32:14 UTC 2017"}
        ],
        [
            {"location": [[
                {"latitude": 59.965982},
                {"longitude": 11.029722}
            ]]},
            {"altitude": 142},
            {"distance_km": 1.64819},
            {"speed_kmh": 10.2354},
            {"timestamp": "Wed Sep 13 17:32:21 UTC 2017"}
        ],
        [
            {"location": [[
                {"latitude": 59.966234},
                {"longitude": 11.029641}
            ]]},
            {"altitude": 146},
            {"distance_km": 1.67657},
            {"speed_kmh": 9.98015},
            {"timestamp": "Wed Sep 13 17:32:31 UTC 2017"}
        ],
        [
            {"location": [[
                {"latitude": 59.966442},
                {"longitude": 11.029484}
            ]]},
            {"altitude": 149},
            {"distance_km": 1.70136},
            {"speed_kmh": 9.98598},
            {"timestamp": "Wed Sep 13 17:32:39 UTC 2017"}
        ],
        [
            {"location": [[
                {"latitude": 59.966616},
                {"longitude": 11.029281}
            ]]},
            {"altitude": 143},
            {"distance_km": 1.72382},
            {"speed_kmh": 10.4992},
            {"timestamp": "Wed Sep 13 17:32:47 UTC 2017"}
        ],
        [
            {"location": [[
                {"latitude": 59.966752},
                {"longitude": 11.029097}
            ]]},
            {"altitude": 147},
            {"distance_km": 1.74211},
            {"speed_kmh": 10.7431},
            {"timestamp": "Wed Sep 13 17:32:53 UTC 2017"}
        ],
        [
            {"location": [[
                {"latitude": 59.966914},
                {"longitude": 11.028954}
            ]]},
            {"altitude": 149},
            {"distance_km": 1.76185},
            {"speed_kmh": 10.4071},
            {"timestamp": "Wed Sep 13 17:33:00 UTC 2017"}
        ],
        [
            {"location": [[
                {"latitude": 59.967097},
                {"longitude": 11.028731}
            ]]},
            {"altitude": 151},
            {"distance_km": 1.78579},
            {"speed_kmh": 10.6299},
            {"timestamp": "Wed Sep 13 17:33:08 UTC 2017"}
        ],
        [
            {"location": [[
                {"latitude": 59.967233},
                {"longitude": 11.02856}
            ]]},
            {"altitude": 149},
            {"distance_km": 1.80362},
            {"speed_kmh": 10.5371},
            {"timestamp": "Wed Sep 13 17:33:14 UTC 2017"}
        ],
        [
            {"location": [[
                {"latitude": 59.967425},
                {"longitude": 11.028323}
            ]]},
            {"altitude": 151},
            {"distance_km": 1.82882},
            {"speed_kmh": 10.5197},
            {"timestamp": "Wed Sep 13 17:33:23 UTC 2017"}
        ],
        [
            {"location": [[
                {"latitude": 59.967599},
                {"longitude": 11.028095}
            ]]},
            {"altitude": 150},
            {"distance_km": 1.85204},
            {"speed_kmh": 10.4081},
            {"timestamp": "Wed Sep 13 17:33:31 UTC 2017"}
        ],
        [
            {"location": [[
                {"latitude": 59.967713},
                {"longitude": 11.027958}
            ]]},
            {"altitude": 149},
            {"distance_km": 1.86686},
            {"speed_kmh": 10.4026},
            {"timestamp": "Wed Sep 13 17:33:36 UTC 2017"}
        ],
        [
            {"location": [[
                {"latitude": 59.967886},
                {"longitude": 11.027725}
            ]]},
            {"altitude": 148},
            {"distance_km": 1.89007},
            {"speed_kmh": 10.5358},
            {"timestamp": "Wed Sep 13 17:33:44 UTC 2017"}
        ],
        [
            {"location": [[
                {"latitude": 59.968009},
                {"longitude": 11.027462}
            ]]},
            {"altitude": 144},
            {"distance_km": 1.91021},
            {"speed_kmh": 11.068},
            {"timestamp": "Wed Sep 13 17:33:50 UTC 2017"}
        ],
        [
            {"location": [[
                {"latitude": 59.968113},
                {"longitude": 11.027271}
            ]]},
            {"altitude": 140},
            {"distance_km": 1.92589},
            {"speed_kmh": 11.2742},
            {"timestamp": "Wed Sep 13 17:33:55 UTC 2017"}
        ],
        [
            {"location": [[
                {"latitude": 59.968263},
                {"longitude": 11.027053}
            ]]},
            {"altitude": 143},
            {"distance_km": 1.94664},
            {"speed_kmh": 11.3288},
            {"timestamp": "Wed Sep 13 17:34:02 UTC 2017"}
        ],
        [
            {"location": [[
                {"latitude": 59.968474},
                {"longitude": 11.026803}
            ]]},
            {"altitude": 147},
            {"distance_km": 1.97396},
            {"speed_kmh": 10.9605},
            {"timestamp": "Wed Sep 13 17:34:11 UTC 2017"}
        ],
        [
            {"location": [[
                {"latitude": 59.968648},
                {"longitude": 11.026562}
            ]]},
            {"altitude": 147},
            {"distance_km": 1.99753},
            {"speed_kmh": 10.7329},
            {"timestamp": "Wed Sep 13 17:34:19 UTC 2017"}
        ],
        [
            {"location": [[
                {"latitude": 59.968736},
                {"longitude": 11.026367}
            ]]},
            {"altitude": 149},
            {"distance_km": 2.01219},
            {"speed_kmh": 10.7106},
            {"timestamp": "Wed Sep 13 17:34:24 UTC 2017"}
        ],
        [
            {"location": [[
                {"latitude": 59.968709},
                {"longitude": 11.02596}
            ]]},
            {"altitude": 144},
            {"distance_km": 2.03516},
            {"speed_kmh": 10.4969},
            {"timestamp": "Wed Sep 13 17:34:32 UTC 2017"}
        ],
        [
            {"location": [[
                {"latitude": 59.968636},
                {"longitude": 11.025647}
            ]]},
            {"altitude": 137},
            {"distance_km": 2.05442},
            {"speed_kmh": 10.263},
            {"timestamp": "Wed Sep 13 17:34:39 UTC 2017"}
        ],
        [
            {"location": [[
                {"latitude": 59.968564},
                {"longitude": 11.025318}
            ]]},
            {"altitude": 138},
            {"distance_km": 2.07447},
            {"speed_kmh": 10.1841},
            {"timestamp": "Wed Sep 13 17:34:46 UTC 2017"}
        ],
        [
            {"location": [[
                {"latitude": 59.968548},
                {"longitude": 11.025035}
            ]]},
            {"altitude": 146},
            {"distance_km": 2.09042},
            {"speed_kmh": 9.92988},
            {"timestamp": "Wed Sep 13 17:34:52 UTC 2017"}
        ],
        [
            {"location": [[
                {"latitude": 59.968513},
                {"longitude": 11.024718}
            ]]},
            {"altitude": 143},
            {"distance_km": 2.10854},
            {"speed_kmh": 9.73397},
            {"timestamp": "Wed Sep 13 17:34:59 UTC 2017"}
        ],
        [
            {"location": [[
                {"latitude": 59.968512},
                {"longitude": 11.024478}
            ]]},
            {"altitude": 145},
            {"distance_km": 2.12196},
            {"speed_kmh": 9.51707},
            {"timestamp": "Wed Sep 13 17:35:04 UTC 2017"}
        ],
        [
            {"location": [[
                {"latitude": 59.968488},
                {"longitude": 11.024098}
            ]]},
            {"altitude": 151},
            {"distance_km": 2.14332},
            {"speed_kmh": 9.53098},
            {"timestamp": "Wed Sep 13 17:35:12 UTC 2017"}
        ],
        [
            {"location": [[
                {"latitude": 59.968444},
                {"longitude": 11.023636}
            ]]},
            {"altitude": 155},
            {"distance_km": 2.1696},
            {"speed_kmh": 9.92871},
            {"timestamp": "Wed Sep 13 17:35:21 UTC 2017"}
        ],
        [
            {"location": [[
                {"latitude": 59.968419},
                {"longitude": 11.023413}
            ]]},
            {"altitude": 155},
            {"distance_km": 2.18235},
            {"speed_kmh": 9.7559},
            {"timestamp": "Wed Sep 13 17:35:26 UTC 2017"}
        ],
        [
            {"location": [[
                {"latitude": 59.968384},
                {"longitude": 11.022936}
            ]]},
            {"altitude": 152},
            {"distance_km": 2.20926},
            {"speed_kmh": 10.1232},
            {"timestamp": "Wed Sep 13 17:35:35 UTC 2017"}
        ],
        [
            {"location": [[
                {"latitude": 59.96838},
                {"longitude": 11.022517}
            ]]},
            {"altitude": 152},
            {"distance_km": 2.2327},
            {"speed_kmh": 10.1623},
            {"timestamp": "Wed Sep 13 17:35:43 UTC 2017"}
        ],
        [
            {"location": [[
                {"latitude": 59.968313},
                {"longitude": 11.022119}
            ]]},
            {"altitude": 149},
            {"distance_km": 2.25613},
            {"speed_kmh": 11.1173},
            {"timestamp": "Wed Sep 13 17:35:50 UTC 2017"}
        ],
        [
            {"location": [[
                {"latitude": 59.968179},
                {"longitude": 11.021724}
            ]]},
            {"altitude": 138},
            {"distance_km": 2.28275},
            {"speed_kmh": 12.1246},
            {"timestamp": "Wed Sep 13 17:35:57 UTC 2017"}
        ],
        [
            {"location": [[
                {"latitude": 59.968139},
                {"longitude": 11.021416}
            ]]},
            {"altitude": 142},
            {"distance_km": 2.30053},
            {"speed_kmh": 12.8338},
            {"timestamp": "Wed Sep 13 17:36:02 UTC 2017"}
        ],
        [
            {"location": [[
                {"latitude": 59.968154},
                {"longitude": 11.021002}
            ]]},
            {"altitude": 146},
            {"distance_km": 2.32373},
            {"speed_kmh": 12.3498},
            {"timestamp": "Wed Sep 13 17:36:10 UTC 2017"}
        ],
        [
            {"location": [[
                {"latitude": 59.968236},
                {"longitude": 11.020778}
            ]]},
            {"altitude": 148},
            {"distance_km": 2.33917},
            {"speed_kmh": 10.8084},
            {"timestamp": "Wed Sep 13 17:36:16 UTC 2017"}
        ],
        [
            {"location": [[
                {"latitude": 59.968367},
                {"longitude": 11.020396}
            ]]},
            {"altitude": 150},
            {"distance_km": 2.36505},
            {"speed_kmh": 10.0183},
            {"timestamp": "Wed Sep 13 17:36:25 UTC 2017"}
        ],
        [
            {"location": [[
                {"latitude": 59.96846},
                {"longitude": 11.020202}
            ]]},
            {"altitude": 150},
            {"distance_km": 2.38004},
            {"speed_kmh": 10.0971},
            {"timestamp": "Wed Sep 13 17:36:30 UTC 2017"}
        ],
        [
            {"location": [[
                {"latitude": 59.968607},
                {"longitude": 11.019888}
            ]]},
            {"altitude": 149},
            {"distance_km": 2.40401},
            {"speed_kmh": 10.2554},
            {"timestamp": "Wed Sep 13 17:36:39 UTC 2017"}
        ],
        [
            {"location": [[
                {"latitude": 59.968738},
                {"longitude": 11.019503}
            ]]},
            {"altitude": 151},
            {"distance_km": 2.43001},
            {"speed_kmh": 9.90967},
            {"timestamp": "Wed Sep 13 17:36:49 UTC 2017"}
        ],
        [
            {"location": [[
                {"latitude": 59.968794},
                {"longitude": 11.019098}
            ]]},
            {"altitude": 148},
            {"distance_km": 2.45345},
            {"speed_kmh": 9.83455},
            {"timestamp": "Wed Sep 13 17:36:57 UTC 2017"}
        ],
        [
            {"location": [[
                {"latitude": 59.968804},
                {"longitude": 11.018808}
            ]]},
            {"altitude": 145},
            {"distance_km": 2.46971},
            {"speed_kmh": 10.5388},
            {"timestamp": "Wed Sep 13 17:37:02 UTC 2017"}
        ],
        [
            {"location": [[
                {"latitude": 59.968767},
                {"longitude": 11.018499}
            ]]},
            {"altitude": 145},
            {"distance_km": 2.48747},
            {"speed_kmh": 11.6677},
            {"timestamp": "Wed Sep 13 17:37:07 UTC 2017"}
        ],
        [
            {"location": [[
                {"latitude": 59.968629},
                {"longitude": 11.018209}
            ]]},
            {"altitude": 141},
            {"distance_km": 2.50979},
            {"speed_kmh": 11.9722},
            {"timestamp": "Wed Sep 13 17:37:14 UTC 2017"}
        ],
        [
            {"location": [[
                {"latitude": 59.968488},
                {"longitude": 11.01793}
            ]]},
            {"altitude": 141},
            {"distance_km": 2.53195},
            {"speed_kmh": 11.4175},
            {"timestamp": "Wed Sep 13 17:37:22 UTC 2017"}
        ],
        [
            {"location": [[
                {"latitude": 59.968393},
                {"longitude": 11.01772}
            ]]},
            {"altitude": 144},
            {"distance_km": 2.54771},
            {"speed_kmh": 10.3234},
            {"timestamp": "Wed Sep 13 17:37:28 UTC 2017"}
        ],
        [
            {"location": [[
                {"latitude": 59.968281},
                {"longitude": 11.017506}
            ]]},
            {"altitude": 141},
            {"distance_km": 2.56505},
            {"speed_kmh": 9.94618},
            {"timestamp": "Wed Sep 13 17:37:34 UTC 2017"}
        ],
        [
            {"location": [[
                {"latitude": 59.968139},
                {"longitude": 11.017233}
            ]]},
            {"altitude": 139},
            {"distance_km": 2.58699},
            {"speed_kmh": 10.3523},
            {"timestamp": "Wed Sep 13 17:37:41 UTC 2017"}
        ],
        [
            {"location": [[
                {"latitude": 59.967962},
                {"longitude": 11.017069}
            ]]},
            {"altitude": 133},
            {"distance_km": 2.60876},
            {"speed_kmh": 10.9434},
            {"timestamp": "Wed Sep 13 17:37:48 UTC 2017"}
        ],
        [
            {"location": [[
                {"latitude": 59.967766},
                {"longitude": 11.016986}
            ]]},
            {"altitude": 144},
            {"distance_km": 2.63106},
            {"speed_kmh": 10.4674},
            {"timestamp": "Wed Sep 13 17:37:57 UTC 2017"}
        ],
        [
            {"location": [[
                {"latitude": 59.967634},
                {"longitude": 11.016962}
            ]]},
            {"altitude": 151},
            {"distance_km": 2.64579},
            {"speed_kmh": 8.67892},
            {"timestamp": "Wed Sep 13 17:38:06 UTC 2017"}
        ],
        [
            {"location": [[
                {"latitude": 59.967441},
                {"longitude": 11.017116}
            ]]},
            {"altitude": 152},
            {"distance_km": 2.66899},
            {"speed_kmh": 8.00815},
            {"timestamp": "Wed Sep 13 17:38:15 UTC 2017"}
        ],
        [
            {"location": [[
                {"latitude": 59.967242},
                {"longitude": 11.017441}
            ]]},
            {"altitude": 162},
            {"distance_km": 2.69763},
            {"speed_kmh": 8.48845},
            {"timestamp": "Wed Sep 13 17:38:25 UTC 2017"}
        ],
        [
            {"location": [[
                {"latitude": 59.967064},
                {"longitude": 11.017703}
            ]]},
            {"altitude": 159},
            {"distance_km": 2.72229},
            {"speed_kmh": 10.2318},
            {"timestamp": "Wed Sep 13 17:38:33 UTC 2017"}
        ],
        [
            {"location": [[
                {"latitude": 59.966844},
                {"longitude": 11.017969}
            ]]},
            {"altitude": 161},
            {"distance_km": 2.75089},
            {"speed_kmh": 10.5926},
            {"timestamp": "Wed Sep 13 17:38:43 UTC 2017"}
        ],
        [
            {"location": [[
                {"latitude": 59.966648},
                {"longitude": 11.018118}
            ]]},
            {"altitude": 152},
            {"distance_km": 2.77427},
            {"speed_kmh": 11.1281},
            {"timestamp": "Wed Sep 13 17:38:50 UTC 2017"}
        ],
        [
            {"location": [[
                {"latitude": 59.966505},
                {"longitude": 11.018442}
            ]]},
            {"altitude": 145},
            {"distance_km": 2.79843},
            {"speed_kmh": 12.2494},
            {"timestamp": "Wed Sep 13 17:38:56 UTC 2017"}
        ],
        [
            {"location": [[
                {"latitude": 59.966385},
                {"longitude": 11.018793}
            ]]},
            {"altitude": 139},
            {"distance_km": 2.82216},
            {"speed_kmh": 12.907},
            {"timestamp": "Wed Sep 13 17:39:03 UTC 2017"}
        ],
        [
            {"location": [[
                {"latitude": 59.96634},
                {"longitude": 11.018993}
            ]]},
            {"altitude": 144},
            {"distance_km": 2.83438},
            {"speed_kmh": 11.851},
            {"timestamp": "Wed Sep 13 17:39:08 UTC 2017"}
        ],
        [
            {"location": [[
                {"latitude": 59.966219},
                {"longitude": 11.019266}
            ]]},
            {"altitude": 141},
            {"distance_km": 2.85476},
            {"speed_kmh": 11.0979},
            {"timestamp": "Wed Sep 13 17:39:14 UTC 2017"}
        ],
        [
            {"location": [[
                {"latitude": 59.966159},
                {"longitude": 11.019405}
            ]]},
            {"altitude": 140},
            {"distance_km": 2.86495},
            {"speed_kmh": 11.0894},
            {"timestamp": "Wed Sep 13 17:39:17 UTC 2017"}
        ],
        [
            {"location": [[
                {"latitude": 59.966102},
                {"longitude": 11.019518}
            ]]},
            {"altitude": 140},
            {"distance_km": 2.87398},
            {"speed_kmh": 11.769},
            {"timestamp": "Wed Sep 13 17:39:20 UTC 2017"}
        ],
        [
            {"location": [[
                {"latitude": 59.966043},
                {"longitude": 11.01962}
            ]]},
            {"altitude": 138},
            {"distance_km": 2.88264},
            {"speed_kmh": 11.1566},
            {"timestamp": "Wed Sep 13 17:39:23 UTC 2017"}
        ],
        [
            {"location": [[
                {"latitude": 59.965973},
                {"longitude": 11.019739}
            ]]},
            {"altitude": 138},
            {"distance_km": 2.89286},
            {"speed_kmh": 10.1418},
            {"timestamp": "Wed Sep 13 17:39:27 UTC 2017"}
        ],
        [
            {"location": [[
                {"latitude": 59.965851},
                {"longitude": 11.019904}
            ]]},
            {"altitude": 138},
            {"distance_km": 2.90936},
            {"speed_kmh": 9.81372},
            {"timestamp": "Wed Sep 13 17:39:33 UTC 2017"}
        ],
        [
            {"location": [[
                {"latitude": 59.965686},
                {"longitude": 11.020147}
            ]]},
            {"altitude": 135},
            {"distance_km": 2.9322},
            {"speed_kmh": 9.79043},
            {"timestamp": "Wed Sep 13 17:39:41 UTC 2017"}
        ],
        [
            {"location": [[
                {"latitude": 59.965617},
                {"longitude": 11.020244}
            ]]},
            {"altitude": 134},
            {"distance_km": 2.94157},
            {"speed_kmh": 10.4719},
            {"timestamp": "Wed Sep 13 17:39:44 UTC 2017"}
        ],
        [
            {"location": [[
                {"latitude": 59.965502},
                {"longitude": 11.02037}
            ]]},
            {"altitude": 133},
            {"distance_km": 2.95624},
            {"speed_kmh": 10.707},
            {"timestamp": "Wed Sep 13 17:39:49 UTC 2017"}
        ],
        [
            {"location": [[
                {"latitude": 59.965386},
                {"longitude": 11.02048}
            ]]},
            {"altitude": 137},
            {"distance_km": 2.97045},
            {"speed_kmh": 10.6763},
            {"timestamp": "Wed Sep 13 17:39:54 UTC 2017"}
        ],
        [
            {"location": [[
                {"latitude": 59.965202},
                {"longitude": 11.020663}
            ]]},
            {"altitude": 142},
            {"distance_km": 2.99338},
            {"speed_kmh": 10.3656},
            {"timestamp": "Wed Sep 13 17:40:02 UTC 2017"}
        ],
        [
            {"location": [[
                {"latitude": 59.965041},
                {"longitude": 11.02079}
            ]]},
            {"altitude": 149},
            {"distance_km": 3.01271},
            {"speed_kmh": 9.77527},
            {"timestamp": "Wed Sep 13 17:40:10 UTC 2017"}
        ],
        [
            {"location": [[
                {"latitude": 59.964904},
                {"longitude": 11.020792}
            ]]},
            {"altitude": 151},
            {"distance_km": 3.02795},
            {"speed_kmh": 9.37662},
            {"timestamp": "Wed Sep 13 17:40:16 UTC 2017"}
        ],
        [
            {"location": [[
                {"latitude": 59.964779},
                {"longitude": 11.020704}
            ]]},
            {"altitude": 144},
            {"distance_km": 3.04275},
            {"speed_kmh": 9.48776},
            {"timestamp": "Wed Sep 13 17:40:21 UTC 2017"}
        ],
        [
            {"location": [[
                {"latitude": 59.964619},
                {"longitude": 11.020479}
            ]]},
            {"altitude": 143},
            {"distance_km": 3.06453},
            {"speed_kmh": 9.81623},
            {"timestamp": "Wed Sep 13 17:40:29 UTC 2017"}
        ],
        [
            {"location": [[
                {"latitude": 59.964458},
                {"longitude": 11.020097}
            ]]},
            {"altitude": 145},
            {"distance_km": 3.09242},
            {"speed_kmh": 9.85589},
            {"timestamp": "Wed Sep 13 17:40:40 UTC 2017"}
        ],
        [
            {"location": [[
                {"latitude": 59.964217},
                {"longitude": 11.020057}
            ]]},
            {"altitude": 151},
            {"distance_km": 3.11943},
            {"speed_kmh": 9.54871},
            {"timestamp": "Wed Sep 13 17:40:50 UTC 2017"}
        ],
        [
            {"location": [[
                {"latitude": 59.964012},
                {"longitude": 11.020007}
            ]]},
            {"altitude": 155},
            {"distance_km": 3.14243},
            {"speed_kmh": 9.05165},
            {"timestamp": "Wed Sep 13 17:41:00 UTC 2017"}
        ],
        [
            {"location": [[
                {"latitude": 59.963745},
                {"longitude": 11.019957}
            ]]},
            {"altitude": 149},
            {"distance_km": 3.1723},
            {"speed_kmh": 9.98367},
            {"timestamp": "Wed Sep 13 17:41:09 UTC 2017"}
        ],
        [
            {"location": [[
                {"latitude": 59.963573},
                {"longitude": 11.019932}
            ]]},
            {"altitude": 145},
            {"distance_km": 3.19147},
            {"speed_kmh": 10.5773},
            {"timestamp": "Wed Sep 13 17:41:15 UTC 2017"}
        ],
        [
            {"location": [[
                {"latitude": 59.963444},
                {"longitude": 11.019938}
            ]]},
            {"altitude": 141},
            {"distance_km": 3.20589},
            {"speed_kmh": 11.2772},
            {"timestamp": "Wed Sep 13 17:41:20 UTC 2017"}
        ],
        [
            {"location": [[
                {"latitude": 59.963364},
                {"longitude": 11.019953}
            ]]},
            {"altitude": 141},
            {"distance_km": 3.21485},
            {"speed_kmh": 10.8797},
            {"timestamp": "Wed Sep 13 17:41:23 UTC 2017"}
        ],
        [
            {"location": [[
                {"latitude": 59.963284},
                {"longitude": 11.01996}
            ]]},
            {"altitude": 141},
            {"distance_km": 3.22368},
            {"speed_kmh": 10.5781},
            {"timestamp": "Wed Sep 13 17:41:26 UTC 2017"}
        ],
        [
            {"location": [[
                {"latitude": 59.963179},
                {"longitude": 11.019968}
            ]]},
            {"altitude": 142},
            {"distance_km": 3.23543},
            {"speed_kmh": 10.6416},
            {"timestamp": "Wed Sep 13 17:41:30 UTC 2017"}
        ],
        [
            {"location": [[
                {"latitude": 59.963106},
                {"longitude": 11.019958}
            ]]},
            {"altitude": 142},
            {"distance_km": 3.24353},
            {"speed_kmh": 10.2984},
            {"timestamp": "Wed Sep 13 17:41:33 UTC 2017"}
        ],
        [
            {"location": [[
                {"latitude": 59.962869},
                {"longitude": 11.019956}
            ]]},
            {"altitude": 138},
            {"distance_km": 3.27001},
            {"speed_kmh": 10.2948},
            {"timestamp": "Wed Sep 13 17:41:42 UTC 2017"}
        ],
        [
            {"location": [[
                {"latitude": 59.962681},
                {"longitude": 11.019954}
            ]]},
            {"altitude": 138},
            {"distance_km": 3.29096},
            {"speed_kmh": 10.3577},
            {"timestamp": "Wed Sep 13 17:41:49 UTC 2017"}
        ],
        [
            {"location": [[
                {"latitude": 59.962462},
                {"longitude": 11.019946}
            ]]},
            {"altitude": 136},
            {"distance_km": 3.31539},
            {"speed_kmh": 10.3718},
            {"timestamp": "Wed Sep 13 17:41:58 UTC 2017"}
        ],
        [
            {"location": [[
                {"latitude": 59.962232},
                {"longitude": 11.019968}
            ]]},
            {"altitude": 139},
            {"distance_km": 3.34097},
            {"speed_kmh": 10.2575},
            {"timestamp": "Wed Sep 13 17:42:07 UTC 2017"}
        ],
        [
            {"location": [[
                {"latitude": 59.962079},
                {"longitude": 11.019976}
            ]]},
            {"altitude": 141},
            {"distance_km": 3.35803},
            {"speed_kmh": 10.0839},
            {"timestamp": "Wed Sep 13 17:42:13 UTC 2017"}
        ],
        [
            {"location": [[
                {"latitude": 59.961842},
                {"longitude": 11.019975}
            ]]},
            {"altitude": 139},
            {"distance_km": 3.38445},
            {"speed_kmh": 10.3517},
            {"timestamp": "Wed Sep 13 17:42:22 UTC 2017"}
        ],
        [
            {"location": [[
                {"latitude": 59.96166},
                {"longitude": 11.020059}
            ]]},
            {"altitude": 142},
            {"distance_km": 3.40529},
            {"speed_kmh": 10.0612},
            {"timestamp": "Wed Sep 13 17:42:30 UTC 2017"}
        ],
        [
            {"location": [[
                {"latitude": 59.961447},
                {"longitude": 11.020141}
            ]]},
            {"altitude": 139},
            {"distance_km": 3.42939},
            {"speed_kmh": 9.86154},
            {"timestamp": "Wed Sep 13 17:42:39 UTC 2017"}
        ],
        [
            {"location": [[
                {"latitude": 59.961243},
                {"longitude": 11.020227}
            ]]},
            {"altitude": 137},
            {"distance_km": 3.45264},
            {"speed_kmh": 9.43833},
            {"timestamp": "Wed Sep 13 17:42:48 UTC 2017"}
        ],
        [
            {"location": [[
                {"latitude": 59.961023},
                {"longitude": 11.020369}
            ]]},
            {"altitude": 130},
            {"distance_km": 3.47842},
            {"speed_kmh": 9.75164},
            {"timestamp": "Wed Sep 13 17:42:57 UTC 2017"}
        ],
        [
            {"location": [[
                {"latitude": 59.960898},
                {"longitude": 11.020436}
            ]]},
            {"altitude": 135},
            {"distance_km": 3.49289},
            {"speed_kmh": 10.0089},
            {"timestamp": "Wed Sep 13 17:43:02 UTC 2017"}
        ],
        [
            {"location": [[
                {"latitude": 59.960774},
                {"longitude": 11.020502}
            ]]},
            {"altitude": 134},
            {"distance_km": 3.50719},
            {"speed_kmh": 10.3188},
            {"timestamp": "Wed Sep 13 17:43:07 UTC 2017"}
        ],
        [
            {"location": [[
                {"latitude": 59.960595},
                {"longitude": 11.020644}
            ]]},
            {"altitude": 136},
            {"distance_km": 3.52859},
            {"speed_kmh": 10.099},
            {"timestamp": "Wed Sep 13 17:43:15 UTC 2017"}
        ],
        [
            {"location": [[
                {"latitude": 59.960366},
                {"longitude": 11.020748}
            ]]},
            {"altitude": 146},
            {"distance_km": 3.55478},
            {"speed_kmh": 9.48955},
            {"timestamp": "Wed Sep 13 17:43:26 UTC 2017"}
        ],
        [
            {"location": [[
                {"latitude": 59.960172},
                {"longitude": 11.020856}
            ]]},
            {"altitude": 148},
            {"distance_km": 3.5772},
            {"speed_kmh": 9.06928},
            {"timestamp": "Wed Sep 13 17:43:35 UTC 2017"}
        ],
        [
            {"location": [[
                {"latitude": 59.959939},
                {"longitude": 11.021003}
            ]]},
            {"altitude": 155},
            {"distance_km": 3.60448},
            {"speed_kmh": 9.12367},
            {"timestamp": "Wed Sep 13 17:43:45 UTC 2017"}
        ],
        [
            {"location": [[
                {"latitude": 59.959721},
                {"longitude": 11.021122}
            ]]},
            {"altitude": 154},
            {"distance_km": 3.62959},
            {"speed_kmh": 9.6101},
            {"timestamp": "Wed Sep 13 17:43:54 UTC 2017"}
        ],
        [
            {"location": [[
                {"latitude": 59.959462},
                {"longitude": 11.021288}
            ]]},
            {"altitude": 152},
            {"distance_km": 3.65995},
            {"speed_kmh": 10.6689},
            {"timestamp": "Wed Sep 13 17:44:03 UTC 2017"}
        ],
        [
            {"location": [[
                {"latitude": 59.959338},
                {"longitude": 11.021346}
            ]]},
            {"altitude": 154},
            {"distance_km": 3.6741},
            {"speed_kmh": 10.7926},
            {"timestamp": "Wed Sep 13 17:44:08 UTC 2017"}
        ],
        [
            {"location": [[
                {"latitude": 59.95924},
                {"longitude": 11.021391}
            ]]},
            {"altitude": 151},
            {"distance_km": 3.68528},
            {"speed_kmh": 10.8659},
            {"timestamp": "Wed Sep 13 17:44:12 UTC 2017"}
        ],
        [
            {"location": [[
                {"latitude": 59.959109},
                {"longitude": 11.021427}
            ]]},
            {"altitude": 150},
            {"distance_km": 3.70001},
            {"speed_kmh": 10.3002},
            {"timestamp": "Wed Sep 13 17:44:17 UTC 2017"}
        ],
        [
            {"location": [[
                {"latitude": 59.958977},
                {"longitude": 11.021422}
            ]]},
            {"altitude": 154},
            {"distance_km": 3.71475},
            {"speed_kmh": 9.84954},
            {"timestamp": "Wed Sep 13 17:44:23 UTC 2017"}
        ],
        [
            {"location": [[
                {"latitude": 59.958729},
                {"longitude": 11.021279}
            ]]},
            {"altitude": 146},
            {"distance_km": 3.74351},
            {"speed_kmh": 10.2627},
            {"timestamp": "Wed Sep 13 17:44:32 UTC 2017"}
        ],
        [
            {"location": [[
                {"latitude": 59.95858},
                {"longitude": 11.021037}
            ]]},
            {"altitude": 143},
            {"distance_km": 3.76497},
            {"speed_kmh": 10.4579},
            {"timestamp": "Wed Sep 13 17:44:39 UTC 2017"}
        ],
        [
            {"location": [[
                {"latitude": 59.958444},
                {"longitude": 11.020749}
            ]]},
            {"altitude": 142},
            {"distance_km": 3.78702},
            {"speed_kmh": 10.8209},
            {"timestamp": "Wed Sep 13 17:44:47 UTC 2017"}
        ],
        [
            {"location": [[
                {"latitude": 59.958398},
                {"longitude": 11.02058}
            ]]},
            {"altitude": 142},
            {"distance_km": 3.79775},
            {"speed_kmh": 10.2096},
            {"timestamp": "Wed Sep 13 17:44:51 UTC 2017"}
        ],
        [
            {"location": [[
                {"latitude": 59.958362},
                {"longitude": 11.020377}
            ]]},
            {"altitude": 144},
            {"distance_km": 3.8098},
            {"speed_kmh": 9.41992},
            {"timestamp": "Wed Sep 13 17:44:56 UTC 2017"}
        ],
        [
            {"location": [[
                {"latitude": 59.958347},
                {"longitude": 11.020028}
            ]]},
            {"altitude": 144},
            {"distance_km": 3.82939},
            {"speed_kmh": 9.05011},
            {"timestamp": "Wed Sep 13 17:45:04 UTC 2017"}
        ],
        [
            {"location": [[
                {"latitude": 59.958357},
                {"longitude": 11.01982}
            ]]},
            {"altitude": 145},
            {"distance_km": 3.84102},
            {"speed_kmh": 8.62014},
            {"timestamp": "Wed Sep 13 17:45:09 UTC 2017"}
        ],
        [
            {"location": [[
                {"latitude": 59.958357},
                {"longitude": 11.019546}
            ]]},
            {"altitude": 145},
            {"distance_km": 3.85633},
            {"speed_kmh": 8.79433},
            {"timestamp": "Wed Sep 13 17:45:15 UTC 2017"}
        ],
        [
            {"location": [[
                {"latitude": 59.958362},
                {"longitude": 11.01941}
            ]]},
            {"altitude": 145},
            {"distance_km": 3.86398},
            {"speed_kmh": 8.91211},
            {"timestamp": "Wed Sep 13 17:45:18 UTC 2017"}
        ],
        [
            {"location": [[
                {"latitude": 59.958376},
                {"longitude": 11.019091}
            ]]},
            {"altitude": 146},
            {"distance_km": 3.88185},
            {"speed_kmh": 9.22198},
            {"timestamp": "Wed Sep 13 17:45:25 UTC 2017"}
        ],
        [
            {"location": [[
                {"latitude": 59.958388},
                {"longitude": 11.01873}
            ]]},
            {"altitude": 144},
            {"distance_km": 3.90207},
            {"speed_kmh": 9.16049},
            {"timestamp": "Wed Sep 13 17:45:33 UTC 2017"}
        ],
        [
            {"location": [[
                {"latitude": 59.958398},
                {"longitude": 11.018469}
            ]]},
            {"altitude": 143},
            {"distance_km": 3.91668},
            {"speed_kmh": 9.0224},
            {"timestamp": "Wed Sep 13 17:45:39 UTC 2017"}
        ],
        [
            {"location": [[
                {"latitude": 59.958396},
                {"longitude": 11.018069}
            ]]},
            {"altitude": 144},
            {"distance_km": 3.93902},
            {"speed_kmh": 8.89793},
            {"timestamp": "Wed Sep 13 17:45:48 UTC 2017"}
        ],
        [
            {"location": [[
                {"latitude": 59.958374},
                {"longitude": 11.017687}
            ]]},
            {"altitude": 147},
            {"distance_km": 3.96052},
            {"speed_kmh": 8.75941},
            {"timestamp": "Wed Sep 13 17:45:57 UTC 2017"}
        ],
        [
            {"location": [[
                {"latitude": 59.958332},
                {"longitude": 11.017303}
            ]]},
            {"altitude": 149},
            {"distance_km": 3.98247},
            {"speed_kmh": 8.76435},
            {"timestamp": "Wed Sep 13 17:46:06 UTC 2017"}
        ],
        [
            {"location": [[
                {"latitude": 59.958262},
                {"longitude": 11.016901}
            ]]},
            {"altitude": 148},
            {"distance_km": 4.00627},
            {"speed_kmh": 8.96896},
            {"timestamp": "Wed Sep 13 17:46:15 UTC 2017"}
        ],
        [
            {"location": [[
                {"latitude": 59.958117},
                {"longitude": 11.016631}
            ]]},
            {"altitude": 146},
            {"distance_km": 4.02832},
            {"speed_kmh": 9.04687},
            {"timestamp": "Wed Sep 13 17:46:24 UTC 2017"}
        ],
        [
            {"location": [[
                {"latitude": 59.957924},
                {"longitude": 11.016508}
            ]]},
            {"altitude": 151},
            {"distance_km": 4.05092},
            {"speed_kmh": 8.83289},
            {"timestamp": "Wed Sep 13 17:46:34 UTC 2017"}
        ],
        [
            {"location": [[
                {"latitude": 59.957725},
                {"longitude": 11.016289}
            ]]},
            {"altitude": 149},
            {"distance_km": 4.07624},
            {"speed_kmh": 8.41462},
            {"timestamp": "Wed Sep 13 17:46:45 UTC 2017"}
        ],
        [
            {"location": [[
                {"latitude": 59.957628},
                {"longitude": 11.016188}
            ]]},
            {"altitude": 150},
            {"distance_km": 4.08841},
            {"speed_kmh": 8.37538},
            {"timestamp": "Wed Sep 13 17:46:50 UTC 2017"}
        ],
        [
            {"location": [[
                {"latitude": 59.957502},
                {"longitude": 11.016141}
            ]]},
            {"altitude": 152},
            {"distance_km": 4.10276},
            {"speed_kmh": 8.55169},
            {"timestamp": "Wed Sep 13 17:46:56 UTC 2017"}
        ],
        [
            {"location": [[
                {"latitude": 59.957347},
                {"longitude": 11.016449}
            ]]},
            {"altitude": 154},
            {"distance_km": 4.1271},
            {"speed_kmh": 9.03205},
            {"timestamp": "Wed Sep 13 17:47:05 UTC 2017"}
        ],
        [
            {"location": [[
                {"latitude": 59.957186},
                {"longitude": 11.016727}
            ]]},
            {"altitude": 156},
            {"distance_km": 4.15086},
            {"speed_kmh": 8.7144},
            {"timestamp": "Wed Sep 13 17:47:16 UTC 2017"}
        ],
        [
            {"location": [[
                {"latitude": 59.957303},
                {"longitude": 11.017127}
            ]]},
            {"altitude": 156},
            {"distance_km": 4.17672},
            {"speed_kmh": 8.94319},
            {"timestamp": "Wed Sep 13 17:47:26 UTC 2017"}
        ],
        [
            {"location": [[
                {"latitude": 59.957369},
                {"longitude": 11.017336}
            ]]},
            {"altitude": 162},
            {"distance_km": 4.19047},
            {"speed_kmh": 8.99728},
            {"timestamp": "Wed Sep 13 17:47:31 UTC 2017"}
        ],
        [
            {"location": [[
                {"latitude": 59.957333},
                {"longitude": 11.017673}
            ]]},
            {"altitude": 159},
            {"distance_km": 4.20977},
            {"speed_kmh": 9.7065},
            {"timestamp": "Wed Sep 13 17:47:38 UTC 2017"}
        ],
        [
            {"location": [[
                {"latitude": 59.957215},
                {"longitude": 11.018032}
            ]]},
            {"altitude": 149},
            {"distance_km": 4.23369},
            {"speed_kmh": 10.712},
            {"timestamp": "Wed Sep 13 17:47:45 UTC 2017"}
        ],
        [
            {"location": [[
                {"latitude": 59.957085},
                {"longitude": 11.018367}
            ]]},
            {"altitude": 145},
            {"distance_km": 4.25742},
            {"speed_kmh": 10.9312},
            {"timestamp": "Wed Sep 13 17:47:53 UTC 2017"}
        ],
        [
            {"location": [[
                {"latitude": 59.957026},
                {"longitude": 11.018798}
            ]]},
            {"altitude": 148},
            {"distance_km": 4.28234},
            {"speed_kmh": 11.4224},
            {"timestamp": "Wed Sep 13 17:48:01 UTC 2017"}
        ],
        [
            {"location": [[
                {"latitude": 59.956964},
                {"longitude": 11.019167}
            ]]},
            {"altitude": 149},
            {"distance_km": 4.3041},
            {"speed_kmh": 11.0234},
            {"timestamp": "Wed Sep 13 17:48:08 UTC 2017"}
        ],
        [
            {"location": [[
                {"latitude": 59.95692},
                {"longitude": 11.019542}
            ]]},
            {"altitude": 151},
            {"distance_km": 4.32558},
            {"speed_kmh": 11.1835},
            {"timestamp": "Wed Sep 13 17:48:15 UTC 2017"}
        ],
        [
            {"location": [[
                {"latitude": 59.956902},
                {"longitude": 11.020003}
            ]]},
            {"altitude": 161},
            {"distance_km": 4.35147},
            {"speed_kmh": 10.8503},
            {"timestamp": "Wed Sep 13 17:48:24 UTC 2017"}
        ],
        [
            {"location": [[
                {"latitude": 59.956839},
                {"longitude": 11.0204}
            ]]},
            {"altitude": 156},
            {"distance_km": 4.37471},
            {"speed_kmh": 10.6052},
            {"timestamp": "Wed Sep 13 17:48:32 UTC 2017"}
        ],
        [
            {"location": [[
                {"latitude": 59.956796},
                {"longitude": 11.020889}
            ]]},
            {"altitude": 160},
            {"distance_km": 4.40247},
            {"speed_kmh": 10.6441},
            {"timestamp": "Wed Sep 13 17:48:41 UTC 2017"}
        ],
        [
            {"location": [[
                {"latitude": 59.956717},
                {"longitude": 11.021308}
            ]]},
            {"altitude": 158},
            {"distance_km": 4.42747},
            {"speed_kmh": 10.9485},
            {"timestamp": "Wed Sep 13 17:48:49 UTC 2017"}
        ],
        [
            {"location": [[
                {"latitude": 59.956674},
                {"longitude": 11.021556}
            ]]},
            {"altitude": 155},
            {"distance_km": 4.4421},
            {"speed_kmh": 10.9654},
            {"timestamp": "Wed Sep 13 17:48:54 UTC 2017"}
        ],
        [
            {"location": [[
                {"latitude": 59.95664},
                {"longitude": 11.021975}
            ]]},
            {"altitude": 150},
            {"distance_km": 4.46583},
            {"speed_kmh": 10.8169},
            {"timestamp": "Wed Sep 13 17:49:02 UTC 2017"}
        ],
        [
            {"location": [[
                {"latitude": 59.956619},
                {"longitude": 11.022287}
            ]]},
            {"altitude": 146},
            {"distance_km": 4.48342},
            {"speed_kmh": 10.5816},
            {"timestamp": "Wed Sep 13 17:49:08 UTC 2017"}
        ],
        [
            {"location": [[
                {"latitude": 59.95663},
                {"longitude": 11.02268}
            ]]},
            {"altitude": 151},
            {"distance_km": 4.5054},
            {"speed_kmh": 10.8532},
            {"timestamp": "Wed Sep 13 17:49:15 UTC 2017"}
        ],
        [
            {"location": [[
                {"latitude": 59.956679},
                {"longitude": 11.023084}
            ]]},
            {"altitude": 156},
            {"distance_km": 4.52868},
            {"speed_kmh": 10.7769},
            {"timestamp": "Wed Sep 13 17:49:23 UTC 2017"}
        ],
        [
            {"location": [[
                {"latitude": 59.956768},
                {"longitude": 11.023551}
            ]]},
            {"altitude": 156},
            {"distance_km": 4.55655},
            {"speed_kmh": 10.9765},
            {"timestamp": "Wed Sep 13 17:49:32 UTC 2017"}
        ],
        [
            {"location": [[
                {"latitude": 59.956786},
                {"longitude": 11.02387}
            ]]},
            {"altitude": 151},
            {"distance_km": 4.57451},
            {"speed_kmh": 10.8013},
            {"timestamp": "Wed Sep 13 17:49:38 UTC 2017"}
        ],
        [
            {"location": [[
                {"latitude": 59.956748},
                {"longitude": 11.024317}
            ]]},
            {"altitude": 143},
            {"distance_km": 4.59982},
            {"speed_kmh": 10.6847},
            {"timestamp": "Wed Sep 13 17:49:47 UTC 2017"}
        ],
        [
            {"location": [[
                {"latitude": 59.956743},
                {"longitude": 11.024549}
            ]]},
            {"altitude": 142},
            {"distance_km": 4.6128},
            {"speed_kmh": 10.0814},
            {"timestamp": "Wed Sep 13 17:49:52 UTC 2017"}
        ],
        [
            {"location": [[
                {"latitude": 59.956753},
                {"longitude": 11.024876}
            ]]},
            {"altitude": 146},
            {"distance_km": 4.63111},
            {"speed_kmh": 9.62995},
            {"timestamp": "Wed Sep 13 17:49:59 UTC 2017"}
        ],
        [
            {"location": [[
                {"latitude": 59.956796},
                {"longitude": 11.025259}
            ]]},
            {"altitude": 149},
            {"distance_km": 4.65305},
            {"speed_kmh": 9.54043},
            {"timestamp": "Wed Sep 13 17:50:07 UTC 2017"}
        ],
        [
            {"location": [[
                {"latitude": 59.956825},
                {"longitude": 11.025687}
            ]]},
            {"altitude": 146},
            {"distance_km": 4.67716},
            {"speed_kmh": 10.0461},
            {"timestamp": "Wed Sep 13 17:50:15 UTC 2017"}
        ],
        [
            {"location": [[
                {"latitude": 59.956854},
                {"longitude": 11.025965}
            ]]},
            {"altitude": 147},
            {"distance_km": 4.69303},
            {"speed_kmh": 10.7191},
            {"timestamp": "Wed Sep 13 17:50:20 UTC 2017"}
        ],
        [
            {"location": [[
                {"latitude": 59.956868},
                {"longitude": 11.02613}
            ]]},
            {"altitude": 147},
            {"distance_km": 4.70239},
            {"speed_kmh": 11.1747},
            {"timestamp": "Wed Sep 13 17:50:23 UTC 2017"}
        ],
        [
            {"location": [[
                {"latitude": 59.956923},
                {"longitude": 11.026536}
            ]]},
            {"altitude": 150},
            {"distance_km": 4.72588},
            {"speed_kmh": 11.0751},
            {"timestamp": "Wed Sep 13 17:50:31 UTC 2017"}
        ],
        [
            {"location": [[
                {"latitude": 59.956954},
                {"longitude": 11.026792}
            ]]},
            {"altitude": 149},
            {"distance_km": 4.74057},
            {"speed_kmh": 10.7903},
            {"timestamp": "Wed Sep 13 17:50:36 UTC 2017"}
        ],
        [
            {"location": [[
                {"latitude": 59.956974},
                {"longitude": 11.027187}
            ]]},
            {"altitude": 148},
            {"distance_km": 4.76275},
            {"speed_kmh": 10.3594},
            {"timestamp": "Wed Sep 13 17:50:44 UTC 2017"}
        ],
        [
            {"location": [[
                {"latitude": 59.957012},
                {"longitude": 11.027626}
            ]]},
            {"altitude": 147},
            {"distance_km": 4.78768},
            {"speed_kmh": 10.1762},
            {"timestamp": "Wed Sep 13 17:50:53 UTC 2017"}
        ],
        [
            {"location": [[
                {"latitude": 59.957043},
                {"longitude": 11.027833}
            ]]},
            {"altitude": 147},
            {"distance_km": 4.79974},
            {"speed_kmh": 10.2658},
            {"timestamp": "Wed Sep 13 17:50:57 UTC 2017"}
        ],
        [
            {"location": [[
                {"latitude": 59.957067},
                {"longitude": 11.02799}
            ]]},
            {"altitude": 146},
            {"distance_km": 4.80887},
            {"speed_kmh": 10.6114},
            {"timestamp": "Wed Sep 13 17:51:00 UTC 2017"}
        ],
        [
            {"location": [[
                {"latitude": 59.957118},
                {"longitude": 11.028225}
            ]]},
            {"altitude": 144},
            {"distance_km": 4.82319},
            {"speed_kmh": 10.7109},
            {"timestamp": "Wed Sep 13 17:51:05 UTC 2017"}
        ],
        [
            {"location": [[
                {"latitude": 59.95715},
                {"longitude": 11.028531}
            ]]},
            {"altitude": 143},
            {"distance_km": 4.84064},
            {"speed_kmh": 10.1186},
            {"timestamp": "Wed Sep 13 17:51:12 UTC 2017"}
        ],
        [
            {"location": [[
                {"latitude": 59.957173},
                {"longitude": 11.028848}
            ]]},
            {"altitude": 145},
            {"distance_km": 4.85855},
            {"speed_kmh": 9.4984},
            {"timestamp": "Wed Sep 13 17:51:19 UTC 2017"}
        ],
        [
            {"location": [[
                {"latitude": 59.957188},
                {"longitude": 11.02916}
            ]]},
            {"altitude": 147},
            {"distance_km": 4.8761},
            {"speed_kmh": 9.57326},
            {"timestamp": "Wed Sep 13 17:51:25 UTC 2017"}
        ],
        [
            {"location": [[
                {"latitude": 59.957155},
                {"longitude": 11.029486}
            ]]},
            {"altitude": 145},
            {"distance_km": 4.89465},
            {"speed_kmh": 10.2558},
            {"timestamp": "Wed Sep 13 17:51:31 UTC 2017"}
        ],
        [
            {"location": [[
                {"latitude": 59.957117},
                {"longitude": 11.029849}
            ]]},
            {"altitude": 141},
            {"distance_km": 4.91537},
            {"speed_kmh": 11.367},
            {"timestamp": "Wed Sep 13 17:51:37 UTC 2017"}
        ],
        [
            {"location": [[
                {"latitude": 59.957075},
                {"longitude": 11.030075}
            ]]},
            {"altitude": 141},
            {"distance_km": 4.92884},
            {"speed_kmh": 10.5464},
            {"timestamp": "Wed Sep 13 17:51:43 UTC 2017"}
        ],
        [
            {"location": [[
                {"latitude": 59.956984},
                {"longitude": 11.030238}
            ]]},
            {"altitude": 138},
            {"distance_km": 4.94251},
            {"speed_kmh": 9.18251},
            {"timestamp": "Wed Sep 13 17:51:50 UTC 2017"}
        ],
        [
            {"location": [[
                {"latitude": 59.956814},
                {"longitude": 11.030447}
            ]]},
            {"altitude": 138},
            {"distance_km": 4.96475},
            {"speed_kmh": 8.37021},
            {"timestamp": "Wed Sep 13 17:51:58 UTC 2017"}
        ],
        [
            {"location": [[
                {"latitude": 59.956661},
                {"longitude": 11.030639}
            ]]},
            {"altitude": 135},
            {"distance_km": 4.9849},
            {"speed_kmh": 9.70697},
            {"timestamp": "Wed Sep 13 17:52:04 UTC 2017"}
        ],
        [
            {"location": [[
                {"latitude": 59.956453},
                {"longitude": 11.030797}
            ]]},
            {"altitude": 137},
            {"distance_km": 5.0097},
            {"speed_kmh": 11.1244},
            {"timestamp": "Wed Sep 13 17:52:12 UTC 2017"}
        ],
        [
            {"location": [[
                {"latitude": 59.956307},
                {"longitude": 11.030954}
            ]]},
            {"altitude": 136},
            {"distance_km": 5.02812},
            {"speed_kmh": 11.4198},
            {"timestamp": "Wed Sep 13 17:52:18 UTC 2017"}
        ],
        [
            {"location": [[
                {"latitude": 59.956111},
                {"longitude": 11.031093}
            ]]},
            {"altitude": 138},
            {"distance_km": 5.05136},
            {"speed_kmh": 10.9194},
            {"timestamp": "Wed Sep 13 17:52:26 UTC 2017"}
        ],
        [
            {"location": [[
                {"latitude": 59.955972},
                {"longitude": 11.031171}
            ]]},
            {"altitude": 139},
            {"distance_km": 5.06746},
            {"speed_kmh": 10.3817},
            {"timestamp": "Wed Sep 13 17:52:32 UTC 2017"}
        ],
        [
            {"location": [[
                {"latitude": 59.955821},
                {"longitude": 11.031297}
            ]]},
            {"altitude": 139},
            {"distance_km": 5.08568},
            {"speed_kmh": 9.873},
            {"timestamp": "Wed Sep 13 17:52:39 UTC 2017"}
        ],
        [
            {"location": [[
                {"latitude": 59.955655},
                {"longitude": 11.031443}
            ]]},
            {"altitude": 138},
            {"distance_km": 5.10584},
            {"speed_kmh": 9.74826},
            {"timestamp": "Wed Sep 13 17:52:46 UTC 2017"}
        ],
        [
            {"location": [[
                {"latitude": 59.955452},
                {"longitude": 11.031591}
            ]]},
            {"altitude": 137},
            {"distance_km": 5.12999},
            {"speed_kmh": 9.74628},
            {"timestamp": "Wed Sep 13 17:52:55 UTC 2017"}
        ],
        [
            {"location": [[
                {"latitude": 59.95525},
                {"longitude": 11.03176}
            ]]},
            {"altitude": 135},
            {"distance_km": 5.15432},
            {"speed_kmh": 9.86768},
            {"timestamp": "Wed Sep 13 17:53:04 UTC 2017"}
        ],
        [
            {"location": [[
                {"latitude": 59.955091},
                {"longitude": 11.031944}
            ]]},
            {"altitude": 139},
            {"distance_km": 5.17485},
            {"speed_kmh": 9.99014},
            {"timestamp": "Wed Sep 13 17:53:11 UTC 2017"}
        ],
        [
            {"location": [[
                {"latitude": 59.955018},
                {"longitude": 11.032054}
            ]]},
            {"altitude": 138},
            {"distance_km": 5.18503},
            {"speed_kmh": 10.8447},
            {"timestamp": "Wed Sep 13 17:53:14 UTC 2017"}
        ],
        [
            {"location": [[
                {"latitude": 59.95488},
                {"longitude": 11.032241}
            ]]},
            {"altitude": 139},
            {"distance_km": 5.20363},
            {"speed_kmh": 11.3209},
            {"timestamp": "Wed Sep 13 17:53:20 UTC 2017"}
        ],
        [
            {"location": [[
                {"latitude": 59.954723},
                {"longitude": 11.032507}
            ]]},
            {"altitude": 139},
            {"distance_km": 5.22655},
            {"speed_kmh": 11.2332},
            {"timestamp": "Wed Sep 13 17:53:28 UTC 2017"}
        ],
        [
            {"location": [[
                {"latitude": 59.954593},
                {"longitude": 11.032796}
            ]]},
            {"altitude": 139},
            {"distance_km": 5.24827},
            {"speed_kmh": 10.3739},
            {"timestamp": "Wed Sep 13 17:53:36 UTC 2017"}
        ],
        [
            {"location": [[
                {"latitude": 59.954422},
                {"longitude": 11.033195}
            ]]},
            {"altitude": 137},
            {"distance_km": 5.27757},
            {"speed_kmh": 10.2085},
            {"timestamp": "Wed Sep 13 17:53:46 UTC 2017"}
        ],
        [
            {"location": [[
                {"latitude": 59.954376},
                {"longitude": 11.033326}
            ]]},
            {"altitude": 137},
            {"distance_km": 5.28655},
            {"speed_kmh": 10.3604},
            {"timestamp": "Wed Sep 13 17:53:49 UTC 2017"}
        ],
        [
            {"location": [[
                {"latitude": 59.95429},
                {"longitude": 11.033625}
            ]]},
            {"altitude": 138},
            {"distance_km": 5.3058},
            {"speed_kmh": 10.435},
            {"timestamp": "Wed Sep 13 17:53:56 UTC 2017"}
        ],
        [
            {"location": [[
                {"latitude": 59.954178},
                {"longitude": 11.034013}
            ]]},
            {"altitude": 139},
            {"distance_km": 5.33081},
            {"speed_kmh": 10.209},
            {"timestamp": "Wed Sep 13 17:54:05 UTC 2017"}
        ],
        [
            {"location": [[
                {"latitude": 59.954043},
                {"longitude": 11.034436}
            ]]},
            {"altitude": 140},
            {"distance_km": 5.3588},
            {"speed_kmh": 9.98864},
            {"timestamp": "Wed Sep 13 17:54:15 UTC 2017"}
        ],
        [
            {"location": [[
                {"latitude": 59.953965},
                {"longitude": 11.034707}
            ]]},
            {"altitude": 141},
            {"distance_km": 5.37626},
            {"speed_kmh": 10.1925},
            {"timestamp": "Wed Sep 13 17:54:21 UTC 2017"}
        ],
        [
            {"location": [[
                {"latitude": 59.953918},
                {"longitude": 11.034962}
            ]]},
            {"altitude": 141},
            {"distance_km": 5.39141},
            {"speed_kmh": 10.4993},
            {"timestamp": "Wed Sep 13 17:54:26 UTC 2017"}
        ],
        [
            {"location": [[
                {"latitude": 59.953818},
                {"longitude": 11.035374}
            ]]},
            {"altitude": 141},
            {"distance_km": 5.41703},
            {"speed_kmh": 10.5457},
            {"timestamp": "Wed Sep 13 17:54:35 UTC 2017"}
        ],
        [
            {"location": [[
                {"latitude": 59.953766},
                {"longitude": 11.035764}
            ]]},
            {"altitude": 141},
            {"distance_km": 5.43954},
            {"speed_kmh": 10.4159},
            {"timestamp": "Wed Sep 13 17:54:43 UTC 2017"}
        ],
        [
            {"location": [[
                {"latitude": 59.953731},
                {"longitude": 11.036267}
            ]]},
            {"altitude": 141},
            {"distance_km": 5.46797},
            {"speed_kmh": 10.2023},
            {"timestamp": "Wed Sep 13 17:54:53 UTC 2017"}
        ],
        [
            {"location": [[
                {"latitude": 59.953668},
                {"longitude": 11.036566}
            ]]},
            {"altitude": 137},
            {"distance_km": 5.48606},
            {"speed_kmh": 10.3875},
            {"timestamp": "Wed Sep 13 17:54:59 UTC 2017"}
        ],
        [
            {"location": [[
                {"latitude": 59.953542},
                {"longitude": 11.036969}
            ]]},
            {"altitude": 138},
            {"distance_km": 5.5126},
            {"speed_kmh": 10.5522},
            {"timestamp": "Wed Sep 13 17:55:08 UTC 2017"}
        ],
        [
            {"location": [[
                {"latitude": 59.953542},
                {"longitude": 11.036969}
            ]]},
            {"distance_km": 5.5126},
            {"timestamp": "Wed Sep 13 17:55:14 UTC 2017"}
        ],
        [
            {"location": [[
                {"latitude": 59.953542},
                {"longitude": 11.036969}
            ]]},
            {"distance_km": 5.5126},
            {"timestamp": "Wed Sep 13 17:55:16 UTC 2017"}
        ],
        [
            {"location": [[
                {"latitude": 59.953395},
                {"longitude": 11.037266}
            ]]},
            {"altitude": 139},
            {"distance_km": 5.5126},
            {"speed_kmh": 10.5522},
            {"timestamp": "Wed Sep 13 17:55:17 UTC 2017"}
        ],
        [
            {"location": [[
                {"latitude": 59.953395},
                {"longitude": 11.037266}
            ]]},
            {"distance_km": 5.5126},
            {"timestamp": "Wed Sep 13 17:55:19 UTC 2017"}
        ],
        [
            {"location": [[
                {"latitude": 59.953395},
                {"longitude": 11.037266}
            ]]},
            {"distance_km": 5.5126},
            {"timestamp": "Wed Sep 13 17:55:21 UTC 2017"}
        ]
    ]}
]