[
    {"sport": "RUNNING"},
    {"source": "TRACK_MOBILE"},
    {"created_date": "2017-05-04 19:42:54.0"},
    {"start_time": "2017-05-04 19:10:52.0"},
    {"end_time": "2017-05-04 19:40:27.0"},
    {"duration_s": 1775},
    {"distance_km": 5.009352207183838},
    {"calories_kcal": 309},
    {"altitude_min_m": 163},
    {"altitude_max_m": 195},
    {"speed_avg_kmh": 10.159812927246094},
    {"speed_max_kmh": 14.0072},
    {"hydration_l": 0.188409},
    {"ascend_m": 89},
    {"descend_m": 103},
    {"points": [
        [
            {"location": [[
                {"latitude": 60.024145},
                {"longitude": 11.114998}
            ]]},
            {"distance_km": 0},
            {"timestamp": "Thu May 04 19:10:52 UTC 2017"}
        ],
        [
            {"location": [[
                {"latitude": 60.024145},
                {"longitude": 11.114998}
            ]]},
            {"altitude": 188},
            {"distance_km": 0},
            {"timestamp": "Thu May 04 19:10:55 UTC 2017"}
        ],
        [
            {"location": [[
                {"latitude": 60.024132},
                {"longitude": 11.114756}
            ]]},
            {"altitude": 187},
            {"distance_km": 0.027099},
            {"timestamp": "Thu May 04 19:11:01 UTC 2017"}
        ],
        [
            {"location": [[
                {"latitude": 60.024323},
                {"longitude": 11.114715}
            ]]},
            {"altitude": 186},
            {"distance_km": 0.048494},
            {"timestamp": "Thu May 04 19:11:08 UTC 2017"}
        ],
        [
            {"location": [[
                {"latitude": 60.024546},
                {"longitude": 11.114752}
            ]]},
            {"altitude": 182},
            {"distance_km": 0.073407},
            {"speed_kmh": 10.6374},
            {"timestamp": "Thu May 04 19:11:15 UTC 2017"}
        ],
        [
            {"location": [[
                {"latitude": 60.024786},
                {"longitude": 11.114814}
            ]]},
            {"altitude": 182},
            {"distance_km": 0.100442},
            {"speed_kmh": 12.5533},
            {"timestamp": "Thu May 04 19:11:22 UTC 2017"}
        ],
        [
            {"location": [[
                {"latitude": 60.024985},
                {"longitude": 11.11491}
            ]]},
            {"altitude": 181},
            {"distance_km": 0.123166},
            {"speed_kmh": 13.4044},
            {"timestamp": "Thu May 04 19:11:28 UTC 2017"}
        ],
        [
            {"location": [[
                {"latitude": 60.025218},
                {"longitude": 11.115102}
            ]]},
            {"altitude": 180},
            {"distance_km": 0.151334},
            {"speed_kmh": 14.0072},
            {"timestamp": "Thu May 04 19:11:35 UTC 2017"}
        ],
        [
            {"location": [[
                {"latitude": 60.025428},
                {"longitude": 11.115273}
            ]]},
            {"altitude": 180},
            {"distance_km": 0.176571},
            {"speed_kmh": 13.712},
            {"timestamp": "Thu May 04 19:11:42 UTC 2017"}
        ],
        [
            {"location": [[
                {"latitude": 60.02556},
                {"longitude": 11.115445}
            ]]},
            {"altitude": 181},
            {"distance_km": 0.194144},
            {"speed_kmh": 13.4097},
            {"timestamp": "Thu May 04 19:11:47 UTC 2017"}
        ],
        [
            {"location": [[
                {"latitude": 60.02564},
                {"longitude": 11.115566}
            ]]},
            {"altitude": 185},
            {"distance_km": 0.205323},
            {"speed_kmh": 13.0105},
            {"timestamp": "Thu May 04 19:11:50 UTC 2017"}
        ],
        [
            {"location": [[
                {"latitude": 60.025842},
                {"longitude": 11.115893}
            ]]},
            {"altitude": 185},
            {"distance_km": 0.234314},
            {"speed_kmh": 13.6588},
            {"timestamp": "Thu May 04 19:11:57 UTC 2017"}
        ],
        [
            {"location": [[
                {"latitude": 60.026064},
                {"longitude": 11.115854}
            ]]},
            {"altitude": 185},
            {"distance_km": 0.259125},
            {"speed_kmh": 12.7329},
            {"timestamp": "Thu May 04 19:12:06 UTC 2017"}
        ],
        [
            {"location": [[
                {"latitude": 60.026263},
                {"longitude": 11.115714}
            ]]},
            {"altitude": 185},
            {"distance_km": 0.282639},
            {"speed_kmh": 13.0143},
            {"timestamp": "Thu May 04 19:12:12 UTC 2017"}
        ],
        [
            {"location": [[
                {"latitude": 60.026377},
                {"longitude": 11.115789}
            ]]},
            {"altitude": 181},
            {"distance_km": 0.29595},
            {"speed_kmh": 10.0326},
            {"timestamp": "Thu May 04 19:12:20 UTC 2017"}
        ],
        [
            {"location": [[
                {"latitude": 60.02634},
                {"longitude": 11.115948}
            ]]},
            {"altitude": 183},
            {"distance_km": 0.305714},
            {"speed_kmh": 7.72223},
            {"timestamp": "Thu May 04 19:12:32 UTC 2017"}
        ],
        [
            {"location": [[
                {"latitude": 60.02628},
                {"longitude": 11.115981}
            ]]},
            {"altitude": 184},
            {"distance_km": 0.312595},
            {"timestamp": "Thu May 04 19:12:35 UTC 2017"}
        ],
        [
            {"location": [[
                {"latitude": 60.02634},
                {"longitude": 11.115948}
            ]]},
            {"altitude": 183},
            {"distance_km": 0.319476},
            {"timestamp": "Thu May 04 19:12:43 UTC 2017"}
        ],
        [
            {"location": [[
                {"latitude": 60.026513},
                {"longitude": 11.116063}
            ]]},
            {"altitude": 180},
            {"distance_km": 0.360107},
            {"speed_kmh": 6.49057},
            {"timestamp": "Thu May 04 19:12:52 UTC 2017"}
        ],
        [
            {"location": [[
                {"latitude": 60.026752},
                {"longitude": 11.116}
            ]]},
            {"altitude": 186},
            {"distance_km": 0.386954},
            {"speed_kmh": 7.31534},
            {"timestamp": "Thu May 04 19:13:01 UTC 2017"}
        ],
        [
            {"location": [[
                {"latitude": 60.026965},
                {"longitude": 11.11594}
            ]]},
            {"altitude": 187},
            {"distance_km": 0.410952},
            {"speed_kmh": 9.88975},
            {"timestamp": "Thu May 04 19:13:09 UTC 2017"}
        ],
        [
            {"location": [[
                {"latitude": 60.027049},
                {"longitude": 11.115923}
            ]]},
            {"altitude": 189},
            {"distance_km": 0.420364},
            {"speed_kmh": 10.9359},
            {"timestamp": "Thu May 04 19:13:12 UTC 2017"}
        ],
        [
            {"location": [[
                {"latitude": 60.027256},
                {"longitude": 11.115853}
            ]]},
            {"altitude": 193},
            {"distance_km": 0.443718},
            {"speed_kmh": 11.3566},
            {"timestamp": "Thu May 04 19:13:19 UTC 2017"}
        ],
        [
            {"location": [[
                {"latitude": 60.027419},
                {"longitude": 11.115818}
            ]]},
            {"altitude": 194},
            {"distance_km": 0.462056},
            {"speed_kmh": 11.3909},
            {"timestamp": "Thu May 04 19:13:25 UTC 2017"}
        ],
        [
            {"location": [[
                {"latitude": 60.027621},
                {"longitude": 11.115918}
            ]]},
            {"altitude": 192},
            {"distance_km": 0.485166},
            {"speed_kmh": 11.1066},
            {"timestamp": "Thu May 04 19:13:33 UTC 2017"}
        ],
        [
            {"location": [[
                {"latitude": 60.027832},
                {"longitude": 11.116032}
            ]]},
            {"altitude": 184},
            {"distance_km": 0.509583},
            {"speed_kmh": 10.3869},
            {"timestamp": "Thu May 04 19:13:42 UTC 2017"}
        ],
        [
            {"location": [[
                {"latitude": 60.028011},
                {"longitude": 11.115905}
            ]]},
            {"altitude": 178},
            {"distance_km": 0.530796},
            {"speed_kmh": 9.90301},
            {"timestamp": "Thu May 04 19:13:50 UTC 2017"}
        ],
        [
            {"location": [[
                {"latitude": 60.028256},
                {"longitude": 11.115784}
            ]]},
            {"altitude": 184},
            {"distance_km": 0.558859},
            {"speed_kmh": 10.2029},
            {"timestamp": "Thu May 04 19:13:59 UTC 2017"}
        ],
        [
            {"location": [[
                {"latitude": 60.028438},
                {"longitude": 11.1157}
            ]]},
            {"altitude": 184},
            {"distance_km": 0.579722},
            {"speed_kmh": 10.4977},
            {"timestamp": "Thu May 04 19:14:06 UTC 2017"}
        ],
        [
            {"location": [[
                {"latitude": 60.028685},
                {"longitude": 11.115554}
            ]]},
            {"altitude": 185},
            {"distance_km": 0.608311},
            {"speed_kmh": 11.1483},
            {"timestamp": "Thu May 04 19:14:15 UTC 2017"}
        ],
        [
            {"location": [[
                {"latitude": 60.028867},
                {"longitude": 11.115452}
            ]]},
            {"altitude": 185},
            {"distance_km": 0.629395},
            {"speed_kmh": 11.6094},
            {"timestamp": "Thu May 04 19:14:21 UTC 2017"}
        ],
        [
            {"location": [[
                {"latitude": 60.028953},
                {"longitude": 11.115392}
            ]]},
            {"altitude": 184},
            {"distance_km": 0.639556},
            {"speed_kmh": 12.0902},
            {"timestamp": "Thu May 04 19:14:24 UTC 2017"}
        ],
        [
            {"location": [[
                {"latitude": 60.029201},
                {"longitude": 11.115264}
            ]]},
            {"altitude": 187},
            {"distance_km": 0.668138},
            {"speed_kmh": 12.5746},
            {"timestamp": "Thu May 04 19:14:32 UTC 2017"}
        ],
        [
            {"location": [[
                {"latitude": 60.029372},
                {"longitude": 11.115157}
            ]]},
            {"altitude": 188},
            {"distance_km": 0.688051},
            {"speed_kmh": 12.2869},
            {"timestamp": "Thu May 04 19:14:38 UTC 2017"}
        ],
        [
            {"location": [[
                {"latitude": 60.02957},
                {"longitude": 11.115058}
            ]]},
            {"altitude": 187},
            {"distance_km": 0.710817},
            {"speed_kmh": 11.6563},
            {"timestamp": "Thu May 04 19:14:46 UTC 2017"}
        ],
        [
            {"location": [[
                {"latitude": 60.029734},
                {"longitude": 11.11501}
            ]]},
            {"altitude": 184},
            {"distance_km": 0.729247},
            {"speed_kmh": 10.1204},
            {"timestamp": "Thu May 04 19:14:54 UTC 2017"}
        ],
        [
            {"location": [[
                {"latitude": 60.030061},
                {"longitude": 11.11491}
            ]]},
            {"altitude": 178},
            {"distance_km": 0.766131},
            {"timestamp": "Thu May 04 19:15:04 UTC 2017"}
        ],
        [
            {"location": [[
                {"latitude": 60.029954},
                {"longitude": 11.114503}
            ]]},
            {"altitude": 177},
            {"distance_km": 0.829175},
            {"timestamp": "Thu May 04 19:15:17 UTC 2017"}
        ],
        [
            {"location": [[
                {"latitude": 60.029836},
                {"longitude": 11.114081}
            ]]},
            {"altitude": 181},
            {"distance_km": 0.856149},
            {"speed_kmh": 11.4339},
            {"timestamp": "Thu May 04 19:15:24 UTC 2017"}
        ],
        [
            {"location": [[
                {"latitude": 60.029634},
                {"longitude": 11.113812}
            ]]},
            {"altitude": 179},
            {"distance_km": 0.883252},
            {"speed_kmh": 11.6097},
            {"timestamp": "Thu May 04 19:15:31 UTC 2017"}
        ],
        [
            {"location": [[
                {"latitude": 60.029429},
                {"longitude": 11.113595}
            ]]},
            {"altitude": 180},
            {"distance_km": 0.909054},
            {"speed_kmh": 13.6914},
            {"timestamp": "Thu May 04 19:15:38 UTC 2017"}
        ],
        [
            {"location": [[
                {"latitude": 60.029318},
                {"longitude": 11.113496}
            ]]},
            {"altitude": 180},
            {"distance_km": 0.922553},
            {"speed_kmh": 13.1255},
            {"timestamp": "Thu May 04 19:15:42 UTC 2017"}
        ],
        [
            {"location": [[
                {"latitude": 60.029213},
                {"longitude": 11.113397}
            ]]},
            {"altitude": 175},
            {"distance_km": 0.9355},
            {"speed_kmh": 12.3795},
            {"timestamp": "Thu May 04 19:15:46 UTC 2017"}
        ],
        [
            {"location": [[
                {"latitude": 60.029053},
                {"longitude": 11.113248}
            ]]},
            {"altitude": 176},
            {"distance_km": 0.955191},
            {"speed_kmh": 11.8392},
            {"timestamp": "Thu May 04 19:15:52 UTC 2017"}
        ],
        [
            {"location": [[
                {"latitude": 60.028864},
                {"longitude": 11.11307}
            ]]},
            {"altitude": 178},
            {"distance_km": 0.978501},
            {"speed_kmh": 11.8135},
            {"timestamp": "Thu May 04 19:15:59 UTC 2017"}
        ],
        [
            {"location": [[
                {"latitude": 60.028783},
                {"longitude": 11.113003}
            ]]},
            {"altitude": 177},
            {"distance_km": 0.98829},
            {"speed_kmh": 11.8434},
            {"timestamp": "Thu May 04 19:16:02 UTC 2017"}
        ],
        [
            {"location": [[
                {"latitude": 60.028646},
                {"longitude": 11.112889}
            ]]},
            {"altitude": 177},
            {"distance_km": 1.00475},
            {"speed_kmh": 11.8863},
            {"timestamp": "Thu May 04 19:16:07 UTC 2017"}
        ],
        [
            {"location": [[
                {"latitude": 60.028529},
                {"longitude": 11.112784}
            ]]},
            {"altitude": 176},
            {"distance_km": 1.01907},
            {"speed_kmh": 12.1638},
            {"timestamp": "Thu May 04 19:16:11 UTC 2017"}
        ],
        [
            {"location": [[
                {"latitude": 60.028445},
                {"longitude": 11.112715}
            ]]},
            {"altitude": 176},
            {"distance_km": 1.02917},
            {"speed_kmh": 12.2348},
            {"timestamp": "Thu May 04 19:16:14 UTC 2017"}
        ],
        [
            {"location": [[
                {"latitude": 60.02823},
                {"longitude": 11.112531}
            ]]},
            {"altitude": 177},
            {"distance_km": 1.05527},
            {"speed_kmh": 12.2066},
            {"timestamp": "Thu May 04 19:16:22 UTC 2017"}
        ],
        [
            {"location": [[
                {"latitude": 60.028022},
                {"longitude": 11.112358}
            ]]},
            {"altitude": 177},
            {"distance_km": 1.08033},
            {"speed_kmh": 11.6736},
            {"timestamp": "Thu May 04 19:16:30 UTC 2017"}
        ],
        [
            {"location": [[
                {"latitude": 60.027796},
                {"longitude": 11.112156}
            ]]},
            {"altitude": 176},
            {"distance_km": 1.10794},
            {"speed_kmh": 11.3547},
            {"timestamp": "Thu May 04 19:16:39 UTC 2017"}
        ],
        [
            {"location": [[
                {"latitude": 60.02762},
                {"longitude": 11.112008}
            ]]},
            {"altitude": 174},
            {"distance_km": 1.12921},
            {"speed_kmh": 11.1064},
            {"timestamp": "Thu May 04 19:16:46 UTC 2017"}
        ],
        [
            {"location": [[
                {"latitude": 60.027411},
                {"longitude": 11.11182}
            ]]},
            {"altitude": 173},
            {"distance_km": 1.15479},
            {"speed_kmh": 11.156},
            {"timestamp": "Thu May 04 19:16:54 UTC 2017"}
        ],
        [
            {"location": [[
                {"latitude": 60.027242},
                {"longitude": 11.11165}
            ]]},
            {"altitude": 171},
            {"distance_km": 1.17583},
            {"speed_kmh": 11.0958},
            {"timestamp": "Thu May 04 19:17:01 UTC 2017"}
        ],
        [
            {"location": [[
                {"latitude": 60.026999},
                {"longitude": 11.111422}
            ]]},
            {"altitude": 171},
            {"distance_km": 1.20572},
            {"speed_kmh": 11.0033},
            {"timestamp": "Thu May 04 19:17:11 UTC 2017"}
        ],
        [
            {"location": [[
                {"latitude": 60.026807},
                {"longitude": 11.111137}
            ]]},
            {"altitude": 170},
            {"distance_km": 1.23236},
            {"speed_kmh": 10.7611},
            {"timestamp": "Thu May 04 19:17:20 UTC 2017"}
        ],
        [
            {"location": [[
                {"latitude": 60.026679},
                {"longitude": 11.110954}
            ]]},
            {"altitude": 170},
            {"distance_km": 1.24992},
            {"speed_kmh": 10.6694},
            {"timestamp": "Thu May 04 19:17:26 UTC 2017"}
        ],
        [
            {"location": [[
                {"latitude": 60.026583},
                {"longitude": 11.110658}
            ]]},
            {"altitude": 169},
            {"distance_km": 1.26958},
            {"speed_kmh": 11.7726},
            {"timestamp": "Thu May 04 19:17:31 UTC 2017"}
        ],
        [
            {"location": [[
                {"latitude": 60.026478},
                {"longitude": 11.110297}
            ]]},
            {"altitude": 170},
            {"distance_km": 1.29283},
            {"speed_kmh": 12.8786},
            {"timestamp": "Thu May 04 19:17:37 UTC 2017"}
        ],
        [
            {"location": [[
                {"latitude": 60.026404},
                {"longitude": 11.110051}
            ]]},
            {"altitude": 173},
            {"distance_km": 1.30891},
            {"speed_kmh": 13.2188},
            {"timestamp": "Thu May 04 19:17:42 UTC 2017"}
        ],
        [
            {"location": [[
                {"latitude": 60.026345},
                {"longitude": 11.109857}
            ]]},
            {"altitude": 173},
            {"distance_km": 1.32154},
            {"speed_kmh": 12.3165},
            {"timestamp": "Thu May 04 19:17:46 UTC 2017"}
        ],
        [
            {"location": [[
                {"latitude": 60.026242},
                {"longitude": 11.109537}
            ]]},
            {"altitude": 171},
            {"distance_km": 1.3427},
            {"speed_kmh": 11.8658},
            {"timestamp": "Thu May 04 19:17:52 UTC 2017"}
        ],
        [
            {"location": [[
                {"latitude": 60.02611},
                {"longitude": 11.109241}
            ]]},
            {"altitude": 172},
            {"distance_km": 1.36487},
            {"speed_kmh": 11.8188},
            {"timestamp": "Thu May 04 19:17:59 UTC 2017"}
        ],
        [
            {"location": [[
                {"latitude": 60.025998},
                {"longitude": 11.108961}
            ]]},
            {"altitude": 175},
            {"distance_km": 1.38487},
            {"speed_kmh": 11.4511},
            {"timestamp": "Thu May 04 19:18:06 UTC 2017"}
        ],
        [
            {"location": [[
                {"latitude": 60.025872},
                {"longitude": 11.108592}
            ]]},
            {"altitude": 175},
            {"distance_km": 1.40976},
            {"speed_kmh": 10.9357},
            {"timestamp": "Thu May 04 19:18:14 UTC 2017"}
        ],
        [
            {"location": [[
                {"latitude": 60.025736},
                {"longitude": 11.108168}
            ]]},
            {"altitude": 173},
            {"distance_km": 1.43783},
            {"speed_kmh": 10.5208},
            {"timestamp": "Thu May 04 19:18:24 UTC 2017"}
        ],
        [
            {"location": [[
                {"latitude": 60.025619},
                {"longitude": 11.107823}
            ]]},
            {"altitude": 178},
            {"distance_km": 1.46108},
            {"speed_kmh": 10.2095},
            {"timestamp": "Thu May 04 19:18:33 UTC 2017"}
        ],
        [
            {"location": [[
                {"latitude": 60.025567},
                {"longitude": 11.107682}
            ]]},
            {"altitude": 177},
            {"distance_km": 1.47082},
            {"speed_kmh": 10.3719},
            {"timestamp": "Thu May 04 19:18:36 UTC 2017"}
        ],
        [
            {"location": [[
                {"latitude": 60.025437},
                {"longitude": 11.107356}
            ]]},
            {"altitude": 176},
            {"distance_km": 1.49402},
            {"speed_kmh": 10.9568},
            {"timestamp": "Thu May 04 19:18:43 UTC 2017"}
        ],
        [
            {"location": [[
                {"latitude": 60.025326},
                {"longitude": 11.107063}
            ]]},
            {"altitude": 176},
            {"distance_km": 1.51456},
            {"speed_kmh": 11.9198},
            {"timestamp": "Thu May 04 19:18:49 UTC 2017"}
        ],
        [
            {"location": [[
                {"latitude": 60.025148},
                {"longitude": 11.106652}
            ]]},
            {"altitude": 175},
            {"distance_km": 1.54488},
            {"speed_kmh": 12.1191},
            {"timestamp": "Thu May 04 19:18:58 UTC 2017"}
        ],
        [
            {"location": [[
                {"latitude": 60.025174},
                {"longitude": 11.106408}
            ]]},
            {"altitude": 173},
            {"distance_km": 1.55883},
            {"speed_kmh": 10.9141},
            {"timestamp": "Thu May 04 19:19:04 UTC 2017"}
        ],
        [
            {"location": [[
                {"latitude": 60.025098},
                {"longitude": 11.106132}
            ]]},
            {"altitude": 170},
            {"distance_km": 1.57641},
            {"speed_kmh": 9.48189},
            {"timestamp": "Thu May 04 19:19:12 UTC 2017"}
        ],
        [
            {"location": [[
                {"latitude": 60.024998},
                {"longitude": 11.105701}
            ]]},
            {"altitude": 164},
            {"distance_km": 1.60292},
            {"speed_kmh": 8.95432},
            {"timestamp": "Thu May 04 19:19:21 UTC 2017"}
        ],
        [
            {"location": [[
                {"latitude": 60.024959},
                {"longitude": 11.105255}
            ]]},
            {"altitude": 165},
            {"distance_km": 1.62815},
            {"speed_kmh": 9.97591},
            {"timestamp": "Thu May 04 19:19:29 UTC 2017"}
        ],
        [
            {"location": [[
                {"latitude": 60.024956},
                {"longitude": 11.10481}
            ]]},
            {"altitude": 165},
            {"distance_km": 1.65296},
            {"speed_kmh": 11.0562},
            {"timestamp": "Thu May 04 19:19:37 UTC 2017"}
        ],
        [
            {"location": [[
                {"latitude": 60.024945},
                {"longitude": 11.104386}
            ]]},
            {"altitude": 169},
            {"distance_km": 1.67667},
            {"speed_kmh": 10.6664},
            {"timestamp": "Thu May 04 19:19:46 UTC 2017"}
        ],
        [
            {"location": [[
                {"latitude": 60.024911},
                {"longitude": 11.103783}
            ]]},
            {"altitude": 170},
            {"distance_km": 1.71046},
            {"speed_kmh": 10.9281},
            {"timestamp": "Thu May 04 19:19:56 UTC 2017"}
        ],
        [
            {"location": [[
                {"latitude": 60.024815},
                {"longitude": 11.103721}
            ]]},
            {"altitude": 172},
            {"distance_km": 1.72172},
            {"speed_kmh": 8.89629},
            {"timestamp": "Thu May 04 19:20:04 UTC 2017"}
        ],
        [
            {"location": [[
                {"latitude": 60.024688},
                {"longitude": 11.10323}
            ]]},
            {"altitude": 172},
            {"distance_km": 1.75256},
            {"speed_kmh": 9.45312},
            {"timestamp": "Thu May 04 19:20:14 UTC 2017"}
        ],
        [
            {"location": [[
                {"latitude": 60.024639},
                {"longitude": 11.103086}
            ]]},
            {"altitude": 171},
            {"distance_km": 1.76228},
            {"speed_kmh": 9.30563},
            {"timestamp": "Thu May 04 19:20:17 UTC 2017"}
        ],
        [
            {"location": [[
                {"latitude": 60.024497},
                {"longitude": 11.103026}
            ]]},
            {"altitude": 167},
            {"distance_km": 1.77846},
            {"speed_kmh": 10.8619},
            {"timestamp": "Thu May 04 19:20:23 UTC 2017"}
        ],
        [
            {"location": [[
                {"latitude": 60.02442},
                {"longitude": 11.103256}
            ]]},
            {"altitude": 169},
            {"distance_km": 1.79389},
            {"speed_kmh": 10.2281},
            {"timestamp": "Thu May 04 19:20:29 UTC 2017"}
        ],
        [
            {"location": [[
                {"latitude": 60.024268},
                {"longitude": 11.103539}
            ]]},
            {"altitude": 169},
            {"distance_km": 1.81698},
            {"speed_kmh": 9.39866},
            {"timestamp": "Thu May 04 19:20:38 UTC 2017"}
        ],
        [
            {"location": [[
                {"latitude": 60.024129},
                {"longitude": 11.103903}
            ]]},
            {"altitude": 173},
            {"distance_km": 1.84249},
            {"speed_kmh": 9.98978},
            {"timestamp": "Thu May 04 19:20:46 UTC 2017"}
        ],
        [
            {"location": [[
                {"latitude": 60.024018},
                {"longitude": 11.104181}
            ]]},
            {"altitude": 174},
            {"distance_km": 1.86237},
            {"speed_kmh": 10.3108},
            {"timestamp": "Thu May 04 19:20:53 UTC 2017"}
        ],
        [
            {"location": [[
                {"latitude": 60.023916},
                {"longitude": 11.104452}
            ]]},
            {"altitude": 174},
            {"distance_km": 1.88126},
            {"speed_kmh": 10.4667},
            {"timestamp": "Thu May 04 19:21:00 UTC 2017"}
        ],
        [
            {"location": [[
                {"latitude": 60.023793},
                {"longitude": 11.104907}
            ]]},
            {"altitude": 173},
            {"distance_km": 1.9101},
            {"speed_kmh": 10.4648},
            {"timestamp": "Thu May 04 19:21:09 UTC 2017"}
        ],
        [
            {"location": [[
                {"latitude": 60.023615},
                {"longitude": 11.105218}
            ]]},
            {"altitude": 176},
            {"distance_km": 1.93649},
            {"speed_kmh": 11.0441},
            {"timestamp": "Thu May 04 19:21:17 UTC 2017"}
        ],
        [
            {"location": [[
                {"latitude": 60.023599},
                {"longitude": 11.105466}
            ]]},
            {"altitude": 171},
            {"distance_km": 1.95043},
            {"speed_kmh": 11.1192},
            {"timestamp": "Thu May 04 19:21:22 UTC 2017"}
        ],
        [
            {"location": [[
                {"latitude": 60.023609},
                {"longitude": 11.105926}
            ]]},
            {"altitude": 166},
            {"distance_km": 1.9761},
            {"speed_kmh": 10.7353},
            {"timestamp": "Thu May 04 19:21:31 UTC 2017"}
        ],
        [
            {"location": [[
                {"latitude": 60.023588},
                {"longitude": 11.106222}
            ]]},
            {"altitude": 168},
            {"distance_km": 1.99275},
            {"speed_kmh": 9.60161},
            {"timestamp": "Thu May 04 19:21:38 UTC 2017"}
        ],
        [
            {"location": [[
                {"latitude": 60.023561},
                {"longitude": 11.106605}
            ]]},
            {"altitude": 173},
            {"distance_km": 2.01433},
            {"speed_kmh": 9.53872},
            {"timestamp": "Thu May 04 19:21:46 UTC 2017"}
        ],
        [
            {"location": [[
                {"latitude": 60.023543},
                {"longitude": 11.106876}
            ]]},
            {"altitude": 168},
            {"distance_km": 2.02953},
            {"speed_kmh": 9.73719},
            {"timestamp": "Thu May 04 19:21:51 UTC 2017"}
        ],
        [
            {"location": [[
                {"latitude": 60.023535},
                {"longitude": 11.107063}
            ]]},
            {"altitude": 169},
            {"distance_km": 2.04001},
            {"speed_kmh": 11.1015},
            {"timestamp": "Thu May 04 19:21:54 UTC 2017"}
        ],
        [
            {"location": [[
                {"latitude": 60.023563},
                {"longitude": 11.107393}
            ]]},
            {"altitude": 168},
            {"distance_km": 2.05868},
            {"speed_kmh": 11.5792},
            {"timestamp": "Thu May 04 19:22:00 UTC 2017"}
        ],
        [
            {"location": [[
                {"latitude": 60.023618},
                {"longitude": 11.107743}
            ]]},
            {"altitude": 169},
            {"distance_km": 2.07913},
            {"speed_kmh": 11.0075},
            {"timestamp": "Thu May 04 19:22:08 UTC 2017"}
        ],
        [
            {"location": [[
                {"latitude": 60.023622},
                {"longitude": 11.108247}
            ]]},
            {"altitude": 165},
            {"distance_km": 2.10724},
            {"speed_kmh": 10.5218},
            {"timestamp": "Thu May 04 19:22:17 UTC 2017"}
        ],
        [
            {"location": [[
                {"latitude": 60.023629},
                {"longitude": 11.108547}
            ]]},
            {"altitude": 170},
            {"distance_km": 2.12396},
            {"speed_kmh": 9.04169},
            {"timestamp": "Thu May 04 19:22:26 UTC 2017"}
        ],
        [
            {"location": [[
                {"latitude": 60.023577},
                {"longitude": 11.108945}
            ]]},
            {"altitude": 170},
            {"distance_km": 2.14691},
            {"speed_kmh": 8.72814},
            {"timestamp": "Thu May 04 19:22:36 UTC 2017"}
        ],
        [
            {"location": [[
                {"latitude": 60.023578},
                {"longitude": 11.109203}
            ]]},
            {"altitude": 168},
            {"distance_km": 2.16134},
            {"speed_kmh": 7.88371},
            {"timestamp": "Thu May 04 19:22:42 UTC 2017"}
        ],
        [
            {"location": [[
                {"latitude": 60.02363},
                {"longitude": 11.109452}
            ]]},
            {"altitude": 169},
            {"distance_km": 2.17637},
            {"speed_kmh": 8.64288},
            {"timestamp": "Thu May 04 19:22:48 UTC 2017"}
        ],
        [
            {"location": [[
                {"latitude": 60.023748},
                {"longitude": 11.109566}
            ]]},
            {"altitude": 167},
            {"distance_km": 2.19097},
            {"speed_kmh": 7.64242},
            {"timestamp": "Thu May 04 19:22:58 UTC 2017"}
        ],
        [
            {"location": [[
                {"latitude": 60.023908},
                {"longitude": 11.109778}
            ]]},
            {"altitude": 172},
            {"distance_km": 2.21238},
            {"speed_kmh": 6.46797},
            {"timestamp": "Thu May 04 19:23:13 UTC 2017"}
        ],
        [
            {"location": [[
                {"latitude": 60.02391},
                {"longitude": 11.110074}
            ]]},
            {"altitude": 175},
            {"distance_km": 2.22889},
            {"speed_kmh": 4.98673},
            {"timestamp": "Thu May 04 19:23:26 UTC 2017"}
        ],
        [
            {"location": [[
                {"latitude": 60.023761},
                {"longitude": 11.110748}
            ]]},
            {"altitude": 181},
            {"distance_km": 2.27},
            {"speed_kmh": 6.75884},
            {"timestamp": "Thu May 04 19:23:40 UTC 2017"}
        ],
        [
            {"location": [[
                {"latitude": 60.023683},
                {"longitude": 11.111138}
            ]]},
            {"altitude": 181},
            {"distance_km": 2.29334},
            {"speed_kmh": 8.55383},
            {"timestamp": "Thu May 04 19:23:48 UTC 2017"}
        ],
        [
            {"location": [[
                {"latitude": 60.023594},
                {"longitude": 11.111528}
            ]]},
            {"altitude": 186},
            {"distance_km": 2.31729},
            {"speed_kmh": 10.2255},
            {"timestamp": "Thu May 04 19:23:57 UTC 2017"}
        ],
        [
            {"location": [[
                {"latitude": 60.023537},
                {"longitude": 11.111857}
            ]]},
            {"altitude": 187},
            {"distance_km": 2.33668},
            {"speed_kmh": 9.28162},
            {"timestamp": "Thu May 04 19:24:06 UTC 2017"}
        ],
        [
            {"location": [[
                {"latitude": 60.023362},
                {"longitude": 11.112461}
            ]]},
            {"altitude": 182},
            {"distance_km": 2.37563},
            {"speed_kmh": 9.35761},
            {"timestamp": "Thu May 04 19:24:19 UTC 2017"}
        ],
        [
            {"location": [[
                {"latitude": 60.023334},
                {"longitude": 11.112746}
            ]]},
            {"altitude": 177},
            {"distance_km": 2.39185},
            {"speed_kmh": 8.61854},
            {"timestamp": "Thu May 04 19:24:27 UTC 2017"}
        ],
        [
            {"location": [[
                {"latitude": 60.02339},
                {"longitude": 11.113086}
            ]]},
            {"altitude": 172},
            {"distance_km": 2.41183},
            {"speed_kmh": 8.69805},
            {"timestamp": "Thu May 04 19:24:36 UTC 2017"}
        ],
        [
            {"location": [[
                {"latitude": 60.023456},
                {"longitude": 11.11339}
            ]]},
            {"altitude": 175},
            {"distance_km": 2.43027},
            {"speed_kmh": 9.53952},
            {"timestamp": "Thu May 04 19:24:41 UTC 2017"}
        ],
        [
            {"location": [[
                {"latitude": 60.023543},
                {"longitude": 11.113657}
            ]]},
            {"altitude": 171},
            {"distance_km": 2.44808},
            {"speed_kmh": 10.6402},
            {"timestamp": "Thu May 04 19:24:47 UTC 2017"}
        ],
        [
            {"location": [[
                {"latitude": 60.023667},
                {"longitude": 11.114017}
            ]]},
            {"altitude": 178},
            {"distance_km": 2.47241},
            {"speed_kmh": 11.6218},
            {"timestamp": "Thu May 04 19:24:55 UTC 2017"}
        ],
        [
            {"location": [[
                {"latitude": 60.023765},
                {"longitude": 11.114536}
            ]]},
            {"altitude": 178},
            {"distance_km": 2.50334},
            {"speed_kmh": 12.5196},
            {"timestamp": "Thu May 04 19:25:02 UTC 2017"}
        ],
        [
            {"location": [[
                {"latitude": 60.023856},
                {"longitude": 11.114681}
            ]]},
            {"altitude": 175},
            {"distance_km": 2.51631},
            {"speed_kmh": 12.0731},
            {"timestamp": "Thu May 04 19:25:07 UTC 2017"}
        ],
        [
            {"location": [[
                {"latitude": 60.02397},
                {"longitude": 11.11469}
            ]]},
            {"altitude": 178},
            {"distance_km": 2.52907},
            {"speed_kmh": 10.6208},
            {"timestamp": "Thu May 04 19:25:14 UTC 2017"}
        ],
        [
            {"location": [[
                {"latitude": 60.024143},
                {"longitude": 11.114733}
            ]]},
            {"altitude": 183},
            {"distance_km": 2.54839},
            {"speed_kmh": 8.60968},
            {"timestamp": "Thu May 04 19:25:21 UTC 2017"}
        ],
        [
            {"location": [[
                {"latitude": 60.024383},
                {"longitude": 11.114749}
            ]]},
            {"altitude": 185},
            {"distance_km": 2.57521},
            {"speed_kmh": 9.52483},
            {"timestamp": "Thu May 04 19:25:29 UTC 2017"}
        ],
        [
            {"location": [[
                {"latitude": 60.024462},
                {"longitude": 11.114749}
            ]]},
            {"altitude": 186},
            {"distance_km": 2.58397},
            {"speed_kmh": 10.7953},
            {"timestamp": "Thu May 04 19:25:32 UTC 2017"}
        ],
        [
            {"location": [[
                {"latitude": 60.024678},
                {"longitude": 11.114782}
            ]]},
            {"altitude": 184},
            {"distance_km": 2.60816},
            {"speed_kmh": 11.1341},
            {"timestamp": "Thu May 04 19:25:40 UTC 2017"}
        ],
        [
            {"location": [[
                {"latitude": 60.025844},
                {"longitude": 11.116002}
            ]]},
            {"altitude": 195},
            {"distance_km": 2.75472},
            {"timestamp": "Thu May 04 19:26:23 UTC 2017"}
        ],
        [
            {"location": [[
                {"latitude": 60.025937},
                {"longitude": 11.116096}
            ]]},
            {"altitude": 185},
            {"distance_km": 2.76637},
            {"timestamp": "Thu May 04 19:26:31 UTC 2017"}
        ],
        [
            {"location": [[
                {"latitude": 60.026146},
                {"longitude": 11.115835}
            ]]},
            {"altitude": 188},
            {"distance_km": 2.79389},
            {"speed_kmh": 9.14063},
            {"timestamp": "Thu May 04 19:26:41 UTC 2017"}
        ],
        [
            {"location": [[
                {"latitude": 60.026332},
                {"longitude": 11.115754}
            ]]},
            {"altitude": 183},
            {"distance_km": 2.81508},
            {"speed_kmh": 7.88184},
            {"timestamp": "Thu May 04 19:26:50 UTC 2017"}
        ],
        [
            {"location": [[
                {"latitude": 60.026432},
                {"longitude": 11.115875}
            ]]},
            {"altitude": 187},
            {"distance_km": 2.82809},
            {"speed_kmh": 7.86469},
            {"timestamp": "Thu May 04 19:26:59 UTC 2017"}
        ],
        [
            {"location": [[
                {"latitude": 60.026432},
                {"longitude": 11.115875}
            ]]},
            {"altitude": 187},
            {"distance_km": 2.82809},
            {"timestamp": "Thu May 04 19:27:06 UTC 2017"}
        ],
        [
            {"location": [[
                {"latitude": 60.02628},
                {"longitude": 11.116034}
            ]]},
            {"altitude": 185},
            {"distance_km": 2.8472},
            {"timestamp": "Thu May 04 19:27:11 UTC 2017"}
        ],
        [
            {"location": [[
                {"latitude": 60.026414},
                {"longitude": 11.116003}
            ]]},
            {"altitude": 186},
            {"distance_km": 2.87717},
            {"speed_kmh": 5.97935},
            {"timestamp": "Thu May 04 19:27:24 UTC 2017"}
        ],
        [
            {"location": [[
                {"latitude": 60.026606},
                {"longitude": 11.115975}
            ]]},
            {"altitude": 187},
            {"distance_km": 2.89865},
            {"speed_kmh": 8.86251},
            {"timestamp": "Thu May 04 19:27:33 UTC 2017"}
        ],
        [
            {"location": [[
                {"latitude": 60.026811},
                {"longitude": 11.115926}
            ]]},
            {"altitude": 190},
            {"distance_km": 2.92166},
            {"speed_kmh": 7.31593},
            {"timestamp": "Thu May 04 19:27:42 UTC 2017"}
        ],
        [
            {"location": [[
                {"latitude": 60.026947},
                {"longitude": 11.115894}
            ]]},
            {"altitude": 189},
            {"distance_km": 2.9369},
            {"speed_kmh": 8.99677},
            {"timestamp": "Thu May 04 19:27:48 UTC 2017"}
        ],
        [
            {"location": [[
                {"latitude": 60.027128},
                {"longitude": 11.115839}
            ]]},
            {"altitude": 186},
            {"distance_km": 2.95732},
            {"speed_kmh": 9.1731},
            {"timestamp": "Thu May 04 19:27:56 UTC 2017"}
        ],
        [
            {"location": [[
                {"latitude": 60.02727},
                {"longitude": 11.115807}
            ]]},
            {"altitude": 187},
            {"distance_km": 2.9732},
            {"speed_kmh": 9.30555},
            {"timestamp": "Thu May 04 19:28:02 UTC 2017"}
        ],
        [
            {"location": [[
                {"latitude": 60.027346},
                {"longitude": 11.115794}
            ]]},
            {"altitude": 188},
            {"distance_km": 2.98174},
            {"speed_kmh": 9.66009},
            {"timestamp": "Thu May 04 19:28:05 UTC 2017"}
        ],
        [
            {"location": [[
                {"latitude": 60.027424},
                {"longitude": 11.115794}
            ]]},
            {"altitude": 191},
            {"distance_km": 2.99045},
            {"speed_kmh": 10.0117},
            {"timestamp": "Thu May 04 19:28:08 UTC 2017"}
        ],
        [
            {"location": [[
                {"latitude": 60.027618},
                {"longitude": 11.115858}
            ]]},
            {"altitude": 186},
            {"distance_km": 3.01228},
            {"speed_kmh": 9.46147},
            {"timestamp": "Thu May 04 19:28:18 UTC 2017"}
        ],
        [
            {"location": [[
                {"latitude": 60.027793},
                {"longitude": 11.115928}
            ]]},
            {"altitude": 183},
            {"distance_km": 3.03223},
            {"speed_kmh": 9.03254},
            {"timestamp": "Thu May 04 19:28:26 UTC 2017"}
        ],
        [
            {"location": [[
                {"latitude": 60.028004},
                {"longitude": 11.115867}
            ]]},
            {"altitude": 182},
            {"distance_km": 3.05594},
            {"speed_kmh": 9.19023},
            {"timestamp": "Thu May 04 19:28:34 UTC 2017"}
        ],
        [
            {"location": [[
                {"latitude": 60.028214},
                {"longitude": 11.115784}
            ]]},
            {"altitude": 182},
            {"distance_km": 3.07981},
            {"speed_kmh": 10.6347},
            {"timestamp": "Thu May 04 19:28:41 UTC 2017"}
        ],
        [
            {"location": [[
                {"latitude": 60.028395},
                {"longitude": 11.115721}
            ]]},
            {"altitude": 181},
            {"distance_km": 3.1003},
            {"speed_kmh": 11.1646},
            {"timestamp": "Thu May 04 19:28:48 UTC 2017"}
        ],
        [
            {"location": [[
                {"latitude": 60.028506},
                {"longitude": 11.115661}
            ]]},
            {"altitude": 181},
            {"distance_km": 3.11306},
            {"speed_kmh": 11.4056},
            {"timestamp": "Thu May 04 19:28:52 UTC 2017"}
        ],
        [
            {"location": [[
                {"latitude": 60.028758},
                {"longitude": 11.115519}
            ]]},
            {"altitude": 184},
            {"distance_km": 3.14224},
            {"speed_kmh": 11.2235},
            {"timestamp": "Thu May 04 19:29:01 UTC 2017"}
        ],
        [
            {"location": [[
                {"latitude": 60.028974},
                {"longitude": 11.115402}
            ]]},
            {"altitude": 183},
            {"distance_km": 3.16717},
            {"speed_kmh": 11.4474},
            {"timestamp": "Thu May 04 19:29:09 UTC 2017"}
        ],
        [
            {"location": [[
                {"latitude": 60.029149},
                {"longitude": 11.115296}
            ]]},
            {"altitude": 187},
            {"distance_km": 3.18756},
            {"speed_kmh": 11.1326},
            {"timestamp": "Thu May 04 19:29:16 UTC 2017"}
        ],
        [
            {"location": [[
                {"latitude": 60.029377},
                {"longitude": 11.11519}
            ]]},
            {"altitude": 185},
            {"distance_km": 3.2136},
            {"speed_kmh": 10.7039},
            {"timestamp": "Thu May 04 19:29:25 UTC 2017"}
        ],
        [
            {"location": [[
                {"latitude": 60.029587},
                {"longitude": 11.115035}
            ]]},
            {"altitude": 184},
            {"distance_km": 3.23864},
            {"speed_kmh": 10.3115},
            {"timestamp": "Thu May 04 19:29:34 UTC 2017"}
        ],
        [
            {"location": [[
                {"latitude": 60.029761},
                {"longitude": 11.114974}
            ]]},
            {"altitude": 185},
            {"distance_km": 3.2583},
            {"speed_kmh": 9.43832},
            {"timestamp": "Thu May 04 19:29:43 UTC 2017"}
        ],
        [
            {"location": [[
                {"latitude": 60.030039},
                {"longitude": 11.114738}
            ]]},
            {"altitude": 178},
            {"distance_km": 3.29193},
            {"speed_kmh": 8.33762},
            {"timestamp": "Thu May 04 19:30:00 UTC 2017"}
        ],
        [
            {"location": [[
                {"latitude": 60.029881},
                {"longitude": 11.114178}
            ]]},
            {"altitude": 180},
            {"distance_km": 3.32777},
            {"speed_kmh": 8.29421},
            {"timestamp": "Thu May 04 19:30:13 UTC 2017"}
        ],
        [
            {"location": [[
                {"latitude": 60.029733},
                {"longitude": 11.113922}
            ]]},
            {"altitude": 182},
            {"distance_km": 3.34959},
            {"speed_kmh": 9.43279},
            {"timestamp": "Thu May 04 19:30:20 UTC 2017"}
        ],
        [
            {"location": [[
                {"latitude": 60.029621},
                {"longitude": 11.113801}
            ]]},
            {"altitude": 181},
            {"distance_km": 3.3637},
            {"speed_kmh": 10.4345},
            {"timestamp": "Thu May 04 19:30:25 UTC 2017"}
        ],
        [
            {"location": [[
                {"latitude": 60.029385},
                {"longitude": 11.113561}
            ]]},
            {"altitude": 179},
            {"distance_km": 3.39318},
            {"speed_kmh": 11.0739},
            {"timestamp": "Thu May 04 19:30:34 UTC 2017"}
        ],
        [
            {"location": [[
                {"latitude": 60.029253},
                {"longitude": 11.113453}
            ]]},
            {"altitude": 181},
            {"distance_km": 3.40908},
            {"speed_kmh": 11.1238},
            {"timestamp": "Thu May 04 19:30:39 UTC 2017"}
        ],
        [
            {"location": [[
                {"latitude": 60.029103},
                {"longitude": 11.113303}
            ]]},
            {"altitude": 182},
            {"distance_km": 3.42783},
            {"speed_kmh": 11.503},
            {"timestamp": "Thu May 04 19:30:45 UTC 2017"}
        ],
        [
            {"location": [[
                {"latitude": 60.029023},
                {"longitude": 11.113212}
            ]]},
            {"altitude": 183},
            {"distance_km": 3.43806},
            {"speed_kmh": 11.6451},
            {"timestamp": "Thu May 04 19:30:48 UTC 2017"}
        ],
        [
            {"location": [[
                {"latitude": 60.028838},
                {"longitude": 11.113049}
            ]]},
            {"altitude": 182},
            {"distance_km": 3.46059},
            {"speed_kmh": 11.6981},
            {"timestamp": "Thu May 04 19:30:55 UTC 2017"}
        ],
        [
            {"location": [[
                {"latitude": 60.028665},
                {"longitude": 11.112895}
            ]]},
            {"altitude": 181},
            {"distance_km": 3.48168},
            {"speed_kmh": 11.5423},
            {"timestamp": "Thu May 04 19:31:02 UTC 2017"}
        ],
        [
            {"location": [[
                {"latitude": 60.02846},
                {"longitude": 11.112682}
            ]]},
            {"altitude": 181},
            {"distance_km": 3.50747},
            {"speed_kmh": 11.3445},
            {"timestamp": "Thu May 04 19:31:10 UTC 2017"}
        ],
        [
            {"location": [[
                {"latitude": 60.028265},
                {"longitude": 11.112461}
            ]]},
            {"altitude": 182},
            {"distance_km": 3.5324},
            {"speed_kmh": 11.2225},
            {"timestamp": "Thu May 04 19:31:18 UTC 2017"}
        ],
        [
            {"location": [[
                {"latitude": 60.028088},
                {"longitude": 11.112295}
            ]]},
            {"altitude": 180},
            {"distance_km": 3.55416},
            {"speed_kmh": 11.3553},
            {"timestamp": "Thu May 04 19:31:25 UTC 2017"}
        ],
        [
            {"location": [[
                {"latitude": 60.028021},
                {"longitude": 11.112247}
            ]]},
            {"altitude": 178},
            {"distance_km": 3.56214},
            {"speed_kmh": 10.6745},
            {"timestamp": "Thu May 04 19:31:28 UTC 2017"}
        ],
        [
            {"location": [[
                {"latitude": 60.02795},
                {"longitude": 11.112196}
            ]]},
            {"altitude": 179},
            {"distance_km": 3.5705},
            {"speed_kmh": 10.265},
            {"timestamp": "Thu May 04 19:31:31 UTC 2017"}
        ],
        [
            {"location": [[
                {"latitude": 60.027716},
                {"longitude": 11.111972}
            ]]},
            {"altitude": 181},
            {"distance_km": 3.59946},
            {"speed_kmh": 10.0111},
            {"timestamp": "Thu May 04 19:31:41 UTC 2017"}
        ],
        [
            {"location": [[
                {"latitude": 60.027547},
                {"longitude": 11.111828}
            ]]},
            {"altitude": 179},
            {"distance_km": 3.61985},
            {"speed_kmh": 10.3025},
            {"timestamp": "Thu May 04 19:31:48 UTC 2017"}
        ],
        [
            {"location": [[
                {"latitude": 60.027363},
                {"longitude": 11.111683}
            ]]},
            {"altitude": 177},
            {"distance_km": 3.64194},
            {"speed_kmh": 10.2917},
            {"timestamp": "Thu May 04 19:31:56 UTC 2017"}
        ],
        [
            {"location": [[
                {"latitude": 60.027246},
                {"longitude": 11.111573}
            ]]},
            {"altitude": 174},
            {"distance_km": 3.65635},
            {"speed_kmh": 10.2683},
            {"timestamp": "Thu May 04 19:32:01 UTC 2017"}
        ],
        [
            {"location": [[
                {"latitude": 60.027055},
                {"longitude": 11.111441}
            ]]},
            {"altitude": 176},
            {"distance_km": 3.6789},
            {"speed_kmh": 10.1561},
            {"timestamp": "Thu May 04 19:32:09 UTC 2017"}
        ],
        [
            {"location": [[
                {"latitude": 60.02695},
                {"longitude": 11.111335}
            ]]},
            {"altitude": 175},
            {"distance_km": 3.69199},
            {"speed_kmh": 9.45469},
            {"timestamp": "Thu May 04 19:32:15 UTC 2017"}
        ],
        [
            {"location": [[
                {"latitude": 60.026831},
                {"longitude": 11.111158}
            ]]},
            {"altitude": 178},
            {"distance_km": 3.70847},
            {"speed_kmh": 8.82922},
            {"timestamp": "Thu May 04 19:32:22 UTC 2017"}
        ],
        [
            {"location": [[
                {"latitude": 60.026721},
                {"longitude": 11.110926}
            ]]},
            {"altitude": 176},
            {"distance_km": 3.72629},
            {"speed_kmh": 8.99871},
            {"timestamp": "Thu May 04 19:32:28 UTC 2017"}
        ],
        [
            {"location": [[
                {"latitude": 60.026586},
                {"longitude": 11.110619}
            ]]},
            {"altitude": 176},
            {"distance_km": 3.74912},
            {"speed_kmh": 10.2941},
            {"timestamp": "Thu May 04 19:32:35 UTC 2017"}
        ],
        [
            {"location": [[
                {"latitude": 60.026437},
                {"longitude": 11.110199}
            ]]},
            {"altitude": 172},
            {"distance_km": 3.77783},
            {"speed_kmh": 11.2961},
            {"timestamp": "Thu May 04 19:32:44 UTC 2017"}
        ],
        [
            {"location": [[
                {"latitude": 60.026307},
                {"longitude": 11.109952}
            ]]},
            {"altitude": 171},
            {"distance_km": 3.79782},
            {"speed_kmh": 11.1701},
            {"timestamp": "Thu May 04 19:32:51 UTC 2017"}
        ],
        [
            {"location": [[
                {"latitude": 60.026201},
                {"longitude": 11.109617}
            ]]},
            {"altitude": 172},
            {"distance_km": 3.81988},
            {"speed_kmh": 10.5646},
            {"timestamp": "Thu May 04 19:32:59 UTC 2017"}
        ],
        [
            {"location": [[
                {"latitude": 60.026126},
                {"longitude": 11.109455}
            ]]},
            {"altitude": 169},
            {"distance_km": 3.83219},
            {"speed_kmh": 9.68834},
            {"timestamp": "Thu May 04 19:33:04 UTC 2017"}
        ],
        [
            {"location": [[
                {"latitude": 60.02598},
                {"longitude": 11.109118}
            ]]},
            {"altitude": 165},
            {"distance_km": 3.85703},
            {"speed_kmh": 9.57578},
            {"timestamp": "Thu May 04 19:33:13 UTC 2017"}
        ],
        [
            {"location": [[
                {"latitude": 60.025867},
                {"longitude": 11.108729}
            ]]},
            {"altitude": 166},
            {"distance_km": 3.88211},
            {"speed_kmh": 10.0271},
            {"timestamp": "Thu May 04 19:33:21 UTC 2017"}
        ],
        [
            {"location": [[
                {"latitude": 60.025826},
                {"longitude": 11.108592}
            ]]},
            {"altitude": 167},
            {"distance_km": 3.89103},
            {"speed_kmh": 10.647},
            {"timestamp": "Thu May 04 19:33:24 UTC 2017"}
        ],
        [
            {"location": [[
                {"latitude": 60.025706},
                {"longitude": 11.108212}
            ]]},
            {"altitude": 168},
            {"distance_km": 3.91603},
            {"speed_kmh": 11.0825},
            {"timestamp": "Thu May 04 19:33:32 UTC 2017"}
        ],
        [
            {"location": [[
                {"latitude": 60.025594},
                {"longitude": 11.107875}
            ]]},
            {"altitude": 168},
            {"distance_km": 3.93858},
            {"speed_kmh": 10.7005},
            {"timestamp": "Thu May 04 19:33:40 UTC 2017"}
        ],
        [
            {"location": [[
                {"latitude": 60.02547},
                {"longitude": 11.107557}
            ]]},
            {"altitude": 169},
            {"distance_km": 3.96111},
            {"speed_kmh": 9.83038},
            {"timestamp": "Thu May 04 19:33:50 UTC 2017"}
        ],
        [
            {"location": [[
                {"latitude": 60.025302},
                {"longitude": 11.107123}
            ]]},
            {"altitude": 169},
            {"distance_km": 3.9917},
            {"speed_kmh": 9.75738},
            {"timestamp": "Thu May 04 19:34:00 UTC 2017"}
        ],
        [
            {"location": [[
                {"latitude": 60.025153},
                {"longitude": 11.106814}
            ]]},
            {"altitude": 171},
            {"distance_km": 4.01562},
            {"speed_kmh": 10.4807},
            {"timestamp": "Thu May 04 19:34:07 UTC 2017"}
        ],
        [
            {"location": [[
                {"latitude": 60.025135},
                {"longitude": 11.106603}
            ]]},
            {"altitude": 166},
            {"distance_km": 4.02755},
            {"speed_kmh": 9.823},
            {"timestamp": "Thu May 04 19:34:14 UTC 2017"}
        ],
        [
            {"location": [[
                {"latitude": 60.025095},
                {"longitude": 11.106191}
            ]]},
            {"altitude": 167},
            {"distance_km": 4.05093},
            {"speed_kmh": 8.95214},
            {"timestamp": "Thu May 04 19:34:24 UTC 2017"}
        ],
        [
            {"location": [[
                {"latitude": 60.024979},
                {"longitude": 11.105771}
            ]]},
            {"altitude": 166},
            {"distance_km": 4.07768},
            {"speed_kmh": 8.86542},
            {"timestamp": "Thu May 04 19:34:32 UTC 2017"}
        ],
        [
            {"location": [[
                {"latitude": 60.024943},
                {"longitude": 11.105499}
            ]]},
            {"altitude": 166},
            {"distance_km": 4.09339},
            {"speed_kmh": 9.95926},
            {"timestamp": "Thu May 04 19:34:38 UTC 2017"}
        ],
        [
            {"location": [[
                {"latitude": 60.024934},
                {"longitude": 11.105092}
            ]]},
            {"altitude": 167},
            {"distance_km": 4.11611},
            {"speed_kmh": 10.1856},
            {"timestamp": "Thu May 04 19:34:47 UTC 2017"}
        ],
        [
            {"location": [[
                {"latitude": 60.024907},
                {"longitude": 11.104818}
            ]]},
            {"altitude": 164},
            {"distance_km": 4.13165},
            {"speed_kmh": 9.27727},
            {"timestamp": "Thu May 04 19:34:53 UTC 2017"}
        ],
        [
            {"location": [[
                {"latitude": 60.024878},
                {"longitude": 11.104491}
            ]]},
            {"altitude": 167},
            {"distance_km": 4.15018},
            {"speed_kmh": 8.60835},
            {"timestamp": "Thu May 04 19:35:02 UTC 2017"}
        ],
        [
            {"location": [[
                {"latitude": 60.024874},
                {"longitude": 11.103914}
            ]]},
            {"altitude": 168},
            {"distance_km": 4.18238},
            {"speed_kmh": 9.43992},
            {"timestamp": "Thu May 04 19:35:12 UTC 2017"}
        ],
        [
            {"location": [[
                {"latitude": 60.024766},
                {"longitude": 11.103653}
            ]]},
            {"altitude": 164},
            {"distance_km": 4.20126},
            {"speed_kmh": 8.85099},
            {"timestamp": "Thu May 04 19:35:21 UTC 2017"}
        ],
        [
            {"location": [[
                {"latitude": 60.024664},
                {"longitude": 11.103186}
            ]]},
            {"altitude": 163},
            {"distance_km": 4.22969},
            {"speed_kmh": 9.79516},
            {"timestamp": "Thu May 04 19:35:31 UTC 2017"}
        ],
        [
            {"location": [[
                {"latitude": 60.02457},
                {"longitude": 11.102951}
            ]]},
            {"altitude": 166},
            {"distance_km": 4.24646},
            {"speed_kmh": 9.28359},
            {"timestamp": "Thu May 04 19:35:37 UTC 2017"}
        ],
        [
            {"location": [[
                {"latitude": 60.024488},
                {"longitude": 11.102919}
            ]]},
            {"altitude": 164},
            {"distance_km": 4.25573},
            {"timestamp": "Thu May 04 19:35:41 UTC 2017"}
        ],
        [
            {"location": [[
                {"latitude": 60.024435},
                {"longitude": 11.103102}
            ]]},
            {"altitude": 165},
            {"distance_km": 4.28476},
            {"timestamp": "Thu May 04 19:35:50 UTC 2017"}
        ],
        [
            {"location": [[
                {"latitude": 60.024282},
                {"longitude": 11.103532}
            ]]},
            {"altitude": 171},
            {"distance_km": 4.31414},
            {"speed_kmh": 7.29612},
            {"timestamp": "Thu May 04 19:36:02 UTC 2017"}
        ],
        [
            {"location": [[
                {"latitude": 60.024138},
                {"longitude": 11.10385}
            ]]},
            {"altitude": 170},
            {"distance_km": 4.33808},
            {"speed_kmh": 8.61133},
            {"timestamp": "Thu May 04 19:36:09 UTC 2017"}
        ],
        [
            {"location": [[
                {"latitude": 60.024029},
                {"longitude": 11.104143}
            ]]},
            {"altitude": 169},
            {"distance_km": 4.35842},
            {"speed_kmh": 9.75033},
            {"timestamp": "Thu May 04 19:36:18 UTC 2017"}
        ],
        [
            {"location": [[
                {"latitude": 60.023897},
                {"longitude": 11.104651}
            ]]},
            {"altitude": 166},
            {"distance_km": 4.39033},
            {"speed_kmh": 10.6429},
            {"timestamp": "Thu May 04 19:36:28 UTC 2017"}
        ],
        [
            {"location": [[
                {"latitude": 60.023839},
                {"longitude": 11.104815}
            ]]},
            {"altitude": 166},
            {"distance_km": 4.40155},
            {"speed_kmh": 8.78499},
            {"timestamp": "Thu May 04 19:36:34 UTC 2017"}
        ],
        [
            {"location": [[
                {"latitude": 60.02379},
                {"longitude": 11.105138}
            ]]},
            {"altitude": 169},
            {"distance_km": 4.42039},
            {"speed_kmh": 8.33645},
            {"timestamp": "Thu May 04 19:36:44 UTC 2017"}
        ],
        [
            {"location": [[
                {"latitude": 60.023693},
                {"longitude": 11.105726}
            ]]},
            {"altitude": 169},
            {"distance_km": 4.4549},
            {"speed_kmh": 9.68447},
            {"timestamp": "Thu May 04 19:36:52 UTC 2017"}
        ],
        [
            {"location": [[
                {"latitude": 60.023657},
                {"longitude": 11.106082}
            ]]},
            {"altitude": 169},
            {"distance_km": 4.47514},
            {"speed_kmh": 10.4784},
            {"timestamp": "Thu May 04 19:37:00 UTC 2017"}
        ],
        [
            {"location": [[
                {"latitude": 60.023632},
                {"longitude": 11.106385}
            ]]},
            {"altitude": 168},
            {"distance_km": 4.49227},
            {"speed_kmh": 11.1506},
            {"timestamp": "Thu May 04 19:37:07 UTC 2017"}
        ],
        [
            {"location": [[
                {"latitude": 60.023587},
                {"longitude": 11.10689}
            ]]},
            {"altitude": 168},
            {"distance_km": 4.52086},
            {"speed_kmh": 10.2573},
            {"timestamp": "Thu May 04 19:37:15 UTC 2017"}
        ],
        [
            {"location": [[
                {"latitude": 60.023612},
                {"longitude": 11.107286}
            ]]},
            {"altitude": 164},
            {"distance_km": 4.54312},
            {"speed_kmh": 10.1903},
            {"timestamp": "Thu May 04 19:37:24 UTC 2017"}
        ],
        [
            {"location": [[
                {"latitude": 60.023697},
                {"longitude": 11.107571}
            ]]},
            {"altitude": 169},
            {"distance_km": 4.56161},
            {"speed_kmh": 9.72165},
            {"timestamp": "Thu May 04 19:37:33 UTC 2017"}
        ],
        [
            {"location": [[
                {"latitude": 60.023739},
                {"longitude": 11.107809}
            ]]},
            {"altitude": 171},
            {"distance_km": 4.57571},
            {"speed_kmh": 7.85322},
            {"timestamp": "Thu May 04 19:37:40 UTC 2017"}
        ],
        [
            {"location": [[
                {"latitude": 60.02372},
                {"longitude": 11.108278}
            ]]},
            {"altitude": 176},
            {"distance_km": 4.60195},
            {"speed_kmh": 8.38056},
            {"timestamp": "Thu May 04 19:37:49 UTC 2017"}
        ],
        [
            {"location": [[
                {"latitude": 60.023666},
                {"longitude": 11.10867}
            ]]},
            {"altitude": 176},
            {"distance_km": 4.62458},
            {"speed_kmh": 9.79438},
            {"timestamp": "Thu May 04 19:37:56 UTC 2017"}
        ],
        [
            {"location": [[
                {"latitude": 60.023616},
                {"longitude": 11.10892}
            ]]},
            {"altitude": 175},
            {"distance_km": 4.63958},
            {"speed_kmh": 10.9763},
            {"timestamp": "Thu May 04 19:38:01 UTC 2017"}
        ],
        [
            {"location": [[
                {"latitude": 60.02359},
                {"longitude": 11.109322}
            ]]},
            {"altitude": 171},
            {"distance_km": 4.66222},
            {"speed_kmh": 11.357},
            {"timestamp": "Thu May 04 19:38:08 UTC 2017"}
        ],
        [
            {"location": [[
                {"latitude": 60.023645},
                {"longitude": 11.109512}
            ]]},
            {"altitude": 169},
            {"distance_km": 4.67447},
            {"speed_kmh": 10.4167},
            {"timestamp": "Thu May 04 19:38:13 UTC 2017"}
        ],
        [
            {"location": [[
                {"latitude": 60.023773},
                {"longitude": 11.109646}
            ]]},
            {"altitude": 166},
            {"distance_km": 4.69058},
            {"speed_kmh": 8.30466},
            {"timestamp": "Thu May 04 19:38:26 UTC 2017"}
        ],
        [
            {"location": [[
                {"latitude": 60.023871},
                {"longitude": 11.110241}
            ]]},
            {"altitude": 178},
            {"distance_km": 4.72551},
            {"speed_kmh": 6.89296},
            {"timestamp": "Thu May 04 19:38:43 UTC 2017"}
        ],
        [
            {"location": [[
                {"latitude": 60.023871},
                {"longitude": 11.110424}
            ]]},
            {"altitude": 186},
            {"distance_km": 4.73569},
            {"speed_kmh": 5.9759},
            {"timestamp": "Thu May 04 19:38:49 UTC 2017"}
        ],
        [
            {"location": [[
                {"latitude": 60.023739},
                {"longitude": 11.110971}
            ]]},
            {"altitude": 184},
            {"distance_km": 4.76954},
            {"speed_kmh": 7.62342},
            {"timestamp": "Thu May 04 19:39:02 UTC 2017"}
        ],
        [
            {"location": [[
                {"latitude": 60.023669},
                {"longitude": 11.111251}
            ]]},
            {"altitude": 184},
            {"distance_km": 4.78701},
            {"speed_kmh": 9.34497},
            {"timestamp": "Thu May 04 19:39:07 UTC 2017"}
        ],
        [
            {"location": [[
                {"latitude": 60.023607},
                {"longitude": 11.111531}
            ]]},
            {"altitude": 183},
            {"distance_km": 4.80406},
            {"speed_kmh": 9.58935},
            {"timestamp": "Thu May 04 19:39:16 UTC 2017"}
        ],
        [
            {"location": [[
                {"latitude": 60.023518},
                {"longitude": 11.111935}
            ]]},
            {"altitude": 188},
            {"distance_km": 4.82869},
            {"speed_kmh": 8.92338},
            {"timestamp": "Thu May 04 19:39:28 UTC 2017"}
        ],
        [
            {"location": [[
                {"latitude": 60.023432},
                {"longitude": 11.112324}
            ]]},
            {"altitude": 187},
            {"distance_km": 4.8524},
            {"speed_kmh": 7.89918},
            {"timestamp": "Thu May 04 19:39:37 UTC 2017"}
        ],
        [
            {"location": [[
                {"latitude": 60.023388},
                {"longitude": 11.112705}
            ]]},
            {"altitude": 184},
            {"distance_km": 4.8742},
            {"speed_kmh": 9.99235},
            {"timestamp": "Thu May 04 19:39:43 UTC 2017"}
        ],
        [
            {"location": [[
                {"latitude": 60.023403},
                {"longitude": 11.112956}
            ]]},
            {"altitude": 181},
            {"distance_km": 4.88831},
            {"speed_kmh": 11.7552},
            {"timestamp": "Thu May 04 19:39:47 UTC 2017"}
        ],
        [
            {"location": [[
                {"latitude": 60.02346},
                {"longitude": 11.113267}
            ]]},
            {"altitude": 174},
            {"distance_km": 4.90679},
            {"speed_kmh": 11.757},
            {"timestamp": "Thu May 04 19:39:54 UTC 2017"}
        ],
        [
            {"location": [[
                {"latitude": 60.023565},
                {"longitude": 11.113713}
            ]]},
            {"altitude": 170},
            {"distance_km": 4.93425},
            {"speed_kmh": 11.5112},
            {"timestamp": "Thu May 04 19:40:02 UTC 2017"}
        ],
        [
            {"location": [[
                {"latitude": 60.023662},
                {"longitude": 11.114111}
            ]]},
            {"altitude": 171},
            {"distance_km": 4.95891},
            {"speed_kmh": 10.5746},
            {"timestamp": "Thu May 04 19:40:11 UTC 2017"}
        ],
        [
            {"location": [[
                {"latitude": 60.023739},
                {"longitude": 11.11434}
            ]]},
            {"altitude": 171},
            {"distance_km": 4.97431},
            {"speed_kmh": 10.4836},
            {"timestamp": "Thu May 04 19:40:17 UTC 2017"}
        ],
        [
            {"location": [[
                {"latitude": 60.024013},
                {"longitude": 11.11465}
            ]]},
            {"altitude": 176},
            {"distance_km": 5.00935},
            {"speed_kmh": 10.5738},
            {"timestamp": "Thu May 04 19:40:27 UTC 2017"}
        ],
        [
            {"location": [[
                {"latitude": 60.024013},
                {"longitude": 11.11465}
            ]]},
            {"distance_km": 5.00935},
            {"timestamp": "Thu May 04 19:40:27 UTC 2017"}
        ],
        [
            {"location": [[
                {"latitude": 60.024013},
                {"longitude": 11.11465}
            ]]},
            {"distance_km": 5.00935},
            {"timestamp": "Thu May 04 19:40:33 UTC 2017"}
        ]
    ]}
]