[
    {"sport": "RUNNING"},
    {"source": "INPUT_MANUAL_MOBILE"},
    {"created_date": "2017-10-22 09:01:34.0"},
    {"start_time": "2017-10-19 17:05:53.0"},
    {"end_time": "2017-10-19 17:06:10.0"},
    {"duration_s": 16},
    {"distance_km": 0},
    {"speed_avg_kmh": 0},
    {"hydration_l": 3.34E-4},
    {"points": [
        [
            {"distance_km": 0},
            {"timestamp": "Thu Oct 19 17:05:53 UTC 2017"}
        ],
        [
            {"distance_km": 0},
            {"timestamp": "Thu Oct 19 17:06:10 UTC 2017"}
        ],
        [
            {"distance_km": 0},
            {"timestamp": "Thu Oct 19 17:06:17 UTC 2017"}
        ]
    ]}
]