[
    {"sport": "RUNNING"},
    {"source": "TRACK_MOBILE"},
    {"created_date": "2017-04-27 18:43:38.0"},
    {"start_time": "2017-04-27 18:13:35.0"},
    {"end_time": "2017-04-27 18:43:17.0"},
    {"duration_s": 1781},
    {"distance_km": 5.097661018371582},
    {"calories_kcal": 313},
    {"altitude_min_m": 154},
    {"altitude_max_m": 193},
    {"speed_avg_kmh": 10.304087403783097},
    {"speed_max_kmh": 13.7848},
    {"hydration_l": 0.191765},
    {"ascend_m": 72},
    {"descend_m": 76},
    {"points": [
        [
            {"location": [[
                {"latitude": 60.024156},
                {"longitude": 11.115014}
            ]]},
            {"distance_km": 0},
            {"timestamp": "Thu Apr 27 18:13:35 UTC 2017"}
        ],
        [
            {"location": [[
                {"latitude": 60.024156},
                {"longitude": 11.115014}
            ]]},
            {"altitude": 185},
            {"distance_km": 0},
            {"timestamp": "Thu Apr 27 18:13:36 UTC 2017"}
        ],
        [
            {"location": [[
                {"latitude": 60.024137},
                {"longitude": 11.114767}
            ]]},
            {"altitude": 183},
            {"distance_km": 0.027887},
            {"timestamp": "Thu Apr 27 18:13:45 UTC 2017"}
        ],
        [
            {"location": [[
                {"latitude": 60.024312},
                {"longitude": 11.114738}
            ]]},
            {"altitude": 185},
            {"distance_km": 0.047448},
            {"timestamp": "Thu Apr 27 18:13:52 UTC 2017"}
        ],
        [
            {"location": [[
                {"latitude": 60.024598},
                {"longitude": 11.114723}
            ]]},
            {"altitude": 184},
            {"distance_km": 0.079254},
            {"speed_kmh": 9.4551},
            {"timestamp": "Thu Apr 27 18:14:01 UTC 2017"}
        ],
        [
            {"location": [[
                {"latitude": 60.02479},
                {"longitude": 11.114779}
            ]]},
            {"altitude": 183},
            {"distance_km": 0.100969},
            {"speed_kmh": 11.9366},
            {"timestamp": "Thu Apr 27 18:14:07 UTC 2017"}
        ],
        [
            {"location": [[
                {"latitude": 60.026059},
                {"longitude": 11.115793}
            ]]},
            {"altitude": 172},
            {"distance_km": 0.253177},
            {"timestamp": "Thu Apr 27 18:14:51 UTC 2017"}
        ],
        [
            {"location": [[
                {"latitude": 60.026267},
                {"longitude": 11.115625}
            ]]},
            {"altitude": 187},
            {"distance_km": 0.278174},
            {"timestamp": "Thu Apr 27 18:14:58 UTC 2017"}
        ],
        [
            {"location": [[
                {"latitude": 60.026401},
                {"longitude": 11.115709}
            ]]},
            {"altitude": 190},
            {"distance_km": 0.293849},
            {"speed_kmh": 12.1866},
            {"timestamp": "Thu Apr 27 18:15:03 UTC 2017"}
        ],
        [
            {"location": [[
                {"latitude": 60.026383},
                {"longitude": 11.11597}
            ]]},
            {"altitude": 182},
            {"distance_km": 0.308578},
            {"speed_kmh": 10.5665},
            {"timestamp": "Thu Apr 27 18:15:10 UTC 2017"}
        ],
        [
            {"location": [[
                {"latitude": 60.026219},
                {"longitude": 11.11617}
            ]]},
            {"altitude": 182},
            {"distance_km": 0.329941},
            {"speed_kmh": 9.48477},
            {"timestamp": "Thu Apr 27 18:15:18 UTC 2017"}
        ],
        [
            {"location": [[
                {"latitude": 60.026177},
                {"longitude": 11.116208}
            ]]},
            {"altitude": 184},
            {"distance_km": 0.335071},
            {"timestamp": "Thu Apr 27 18:15:21 UTC 2017"}
        ],
        [
            {"location": [[
                {"latitude": 60.026219},
                {"longitude": 11.11617}
            ]]},
            {"altitude": 182},
            {"distance_km": 0.340201},
            {"timestamp": "Thu Apr 27 18:15:27 UTC 2017"}
        ],
        [
            {"location": [[
                {"latitude": 60.026423},
                {"longitude": 11.116102}
            ]]},
            {"altitude": 186},
            {"distance_km": 0.386278},
            {"speed_kmh": 7.68072},
            {"timestamp": "Thu Apr 27 18:15:33 UTC 2017"}
        ],
        [
            {"location": [[
                {"latitude": 60.02662},
                {"longitude": 11.116028}
            ]]},
            {"altitude": 192},
            {"distance_km": 0.408605},
            {"speed_kmh": 10.0846},
            {"timestamp": "Thu Apr 27 18:15:39 UTC 2017"}
        ],
        [
            {"location": [[
                {"latitude": 60.028374},
                {"longitude": 11.115786}
            ]]},
            {"altitude": 178},
            {"distance_km": 0.604493},
            {"speed_kmh": 3.73148},
            {"timestamp": "Thu Apr 27 18:16:42 UTC 2017"}
        ],
        [
            {"location": [[
                {"latitude": 60.028591},
                {"longitude": 11.115635}
            ]]},
            {"altitude": 188},
            {"distance_km": 0.630105},
            {"speed_kmh": 7.57672},
            {"timestamp": "Thu Apr 27 18:16:50 UTC 2017"}
        ],
        [
            {"location": [[
                {"latitude": 60.028675},
                {"longitude": 11.115588}
            ]]},
            {"altitude": 193},
            {"distance_km": 0.639809},
            {"speed_kmh": 11.4621},
            {"timestamp": "Thu Apr 27 18:16:53 UTC 2017"}
        ],
        [
            {"location": [[
                {"latitude": 60.028764},
                {"longitude": 11.11554}
            ]]},
            {"altitude": 192},
            {"distance_km": 0.650019},
            {"speed_kmh": 11.8147},
            {"timestamp": "Thu Apr 27 18:16:56 UTC 2017"}
        ],
        [
            {"location": [[
                {"latitude": 60.028966},
                {"longitude": 11.115416}
            ]]},
            {"altitude": 193},
            {"distance_km": 0.673649},
            {"speed_kmh": 12.0181},
            {"timestamp": "Thu Apr 27 18:17:03 UTC 2017"}
        ],
        [
            {"location": [[
                {"latitude": 60.029124},
                {"longitude": 11.1153}
            ]]},
            {"altitude": 189},
            {"distance_km": 0.692394},
            {"speed_kmh": 11.8836},
            {"timestamp": "Thu Apr 27 18:17:09 UTC 2017"}
        ],
        [
            {"location": [[
                {"latitude": 60.029251},
                {"longitude": 11.115207}
            ]]},
            {"altitude": 187},
            {"distance_km": 0.707378},
            {"speed_kmh": 11.394},
            {"timestamp": "Thu Apr 27 18:17:14 UTC 2017"}
        ],
        [
            {"location": [[
                {"latitude": 60.029365},
                {"longitude": 11.115128}
            ]]},
            {"altitude": 188},
            {"distance_km": 0.720872},
            {"speed_kmh": 10.584},
            {"timestamp": "Thu Apr 27 18:17:19 UTC 2017"}
        ],
        [
            {"location": [[
                {"latitude": 60.029489},
                {"longitude": 11.115048}
            ]]},
            {"altitude": 185},
            {"distance_km": 0.735364},
            {"speed_kmh": 10.3022},
            {"timestamp": "Thu Apr 27 18:17:24 UTC 2017"}
        ],
        [
            {"location": [[
                {"latitude": 60.029704},
                {"longitude": 11.114966}
            ]]},
            {"altitude": 185},
            {"distance_km": 0.759785},
            {"speed_kmh": 10.3776},
            {"timestamp": "Thu Apr 27 18:17:32 UTC 2017"}
        ],
        [
            {"location": [[
                {"latitude": 60.029832},
                {"longitude": 11.11494}
            ]]},
            {"altitude": 181},
            {"distance_km": 0.77407},
            {"speed_kmh": 9.98723},
            {"timestamp": "Thu Apr 27 18:17:38 UTC 2017"}
        ],
        [
            {"location": [[
                {"latitude": 60.030113},
                {"longitude": 11.114873}
            ]]},
            {"altitude": 186},
            {"distance_km": 0.805614},
            {"speed_kmh": 10.7319},
            {"timestamp": "Thu Apr 27 18:17:47 UTC 2017"}
        ],
        [
            {"location": [[
                {"latitude": 60.030113},
                {"longitude": 11.114873}
            ]]},
            {"altitude": 186},
            {"distance_km": 0.805614},
            {"timestamp": "Thu Apr 27 18:17:52 UTC 2017"}
        ],
        [
            {"location": [[
                {"latitude": 60.030113},
                {"longitude": 11.114873}
            ]]},
            {"altitude": 186},
            {"distance_km": 0.805614},
            {"timestamp": "Thu Apr 27 18:17:53 UTC 2017"}
        ],
        [
            {"location": [[
                {"latitude": 60.029999},
                {"longitude": 11.114342}
            ]]},
            {"altitude": 185},
            {"distance_km": 0.86999},
            {"speed_kmh": 5.53772},
            {"timestamp": "Thu Apr 27 18:18:00 UTC 2017"}
        ],
        [
            {"location": [[
                {"latitude": 60.029838},
                {"longitude": 11.114034}
            ]]},
            {"altitude": 183},
            {"distance_km": 0.894828},
            {"speed_kmh": 9.79013},
            {"timestamp": "Thu Apr 27 18:18:07 UTC 2017"}
        ],
        [
            {"location": [[
                {"latitude": 60.029672},
                {"longitude": 11.113898}
            ]]},
            {"altitude": 182},
            {"distance_km": 0.914811},
            {"speed_kmh": 13.7848},
            {"timestamp": "Thu Apr 27 18:18:13 UTC 2017"}
        ],
        [
            {"location": [[
                {"latitude": 60.029476},
                {"longitude": 11.113755}
            ]]},
            {"altitude": 181},
            {"distance_km": 0.938062},
            {"speed_kmh": 12.2312},
            {"timestamp": "Thu Apr 27 18:18:20 UTC 2017"}
        ],
        [
            {"location": [[
                {"latitude": 60.029276},
                {"longitude": 11.113614}
            ]]},
            {"altitude": 180},
            {"distance_km": 0.961662},
            {"speed_kmh": 12.0113},
            {"timestamp": "Thu Apr 27 18:18:27 UTC 2017"}
        ],
        [
            {"location": [[
                {"latitude": 60.029073},
                {"longitude": 11.113444}
            ]]},
            {"altitude": 179},
            {"distance_km": 0.986135},
            {"speed_kmh": 12.2342},
            {"timestamp": "Thu Apr 27 18:18:34 UTC 2017"}
        ],
        [
            {"location": [[
                {"latitude": 60.028897},
                {"longitude": 11.113289}
            ]]},
            {"altitude": 179},
            {"distance_km": 1.0076},
            {"speed_kmh": 12.532},
            {"timestamp": "Thu Apr 27 18:18:40 UTC 2017"}
        ],
        [
            {"location": [[
                {"latitude": 60.028692},
                {"longitude": 11.113105}
            ]]},
            {"altitude": 179},
            {"distance_km": 1.03266},
            {"speed_kmh": 12.7939},
            {"timestamp": "Thu Apr 27 18:18:47 UTC 2017"}
        ],
        [
            {"location": [[
                {"latitude": 60.028488},
                {"longitude": 11.112906}
            ]]},
            {"altitude": 179},
            {"distance_km": 1.05789},
            {"speed_kmh": 12.9059},
            {"timestamp": "Thu Apr 27 18:18:54 UTC 2017"}
        ],
        [
            {"location": [[
                {"latitude": 60.028299},
                {"longitude": 11.112713}
            ]]},
            {"altitude": 179},
            {"distance_km": 1.08158},
            {"speed_kmh": 12.6914},
            {"timestamp": "Thu Apr 27 18:19:01 UTC 2017"}
        ],
        [
            {"location": [[
                {"latitude": 60.028143},
                {"longitude": 11.112554}
            ]]},
            {"altitude": 178},
            {"distance_km": 1.10108},
            {"speed_kmh": 12.2605},
            {"timestamp": "Thu Apr 27 18:19:07 UTC 2017"}
        ],
        [
            {"location": [[
                {"latitude": 60.027935},
                {"longitude": 11.112347}
            ]]},
            {"altitude": 178},
            {"distance_km": 1.12699},
            {"speed_kmh": 11.8365},
            {"timestamp": "Thu Apr 27 18:19:15 UTC 2017"}
        ],
        [
            {"location": [[
                {"latitude": 60.027728},
                {"longitude": 11.112163}
            ]]},
            {"altitude": 177},
            {"distance_km": 1.1522},
            {"speed_kmh": 11.5592},
            {"timestamp": "Thu Apr 27 18:19:23 UTC 2017"}
        ],
        [
            {"location": [[
                {"latitude": 60.027624},
                {"longitude": 11.112066}
            ]]},
            {"altitude": 177},
            {"distance_km": 1.16498},
            {"speed_kmh": 11.5308},
            {"timestamp": "Thu Apr 27 18:19:27 UTC 2017"}
        ],
        [
            {"location": [[
                {"latitude": 60.027499},
                {"longitude": 11.111972}
            ]]},
            {"altitude": 175},
            {"distance_km": 1.17987},
            {"speed_kmh": 11.1623},
            {"timestamp": "Thu Apr 27 18:19:32 UTC 2017"}
        ],
        [
            {"location": [[
                {"latitude": 60.027307},
                {"longitude": 11.111826}
            ]]},
            {"altitude": 174},
            {"distance_km": 1.20281},
            {"speed_kmh": 10.8356},
            {"timestamp": "Thu Apr 27 18:19:40 UTC 2017"}
        ],
        [
            {"location": [[
                {"latitude": 60.027186},
                {"longitude": 11.111717}
            ]]},
            {"altitude": 174},
            {"distance_km": 1.21758},
            {"speed_kmh": 10.5456},
            {"timestamp": "Thu Apr 27 18:19:45 UTC 2017"}
        ],
        [
            {"location": [[
                {"latitude": 60.027009},
                {"longitude": 11.111526}
            ]]},
            {"altitude": 174},
            {"distance_km": 1.23996},
            {"speed_kmh": 10.8397},
            {"timestamp": "Thu Apr 27 18:19:52 UTC 2017"}
        ],
        [
            {"location": [[
                {"latitude": 60.026936},
                {"longitude": 11.111429}
            ]]},
            {"altitude": 173},
            {"distance_km": 1.24975},
            {"speed_kmh": 11.2429},
            {"timestamp": "Thu Apr 27 18:19:55 UTC 2017"}
        ],
        [
            {"location": [[
                {"latitude": 60.026776},
                {"longitude": 11.111114}
            ]]},
            {"altitude": 171},
            {"distance_km": 1.2748},
            {"speed_kmh": 11.4628},
            {"timestamp": "Thu Apr 27 18:20:03 UTC 2017"}
        ],
        [
            {"location": [[
                {"latitude": 60.026627},
                {"longitude": 11.110746}
            ]]},
            {"altitude": 171},
            {"distance_km": 1.30118},
            {"speed_kmh": 11.6042},
            {"timestamp": "Thu Apr 27 18:20:11 UTC 2017"}
        ],
        [
            {"location": [[
                {"latitude": 60.026522},
                {"longitude": 11.11045}
            ]]},
            {"altitude": 170},
            {"distance_km": 1.32139},
            {"speed_kmh": 11.7755},
            {"timestamp": "Thu Apr 27 18:20:17 UTC 2017"}
        ],
        [
            {"location": [[
                {"latitude": 60.026386},
                {"longitude": 11.110083}
            ]]},
            {"altitude": 169},
            {"distance_km": 1.34689},
            {"speed_kmh": 11.8116},
            {"timestamp": "Thu Apr 27 18:20:25 UTC 2017"}
        ],
        [
            {"location": [[
                {"latitude": 60.026261},
                {"longitude": 11.109761}
            ]]},
            {"altitude": 169},
            {"distance_km": 1.36959},
            {"speed_kmh": 11.765},
            {"timestamp": "Thu Apr 27 18:20:32 UTC 2017"}
        ],
        [
            {"location": [[
                {"latitude": 60.026168},
                {"longitude": 11.10953}
            ]]},
            {"altitude": 169},
            {"distance_km": 1.38614},
            {"speed_kmh": 11.6917},
            {"timestamp": "Thu Apr 27 18:20:37 UTC 2017"}
        ],
        [
            {"location": [[
                {"latitude": 60.026021},
                {"longitude": 11.109162}
            ]]},
            {"altitude": 169},
            {"distance_km": 1.41232},
            {"speed_kmh": 11.8164},
            {"timestamp": "Thu Apr 27 18:20:45 UTC 2017"}
        ],
        [
            {"location": [[
                {"latitude": 60.025903},
                {"longitude": 11.108787}
            ]]},
            {"altitude": 169},
            {"distance_km": 1.43705},
            {"speed_kmh": 11.5893},
            {"timestamp": "Thu Apr 27 18:20:53 UTC 2017"}
        ],
        [
            {"location": [[
                {"latitude": 60.025787},
                {"longitude": 11.108407}
            ]]},
            {"altitude": 168},
            {"distance_km": 1.46189},
            {"speed_kmh": 11.3656},
            {"timestamp": "Thu Apr 27 18:21:01 UTC 2017"}
        ],
        [
            {"location": [[
                {"latitude": 60.025681},
                {"longitude": 11.10806}
            ]]},
            {"altitude": 168},
            {"distance_km": 1.48456},
            {"speed_kmh": 11.312},
            {"timestamp": "Thu Apr 27 18:21:08 UTC 2017"}
        ],
        [
            {"location": [[
                {"latitude": 60.025557},
                {"longitude": 11.107703}
            ]]},
            {"altitude": 168},
            {"distance_km": 1.50875},
            {"speed_kmh": 11.2523},
            {"timestamp": "Thu Apr 27 18:21:16 UTC 2017"}
        ],
        [
            {"location": [[
                {"latitude": 60.025487},
                {"longitude": 11.107541}
            ]]},
            {"altitude": 169},
            {"distance_km": 1.52068},
            {"speed_kmh": 11.0913},
            {"timestamp": "Thu Apr 27 18:21:20 UTC 2017"}
        ],
        [
            {"location": [[
                {"latitude": 60.025432},
                {"longitude": 11.107422}
            ]]},
            {"altitude": 168},
            {"distance_km": 1.52972},
            {"speed_kmh": 10.817},
            {"timestamp": "Thu Apr 27 18:21:23 UTC 2017"}
        ],
        [
            {"location": [[
                {"latitude": 60.025291},
                {"longitude": 11.107099}
            ]]},
            {"altitude": 168},
            {"distance_km": 1.55364},
            {"speed_kmh": 10.7733},
            {"timestamp": "Thu Apr 27 18:21:31 UTC 2017"}
        ],
        [
            {"location": [[
                {"latitude": 60.025218},
                {"longitude": 11.106945}
            ]]},
            {"altitude": 169},
            {"distance_km": 1.56545},
            {"speed_kmh": 10.7411},
            {"timestamp": "Thu Apr 27 18:21:35 UTC 2017"}
        ],
        [
            {"location": [[
                {"latitude": 60.025249},
                {"longitude": 11.106618}
            ]]},
            {"altitude": 170},
            {"distance_km": 1.584},
            {"speed_kmh": 9.92442},
            {"timestamp": "Thu Apr 27 18:21:43 UTC 2017"}
        ],
        [
            {"location": [[
                {"latitude": 60.025194},
                {"longitude": 11.106382}
            ]]},
            {"altitude": 171},
            {"distance_km": 1.5985},
            {"speed_kmh": 9.80496},
            {"timestamp": "Thu Apr 27 18:21:48 UTC 2017"}
        ],
        [
            {"location": [[
                {"latitude": 60.02511},
                {"longitude": 11.106158}
            ]]},
            {"altitude": 170},
            {"distance_km": 1.61417},
            {"speed_kmh": 9.97229},
            {"timestamp": "Thu Apr 27 18:21:53 UTC 2017"}
        ],
        [
            {"location": [[
                {"latitude": 60.025007},
                {"longitude": 11.105709}
            ]]},
            {"altitude": 169},
            {"distance_km": 1.64166},
            {"speed_kmh": 10.8792},
            {"timestamp": "Thu Apr 27 18:22:02 UTC 2017"}
        ],
        [
            {"location": [[
                {"latitude": 60.024971},
                {"longitude": 11.105297}
            ]]},
            {"altitude": 167},
            {"distance_km": 1.66501},
            {"speed_kmh": 10.9086},
            {"timestamp": "Thu Apr 27 18:22:10 UTC 2017"}
        ],
        [
            {"location": [[
                {"latitude": 60.024964},
                {"longitude": 11.104901}
            ]]},
            {"altitude": 167},
            {"distance_km": 1.68709},
            {"speed_kmh": 10.9788},
            {"timestamp": "Thu Apr 27 18:22:17 UTC 2017"}
        ],
        [
            {"location": [[
                {"latitude": 60.024963},
                {"longitude": 11.104675}
            ]]},
            {"altitude": 167},
            {"distance_km": 1.69969},
            {"speed_kmh": 11.0703},
            {"timestamp": "Thu Apr 27 18:22:21 UTC 2017"}
        ],
        [
            {"location": [[
                {"latitude": 60.024964},
                {"longitude": 11.104334}
            ]]},
            {"altitude": 171},
            {"distance_km": 1.71868},
            {"speed_kmh": 11.3527},
            {"timestamp": "Thu Apr 27 18:22:27 UTC 2017"}
        ],
        [
            {"location": [[
                {"latitude": 60.024933},
                {"longitude": 11.103877}
            ]]},
            {"altitude": 174},
            {"distance_km": 1.74442},
            {"speed_kmh": 11.4263},
            {"timestamp": "Thu Apr 27 18:22:35 UTC 2017"}
        ],
        [
            {"location": [[
                {"latitude": 60.024783},
                {"longitude": 11.103667}
            ]]},
            {"altitude": 170},
            {"distance_km": 1.76477},
            {"speed_kmh": 10.7078},
            {"timestamp": "Thu Apr 27 18:22:43 UTC 2017"}
        ],
        [
            {"location": [[
                {"latitude": 60.024744},
                {"longitude": 11.10342}
            ]]},
            {"altitude": 171},
            {"distance_km": 1.77925},
            {"speed_kmh": 10.3857},
            {"timestamp": "Thu Apr 27 18:22:48 UTC 2017"}
        ],
        [
            {"location": [[
                {"latitude": 60.024615},
                {"longitude": 11.103008}
            ]]},
            {"altitude": 172},
            {"distance_km": 1.80635},
            {"speed_kmh": 10.1459},
            {"timestamp": "Thu Apr 27 18:22:57 UTC 2017"}
        ],
        [
            {"location": [[
                {"latitude": 60.024481},
                {"longitude": 11.103141}
            ]]},
            {"altitude": 167},
            {"distance_km": 1.82299},
            {"speed_kmh": 10.4156},
            {"timestamp": "Thu Apr 27 18:23:03 UTC 2017"}
        ],
        [
            {"location": [[
                {"latitude": 60.024401},
                {"longitude": 11.103365}
            ]]},
            {"altitude": 168},
            {"distance_km": 1.83831},
            {"speed_kmh": 10.6208},
            {"timestamp": "Thu Apr 27 18:23:08 UTC 2017"}
        ],
        [
            {"location": [[
                {"latitude": 60.02436},
                {"longitude": 11.103486}
            ]]},
            {"altitude": 168},
            {"distance_km": 1.84647},
            {"speed_kmh": 10.2667},
            {"timestamp": "Thu Apr 27 18:23:11 UTC 2017"}
        ],
        [
            {"location": [[
                {"latitude": 60.024299},
                {"longitude": 11.103639}
            ]]},
            {"altitude": 166},
            {"distance_km": 1.85735},
            {"speed_kmh": 10.1953},
            {"timestamp": "Thu Apr 27 18:23:15 UTC 2017"}
        ],
        [
            {"location": [[
                {"latitude": 60.024165},
                {"longitude": 11.104002}
            ]]},
            {"altitude": 169},
            {"distance_km": 1.88251},
            {"speed_kmh": 10.293},
            {"timestamp": "Thu Apr 27 18:23:23 UTC 2017"}
        ],
        [
            {"location": [[
                {"latitude": 60.024031},
                {"longitude": 11.104331}
            ]]},
            {"altitude": 169},
            {"distance_km": 1.90621},
            {"speed_kmh": 11.0662},
            {"timestamp": "Thu Apr 27 18:23:30 UTC 2017"}
        ],
        [
            {"location": [[
                {"latitude": 60.023901},
                {"longitude": 11.104713}
            ]]},
            {"altitude": 168},
            {"distance_km": 1.93196},
            {"speed_kmh": 11.2619},
            {"timestamp": "Thu Apr 27 18:23:39 UTC 2017"}
        ],
        [
            {"location": [[
                {"latitude": 60.023829},
                {"longitude": 11.104948}
            ]]},
            {"altitude": 164},
            {"distance_km": 1.94732},
            {"speed_kmh": 10.566},
            {"timestamp": "Thu Apr 27 18:23:45 UTC 2017"}
        ],
        [
            {"location": [[
                {"latitude": 60.02373},
                {"longitude": 11.105177}
            ]]},
            {"altitude": 163},
            {"distance_km": 1.96413},
            {"speed_kmh": 8.77211},
            {"timestamp": "Thu Apr 27 18:23:54 UTC 2017"}
        ],
        [
            {"location": [[
                {"latitude": 60.023657},
                {"longitude": 11.105625}
            ]]},
            {"altitude": 162},
            {"distance_km": 1.99042},
            {"speed_kmh": 9.81959},
            {"timestamp": "Thu Apr 27 18:24:01 UTC 2017"}
        ],
        [
            {"location": [[
                {"latitude": 60.023622},
                {"longitude": 11.10599}
            ]]},
            {"altitude": 163},
            {"distance_km": 2.01115},
            {"speed_kmh": 10.3031},
            {"timestamp": "Thu Apr 27 18:24:08 UTC 2017"}
        ],
        [
            {"location": [[
                {"latitude": 60.023587},
                {"longitude": 11.106381}
            ]]},
            {"altitude": 164},
            {"distance_km": 2.03329},
            {"speed_kmh": 11.3803},
            {"timestamp": "Thu Apr 27 18:24:16 UTC 2017"}
        ],
        [
            {"location": [[
                {"latitude": 60.023572},
                {"longitude": 11.106537}
            ]]},
            {"altitude": 165},
            {"distance_km": 2.04218},
            {"speed_kmh": 10.3423},
            {"timestamp": "Thu Apr 27 18:24:19 UTC 2017"}
        ],
        [
            {"location": [[
                {"latitude": 60.023544},
                {"longitude": 11.106923}
            ]]},
            {"altitude": 164},
            {"distance_km": 2.06393},
            {"speed_kmh": 10.0767},
            {"timestamp": "Thu Apr 27 18:24:27 UTC 2017"}
        ],
        [
            {"location": [[
                {"latitude": 60.023537},
                {"longitude": 11.107368}
            ]]},
            {"altitude": 167},
            {"distance_km": 2.08876},
            {"speed_kmh": 10.0672},
            {"timestamp": "Thu Apr 27 18:24:36 UTC 2017"}
        ],
        [
            {"location": [[
                {"latitude": 60.023578},
                {"longitude": 11.107838}
            ]]},
            {"altitude": 174},
            {"distance_km": 2.11534},
            {"speed_kmh": 10.1403},
            {"timestamp": "Thu Apr 27 18:24:45 UTC 2017"}
        ],
        [
            {"location": [[
                {"latitude": 60.023623},
                {"longitude": 11.108146}
            ]]},
            {"altitude": 175},
            {"distance_km": 2.13321},
            {"speed_kmh": 9.89291},
            {"timestamp": "Thu Apr 27 18:24:52 UTC 2017"}
        ],
        [
            {"location": [[
                {"latitude": 60.023648},
                {"longitude": 11.108589}
            ]]},
            {"altitude": 177},
            {"distance_km": 2.15806},
            {"speed_kmh": 9.91812},
            {"timestamp": "Thu Apr 27 18:25:01 UTC 2017"}
        ],
        [
            {"location": [[
                {"latitude": 60.023612},
                {"longitude": 11.108821}
            ]]},
            {"altitude": 178},
            {"distance_km": 2.17163},
            {"speed_kmh": 9.63028},
            {"timestamp": "Thu Apr 27 18:25:06 UTC 2017"}
        ],
        [
            {"location": [[
                {"latitude": 60.023542},
                {"longitude": 11.109163}
            ]]},
            {"altitude": 176},
            {"distance_km": 2.19226},
            {"speed_kmh": 9.67075},
            {"timestamp": "Thu Apr 27 18:25:14 UTC 2017"}
        ],
        [
            {"location": [[
                {"latitude": 60.023581},
                {"longitude": 11.109477}
            ]]},
            {"altitude": 172},
            {"distance_km": 2.2103},
            {"speed_kmh": 8.73252},
            {"timestamp": "Thu Apr 27 18:25:23 UTC 2017"}
        ],
        [
            {"location": [[
                {"latitude": 60.023676},
                {"longitude": 11.109573}
            ]]},
            {"altitude": 170},
            {"distance_km": 2.22209},
            {"timestamp": "Thu Apr 27 18:25:31 UTC 2017"}
        ],
        [
            {"location": [[
                {"latitude": 60.023772},
                {"longitude": 11.109654}
            ]]},
            {"altitude": 168},
            {"distance_km": 2.25718},
            {"timestamp": "Thu Apr 27 18:25:44 UTC 2017"}
        ],
        [
            {"location": [[
                {"latitude": 60.023861},
                {"longitude": 11.109965}
            ]]},
            {"altitude": 173},
            {"distance_km": 2.27719},
            {"speed_kmh": 4.19314},
            {"timestamp": "Thu Apr 27 18:26:02 UTC 2017"}
        ],
        [
            {"location": [[
                {"latitude": 60.023809},
                {"longitude": 11.110396}
            ]]},
            {"altitude": 176},
            {"distance_km": 2.30192},
            {"speed_kmh": 6.11403},
            {"timestamp": "Thu Apr 27 18:26:10 UTC 2017"}
        ],
        [
            {"location": [[
                {"latitude": 60.023736},
                {"longitude": 11.11074}
            ]]},
            {"altitude": 175},
            {"distance_km": 2.32274},
            {"speed_kmh": 8.60656},
            {"timestamp": "Thu Apr 27 18:26:17 UTC 2017"}
        ],
        [
            {"location": [[
                {"latitude": 60.02369},
                {"longitude": 11.111075}
            ]]},
            {"altitude": 175},
            {"distance_km": 2.3421},
            {"speed_kmh": 10.1788},
            {"timestamp": "Thu Apr 27 18:26:25 UTC 2017"}
        ],
        [
            {"location": [[
                {"latitude": 60.02363},
                {"longitude": 11.111403}
            ]]},
            {"altitude": 177},
            {"distance_km": 2.36157},
            {"speed_kmh": 10.3769},
            {"timestamp": "Thu Apr 27 18:26:31 UTC 2017"}
        ],
        [
            {"location": [[
                {"latitude": 60.023604},
                {"longitude": 11.111557}
            ]]},
            {"altitude": 180},
            {"distance_km": 2.37065},
            {"speed_kmh": 10.44},
            {"timestamp": "Thu Apr 27 18:26:34 UTC 2017"}
        ],
        [
            {"location": [[
                {"latitude": 60.023565},
                {"longitude": 11.111754}
            ]]},
            {"altitude": 181},
            {"distance_km": 2.38246},
            {"speed_kmh": 11.0753},
            {"timestamp": "Thu Apr 27 18:26:38 UTC 2017"}
        ],
        [
            {"location": [[
                {"latitude": 60.023524},
                {"longitude": 11.111983}
            ]]},
            {"altitude": 181},
            {"distance_km": 2.39604},
            {"speed_kmh": 10.4244},
            {"timestamp": "Thu Apr 27 18:26:43 UTC 2017"}
        ],
        [
            {"location": [[
                {"latitude": 60.023459},
                {"longitude": 11.112275}
            ]]},
            {"altitude": 174},
            {"distance_km": 2.41387},
            {"speed_kmh": 9.47287},
            {"timestamp": "Thu Apr 27 18:26:51 UTC 2017"}
        ],
        [
            {"location": [[
                {"latitude": 60.023342},
                {"longitude": 11.11266}
            ]]},
            {"altitude": 169},
            {"distance_km": 2.43899},
            {"speed_kmh": 8.92244},
            {"timestamp": "Thu Apr 27 18:27:01 UTC 2017"}
        ],
        [
            {"location": [[
                {"latitude": 60.023317},
                {"longitude": 11.113045}
            ]]},
            {"altitude": 173},
            {"distance_km": 2.46063},
            {"speed_kmh": 8.28207},
            {"timestamp": "Thu Apr 27 18:27:11 UTC 2017"}
        ],
        [
            {"location": [[
                {"latitude": 60.023415},
                {"longitude": 11.113381}
            ]]},
            {"altitude": 180},
            {"distance_km": 2.48233},
            {"speed_kmh": 7.96048},
            {"timestamp": "Thu Apr 27 18:27:22 UTC 2017"}
        ],
        [
            {"location": [[
                {"latitude": 60.024558},
                {"longitude": 11.114707}
            ]]},
            {"altitude": 173},
            {"distance_km": 2.62954},
            {"speed_kmh": 3.04912},
            {"timestamp": "Thu Apr 27 18:28:20 UTC 2017"}
        ],
        [
            {"location": [[
                {"latitude": 60.024778},
                {"longitude": 11.114785}
            ]]},
            {"altitude": 173},
            {"distance_km": 2.65441},
            {"speed_kmh": 6.36447},
            {"timestamp": "Thu Apr 27 18:28:29 UTC 2017"}
        ],
        [
            {"location": [[
                {"latitude": 60.025033},
                {"longitude": 11.114976}
            ]]},
            {"altitude": 176},
            {"distance_km": 2.6848},
            {"speed_kmh": 10.4193},
            {"timestamp": "Thu Apr 27 18:28:38 UTC 2017"}
        ],
        [
            {"location": [[
                {"latitude": 60.025207},
                {"longitude": 11.115108}
            ]]},
            {"altitude": 177},
            {"distance_km": 2.7055},
            {"speed_kmh": 10.4754},
            {"timestamp": "Thu Apr 27 18:28:46 UTC 2017"}
        ],
        [
            {"location": [[
                {"latitude": 60.025344},
                {"longitude": 11.115313}
            ]]},
            {"altitude": 178},
            {"distance_km": 2.72458},
            {"speed_kmh": 10.9658},
            {"timestamp": "Thu Apr 27 18:28:52 UTC 2017"}
        ],
        [
            {"location": [[
                {"latitude": 60.025488},
                {"longitude": 11.115453}
            ]]},
            {"altitude": 181},
            {"distance_km": 2.74245},
            {"speed_kmh": 10.4929},
            {"timestamp": "Thu Apr 27 18:28:58 UTC 2017"}
        ],
        [
            {"location": [[
                {"latitude": 60.025654},
                {"longitude": 11.115592}
            ]]},
            {"altitude": 180},
            {"distance_km": 2.76254},
            {"speed_kmh": 10.0674},
            {"timestamp": "Thu Apr 27 18:29:07 UTC 2017"}
        ],
        [
            {"location": [[
                {"latitude": 60.025838},
                {"longitude": 11.115818}
            ]]},
            {"altitude": 182},
            {"distance_km": 2.78652},
            {"speed_kmh": 9.45838},
            {"timestamp": "Thu Apr 27 18:29:16 UTC 2017"}
        ],
        [
            {"location": [[
                {"latitude": 60.026028},
                {"longitude": 11.115706}
            ]]},
            {"altitude": 179},
            {"distance_km": 2.80867},
            {"speed_kmh": 9.19306},
            {"timestamp": "Thu Apr 27 18:29:24 UTC 2017"}
        ],
        [
            {"location": [[
                {"latitude": 60.026301},
                {"longitude": 11.115622}
            ]]},
            {"altitude": 180},
            {"distance_km": 2.83943},
            {"speed_kmh": 10.2065},
            {"timestamp": "Thu Apr 27 18:29:34 UTC 2017"}
        ],
        [
            {"location": [[
                {"latitude": 60.026379},
                {"longitude": 11.115909}
            ]]},
            {"altitude": 178},
            {"distance_km": 2.8576},
            {"speed_kmh": 9.73965},
            {"timestamp": "Thu Apr 27 18:29:42 UTC 2017"}
        ],
        [
            {"location": [[
                {"latitude": 60.026327},
                {"longitude": 11.116119}
            ]]},
            {"altitude": 179},
            {"distance_km": 2.87065},
            {"speed_kmh": 9.51879},
            {"timestamp": "Thu Apr 27 18:29:47 UTC 2017"}
        ],
        [
            {"location": [[
                {"latitude": 60.026159},
                {"longitude": 11.116206}
            ]]},
            {"altitude": 186},
            {"distance_km": 2.88995},
            {"speed_kmh": 8.15513},
            {"timestamp": "Thu Apr 27 18:29:57 UTC 2017"}
        ],
        [
            {"location": [[
                {"latitude": 60.026159},
                {"longitude": 11.116206}
            ]]},
            {"altitude": 186},
            {"distance_km": 2.88995},
            {"timestamp": "Thu Apr 27 18:30:04 UTC 2017"}
        ],
        [
            {"location": [[
                {"latitude": 60.026159},
                {"longitude": 11.116206}
            ]]},
            {"altitude": 186},
            {"distance_km": 2.88995},
            {"timestamp": "Thu Apr 27 18:30:05 UTC 2017"}
        ],
        [
            {"location": [[
                {"latitude": 60.02643},
                {"longitude": 11.116031}
            ]]},
            {"altitude": 188},
            {"distance_km": 2.95346},
            {"speed_kmh": 5.44446},
            {"timestamp": "Thu Apr 27 18:30:12 UTC 2017"}
        ],
        [
            {"location": [[
                {"latitude": 60.026637},
                {"longitude": 11.115989}
            ]]},
            {"altitude": 188},
            {"distance_km": 2.97662},
            {"speed_kmh": 8.91778},
            {"timestamp": "Thu Apr 27 18:30:20 UTC 2017"}
        ],
        [
            {"location": [[
                {"latitude": 60.02679},
                {"longitude": 11.115943}
            ]]},
            {"altitude": 191},
            {"distance_km": 2.99379},
            {"speed_kmh": 12.3532},
            {"timestamp": "Thu Apr 27 18:30:26 UTC 2017"}
        ],
        [
            {"location": [[
                {"latitude": 60.026981},
                {"longitude": 11.115915}
            ]]},
            {"altitude": 186},
            {"distance_km": 3.01521},
            {"speed_kmh": 10.0938},
            {"timestamp": "Thu Apr 27 18:30:34 UTC 2017"}
        ],
        [
            {"location": [[
                {"latitude": 60.027196},
                {"longitude": 11.115807}
            ]]},
            {"altitude": 183},
            {"distance_km": 3.03988},
            {"speed_kmh": 9.60166},
            {"timestamp": "Thu Apr 27 18:30:44 UTC 2017"}
        ],
        [
            {"location": [[
                {"latitude": 60.027325},
                {"longitude": 11.115788}
            ]]},
            {"altitude": 179},
            {"distance_km": 3.05435},
            {"speed_kmh": 9.05815},
            {"timestamp": "Thu Apr 27 18:30:50 UTC 2017"}
        ],
        [
            {"location": [[
                {"latitude": 60.028048},
                {"longitude": 11.115834}
            ]]},
            {"altitude": 182},
            {"distance_km": 3.13485},
            {"speed_kmh": 3.22008},
            {"timestamp": "Thu Apr 27 18:31:20 UTC 2017"}
        ],
        [
            {"location": [[
                {"latitude": 60.028337},
                {"longitude": 11.115753}
            ]]},
            {"altitude": 183},
            {"distance_km": 3.16744},
            {"speed_kmh": 8.08471},
            {"timestamp": "Thu Apr 27 18:31:28 UTC 2017"}
        ],
        [
            {"location": [[
                {"latitude": 60.028539},
                {"longitude": 11.115646}
            ]]},
            {"altitude": 176},
            {"distance_km": 3.1907},
            {"speed_kmh": 12.0952},
            {"timestamp": "Thu Apr 27 18:31:35 UTC 2017"}
        ],
        [
            {"location": [[
                {"latitude": 60.02862},
                {"longitude": 11.115596}
            ]]},
            {"altitude": 175},
            {"distance_km": 3.20016},
            {"speed_kmh": 12.6517},
            {"timestamp": "Thu Apr 27 18:31:38 UTC 2017"}
        ],
        [
            {"location": [[
                {"latitude": 60.028839},
                {"longitude": 11.115442}
            ]]},
            {"altitude": 174},
            {"distance_km": 3.22601},
            {"speed_kmh": 11.2361},
            {"timestamp": "Thu Apr 27 18:31:47 UTC 2017"}
        ],
        [
            {"location": [[
                {"latitude": 60.028986},
                {"longitude": 11.115337}
            ]]},
            {"altitude": 176},
            {"distance_km": 3.24337},
            {"speed_kmh": 10.6934},
            {"timestamp": "Thu Apr 27 18:31:53 UTC 2017"}
        ],
        [
            {"location": [[
                {"latitude": 60.029201},
                {"longitude": 11.115192}
            ]]},
            {"altitude": 179},
            {"distance_km": 3.26871},
            {"speed_kmh": 10.2984},
            {"timestamp": "Thu Apr 27 18:32:02 UTC 2017"}
        ],
        [
            {"location": [[
                {"latitude": 60.029428},
                {"longitude": 11.115062}
            ]]},
            {"altitude": 184},
            {"distance_km": 3.295},
            {"speed_kmh": 10.3545},
            {"timestamp": "Thu Apr 27 18:32:11 UTC 2017"}
        ],
        [
            {"location": [[
                {"latitude": 60.029602},
                {"longitude": 11.114991}
            ]]},
            {"altitude": 182},
            {"distance_km": 3.31481},
            {"speed_kmh": 10.8442},
            {"timestamp": "Thu Apr 27 18:32:17 UTC 2017"}
        ],
        [
            {"location": [[
                {"latitude": 60.029793},
                {"longitude": 11.114955}
            ]]},
            {"altitude": 182},
            {"distance_km": 3.33613},
            {"speed_kmh": 10.6634},
            {"timestamp": "Thu Apr 27 18:32:25 UTC 2017"}
        ],
        [
            {"location": [[
                {"latitude": 60.029996},
                {"longitude": 11.114945}
            ]]},
            {"altitude": 176},
            {"distance_km": 3.35879},
            {"speed_kmh": 11.043},
            {"timestamp": "Thu Apr 27 18:32:32 UTC 2017"}
        ],
        [
            {"location": [[
                {"latitude": 60.030046},
                {"longitude": 11.114912}
            ]]},
            {"altitude": 178},
            {"distance_km": 3.36468},
            {"timestamp": "Thu Apr 27 18:32:34 UTC 2017"}
        ],
        [
            {"location": [[
                {"latitude": 60.029967},
                {"longitude": 11.114667}
            ]]},
            {"altitude": 181},
            {"distance_km": 3.39682},
            {"timestamp": "Thu Apr 27 18:32:45 UTC 2017"}
        ],
        [
            {"location": [[
                {"latitude": 60.029889},
                {"longitude": 11.114309}
            ]]},
            {"altitude": 178},
            {"distance_km": 3.41855},
            {"speed_kmh": 9.03318},
            {"timestamp": "Thu Apr 27 18:32:52 UTC 2017"}
        ],
        [
            {"location": [[
                {"latitude": 60.029765},
                {"longitude": 11.114036}
            ]]},
            {"altitude": 180},
            {"distance_km": 3.43907},
            {"speed_kmh": 9.01942},
            {"timestamp": "Thu Apr 27 18:32:59 UTC 2017"}
        ],
        [
            {"location": [[
                {"latitude": 60.029551},
                {"longitude": 11.113804}
            ]]},
            {"altitude": 177},
            {"distance_km": 3.4662},
            {"speed_kmh": 11.3123},
            {"timestamp": "Thu Apr 27 18:33:07 UTC 2017"}
        ],
        [
            {"location": [[
                {"latitude": 60.029354},
                {"longitude": 11.113601}
            ]]},
            {"altitude": 175},
            {"distance_km": 3.49091},
            {"speed_kmh": 11.8172},
            {"timestamp": "Thu Apr 27 18:33:14 UTC 2017"}
        ],
        [
            {"location": [[
                {"latitude": 60.029128},
                {"longitude": 11.11341}
            ]]},
            {"altitude": 173},
            {"distance_km": 3.51832},
            {"speed_kmh": 11.9577},
            {"timestamp": "Thu Apr 27 18:33:23 UTC 2017"}
        ],
        [
            {"location": [[
                {"latitude": 60.028914},
                {"longitude": 11.113227}
            ]]},
            {"altitude": 171},
            {"distance_km": 3.54422},
            {"speed_kmh": 11.3416},
            {"timestamp": "Thu Apr 27 18:33:32 UTC 2017"}
        ],
        [
            {"location": [[
                {"latitude": 60.028738},
                {"longitude": 11.113063}
            ]]},
            {"altitude": 170},
            {"distance_km": 3.56588},
            {"speed_kmh": 10.3603},
            {"timestamp": "Thu Apr 27 18:33:40 UTC 2017"}
        ],
        [
            {"location": [[
                {"latitude": 60.028505},
                {"longitude": 11.112799}
            ]]},
            {"altitude": 171},
            {"distance_km": 3.59573},
            {"speed_kmh": 11.1797},
            {"timestamp": "Thu Apr 27 18:33:48 UTC 2017"}
        ],
        [
            {"location": [[
                {"latitude": 60.028399},
                {"longitude": 11.112729}
            ]]},
            {"altitude": 168},
            {"distance_km": 3.60811},
            {"speed_kmh": 10.1834},
            {"timestamp": "Thu Apr 27 18:33:54 UTC 2017"}
        ],
        [
            {"location": [[
                {"latitude": 60.028068},
                {"longitude": 11.112427}
            ]]},
            {"altitude": 167},
            {"distance_km": 3.64863},
            {"speed_kmh": 10.6875},
            {"timestamp": "Thu Apr 27 18:34:07 UTC 2017"}
        ],
        [
            {"location": [[
                {"latitude": 60.027897},
                {"longitude": 11.112322}
            ]]},
            {"altitude": 169},
            {"distance_km": 3.66856},
            {"speed_kmh": 9.62761},
            {"timestamp": "Thu Apr 27 18:34:14 UTC 2017"}
        ],
        [
            {"location": [[
                {"latitude": 60.027682},
                {"longitude": 11.112109}
            ]]},
            {"altitude": 167},
            {"distance_km": 3.6953},
            {"speed_kmh": 11.1771},
            {"timestamp": "Thu Apr 27 18:34:22 UTC 2017"}
        ],
        [
            {"location": [[
                {"latitude": 60.027519},
                {"longitude": 11.11193}
            ]]},
            {"altitude": 167},
            {"distance_km": 3.71604},
            {"speed_kmh": 11.573},
            {"timestamp": "Thu Apr 27 18:34:28 UTC 2017"}
        ],
        [
            {"location": [[
                {"latitude": 60.027363},
                {"longitude": 11.111817}
            ]]},
            {"altitude": 165},
            {"distance_km": 3.73456},
            {"speed_kmh": 10.936},
            {"timestamp": "Thu Apr 27 18:34:36 UTC 2017"}
        ],
        [
            {"location": [[
                {"latitude": 60.027219},
                {"longitude": 11.111664}
            ]]},
            {"altitude": 166},
            {"distance_km": 3.7527},
            {"speed_kmh": 10.5589},
            {"timestamp": "Thu Apr 27 18:34:42 UTC 2017"}
        ],
        [
            {"location": [[
                {"latitude": 60.027065},
                {"longitude": 11.111514}
            ]]},
            {"altitude": 164},
            {"distance_km": 3.77184},
            {"speed_kmh": 10.995},
            {"timestamp": "Thu Apr 27 18:34:47 UTC 2017"}
        ],
        [
            {"location": [[
                {"latitude": 60.026884},
                {"longitude": 11.11132}
            ]]},
            {"altitude": 163},
            {"distance_km": 3.79463},
            {"speed_kmh": 12.1252},
            {"timestamp": "Thu Apr 27 18:34:54 UTC 2017"}
        ],
        [
            {"location": [[
                {"latitude": 60.026708},
                {"longitude": 11.111028}
            ]]},
            {"altitude": 163},
            {"distance_km": 3.82015},
            {"speed_kmh": 11.8988},
            {"timestamp": "Thu Apr 27 18:35:03 UTC 2017"}
        ],
        [
            {"location": [[
                {"latitude": 60.026544},
                {"longitude": 11.110674}
            ]]},
            {"altitude": 166},
            {"distance_km": 3.84706},
            {"speed_kmh": 10.5408},
            {"timestamp": "Thu Apr 27 18:35:13 UTC 2017"}
        ],
        [
            {"location": [[
                {"latitude": 60.02645},
                {"longitude": 11.110335}
            ]]},
            {"altitude": 165},
            {"distance_km": 3.86864},
            {"speed_kmh": 9.86678},
            {"timestamp": "Thu Apr 27 18:35:21 UTC 2017"}
        ],
        [
            {"location": [[
                {"latitude": 60.026346},
                {"longitude": 11.110032}
            ]]},
            {"altitude": 163},
            {"distance_km": 3.88911},
            {"speed_kmh": 9.52917},
            {"timestamp": "Thu Apr 27 18:35:29 UTC 2017"}
        ],
        [
            {"location": [[
                {"latitude": 60.026179},
                {"longitude": 11.109629}
            ]]},
            {"altitude": 162},
            {"distance_km": 3.91838},
            {"speed_kmh": 10.2132},
            {"timestamp": "Thu Apr 27 18:35:38 UTC 2017"}
        ],
        [
            {"location": [[
                {"latitude": 60.02606},
                {"longitude": 11.109351}
            ]]},
            {"altitude": 162},
            {"distance_km": 3.93876},
            {"speed_kmh": 10.0342},
            {"timestamp": "Thu Apr 27 18:35:46 UTC 2017"}
        ],
        [
            {"location": [[
                {"latitude": 60.025925},
                {"longitude": 11.108914}
            ]]},
            {"altitude": 167},
            {"distance_km": 3.96735},
            {"speed_kmh": 11.2571},
            {"timestamp": "Thu Apr 27 18:35:54 UTC 2017"}
        ],
        [
            {"location": [[
                {"latitude": 60.025853},
                {"longitude": 11.108622}
            ]]},
            {"altitude": 166},
            {"distance_km": 3.98549},
            {"speed_kmh": 10.4569},
            {"timestamp": "Thu Apr 27 18:36:01 UTC 2017"}
        ],
        [
            {"location": [[
                {"latitude": 60.025754},
                {"longitude": 11.108328}
            ]]},
            {"altitude": 164},
            {"distance_km": 4.00528},
            {"speed_kmh": 10.3626},
            {"timestamp": "Thu Apr 27 18:36:09 UTC 2017"}
        ],
        [
            {"location": [[
                {"latitude": 60.025683},
                {"longitude": 11.108163}
            ]]},
            {"altitude": 162},
            {"distance_km": 4.0174},
            {"speed_kmh": 8.98467},
            {"timestamp": "Thu Apr 27 18:36:14 UTC 2017"}
        ],
        [
            {"location": [[
                {"latitude": 60.025541},
                {"longitude": 11.107958}
            ]]},
            {"altitude": 157},
            {"distance_km": 4.0369},
            {"speed_kmh": 8.79742},
            {"timestamp": "Thu Apr 27 18:36:22 UTC 2017"}
        ],
        [
            {"location": [[
                {"latitude": 60.025397},
                {"longitude": 11.107519}
            ]]},
            {"altitude": 158},
            {"distance_km": 4.06617},
            {"speed_kmh": 9.35032},
            {"timestamp": "Thu Apr 27 18:36:32 UTC 2017"}
        ],
        [
            {"location": [[
                {"latitude": 60.025273},
                {"longitude": 11.107129}
            ]]},
            {"altitude": 159},
            {"distance_km": 4.09196},
            {"speed_kmh": 10.305},
            {"timestamp": "Thu Apr 27 18:36:40 UTC 2017"}
        ],
        [
            {"location": [[
                {"latitude": 60.025176},
                {"longitude": 11.106758}
            ]]},
            {"altitude": 161},
            {"distance_km": 4.11532},
            {"speed_kmh": 10.1868},
            {"timestamp": "Thu Apr 27 18:36:50 UTC 2017"}
        ],
        [
            {"location": [[
                {"latitude": 60.025184},
                {"longitude": 11.106458}
            ]]},
            {"altitude": 163},
            {"distance_km": 4.13208},
            {"speed_kmh": 9.53952},
            {"timestamp": "Thu Apr 27 18:36:57 UTC 2017"}
        ],
        [
            {"location": [[
                {"latitude": 60.025091},
                {"longitude": 11.106291}
            ]]},
            {"altitude": 158},
            {"distance_km": 4.14602},
            {"speed_kmh": 9.00686},
            {"timestamp": "Thu Apr 27 18:37:02 UTC 2017"}
        ],
        [
            {"location": [[
                {"latitude": 60.025018},
                {"longitude": 11.105989}
            ]]},
            {"altitude": 156},
            {"distance_km": 4.16472},
            {"speed_kmh": 8.44353},
            {"timestamp": "Thu Apr 27 18:37:12 UTC 2017"}
        ],
        [
            {"location": [[
                {"latitude": 60.024978},
                {"longitude": 11.105431}
            ]]},
            {"altitude": 161},
            {"distance_km": 4.19615},
            {"speed_kmh": 9.35169},
            {"timestamp": "Thu Apr 27 18:37:22 UTC 2017"}
        ],
        [
            {"location": [[
                {"latitude": 60.024952},
                {"longitude": 11.104956}
            ]]},
            {"altitude": 166},
            {"distance_km": 4.22278},
            {"speed_kmh": 10.0201},
            {"timestamp": "Thu Apr 27 18:37:30 UTC 2017"}
        ],
        [
            {"location": [[
                {"latitude": 60.024952},
                {"longitude": 11.104607}
            ]]},
            {"altitude": 162},
            {"distance_km": 4.24225},
            {"speed_kmh": 10.6996},
            {"timestamp": "Thu Apr 27 18:37:38 UTC 2017"}
        ],
        [
            {"location": [[
                {"latitude": 60.024948},
                {"longitude": 11.104144}
            ]]},
            {"altitude": 163},
            {"distance_km": 4.26809},
            {"speed_kmh": 9.74108},
            {"timestamp": "Thu Apr 27 18:37:49 UTC 2017"}
        ],
        [
            {"location": [[
                {"latitude": 60.024924},
                {"longitude": 11.103895}
            ]]},
            {"altitude": 166},
            {"distance_km": 4.28218},
            {"speed_kmh": 9.12386},
            {"timestamp": "Thu Apr 27 18:37:54 UTC 2017"}
        ],
        [
            {"location": [[
                {"latitude": 60.024844},
                {"longitude": 11.103697}
            ]]},
            {"altitude": 164},
            {"distance_km": 4.29638},
            {"speed_kmh": 8.3282},
            {"timestamp": "Thu Apr 27 18:38:02 UTC 2017"}
        ],
        [
            {"location": [[
                {"latitude": 60.024721},
                {"longitude": 11.103278}
            ]]},
            {"altitude": 160},
            {"distance_km": 4.32354},
            {"speed_kmh": 9.59327},
            {"timestamp": "Thu Apr 27 18:38:10 UTC 2017"}
        ],
        [
            {"location": [[
                {"latitude": 60.02463},
                {"longitude": 11.10308}
            ]]},
            {"altitude": 159},
            {"distance_km": 4.33844},
            {"speed_kmh": 9.77071},
            {"timestamp": "Thu Apr 27 18:38:15 UTC 2017"}
        ],
        [
            {"location": [[
                {"latitude": 60.024482},
                {"longitude": 11.103272}
            ]]},
            {"altitude": 155},
            {"distance_km": 4.35807},
            {"speed_kmh": 10.0033},
            {"timestamp": "Thu Apr 27 18:38:25 UTC 2017"}
        ],
        [
            {"location": [[
                {"latitude": 60.024413},
                {"longitude": 11.103432}
            ]]},
            {"altitude": 154},
            {"distance_km": 4.36992},
            {"speed_kmh": 8.76194},
            {"timestamp": "Thu Apr 27 18:38:30 UTC 2017"}
        ],
        [
            {"location": [[
                {"latitude": 60.024307},
                {"longitude": 11.103654}
            ]]},
            {"altitude": 155},
            {"distance_km": 4.387},
            {"speed_kmh": 7.76003},
            {"timestamp": "Thu Apr 27 18:38:38 UTC 2017"}
        ],
        [
            {"location": [[
                {"latitude": 60.024194},
                {"longitude": 11.103927}
            ]]},
            {"altitude": 158},
            {"distance_km": 4.40679},
            {"speed_kmh": 8.8036},
            {"timestamp": "Thu Apr 27 18:38:45 UTC 2017"}
        ],
        [
            {"location": [[
                {"latitude": 60.024076},
                {"longitude": 11.104202}
            ]]},
            {"altitude": 161},
            {"distance_km": 4.42697},
            {"speed_kmh": 9.99478},
            {"timestamp": "Thu Apr 27 18:38:51 UTC 2017"}
        ],
        [
            {"location": [[
                {"latitude": 60.023884},
                {"longitude": 11.104528}
            ]]},
            {"altitude": 164},
            {"distance_km": 4.45497},
            {"speed_kmh": 11.6167},
            {"timestamp": "Thu Apr 27 18:38:59 UTC 2017"}
        ],
        [
            {"location": [[
                {"latitude": 60.023819},
                {"longitude": 11.104835}
            ]]},
            {"altitude": 170},
            {"distance_km": 4.47357},
            {"speed_kmh": 11.9599},
            {"timestamp": "Thu Apr 27 18:39:05 UTC 2017"}
        ],
        [
            {"location": [[
                {"latitude": 60.023799},
                {"longitude": 11.105132}
            ]]},
            {"altitude": 166},
            {"distance_km": 4.49029},
            {"speed_kmh": 9.93184},
            {"timestamp": "Thu Apr 27 18:39:15 UTC 2017"}
        ],
        [
            {"location": [[
                {"latitude": 60.023686},
                {"longitude": 11.105505}
            ]]},
            {"altitude": 160},
            {"distance_km": 4.51461},
            {"speed_kmh": 8.67028},
            {"timestamp": "Thu Apr 27 18:39:25 UTC 2017"}
        ],
        [
            {"location": [[
                {"latitude": 60.023649},
                {"longitude": 11.105887}
            ]]},
            {"altitude": 162},
            {"distance_km": 4.53632},
            {"speed_kmh": 9.24735},
            {"timestamp": "Thu Apr 27 18:39:31 UTC 2017"}
        ],
        [
            {"location": [[
                {"latitude": 60.023583},
                {"longitude": 11.106317}
            ]]},
            {"altitude": 167},
            {"distance_km": 4.56137},
            {"speed_kmh": 11.5357},
            {"timestamp": "Thu Apr 27 18:39:38 UTC 2017"}
        ],
        [
            {"location": [[
                {"latitude": 60.023557},
                {"longitude": 11.106672}
            ]]},
            {"altitude": 165},
            {"distance_km": 4.58141},
            {"speed_kmh": 11.6339},
            {"timestamp": "Thu Apr 27 18:39:46 UTC 2017"}
        ],
        [
            {"location": [[
                {"latitude": 60.023525},
                {"longitude": 11.106983}
            ]]},
            {"altitude": 166},
            {"distance_km": 4.59908},
            {"speed_kmh": 10.3289},
            {"timestamp": "Thu Apr 27 18:39:53 UTC 2017"}
        ],
        [
            {"location": [[
                {"latitude": 60.023519},
                {"longitude": 11.107364}
            ]]},
            {"altitude": 170},
            {"distance_km": 4.62036},
            {"speed_kmh": 9.20965},
            {"timestamp": "Thu Apr 27 18:40:01 UTC 2017"}
        ],
        [
            {"location": [[
                {"latitude": 60.023544},
                {"longitude": 11.107855}
            ]]},
            {"altitude": 168},
            {"distance_km": 4.64787},
            {"speed_kmh": 9.5162},
            {"timestamp": "Thu Apr 27 18:40:11 UTC 2017"}
        ],
        [
            {"location": [[
                {"latitude": 60.023578},
                {"longitude": 11.108094}
            ]]},
            {"altitude": 166},
            {"distance_km": 4.66171},
            {"speed_kmh": 9.26149},
            {"timestamp": "Thu Apr 27 18:40:17 UTC 2017"}
        ],
        [
            {"location": [[
                {"latitude": 60.023668},
                {"longitude": 11.108432}
            ]]},
            {"altitude": 172},
            {"distance_km": 4.6831},
            {"speed_kmh": 8.94088},
            {"timestamp": "Thu Apr 27 18:40:26 UTC 2017"}
        ],
        [
            {"location": [[
                {"latitude": 60.023663},
                {"longitude": 11.108647}
            ]]},
            {"altitude": 173},
            {"distance_km": 4.6951},
            {"speed_kmh": 8.48051},
            {"timestamp": "Thu Apr 27 18:40:31 UTC 2017"}
        ],
        [
            {"location": [[
                {"latitude": 60.023589},
                {"longitude": 11.109062}
            ]]},
            {"altitude": 171},
            {"distance_km": 4.71968},
            {"speed_kmh": 8.39442},
            {"timestamp": "Thu Apr 27 18:40:42 UTC 2017"}
        ],
        [
            {"location": [[
                {"latitude": 60.023634},
                {"longitude": 11.109467}
            ]]},
            {"altitude": 177},
            {"distance_km": 4.74282},
            {"speed_kmh": 7.86077},
            {"timestamp": "Thu Apr 27 18:40:54 UTC 2017"}
        ],
        [
            {"location": [[
                {"latitude": 60.023735},
                {"longitude": 11.109623}
            ]]},
            {"altitude": 178},
            {"distance_km": 4.75708},
            {"speed_kmh": 6.70306},
            {"timestamp": "Thu Apr 27 18:41:04 UTC 2017"}
        ],
        [
            {"location": [[
                {"latitude": 60.023864},
                {"longitude": 11.1098}
            ]]},
            {"altitude": 176},
            {"distance_km": 4.77446},
            {"speed_kmh": 5.32788},
            {"timestamp": "Thu Apr 27 18:41:20 UTC 2017"}
        ],
        [
            {"location": [[
                {"latitude": 60.023872},
                {"longitude": 11.110073}
            ]]},
            {"altitude": 177},
            {"distance_km": 4.78973},
            {"speed_kmh": 5.30217},
            {"timestamp": "Thu Apr 27 18:41:28 UTC 2017"}
        ],
        [
            {"location": [[
                {"latitude": 60.023825},
                {"longitude": 11.110344}
            ]]},
            {"altitude": 174},
            {"distance_km": 4.80571},
            {"speed_kmh": 6.81331},
            {"timestamp": "Thu Apr 27 18:41:34 UTC 2017"}
        ],
        [
            {"location": [[
                {"latitude": 60.023774},
                {"longitude": 11.110754}
            ]]},
            {"altitude": 177},
            {"distance_km": 4.82927},
            {"speed_kmh": 9.03217},
            {"timestamp": "Thu Apr 27 18:41:42 UTC 2017"}
        ],
        [
            {"location": [[
                {"latitude": 60.023719},
                {"longitude": 11.111083}
            ]]},
            {"altitude": 179},
            {"distance_km": 4.84861},
            {"speed_kmh": 10.6216},
            {"timestamp": "Thu Apr 27 18:41:48 UTC 2017"}
        ],
        [
            {"location": [[
                {"latitude": 60.02365},
                {"longitude": 11.111333}
            ]]},
            {"altitude": 176},
            {"distance_km": 4.8645},
            {"speed_kmh": 11.2156},
            {"timestamp": "Thu Apr 27 18:41:53 UTC 2017"}
        ],
        [
            {"location": [[
                {"latitude": 60.023617},
                {"longitude": 11.111471}
            ]]},
            {"altitude": 177},
            {"distance_km": 4.87308},
            {"speed_kmh": 11.0478},
            {"timestamp": "Thu Apr 27 18:41:56 UTC 2017"}
        ],
        [
            {"location": [[
                {"latitude": 60.023543},
                {"longitude": 11.111863}
            ]]},
            {"altitude": 177},
            {"distance_km": 4.89641},
            {"speed_kmh": 10.29},
            {"timestamp": "Thu Apr 27 18:42:05 UTC 2017"}
        ],
        [
            {"location": [[
                {"latitude": 60.023451},
                {"longitude": 11.112165}
            ]]},
            {"altitude": 173},
            {"distance_km": 4.91609},
            {"speed_kmh": 9.44556},
            {"timestamp": "Thu Apr 27 18:42:13 UTC 2017"}
        ],
        [
            {"location": [[
                {"latitude": 60.023364},
                {"longitude": 11.112484}
            ]]},
            {"altitude": 172},
            {"distance_km": 4.93638},
            {"speed_kmh": 8.77934},
            {"timestamp": "Thu Apr 27 18:42:22 UTC 2017"}
        ],
        [
            {"location": [[
                {"latitude": 60.023329},
                {"longitude": 11.113069}
            ]]},
            {"altitude": 178},
            {"distance_km": 4.96923},
            {"speed_kmh": 9.62534},
            {"timestamp": "Thu Apr 27 18:42:32 UTC 2017"}
        ],
        [
            {"location": [[
                {"latitude": 60.023421},
                {"longitude": 11.11334}
            ]]},
            {"altitude": 173},
            {"distance_km": 4.98753},
            {"speed_kmh": 9.40349},
            {"timestamp": "Thu Apr 27 18:42:40 UTC 2017"}
        ],
        [
            {"location": [[
                {"latitude": 60.023528},
                {"longitude": 11.11366}
            ]]},
            {"altitude": 178},
            {"distance_km": 5.00894},
            {"speed_kmh": 10.3875},
            {"timestamp": "Thu Apr 27 18:42:47 UTC 2017"}
        ],
        [
            {"location": [[
                {"latitude": 60.023572},
                {"longitude": 11.113843}
            ]]},
            {"altitude": 177},
            {"distance_km": 5.02033},
            {"speed_kmh": 10.9736},
            {"timestamp": "Thu Apr 27 18:42:50 UTC 2017"}
        ],
        [
            {"location": [[
                {"latitude": 60.023681},
                {"longitude": 11.114194}
            ]]},
            {"altitude": 177},
            {"distance_km": 5.04333},
            {"speed_kmh": 12.8294},
            {"timestamp": "Thu Apr 27 18:42:56 UTC 2017"}
        ],
        [
            {"location": [[
                {"latitude": 60.023754},
                {"longitude": 11.114484}
            ]]},
            {"altitude": 177},
            {"distance_km": 5.06139},
            {"speed_kmh": 13.4915},
            {"timestamp": "Thu Apr 27 18:43:01 UTC 2017"}
        ],
        [
            {"location": [[
                {"latitude": 60.023854},
                {"longitude": 11.114689}
            ]]},
            {"altitude": 179},
            {"distance_km": 5.0774},
            {"speed_kmh": 12.7753},
            {"timestamp": "Thu Apr 27 18:43:06 UTC 2017"}
        ],
        [
            {"location": [[
                {"latitude": 60.02403},
                {"longitude": 11.114782}
            ]]},
            {"altitude": 181},
            {"distance_km": 5.09766},
            {"speed_kmh": 11.9594},
            {"timestamp": "Thu Apr 27 18:43:13 UTC 2017"}
        ],
        [
            {"location": [[
                {"latitude": 60.02403},
                {"longitude": 11.114782}
            ]]},
            {"distance_km": 5.09766},
            {"timestamp": "Thu Apr 27 18:43:17 UTC 2017"}
        ],
        [
            {"location": [[
                {"latitude": 60.02403},
                {"longitude": 11.114782}
            ]]},
            {"distance_km": 5.09766},
            {"timestamp": "Thu Apr 27 18:43:52 UTC 2017"}
        ]
    ]}
]