[
    {"sport": "TREADMILL_RUNNING"},
    {"source": "INPUT_MANUAL_MOBILE"},
    {"created_date": "2018-04-02 16:49:16.0"},
    {"start_time": "2018-04-02 16:00:20.0"},
    {"end_time": "2018-04-02 16:28:56.0"},
    {"message": " 4x4-intervall på 12 km/h"},
    {"duration_s": 1716},
    {"distance_km": 5},
    {"calories_kcal": 236},
    {"speed_avg_kmh": 10.48951048951049},
    {"hydration_l": 0.147555},
    {"points": [[
        {"distance_km": 5},
        {"timestamp": "Mon Apr 02 16:00:20 UTC 2018"}
    ]]}
]