[
    {"sport": "TREADMILL_RUNNING"},
    {"source": "INPUT_MANUAL_MOBILE"},
    {"created_date": "2015-02-03 10:08:31.0"},
    {"start_time": "2015-02-03 09:30:19.0"},
    {"end_time": "2015-02-03 10:05:19.0"},
    {"message": "4x4-intervall (12.5 km/t, 11.5 km/t i ett minutt på de to siste intervallene)"},
    {"duration_s": 2100},
    {"distance_km": 5.300000190734863},
    {"calories_kcal": 286},
    {"speed_avg_kmh": 9.085714612688337},
    {"hydration_l": 0.180574},
    {"points": [[
        {"distance_km": 5.3},
        {"timestamp": "Tue Feb 03 09:30:19 UTC 2015"}
    ]]},
    {"comments": [
        [
            {"author": "Aurora Brunvoll"},
            {"created_date": "2015-02-04 17:06:32.0"},
            {"text": "Hvordan fungerer dette? :) løper du 12.5 km/t i 4 minutter? "}
        ],
        [
            {"author": "Oda Lauten"},
            {"created_date": "2015-02-04 17:10:17.0"},
            {"text": "Ja, det er 4 intervaller á 4 minutter (der jeg løper 12.5 km/t) med 3 minutter \"pause\" i mellom med rolig jogging."}
        ],
        [
            {"author": "Oda Lauten"},
            {"created_date": "2015-02-04 17:12:51.0"},
            {"text": "Målet er å klare å løpe i 14 km/t på intervallene, men det er nok litt langt frem i tid :P"}
        ],
        [
            {"author": "Aurora Brunvoll"},
            {"created_date": "2015-02-04 17:30:05.0"},
            {"text": "Oi, 14 km/t i 4 minutter er ganske heftig! Da har du et mål da hvertfall :)"}
        ],
        [
            {"author": "Oda Lauten"},
            {"created_date": "2015-02-04 18:03:53.0"},
            {"text": "Haha, ja x)"}
        ]
    ]}
]