[
    {"sport": "SPINNING"},
    {"source": "INPUT_MANUAL_MOBILE"},
    {"created_date": "2015-08-24 15:37:52.0"},
    {"start_time": "2015-08-24 14:00:23.0"},
    {"end_time": "2015-08-24 15:00:23.0"},
    {"notes": "Spinintervall: \nHR-AVG: 164\nHR-MAX: 194"},
    {"duration_s": 3600},
    {"distance_km": 0},
    {"calories_kcal": 520},
    {"speed_avg_kmh": 0},
    {"hydration_l": 0.326666},
    {"points": [[
        {"distance_km": 0},
        {"timestamp": "Mon Aug 24 14:00:23 UTC 2015"}
    ]]}
]