[
    {"sport": "BADMINTON"},
    {"source": "INPUT_MANUAL_MOBILE"},
    {"created_date": "2015-10-03 15:26:08.0"},
    {"start_time": "2015-10-03 07:00:55.0"},
    {"end_time": "2015-10-03 09:00:55.0"},
    {"notes": "Badmintonturnering: NTNUI Treffpunkt\n1. plass i miksdobbel C\n1. plass i herredobbel D"},
    {"duration_s": 7200},
    {"distance_km": 0},
    {"calories_kcal": 673},
    {"speed_avg_kmh": 0},
    {"hydration_l": 0.447999},
    {"points": [[
        {"distance_km": 0},
        {"timestamp": "Sat Oct 03 07:00:55 UTC 2015"}
    ]]}
]