[
    {"sport": "SKIING_CROSS_COUNTRY"},
    {"source": "INPUT_MANUAL_MOBILE"},
    {"created_date": "2015-04-03 16:54:09.0"},
    {"start_time": "2015-04-03 13:01:32.0"},
    {"end_time": "2015-04-03 14:01:32.0"},
    {"notes": "1 time effektiv halsing etter Brage ?"},
    {"duration_s": 3600},
    {"distance_km": 12},
    {"calories_kcal": 726},
    {"speed_avg_kmh": 12},
    {"hydration_l": 0.441853},
    {"points": [[
        {"distance_km": 12},
        {"timestamp": "Fri Apr 03 13:01:32 UTC 2015"}
    ]]}
]