[
    {"sport": "SPINNING"},
    {"source": "INPUT_MANUAL_MOBILE"},
    {"created_date": "2015-05-05 19:36:49.0"},
    {"start_time": "2015-05-05 18:00:42.0"},
    {"end_time": "2015-05-05 19:00:42.0"},
    {"notes": "Spinintervall: 4min x6\nHR-avg: 170\nHR-max: 191"},
    {"duration_s": 3600},
    {"distance_km": 0},
    {"calories_kcal": 520},
    {"speed_avg_kmh": 0},
    {"hydration_l": 0.326666},
    {"points": [[
        {"distance_km": 0},
        {"timestamp": "Tue May 05 18:00:42 UTC 2015"}
    ]]}
]