[
    {"sport": "CROSS_TRAINING"},
    {"source": "INPUT_MANUAL_MOBILE"},
    {"created_date": "2016-11-06 14:45:58.0"},
    {"start_time": "2016-11-06 13:45:09.0"},
    {"end_time": "2016-11-06 13:45:12.0"},
    {"notes": "HR-MAX: 193\nHR-AVG: 175"},
    {"duration_s": 3600},
    {"distance_km": 20},
    {"calories_kcal": 747.248},
    {"heart_rate_avg_bpm": 175},
    {"heart_rate_max_bpm": 193},
    {"speed_avg_kmh": 20},
    {"hydration_l": 0.182933},
    {"points": [[
        {"distance_km": 20},
        {"timestamp": "Sun Nov 06 13:45:09 UTC 2016"}
    ]]}
]