[
    {"sport": "WEIGHT_TRAINING"},
    {"source": "INPUT_MANUAL_MOBILE"},
    {"created_date": "2016-05-18 15:55:00.0"},
    {"start_time": "2016-05-18 13:45:42.0"},
    {"end_time": "2016-05-18 15:30:42.0"},
    {"notes": "2.5 km: 13 min. og 15 sek."},
    {"duration_s": 6300},
    {"distance_km": 2.5},
    {"calories_kcal": 645},
    {"speed_avg_kmh": 1.4285714285714286},
    {"hydration_l": 0.421944},
    {"points": [[
        {"distance_km": 2.5},
        {"timestamp": "Wed May 18 13:45:42 UTC 2016"}
    ]]}
]