[
    {"sport": "SKIING_CROSS_COUNTRY"},
    {"source": "INPUT_MANUAL_MOBILE"},
    {"created_date": "2016-03-26 18:34:03.0"},
    {"start_time": "2016-03-24 13:00:58.0"},
    {"end_time": "2016-03-24 14:00:58.0"},
    {"notes": "Årets første skitur\n(med betennelse i kjeven.. :S )"},
    {"duration_s": 3600},
    {"distance_km": 7.5},
    {"calories_kcal": 507},
    {"speed_avg_kmh": 7.5},
    {"hydration_l": 0.3182},
    {"points": [[
        {"distance_km": 7.5},
        {"timestamp": "Thu Mar 24 13:00:58 UTC 2016"}
    ]]}
]