[
    {"sport": "CROSS_TRAINING"},
    {"source": "INPUT_MANUAL_MOBILE"},
    {"created_date": "2016-10-25 16:03:28.0"},
    {"start_time": "2016-10-25 12:30:02.0"},
    {"end_time": "2016-10-25 12:30:04.0"},
    {"duration_s": 2700},
    {"distance_km": 15.300000190734863},
    {"calories_kcal": 570.056},
    {"heart_rate_avg_bpm": 177},
    {"heart_rate_max_bpm": 192},
    {"speed_avg_kmh": 20.40000025431315},
    {"hydration_l": 0.245},
    {"points": [[
        {"distance_km": 15.3},
        {"timestamp": "Tue Oct 25 13:17:02 UTC 2016"}
    ]]}
]