[
    {"sport": "TREADMILL_RUNNING"},
    {"source": "INPUT_MANUAL_MOBILE"},
    {"created_date": "2017-09-24 07:17:24.0"},
    {"start_time": "2017-09-23 12:00:26.0"},
    {"end_time": "2017-09-23 12:39:26.0"},
    {"notes": "HR-AVG: 169\nHR-MAX: 195"},
    {"duration_s": 2340},
    {"distance_km": 6},
    {"calories_kcal": 320},
    {"speed_avg_kmh": 9.23076923076923},
    {"hydration_l": 0.201211},
    {"points": [[
        {"distance_km": 6},
        {"timestamp": "Sat Sep 23 12:00:26 UTC 2017"}
    ]]}
]