[
    {"sport": "RUNNING"},
    {"source": "TRACK_MOBILE"},
    {"created_date": "2017-07-25 19:21:01.0"},
    {"start_time": "2017-07-25 18:26:24.0"},
    {"end_time": "2017-07-25 19:15:01.0"},
    {"duration_s": 2917},
    {"distance_km": 6.130605220794678},
    {"calories_kcal": 380},
    {"altitude_min_m": 128},
    {"altitude_max_m": 173},
    {"speed_avg_kmh": 7.5660537520949065},
    {"speed_max_kmh": 11.6188},
    {"hydration_l": 0.240116},
    {"ascend_m": 144},
    {"descend_m": 142},
    {"points": [
        [
            {"location": [[
                {"latitude": 59.953661},
                {"longitude": 11.064793}
            ]]},
            {"distance_km": 0},
            {"timestamp": "Tue Jul 25 18:26:24 UTC 2017"}
        ],
        [
            {"location": [[
                {"latitude": 59.953661},
                {"longitude": 11.064793}
            ]]},
            {"altitude": 151},
            {"distance_km": 0},
            {"timestamp": "Tue Jul 25 18:26:24 UTC 2017"}
        ],
        [
            {"location": [[
                {"latitude": 59.953652},
                {"longitude": 11.064543}
            ]]},
            {"altitude": 145},
            {"distance_km": 0.027957},
            {"timestamp": "Tue Jul 25 18:26:38 UTC 2017"}
        ],
        [
            {"location": [[
                {"latitude": 59.95347},
                {"longitude": 11.064499}
            ]]},
            {"altitude": 147},
            {"distance_km": 0.04842},
            {"timestamp": "Tue Jul 25 18:26:56 UTC 2017"}
        ],
        [
            {"location": [[
                {"latitude": 59.953337},
                {"longitude": 11.06458}
            ]]},
            {"altitude": 146},
            {"distance_km": 0.063923},
            {"speed_kmh": 4.1335},
            {"timestamp": "Tue Jul 25 18:27:08 UTC 2017"}
        ],
        [
            {"location": [[
                {"latitude": 59.952753},
                {"longitude": 11.064773}
            ]]},
            {"altitude": 173},
            {"distance_km": 0.129795},
            {"speed_kmh": 2.02678},
            {"timestamp": "Tue Jul 25 18:27:47 UTC 2017"}
        ],
        [
            {"location": [[
                {"latitude": 59.952661},
                {"longitude": 11.064565}
            ]]},
            {"altitude": 149},
            {"distance_km": 0.145337},
            {"speed_kmh": 3.70815},
            {"timestamp": "Tue Jul 25 18:27:58 UTC 2017"}
        ],
        [
            {"location": [[
                {"latitude": 59.952597},
                {"longitude": 11.064405}
            ]]},
            {"altitude": 146},
            {"distance_km": 0.156772},
            {"speed_kmh": 5.66847},
            {"timestamp": "Tue Jul 25 18:28:05 UTC 2017"}
        ],
        [
            {"location": [[
                {"latitude": 59.952517},
                {"longitude": 11.06425}
            ]]},
            {"altitude": 147},
            {"distance_km": 0.169151},
            {"speed_kmh": 5.29291},
            {"timestamp": "Tue Jul 25 18:28:14 UTC 2017"}
        ],
        [
            {"location": [[
                {"latitude": 59.952398},
                {"longitude": 11.063916}
            ]]},
            {"altitude": 144},
            {"distance_km": 0.192045},
            {"speed_kmh": 5.44245},
            {"timestamp": "Tue Jul 25 18:28:29 UTC 2017"}
        ],
        [
            {"location": [[
                {"latitude": 59.952379},
                {"longitude": 11.063608}
            ]]},
            {"altitude": 145},
            {"distance_km": 0.209419},
            {"speed_kmh": 5.08631},
            {"timestamp": "Tue Jul 25 18:28:42 UTC 2017"}
        ],
        [
            {"location": [[
                {"latitude": 59.952261},
                {"longitude": 11.063476}
            ]]},
            {"altitude": 145},
            {"distance_km": 0.224516},
            {"speed_kmh": 5.08199},
            {"timestamp": "Tue Jul 25 18:28:53 UTC 2017"}
        ],
        [
            {"location": [[
                {"latitude": 59.952165},
                {"longitude": 11.063301}
            ]]},
            {"altitude": 147},
            {"distance_km": 0.238945},
            {"timestamp": "Tue Jul 25 18:29:02 UTC 2017"}
        ],
        [
            {"location": [[
                {"latitude": 59.952172},
                {"longitude": 11.063277}
            ]]},
            {"altitude": 150},
            {"distance_km": 0.24048},
            {"timestamp": "Tue Jul 25 18:29:10 UTC 2017"}
        ],
        [
            {"location": [[
                {"latitude": 59.952054},
                {"longitude": 11.06298}
            ]]},
            {"altitude": 152},
            {"distance_km": 0.282823},
            {"speed_kmh": 3.50876},
            {"timestamp": "Tue Jul 25 18:29:29 UTC 2017"}
        ],
        [
            {"location": [[
                {"latitude": 59.951985},
                {"longitude": 11.062768}
            ]]},
            {"altitude": 153},
            {"distance_km": 0.296899},
            {"speed_kmh": 4.37965},
            {"timestamp": "Tue Jul 25 18:29:35 UTC 2017"}
        ],
        [
            {"location": [[
                {"latitude": 59.951929},
                {"longitude": 11.062536}
            ]]},
            {"altitude": 152},
            {"distance_km": 0.311297},
            {"speed_kmh": 5.87764},
            {"timestamp": "Tue Jul 25 18:29:45 UTC 2017"}
        ],
        [
            {"location": [[
                {"latitude": 59.951805},
                {"longitude": 11.062179}
            ]]},
            {"altitude": 148},
            {"distance_km": 0.335559},
            {"speed_kmh": 7.19038},
            {"timestamp": "Tue Jul 25 18:29:56 UTC 2017"}
        ],
        [
            {"location": [[
                {"latitude": 59.951716},
                {"longitude": 11.061762}
            ]]},
            {"altitude": 146},
            {"distance_km": 0.360906},
            {"speed_kmh": 7.14015},
            {"timestamp": "Tue Jul 25 18:30:07 UTC 2017"}
        ],
        [
            {"location": [[
                {"latitude": 59.95165},
                {"longitude": 11.061416}
            ]]},
            {"altitude": 145},
            {"distance_km": 0.381568},
            {"speed_kmh": 7.48039},
            {"timestamp": "Tue Jul 25 18:30:19 UTC 2017"}
        ],
        [
            {"location": [[
                {"latitude": 59.951581},
                {"longitude": 11.061006}
            ]]},
            {"altitude": 145},
            {"distance_km": 0.405707},
            {"speed_kmh": 6.91379},
            {"timestamp": "Tue Jul 25 18:30:33 UTC 2017"}
        ],
        [
            {"location": [[
                {"latitude": 59.951537},
                {"longitude": 11.060742}
            ]]},
            {"altitude": 142},
            {"distance_km": 0.421261},
            {"speed_kmh": 5.99374},
            {"timestamp": "Tue Jul 25 18:30:43 UTC 2017"}
        ],
        [
            {"location": [[
                {"latitude": 59.951494},
                {"longitude": 11.060353}
            ]]},
            {"altitude": 141},
            {"distance_km": 0.443521},
            {"speed_kmh": 5.98663},
            {"timestamp": "Tue Jul 25 18:30:56 UTC 2017"}
        ],
        [
            {"location": [[
                {"latitude": 59.951482},
                {"longitude": 11.060158}
            ]]},
            {"altitude": 143},
            {"distance_km": 0.454495},
            {"speed_kmh": 5.54944},
            {"timestamp": "Tue Jul 25 18:31:04 UTC 2017"}
        ],
        [
            {"location": [[
                {"latitude": 59.951309},
                {"longitude": 11.06014}
            ]]},
            {"altitude": 141},
            {"distance_km": 0.473739},
            {"speed_kmh": 5.34697},
            {"timestamp": "Tue Jul 25 18:31:18 UTC 2017"}
        ],
        [
            {"location": [[
                {"latitude": 59.951153},
                {"longitude": 11.060224}
            ]]},
            {"altitude": 144},
            {"distance_km": 0.491795},
            {"speed_kmh": 4.84268},
            {"timestamp": "Tue Jul 25 18:31:32 UTC 2017"}
        ],
        [
            {"location": [[
                {"latitude": 59.950924},
                {"longitude": 11.060347}
            ]]},
            {"altitude": 145},
            {"distance_km": 0.518154},
            {"speed_kmh": 5.05733},
            {"timestamp": "Tue Jul 25 18:31:49 UTC 2017"}
        ],
        [
            {"location": [[
                {"latitude": 59.950753},
                {"longitude": 11.060434}
            ]]},
            {"altitude": 143},
            {"distance_km": 0.537817},
            {"speed_kmh": 5.22707},
            {"timestamp": "Tue Jul 25 18:32:02 UTC 2017"}
        ],
        [
            {"location": [[
                {"latitude": 59.950119},
                {"longitude": 11.060754}
            ]]},
            {"altitude": 138},
            {"distance_km": 0.61071},
            {"timestamp": "Tue Jul 25 18:32:45 UTC 2017"}
        ],
        [
            {"location": [[
                {"latitude": 59.950032},
                {"longitude": 11.060761}
            ]]},
            {"altitude": 134},
            {"distance_km": 0.620365},
            {"timestamp": "Tue Jul 25 18:32:51 UTC 2017"}
        ],
        [
            {"location": [[
                {"latitude": 59.949939},
                {"longitude": 11.060848}
            ]]},
            {"altitude": 134},
            {"distance_km": 0.652578},
            {"speed_kmh": 5.32837},
            {"timestamp": "Tue Jul 25 18:33:01 UTC 2017"}
        ],
        [
            {"location": [[
                {"latitude": 59.9498},
                {"longitude": 11.060944}
            ]]},
            {"altitude": 138},
            {"distance_km": 0.669002},
            {"speed_kmh": 5.49107},
            {"timestamp": "Tue Jul 25 18:33:10 UTC 2017"}
        ],
        [
            {"location": [[
                {"latitude": 59.949648},
                {"longitude": 11.061009}
            ]]},
            {"altitude": 136},
            {"distance_km": 0.686323},
            {"speed_kmh": 5.63938},
            {"timestamp": "Tue Jul 25 18:33:20 UTC 2017"}
        ],
        [
            {"location": [[
                {"latitude": 59.949462},
                {"longitude": 11.061046}
            ]]},
            {"altitude": 132},
            {"distance_km": 0.707113},
            {"speed_kmh": 6.19774},
            {"timestamp": "Tue Jul 25 18:33:33 UTC 2017"}
        ],
        [
            {"location": [[
                {"latitude": 59.949289},
                {"longitude": 11.061207}
            ]]},
            {"altitude": 138},
            {"distance_km": 0.728381},
            {"speed_kmh": 5.83246},
            {"timestamp": "Tue Jul 25 18:33:47 UTC 2017"}
        ],
        [
            {"location": [[
                {"latitude": 59.949155},
                {"longitude": 11.061313}
            ]]},
            {"altitude": 143},
            {"distance_km": 0.744394},
            {"speed_kmh": 5.35343},
            {"timestamp": "Tue Jul 25 18:33:59 UTC 2017"}
        ],
        [
            {"location": [[
                {"latitude": 59.948994},
                {"longitude": 11.061546}
            ]]},
            {"altitude": 140},
            {"distance_km": 0.76666},
            {"speed_kmh": 5.20852},
            {"timestamp": "Tue Jul 25 18:34:14 UTC 2017"}
        ],
        [
            {"location": [[
                {"latitude": 59.948878},
                {"longitude": 11.061737}
            ]]},
            {"altitude": 141},
            {"distance_km": 0.783353},
            {"speed_kmh": 4.91077},
            {"timestamp": "Tue Jul 25 18:34:27 UTC 2017"}
        ],
        [
            {"location": [[
                {"latitude": 59.948632},
                {"longitude": 11.062082}
            ]]},
            {"altitude": 140},
            {"distance_km": 0.816857},
            {"speed_kmh": 5.67823},
            {"timestamp": "Tue Jul 25 18:34:44 UTC 2017"}
        ],
        [
            {"location": [[
                {"latitude": 59.948496},
                {"longitude": 11.062429}
            ]]},
            {"altitude": 146},
            {"distance_km": 0.841514},
            {"speed_kmh": 5.87859},
            {"timestamp": "Tue Jul 25 18:34:59 UTC 2017"}
        ],
        [
            {"location": [[
                {"latitude": 59.948371},
                {"longitude": 11.062558}
            ]]},
            {"altitude": 137},
            {"distance_km": 0.857173},
            {"speed_kmh": 6.21813},
            {"timestamp": "Tue Jul 25 18:35:09 UTC 2017"}
        ],
        [
            {"location": [[
                {"latitude": 59.948188},
                {"longitude": 11.062753}
            ]]},
            {"altitude": 130},
            {"distance_km": 0.880278},
            {"speed_kmh": 5.83205},
            {"timestamp": "Tue Jul 25 18:35:23 UTC 2017"}
        ],
        [
            {"location": [[
                {"latitude": 59.948072},
                {"longitude": 11.062858}
            ]]},
            {"altitude": 131},
            {"distance_km": 0.894496},
            {"speed_kmh": 5.75518},
            {"timestamp": "Tue Jul 25 18:35:32 UTC 2017"}
        ],
        [
            {"location": [[
                {"latitude": 59.947917},
                {"longitude": 11.062775}
            ]]},
            {"altitude": 139},
            {"distance_km": 0.912383},
            {"speed_kmh": 5.21713},
            {"timestamp": "Tue Jul 25 18:35:48 UTC 2017"}
        ],
        [
            {"location": [[
                {"latitude": 59.947792},
                {"longitude": 11.062539}
            ]]},
            {"altitude": 145},
            {"distance_km": 0.931589},
            {"speed_kmh": 4.67757},
            {"timestamp": "Tue Jul 25 18:36:04 UTC 2017"}
        ],
        [
            {"location": [[
                {"latitude": 59.947745},
                {"longitude": 11.062471}
            ]]},
            {"altitude": 151},
            {"distance_km": 0.938006},
            {"timestamp": "Tue Jul 25 18:36:09 UTC 2017"}
        ],
        [
            {"location": [[
                {"latitude": 59.947723},
                {"longitude": 11.062454}
            ]]},
            {"altitude": 153},
            {"distance_km": 0.940581},
            {"timestamp": "Tue Jul 25 18:36:15 UTC 2017"}
        ],
        [
            {"location": [[
                {"latitude": 59.947604},
                {"longitude": 11.062437}
            ]]},
            {"altitude": 148},
            {"distance_km": 0.967321},
            {"speed_kmh": 3.30459},
            {"timestamp": "Tue Jul 25 18:36:28 UTC 2017"}
        ],
        [
            {"location": [[
                {"latitude": 59.947432},
                {"longitude": 11.06231}
            ]]},
            {"altitude": 146},
            {"distance_km": 0.987733},
            {"timestamp": "Tue Jul 25 18:36:41 UTC 2017"}
        ],
        [
            {"location": [[
                {"latitude": 59.947406},
                {"longitude": 11.062164}
            ]]},
            {"altitude": 146},
            {"distance_km": 1.02324},
            {"timestamp": "Tue Jul 25 18:36:54 UTC 2017"}
        ],
        [
            {"location": [[
                {"latitude": 59.947331},
                {"longitude": 11.061742}
            ]]},
            {"altitude": 141},
            {"distance_km": 1.04822},
            {"speed_kmh": 4.98787},
            {"timestamp": "Tue Jul 25 18:37:07 UTC 2017"}
        ],
        [
            {"location": [[
                {"latitude": 59.947091},
                {"longitude": 11.060148}
            ]]},
            {"altitude": 128},
            {"distance_km": 1.14123},
            {"timestamp": "Tue Jul 25 18:37:46 UTC 2017"}
        ],
        [
            {"location": [[
                {"latitude": 59.947286},
                {"longitude": 11.059934}
            ]]},
            {"altitude": 143},
            {"distance_km": 1.16596},
            {"timestamp": "Tue Jul 25 18:37:56 UTC 2017"}
        ],
        [
            {"location": [[
                {"latitude": 59.947437},
                {"longitude": 11.059622}
            ]]},
            {"altitude": 146},
            {"distance_km": 1.19025},
            {"speed_kmh": 9.06195},
            {"timestamp": "Tue Jul 25 18:38:05 UTC 2017"}
        ],
        [
            {"location": [[
                {"latitude": 59.947535},
                {"longitude": 11.059187}
            ]]},
            {"altitude": 144},
            {"distance_km": 1.21686},
            {"speed_kmh": 9.75704},
            {"timestamp": "Tue Jul 25 18:38:14 UTC 2017"}
        ],
        [
            {"location": [[
                {"latitude": 59.947571},
                {"longitude": 11.058977}
            ]]},
            {"altitude": 144},
            {"distance_km": 1.22925},
            {"speed_kmh": 9.76639},
            {"timestamp": "Tue Jul 25 18:38:19 UTC 2017"}
        ],
        [
            {"location": [[
                {"latitude": 59.947604},
                {"longitude": 11.058799}
            ]]},
            {"altitude": 146},
            {"distance_km": 1.23989},
            {"speed_kmh": 9.72217},
            {"timestamp": "Tue Jul 25 18:38:23 UTC 2017"}
        ],
        [
            {"location": [[
                {"latitude": 59.947632},
                {"longitude": 11.058664}
            ]]},
            {"altitude": 146},
            {"distance_km": 1.24807},
            {"speed_kmh": 9.42165},
            {"timestamp": "Tue Jul 25 18:38:26 UTC 2017"}
        ],
        [
            {"location": [[
                {"latitude": 59.947723},
                {"longitude": 11.05824}
            ]]},
            {"altitude": 147},
            {"distance_km": 1.27384},
            {"speed_kmh": 9.88213},
            {"timestamp": "Tue Jul 25 18:38:35 UTC 2017"}
        ],
        [
            {"location": [[
                {"latitude": 59.947815},
                {"longitude": 11.057784}
            ]]},
            {"altitude": 149},
            {"distance_km": 1.30133},
            {"speed_kmh": 10.3581},
            {"timestamp": "Tue Jul 25 18:38:44 UTC 2017"}
        ],
        [
            {"location": [[
                {"latitude": 59.947899},
                {"longitude": 11.057386}
            ]]},
            {"altitude": 149},
            {"distance_km": 1.32541},
            {"speed_kmh": 10.7177},
            {"timestamp": "Tue Jul 25 18:38:52 UTC 2017"}
        ],
        [
            {"location": [[
                {"latitude": 59.947931},
                {"longitude": 11.057242}
            ]]},
            {"altitude": 149},
            {"distance_km": 1.33426},
            {"speed_kmh": 10.8247},
            {"timestamp": "Tue Jul 25 18:38:55 UTC 2017"}
        ],
        [
            {"location": [[
                {"latitude": 59.94796},
                {"longitude": 11.057106}
            ]]},
            {"altitude": 148},
            {"distance_km": 1.34251},
            {"speed_kmh": 10.4597},
            {"timestamp": "Tue Jul 25 18:38:58 UTC 2017"}
        ],
        [
            {"location": [[
                {"latitude": 59.947957},
                {"longitude": 11.056776}
            ]]},
            {"altitude": 148},
            {"distance_km": 1.36091},
            {"speed_kmh": 9.99752},
            {"timestamp": "Tue Jul 25 18:39:05 UTC 2017"}
        ],
        [
            {"location": [[
                {"latitude": 59.94787},
                {"longitude": 11.056429}
            ]]},
            {"altitude": 147},
            {"distance_km": 1.38263},
            {"speed_kmh": 9.35009},
            {"timestamp": "Tue Jul 25 18:39:14 UTC 2017"}
        ],
        [
            {"location": [[
                {"latitude": 59.94783},
                {"longitude": 11.056137}
            ]]},
            {"altitude": 147},
            {"distance_km": 1.39952},
            {"speed_kmh": 8.94529},
            {"timestamp": "Tue Jul 25 18:39:21 UTC 2017"}
        ],
        [
            {"location": [[
                {"latitude": 59.947857},
                {"longitude": 11.055756}
            ]]},
            {"altitude": 150},
            {"distance_km": 1.42104},
            {"speed_kmh": 9.47303},
            {"timestamp": "Tue Jul 25 18:39:28 UTC 2017"}
        ],
        [
            {"location": [[
                {"latitude": 59.947942},
                {"longitude": 11.055429}
            ]]},
            {"altitude": 149},
            {"distance_km": 1.44165},
            {"speed_kmh": 10.7013},
            {"timestamp": "Tue Jul 25 18:39:34 UTC 2017"}
        ],
        [
            {"location": [[
                {"latitude": 59.948087},
                {"longitude": 11.055122}
            ]]},
            {"altitude": 144},
            {"distance_km": 1.46521},
            {"speed_kmh": 11.3463},
            {"timestamp": "Tue Jul 25 18:39:42 UTC 2017"}
        ],
        [
            {"location": [[
                {"latitude": 59.94822},
                {"longitude": 11.054912}
            ]]},
            {"altitude": 143},
            {"distance_km": 1.48407},
            {"speed_kmh": 10.8953},
            {"timestamp": "Tue Jul 25 18:39:49 UTC 2017"}
        ],
        [
            {"location": [[
                {"latitude": 59.948382},
                {"longitude": 11.054632}
            ]]},
            {"altitude": 141},
            {"distance_km": 1.50799},
            {"speed_kmh": 9.96161},
            {"timestamp": "Tue Jul 25 18:39:58 UTC 2017"}
        ],
        [
            {"location": [[
                {"latitude": 59.948546},
                {"longitude": 11.054346}
            ]]},
            {"altitude": 141},
            {"distance_km": 1.53224},
            {"speed_kmh": 10.0399},
            {"timestamp": "Tue Jul 25 18:40:06 UTC 2017"}
        ],
        [
            {"location": [[
                {"latitude": 59.948678},
                {"longitude": 11.054013}
            ]]},
            {"altitude": 140},
            {"distance_km": 1.55597},
            {"speed_kmh": 10.3857},
            {"timestamp": "Tue Jul 25 18:40:14 UTC 2017"}
        ],
        [
            {"location": [[
                {"latitude": 59.948803},
                {"longitude": 11.053613}
            ]]},
            {"altitude": 140},
            {"distance_km": 1.58236},
            {"speed_kmh": 10.7169},
            {"timestamp": "Tue Jul 25 18:40:23 UTC 2017"}
        ],
        [
            {"location": [[
                {"latitude": 59.948871},
                {"longitude": 11.053377}
            ]]},
            {"altitude": 142},
            {"distance_km": 1.59747},
            {"speed_kmh": 10.7205},
            {"timestamp": "Tue Jul 25 18:40:28 UTC 2017"}
        ],
        [
            {"location": [[
                {"latitude": 59.948953},
                {"longitude": 11.052982}
            ]]},
            {"altitude": 138},
            {"distance_km": 1.62141},
            {"speed_kmh": 10.3352},
            {"timestamp": "Tue Jul 25 18:40:37 UTC 2017"}
        ],
        [
            {"location": [[
                {"latitude": 59.949006},
                {"longitude": 11.052739}
            ]]},
            {"altitude": 137},
            {"distance_km": 1.63617},
            {"speed_kmh": 10.3447},
            {"timestamp": "Tue Jul 25 18:40:42 UTC 2017"}
        ],
        [
            {"location": [[
                {"latitude": 59.94909},
                {"longitude": 11.052351}
            ]]},
            {"altitude": 139},
            {"distance_km": 1.65984},
            {"speed_kmh": 10.2808},
            {"timestamp": "Tue Jul 25 18:40:50 UTC 2017"}
        ],
        [
            {"location": [[
                {"latitude": 59.949126},
                {"longitude": 11.052212}
            ]]},
            {"altitude": 140},
            {"distance_km": 1.66859},
            {"speed_kmh": 10.5902},
            {"timestamp": "Tue Jul 25 18:40:53 UTC 2017"}
        ],
        [
            {"location": [[
                {"latitude": 59.949203},
                {"longitude": 11.05186}
            ]]},
            {"altitude": 142},
            {"distance_km": 1.69007},
            {"speed_kmh": 10.2818},
            {"timestamp": "Tue Jul 25 18:41:01 UTC 2017"}
        ],
        [
            {"location": [[
                {"latitude": 59.949242},
                {"longitude": 11.051687}
            ]]},
            {"altitude": 140},
            {"distance_km": 1.70064},
            {"speed_kmh": 9.89365},
            {"timestamp": "Tue Jul 25 18:41:05 UTC 2017"}
        ],
        [
            {"location": [[
                {"latitude": 59.94934},
                {"longitude": 11.051255}
            ]]},
            {"altitude": 139},
            {"distance_km": 1.72716},
            {"speed_kmh": 9.92038},
            {"timestamp": "Tue Jul 25 18:41:14 UTC 2017"}
        ],
        [
            {"location": [[
                {"latitude": 59.949437},
                {"longitude": 11.050866}
            ]]},
            {"altitude": 141},
            {"distance_km": 1.75137},
            {"speed_kmh": 10.3316},
            {"timestamp": "Tue Jul 25 18:41:22 UTC 2017"}
        ],
        [
            {"location": [[
                {"latitude": 59.949527},
                {"longitude": 11.050462}
            ]]},
            {"altitude": 141},
            {"distance_km": 1.77608},
            {"speed_kmh": 10.8751},
            {"timestamp": "Tue Jul 25 18:41:30 UTC 2017"}
        ],
        [
            {"location": [[
                {"latitude": 59.949606},
                {"longitude": 11.050125}
            ]]},
            {"altitude": 140},
            {"distance_km": 1.79692},
            {"speed_kmh": 10.9072},
            {"timestamp": "Tue Jul 25 18:41:37 UTC 2017"}
        ],
        [
            {"location": [[
                {"latitude": 59.949722},
                {"longitude": 11.04977}
            ]]},
            {"altitude": 140},
            {"distance_km": 1.82057},
            {"speed_kmh": 10.8343},
            {"timestamp": "Tue Jul 25 18:41:45 UTC 2017"}
        ],
        [
            {"location": [[
                {"latitude": 59.949772},
                {"longitude": 11.049638}
            ]]},
            {"altitude": 140},
            {"distance_km": 1.82982},
            {"speed_kmh": 10.8109},
            {"timestamp": "Tue Jul 25 18:41:48 UTC 2017"}
        ],
        [
            {"location": [[
                {"latitude": 59.949889},
                {"longitude": 11.049324}
            ]]},
            {"altitude": 141},
            {"distance_km": 1.85169},
            {"speed_kmh": 10.9867},
            {"timestamp": "Tue Jul 25 18:41:55 UTC 2017"}
        ],
        [
            {"location": [[
                {"latitude": 59.950029},
                {"longitude": 11.048949}
            ]]},
            {"altitude": 142},
            {"distance_km": 1.8778},
            {"speed_kmh": 11.3561},
            {"timestamp": "Tue Jul 25 18:42:03 UTC 2017"}
        ],
        [
            {"location": [[
                {"latitude": 59.950136},
                {"longitude": 11.048594}
            ]]},
            {"altitude": 139},
            {"distance_km": 1.90099},
            {"speed_kmh": 11.6188},
            {"timestamp": "Tue Jul 25 18:42:10 UTC 2017"}
        ],
        [
            {"location": [[
                {"latitude": 59.950321},
                {"longitude": 11.046821}
            ]]},
            {"altitude": 130},
            {"distance_km": 2.00217},
            {"speed_kmh": 3.03858},
            {"timestamp": "Tue Jul 25 18:42:50 UTC 2017"}
        ],
        [
            {"location": [[
                {"latitude": 59.950305},
                {"longitude": 11.046515}
            ]]},
            {"altitude": 142},
            {"distance_km": 2.01935},
            {"speed_kmh": 5.984},
            {"timestamp": "Tue Jul 25 18:42:57 UTC 2017"}
        ],
        [
            {"location": [[
                {"latitude": 59.950366},
                {"longitude": 11.04627}
            ]]},
            {"altitude": 137},
            {"distance_km": 2.03465},
            {"speed_kmh": 9.03826},
            {"timestamp": "Tue Jul 25 18:43:03 UTC 2017"}
        ],
        [
            {"location": [[
                {"latitude": 59.950458},
                {"longitude": 11.045692}
            ]]},
            {"altitude": 139},
            {"distance_km": 2.06851},
            {"speed_kmh": 10.5195},
            {"timestamp": "Tue Jul 25 18:43:12 UTC 2017"}
        ],
        [
            {"location": [[
                {"latitude": 59.950539},
                {"longitude": 11.045477}
            ]]},
            {"altitude": 143},
            {"distance_km": 2.08352},
            {"speed_kmh": 10.1468},
            {"timestamp": "Tue Jul 25 18:43:19 UTC 2017"}
        ],
        [
            {"location": [[
                {"latitude": 59.950676},
                {"longitude": 11.045369}
            ]]},
            {"altitude": 139},
            {"distance_km": 2.09995},
            {"speed_kmh": 9.90984},
            {"timestamp": "Tue Jul 25 18:43:26 UTC 2017"}
        ],
        [
            {"location": [[
                {"latitude": 59.950803},
                {"longitude": 11.045015}
            ]]},
            {"altitude": 142},
            {"distance_km": 2.12429},
            {"speed_kmh": 7.82416},
            {"timestamp": "Tue Jul 25 18:43:38 UTC 2017"}
        ],
        [
            {"location": [[
                {"latitude": 59.950907},
                {"longitude": 11.044617}
            ]]},
            {"altitude": 144},
            {"distance_km": 2.14934},
            {"speed_kmh": 8.59113},
            {"timestamp": "Tue Jul 25 18:43:47 UTC 2017"}
        ],
        [
            {"location": [[
                {"latitude": 59.950938},
                {"longitude": 11.044471}
            ]]},
            {"altitude": 146},
            {"distance_km": 2.15823},
            {"speed_kmh": 9.33088},
            {"timestamp": "Tue Jul 25 18:43:50 UTC 2017"}
        ],
        [
            {"location": [[
                {"latitude": 59.950987},
                {"longitude": 11.044073}
            ]]},
            {"altitude": 149},
            {"distance_km": 2.18109},
            {"speed_kmh": 10.3238},
            {"timestamp": "Tue Jul 25 18:43:58 UTC 2017"}
        ],
        [
            {"location": [[
                {"latitude": 59.951013},
                {"longitude": 11.043821}
            ]]},
            {"altitude": 150},
            {"distance_km": 2.1955},
            {"speed_kmh": 10.4132},
            {"timestamp": "Tue Jul 25 18:44:03 UTC 2017"}
        ],
        [
            {"location": [[
                {"latitude": 59.951022},
                {"longitude": 11.043413}
            ]]},
            {"altitude": 146},
            {"distance_km": 2.21835},
            {"speed_kmh": 10.3404},
            {"timestamp": "Tue Jul 25 18:44:11 UTC 2017"}
        ],
        [
            {"location": [[
                {"latitude": 59.951046},
                {"longitude": 11.043148}
            ]]},
            {"altitude": 149},
            {"distance_km": 2.23336},
            {"speed_kmh": 10.4573},
            {"timestamp": "Tue Jul 25 18:44:16 UTC 2017"}
        ],
        [
            {"location": [[
                {"latitude": 59.951059},
                {"longitude": 11.042897}
            ]]},
            {"altitude": 148},
            {"distance_km": 2.24745},
            {"speed_kmh": 10.397},
            {"timestamp": "Tue Jul 25 18:44:21 UTC 2017"}
        ],
        [
            {"location": [[
                {"latitude": 59.95115},
                {"longitude": 11.042392}
            ]]},
            {"altitude": 145},
            {"distance_km": 2.27743},
            {"speed_kmh": 10.5136},
            {"timestamp": "Tue Jul 25 18:44:31 UTC 2017"}
        ],
        [
            {"location": [[
                {"latitude": 59.951225},
                {"longitude": 11.041988}
            ]]},
            {"altitude": 147},
            {"distance_km": 2.30151},
            {"speed_kmh": 10.586},
            {"timestamp": "Tue Jul 25 18:44:39 UTC 2017"}
        ],
        [
            {"location": [[
                {"latitude": 59.951344},
                {"longitude": 11.04154}
            ]]},
            {"altitude": 146},
            {"distance_km": 2.3299},
            {"speed_kmh": 11.0014},
            {"timestamp": "Tue Jul 25 18:44:48 UTC 2017"}
        ],
        [
            {"location": [[
                {"latitude": 59.951394},
                {"longitude": 11.041294}
            ]]},
            {"altitude": 146},
            {"distance_km": 2.34471},
            {"speed_kmh": 10.94},
            {"timestamp": "Tue Jul 25 18:44:53 UTC 2017"}
        ],
        [
            {"location": [[
                {"latitude": 59.951484},
                {"longitude": 11.040886}
            ]]},
            {"altitude": 145},
            {"distance_km": 2.36965},
            {"speed_kmh": 11.0744},
            {"timestamp": "Tue Jul 25 18:45:01 UTC 2017"}
        ],
        [
            {"location": [[
                {"latitude": 59.951604},
                {"longitude": 11.040523}
            ]]},
            {"altitude": 144},
            {"distance_km": 2.39389},
            {"speed_kmh": 10.927},
            {"timestamp": "Tue Jul 25 18:45:09 UTC 2017"}
        ],
        [
            {"location": [[
                {"latitude": 59.951694},
                {"longitude": 11.040204}
            ]]},
            {"altitude": 144},
            {"distance_km": 2.41438},
            {"speed_kmh": 10.8964},
            {"timestamp": "Tue Jul 25 18:45:16 UTC 2017"}
        ],
        [
            {"location": [[
                {"latitude": 59.951789},
                {"longitude": 11.039859}
            ]]},
            {"altitude": 146},
            {"distance_km": 2.43633},
            {"speed_kmh": 10.0743},
            {"timestamp": "Tue Jul 25 18:45:25 UTC 2017"}
        ],
        [
            {"location": [[
                {"latitude": 59.951892},
                {"longitude": 11.03959}
            ]]},
            {"altitude": 145},
            {"distance_km": 2.45524},
            {"speed_kmh": 9.67955},
            {"timestamp": "Tue Jul 25 18:45:32 UTC 2017"}
        ],
        [
            {"location": [[
                {"latitude": 59.952057},
                {"longitude": 11.039349}
            ]]},
            {"altitude": 142},
            {"distance_km": 2.47802},
            {"speed_kmh": 9.58956},
            {"timestamp": "Tue Jul 25 18:45:40 UTC 2017"}
        ],
        [
            {"location": [[
                {"latitude": 59.95215},
                {"longitude": 11.039078}
            ]]},
            {"altitude": 143},
            {"distance_km": 2.49638},
            {"speed_kmh": 9.4138},
            {"timestamp": "Tue Jul 25 18:45:48 UTC 2017"}
        ],
        [
            {"location": [[
                {"latitude": 59.95213},
                {"longitude": 11.038813}
            ]]},
            {"altitude": 144},
            {"distance_km": 2.51138},
            {"speed_kmh": 9.17257},
            {"timestamp": "Tue Jul 25 18:45:54 UTC 2017"}
        ],
        [
            {"location": [[
                {"latitude": 59.95213},
                {"longitude": 11.038296}
            ]]},
            {"altitude": 141},
            {"distance_km": 2.54024},
            {"speed_kmh": 9.59743},
            {"timestamp": "Tue Jul 25 18:46:03 UTC 2017"}
        ],
        [
            {"location": [[
                {"latitude": 59.952293},
                {"longitude": 11.037877}
            ]]},
            {"altitude": 137},
            {"distance_km": 2.56986},
            {"speed_kmh": 10.4032},
            {"timestamp": "Tue Jul 25 18:46:13 UTC 2017"}
        ],
        [
            {"location": [[
                {"latitude": 59.952416},
                {"longitude": 11.037648}
            ]]},
            {"altitude": 139},
            {"distance_km": 2.58867},
            {"speed_kmh": 10.6249},
            {"timestamp": "Tue Jul 25 18:46:20 UTC 2017"}
        ],
        [
            {"location": [[
                {"latitude": 59.952416},
                {"longitude": 11.037648}
            ]]},
            {"altitude": 139},
            {"distance_km": 2.58867},
            {"timestamp": "Tue Jul 25 18:46:25 UTC 2017"}
        ],
        [
            {"location": [[
                {"latitude": 59.952416},
                {"longitude": 11.037648}
            ]]},
            {"altitude": 139},
            {"distance_km": 2.58867},
            {"timestamp": "Tue Jul 25 18:46:27 UTC 2017"}
        ],
        [
            {"location": [[
                {"latitude": 59.952643},
                {"longitude": 11.037928}
            ]]},
            {"altitude": 142},
            {"distance_km": 2.64812},
            {"speed_kmh": 4.45919},
            {"timestamp": "Tue Jul 25 18:46:35 UTC 2017"}
        ],
        [
            {"location": [[
                {"latitude": 59.952727},
                {"longitude": 11.037931}
            ]]},
            {"altitude": 146},
            {"distance_km": 2.65749},
            {"speed_kmh": 8.2094},
            {"timestamp": "Tue Jul 25 18:46:38 UTC 2017"}
        ],
        [
            {"location": [[
                {"latitude": 59.952923},
                {"longitude": 11.037861}
            ]]},
            {"altitude": 158},
            {"distance_km": 2.67961},
            {"speed_kmh": 10.8588},
            {"timestamp": "Tue Jul 25 18:46:48 UTC 2017"}
        ],
        [
            {"location": [[
                {"latitude": 59.953217},
                {"longitude": 11.037517}
            ]]},
            {"altitude": 160},
            {"distance_km": 2.71763},
            {"speed_kmh": 9.91532},
            {"timestamp": "Tue Jul 25 18:47:01 UTC 2017"}
        ],
        [
            {"location": [[
                {"latitude": 59.953389},
                {"longitude": 11.037234}
            ]]},
            {"altitude": 155},
            {"distance_km": 2.7424},
            {"speed_kmh": 9.46703},
            {"timestamp": "Tue Jul 25 18:47:10 UTC 2017"}
        ],
        [
            {"location": [[
                {"latitude": 59.953788},
                {"longitude": 11.035328}
            ]]},
            {"altitude": 144},
            {"distance_km": 2.85782},
            {"speed_kmh": 3.55131},
            {"timestamp": "Tue Jul 25 18:47:49 UTC 2017"}
        ],
        [
            {"location": [[
                {"latitude": 59.953923},
                {"longitude": 11.034813}
            ]]},
            {"altitude": 143},
            {"distance_km": 2.89031},
            {"speed_kmh": 7.20423},
            {"timestamp": "Tue Jul 25 18:47:59 UTC 2017"}
        ],
        [
            {"location": [[
                {"latitude": 59.954019},
                {"longitude": 11.03443}
            ]]},
            {"altitude": 145},
            {"distance_km": 2.91425},
            {"speed_kmh": 10.6546},
            {"timestamp": "Tue Jul 25 18:48:08 UTC 2017"}
        ],
        [
            {"location": [[
                {"latitude": 59.954062},
                {"longitude": 11.034251}
            ]]},
            {"altitude": 144},
            {"distance_km": 2.92535},
            {"speed_kmh": 10.4274},
            {"timestamp": "Tue Jul 25 18:48:12 UTC 2017"}
        ],
        [
            {"location": [[
                {"latitude": 59.95417},
                {"longitude": 11.033903}
            ]]},
            {"altitude": 145},
            {"distance_km": 2.94821},
            {"speed_kmh": 9.52018},
            {"timestamp": "Tue Jul 25 18:48:22 UTC 2017"}
        ],
        [
            {"location": [[
                {"latitude": 59.954207},
                {"longitude": 11.033712}
            ]]},
            {"altitude": 148},
            {"distance_km": 2.95964},
            {"speed_kmh": 7.31571},
            {"timestamp": "Tue Jul 25 18:48:33 UTC 2017"}
        ],
        [
            {"location": [[
                {"latitude": 59.954306},
                {"longitude": 11.033442}
            ]]},
            {"altitude": 148},
            {"distance_km": 2.97837},
            {"speed_kmh": 5.40451},
            {"timestamp": "Tue Jul 25 18:48:49 UTC 2017"}
        ],
        [
            {"location": [[
                {"latitude": 59.954438},
                {"longitude": 11.033178}
            ]]},
            {"altitude": 145},
            {"distance_km": 2.99911},
            {"speed_kmh": 4.42546},
            {"timestamp": "Tue Jul 25 18:49:03 UTC 2017"}
        ],
        [
            {"location": [[
                {"latitude": 59.954561},
                {"longitude": 11.032937}
            ]]},
            {"altitude": 145},
            {"distance_km": 3.01838},
            {"speed_kmh": 4.54553},
            {"timestamp": "Tue Jul 25 18:49:20 UTC 2017"}
        ],
        [
            {"location": [[
                {"latitude": 59.954691},
                {"longitude": 11.032611}
            ]]},
            {"altitude": 144},
            {"distance_km": 3.0416},
            {"speed_kmh": 4.7649},
            {"timestamp": "Tue Jul 25 18:49:37 UTC 2017"}
        ],
        [
            {"location": [[
                {"latitude": 59.954812},
                {"longitude": 11.032347}
            ]]},
            {"altitude": 141},
            {"distance_km": 3.06167},
            {"speed_kmh": 4.71824},
            {"timestamp": "Tue Jul 25 18:49:51 UTC 2017"}
        ],
        [
            {"location": [[
                {"latitude": 59.954931},
                {"longitude": 11.032184}
            ]]},
            {"altitude": 141},
            {"distance_km": 3.07767},
            {"speed_kmh": 4.82875},
            {"timestamp": "Tue Jul 25 18:50:04 UTC 2017"}
        ],
        [
            {"location": [[
                {"latitude": 59.955106},
                {"longitude": 11.031994}
            ]]},
            {"altitude": 143},
            {"distance_km": 3.09994},
            {"speed_kmh": 4.76639},
            {"timestamp": "Tue Jul 25 18:50:21 UTC 2017"}
        ],
        [
            {"location": [[
                {"latitude": 59.955325},
                {"longitude": 11.031813}
            ]]},
            {"altitude": 137},
            {"distance_km": 3.12631},
            {"speed_kmh": 4.8069},
            {"timestamp": "Tue Jul 25 18:50:39 UTC 2017"}
        ],
        [
            {"location": [[
                {"latitude": 59.955511},
                {"longitude": 11.031636}
            ]]},
            {"altitude": 138},
            {"distance_km": 3.1493},
            {"speed_kmh": 4.85895},
            {"timestamp": "Tue Jul 25 18:50:57 UTC 2017"}
        ],
        [
            {"location": [[
                {"latitude": 59.95572},
                {"longitude": 11.031394}
            ]]},
            {"altitude": 141},
            {"distance_km": 3.17621},
            {"speed_kmh": 4.98971},
            {"timestamp": "Tue Jul 25 18:51:16 UTC 2017"}
        ],
        [
            {"location": [[
                {"latitude": 59.955905},
                {"longitude": 11.031309}
            ]]},
            {"altitude": 143},
            {"distance_km": 3.1974},
            {"speed_kmh": 4.72851},
            {"timestamp": "Tue Jul 25 18:51:33 UTC 2017"}
        ],
        [
            {"location": [[
                {"latitude": 59.95607},
                {"longitude": 11.031204}
            ]]},
            {"altitude": 143},
            {"distance_km": 3.21669},
            {"speed_kmh": 4.97229},
            {"timestamp": "Tue Jul 25 18:51:46 UTC 2017"}
        ],
        [
            {"location": [[
                {"latitude": 59.956237},
                {"longitude": 11.031069}
            ]]},
            {"altitude": 139},
            {"distance_km": 3.23673},
            {"speed_kmh": 4.88093},
            {"timestamp": "Tue Jul 25 18:52:01 UTC 2017"}
        ],
        [
            {"location": [[
                {"latitude": 59.95631},
                {"longitude": 11.030953}
            ]]},
            {"altitude": 140},
            {"distance_km": 3.24716},
            {"speed_kmh": 4.94648},
            {"timestamp": "Tue Jul 25 18:52:09 UTC 2017"}
        ],
        [
            {"location": [[
                {"latitude": 59.956675},
                {"longitude": 11.030574}
            ]]},
            {"altitude": 151},
            {"distance_km": 3.29294},
            {"speed_kmh": 1.48461},
            {"timestamp": "Tue Jul 25 18:52:46 UTC 2017"}
        ],
        [
            {"location": [[
                {"latitude": 59.956922},
                {"longitude": 11.030331}
            ]]},
            {"altitude": 146},
            {"distance_km": 3.32365},
            {"speed_kmh": 3.78484},
            {"timestamp": "Tue Jul 25 18:53:02 UTC 2017"}
        ],
        [
            {"location": [[
                {"latitude": 59.957093},
                {"longitude": 11.030143}
            ]]},
            {"altitude": 147},
            {"distance_km": 3.34548},
            {"speed_kmh": 5.24213},
            {"timestamp": "Tue Jul 25 18:53:20 UTC 2017"}
        ],
        [
            {"location": [[
                {"latitude": 59.957158},
                {"longitude": 11.029931}
            ]]},
            {"altitude": 145},
            {"distance_km": 3.35932},
            {"timestamp": "Tue Jul 25 18:53:31 UTC 2017"}
        ],
        [
            {"location": [[
                {"latitude": 59.957242},
                {"longitude": 11.029904}
            ]]},
            {"altitude": 147},
            {"distance_km": 3.39012},
            {"timestamp": "Tue Jul 25 18:53:48 UTC 2017"}
        ],
        [
            {"location": [[
                {"latitude": 59.957349},
                {"longitude": 11.02994}
            ]]},
            {"altitude": 146},
            {"distance_km": 3.40214},
            {"speed_kmh": 4.23562},
            {"timestamp": "Tue Jul 25 18:53:55 UTC 2017"}
        ],
        [
            {"location": [[
                {"latitude": 59.957455},
                {"longitude": 11.029838}
            ]]},
            {"altitude": 149},
            {"distance_km": 3.41527},
            {"speed_kmh": 4.30346},
            {"timestamp": "Tue Jul 25 18:54:05 UTC 2017"}
        ],
        [
            {"location": [[
                {"latitude": 59.957572},
                {"longitude": 11.029933}
            ]]},
            {"altitude": 150},
            {"distance_km": 3.42933},
            {"timestamp": "Tue Jul 25 18:54:18 UTC 2017"}
        ],
        [
            {"location": [[
                {"latitude": 59.957548},
                {"longitude": 11.029938}
            ]]},
            {"altitude": 149},
            {"distance_km": 3.43202},
            {"timestamp": "Tue Jul 25 18:54:26 UTC 2017"}
        ],
        [
            {"location": [[
                {"latitude": 59.957353},
                {"longitude": 11.029873}
            ]]},
            {"altitude": 145},
            {"distance_km": 3.47604},
            {"speed_kmh": 3.16833},
            {"timestamp": "Tue Jul 25 18:54:44 UTC 2017"}
        ],
        [
            {"location": [[
                {"latitude": 59.9572},
                {"longitude": 11.02972}
            ]]},
            {"altitude": 144},
            {"distance_km": 3.4951},
            {"timestamp": "Tue Jul 25 18:54:50 UTC 2017"}
        ],
        [
            {"location": [[
                {"latitude": 59.957141},
                {"longitude": 11.03}
            ]]},
            {"altitude": 148},
            {"distance_km": 3.53676},
            {"timestamp": "Tue Jul 25 18:55:03 UTC 2017"}
        ],
        [
            {"location": [[
                {"latitude": 59.957072},
                {"longitude": 11.030241}
            ]]},
            {"altitude": 149},
            {"distance_km": 3.55225},
            {"speed_kmh": 6.71131},
            {"timestamp": "Tue Jul 25 18:55:17 UTC 2017"}
        ],
        [
            {"location": [[
                {"latitude": 59.956878},
                {"longitude": 11.030432}
            ]]},
            {"altitude": 154},
            {"distance_km": 3.57634},
            {"speed_kmh": 4.41751},
            {"timestamp": "Tue Jul 25 18:55:36 UTC 2017"}
        ],
        [
            {"location": [[
                {"latitude": 59.956731},
                {"longitude": 11.030615}
            ]]},
            {"altitude": 153},
            {"distance_km": 3.59571},
            {"speed_kmh": 4.3966},
            {"timestamp": "Tue Jul 25 18:55:51 UTC 2017"}
        ],
        [
            {"location": [[
                {"latitude": 59.956552},
                {"longitude": 11.0308}
            ]]},
            {"altitude": 152},
            {"distance_km": 3.61814},
            {"speed_kmh": 4.86362},
            {"timestamp": "Tue Jul 25 18:56:06 UTC 2017"}
        ],
        [
            {"location": [[
                {"latitude": 59.956389},
                {"longitude": 11.030994}
            ]]},
            {"altitude": 153},
            {"distance_km": 3.63925},
            {"speed_kmh": 5.03207},
            {"timestamp": "Tue Jul 25 18:56:21 UTC 2017"}
        ],
        [
            {"location": [[
                {"latitude": 59.956235},
                {"longitude": 11.031119}
            ]]},
            {"altitude": 151},
            {"distance_km": 3.65786},
            {"speed_kmh": 5.08027},
            {"timestamp": "Tue Jul 25 18:56:35 UTC 2017"}
        ],
        [
            {"location": [[
                {"latitude": 59.956023},
                {"longitude": 11.031197}
            ]]},
            {"altitude": 151},
            {"distance_km": 3.68183},
            {"speed_kmh": 5.08402},
            {"timestamp": "Tue Jul 25 18:56:51 UTC 2017"}
        ],
        [
            {"location": [[
                {"latitude": 59.955801},
                {"longitude": 11.031379}
            ]]},
            {"altitude": 150},
            {"distance_km": 3.70853},
            {"speed_kmh": 6.30502},
            {"timestamp": "Tue Jul 25 18:57:02 UTC 2017"}
        ],
        [
            {"location": [[
                {"latitude": 59.955629},
                {"longitude": 11.031519}
            ]]},
            {"altitude": 148},
            {"distance_km": 3.72929},
            {"speed_kmh": 7.82477},
            {"timestamp": "Tue Jul 25 18:57:10 UTC 2017"}
        ],
        [
            {"location": [[
                {"latitude": 59.955445},
                {"longitude": 11.031731}
            ]]},
            {"altitude": 143},
            {"distance_km": 3.75292},
            {"speed_kmh": 9.56631},
            {"timestamp": "Tue Jul 25 18:57:18 UTC 2017"}
        ],
        [
            {"location": [[
                {"latitude": 59.955252},
                {"longitude": 11.0319}
            ]]},
            {"altitude": 149},
            {"distance_km": 3.77643},
            {"speed_kmh": 9.78496},
            {"timestamp": "Tue Jul 25 18:57:27 UTC 2017"}
        ],
        [
            {"location": [[
                {"latitude": 59.955099},
                {"longitude": 11.032109}
            ]]},
            {"altitude": 155},
            {"distance_km": 3.79708},
            {"speed_kmh": 9.77006},
            {"timestamp": "Tue Jul 25 18:57:35 UTC 2017"}
        ],
        [
            {"location": [[
                {"latitude": 59.954943},
                {"longitude": 11.032345}
            ]]},
            {"altitude": 154},
            {"distance_km": 3.81893},
            {"speed_kmh": 9.14455},
            {"timestamp": "Tue Jul 25 18:57:44 UTC 2017"}
        ],
        [
            {"location": [[
                {"latitude": 59.954759},
                {"longitude": 11.032701}
            ]]},
            {"altitude": 153},
            {"distance_km": 3.84751},
            {"speed_kmh": 9.38842},
            {"timestamp": "Tue Jul 25 18:57:54 UTC 2017"}
        ],
        [
            {"location": [[
                {"latitude": 59.954543},
                {"longitude": 11.033041}
            ]]},
            {"altitude": 143},
            {"distance_km": 3.8781},
            {"speed_kmh": 10.4514},
            {"timestamp": "Tue Jul 25 18:58:03 UTC 2017"}
        ],
        [
            {"location": [[
                {"latitude": 59.954455},
                {"longitude": 11.033256}
            ]]},
            {"altitude": 141},
            {"distance_km": 3.89367},
            {"speed_kmh": 11.2681},
            {"timestamp": "Tue Jul 25 18:58:08 UTC 2017"}
        ],
        [
            {"location": [[
                {"latitude": 59.954365},
                {"longitude": 11.033493}
            ]]},
            {"altitude": 144},
            {"distance_km": 3.91026},
            {"speed_kmh": 11.2105},
            {"timestamp": "Tue Jul 25 18:58:14 UTC 2017"}
        ],
        [
            {"location": [[
                {"latitude": 59.954256},
                {"longitude": 11.033859}
            ]]},
            {"altitude": 149},
            {"distance_km": 3.93407},
            {"speed_kmh": 10.2242},
            {"timestamp": "Tue Jul 25 18:58:23 UTC 2017"}
        ],
        [
            {"location": [[
                {"latitude": 59.954195},
                {"longitude": 11.03411}
            ]]},
            {"altitude": 149},
            {"distance_km": 3.94961},
            {"speed_kmh": 9.15921},
            {"timestamp": "Tue Jul 25 18:58:30 UTC 2017"}
        ],
        [
            {"location": [[
                {"latitude": 59.954133},
                {"longitude": 11.034414}
            ]]},
            {"altitude": 150},
            {"distance_km": 3.96795},
            {"speed_kmh": 8.27787},
            {"timestamp": "Tue Jul 25 18:58:39 UTC 2017"}
        ],
        [
            {"location": [[
                {"latitude": 59.954002},
                {"longitude": 11.034868}
            ]]},
            {"altitude": 149},
            {"distance_km": 3.99723},
            {"speed_kmh": 8.62589},
            {"timestamp": "Tue Jul 25 18:58:49 UTC 2017"}
        ],
        [
            {"location": [[
                {"latitude": 59.95392},
                {"longitude": 11.035202}
            ]]},
            {"altitude": 152},
            {"distance_km": 4.01802},
            {"speed_kmh": 8.73258},
            {"timestamp": "Tue Jul 25 18:58:58 UTC 2017"}
        ],
        [
            {"location": [[
                {"latitude": 59.95382},
                {"longitude": 11.035621}
            ]]},
            {"altitude": 148},
            {"distance_km": 4.04391},
            {"speed_kmh": 9.40409},
            {"timestamp": "Tue Jul 25 18:59:08 UTC 2017"}
        ],
        [
            {"location": [[
                {"latitude": 59.953774},
                {"longitude": 11.036094}
            ]]},
            {"altitude": 147},
            {"distance_km": 4.07084},
            {"speed_kmh": 9.47038},
            {"timestamp": "Tue Jul 25 18:59:17 UTC 2017"}
        ],
        [
            {"location": [[
                {"latitude": 59.953709},
                {"longitude": 11.036474}
            ]]},
            {"altitude": 146},
            {"distance_km": 4.09328},
            {"speed_kmh": 10.0632},
            {"timestamp": "Tue Jul 25 18:59:25 UTC 2017"}
        ],
        [
            {"location": [[
                {"latitude": 59.953612},
                {"longitude": 11.036841}
            ]]},
            {"altitude": 146},
            {"distance_km": 4.11646},
            {"speed_kmh": 10.0488},
            {"timestamp": "Tue Jul 25 18:59:34 UTC 2017"}
        ],
        [
            {"location": [[
                {"latitude": 59.953563},
                {"longitude": 11.03705}
            ]]},
            {"altitude": 149},
            {"distance_km": 4.12933},
            {"speed_kmh": 9.03156},
            {"timestamp": "Tue Jul 25 18:59:40 UTC 2017"}
        ],
        [
            {"location": [[
                {"latitude": 59.953391},
                {"longitude": 11.037394}
            ]]},
            {"altitude": 149},
            {"distance_km": 4.1565},
            {"speed_kmh": 8.63059},
            {"timestamp": "Tue Jul 25 18:59:51 UTC 2017"}
        ],
        [
            {"location": [[
                {"latitude": 59.953254},
                {"longitude": 11.037579}
            ]]},
            {"altitude": 150},
            {"distance_km": 4.17497},
            {"speed_kmh": 9.19563},
            {"timestamp": "Tue Jul 25 18:59:57 UTC 2017"}
        ],
        [
            {"location": [[
                {"latitude": 59.953112},
                {"longitude": 11.037839}
            ]]},
            {"altitude": 150},
            {"distance_km": 4.19643},
            {"speed_kmh": 9.86393},
            {"timestamp": "Tue Jul 25 19:00:05 UTC 2017"}
        ],
        [
            {"location": [[
                {"latitude": 59.952979},
                {"longitude": 11.037985}
            ]]},
            {"altitude": 147},
            {"distance_km": 4.21337},
            {"speed_kmh": 10.2778},
            {"timestamp": "Tue Jul 25 19:00:11 UTC 2017"}
        ],
        [
            {"location": [[
                {"latitude": 59.952775},
                {"longitude": 11.03799}
            ]]},
            {"altitude": 146},
            {"distance_km": 4.23607},
            {"speed_kmh": 9.65138},
            {"timestamp": "Tue Jul 25 19:00:20 UTC 2017"}
        ],
        [
            {"location": [[
                {"latitude": 59.952602},
                {"longitude": 11.037748}
            ]]},
            {"altitude": 144},
            {"distance_km": 4.25963},
            {"speed_kmh": 9.54629},
            {"timestamp": "Tue Jul 25 19:00:29 UTC 2017"}
        ],
        [
            {"location": [[
                {"latitude": 59.952514},
                {"longitude": 11.037532}
            ]]},
            {"altitude": 144},
            {"distance_km": 4.27518},
            {"timestamp": "Tue Jul 25 19:00:33 UTC 2017"}
        ],
        [
            {"location": [[
                {"latitude": 59.952445},
                {"longitude": 11.037959}
            ]]},
            {"altitude": 141},
            {"distance_km": 4.32128},
            {"timestamp": "Tue Jul 25 19:00:42 UTC 2017"}
        ],
        [
            {"location": [[
                {"latitude": 59.952445},
                {"longitude": 11.037959}
            ]]},
            {"altitude": 141},
            {"distance_km": 4.32128},
            {"speed_kmh": 8.02778},
            {"timestamp": "Tue Jul 25 19:00:47 UTC 2017"}
        ],
        [
            {"location": [[
                {"latitude": 59.952345},
                {"longitude": 11.038008}
            ]]},
            {"altitude": 144},
            {"distance_km": 4.34428},
            {"speed_kmh": 6.79335},
            {"timestamp": "Tue Jul 25 19:00:51 UTC 2017"}
        ],
        [
            {"location": [[
                {"latitude": 59.952235},
                {"longitude": 11.038363}
            ]]},
            {"altitude": 137},
            {"distance_km": 4.36762},
            {"speed_kmh": 6.56244},
            {"timestamp": "Tue Jul 25 19:01:00 UTC 2017"}
        ],
        [
            {"location": [[
                {"latitude": 59.952243},
                {"longitude": 11.038601}
            ]]},
            {"altitude": 141},
            {"distance_km": 4.38092},
            {"speed_kmh": 9.74484},
            {"timestamp": "Tue Jul 25 19:01:05 UTC 2017"}
        ],
        [
            {"location": [[
                {"latitude": 59.952201},
                {"longitude": 11.039067}
            ]]},
            {"altitude": 142},
            {"distance_km": 4.40739},
            {"speed_kmh": 9.18536},
            {"timestamp": "Tue Jul 25 19:01:16 UTC 2017"}
        ],
        [
            {"location": [[
                {"latitude": 59.952086},
                {"longitude": 11.039331}
            ]]},
            {"altitude": 147},
            {"distance_km": 4.4269},
            {"speed_kmh": 9.0014},
            {"timestamp": "Tue Jul 25 19:01:24 UTC 2017"}
        ],
        [
            {"location": [[
                {"latitude": 59.951922},
                {"longitude": 11.039665}
            ]]},
            {"altitude": 148},
            {"distance_km": 4.45303},
            {"speed_kmh": 8.4324},
            {"timestamp": "Tue Jul 25 19:01:36 UTC 2017"}
        ],
        [
            {"location": [[
                {"latitude": 59.951843},
                {"longitude": 11.039912}
            ]]},
            {"altitude": 152},
            {"distance_km": 4.46942},
            {"speed_kmh": 7.50519},
            {"timestamp": "Tue Jul 25 19:01:46 UTC 2017"}
        ],
        [
            {"location": [[
                {"latitude": 59.951751},
                {"longitude": 11.040198}
            ]]},
            {"altitude": 152},
            {"distance_km": 4.48839},
            {"speed_kmh": 6.47419},
            {"timestamp": "Tue Jul 25 19:01:58 UTC 2017"}
        ],
        [
            {"location": [[
                {"latitude": 59.951679},
                {"longitude": 11.040453}
            ]]},
            {"altitude": 154},
            {"distance_km": 4.50475},
            {"speed_kmh": 5.26425},
            {"timestamp": "Tue Jul 25 19:02:12 UTC 2017"}
        ],
        [
            {"location": [[
                {"latitude": 59.951565},
                {"longitude": 11.040925}
            ]]},
            {"altitude": 149},
            {"distance_km": 4.53402},
            {"speed_kmh": 5.25086},
            {"timestamp": "Tue Jul 25 19:02:30 UTC 2017"}
        ],
        [
            {"location": [[
                {"latitude": 59.951454},
                {"longitude": 11.041206}
            ]]},
            {"altitude": 146},
            {"distance_km": 4.55402},
            {"speed_kmh": 5.35265},
            {"timestamp": "Tue Jul 25 19:02:42 UTC 2017"}
        ],
        [
            {"location": [[
                {"latitude": 59.951376},
                {"longitude": 11.041546}
            ]]},
            {"altitude": 147},
            {"distance_km": 4.57488},
            {"speed_kmh": 5.51532},
            {"timestamp": "Tue Jul 25 19:02:58 UTC 2017"}
        ],
        [
            {"location": [[
                {"latitude": 59.951347},
                {"longitude": 11.041797}
            ]]},
            {"altitude": 148},
            {"distance_km": 4.58933},
            {"speed_kmh": 5.13726},
            {"timestamp": "Tue Jul 25 19:03:09 UTC 2017"}
        ],
        [
            {"location": [[
                {"latitude": 59.95126},
                {"longitude": 11.04215}
            ]]},
            {"altitude": 148},
            {"distance_km": 4.61127},
            {"speed_kmh": 4.89712},
            {"timestamp": "Tue Jul 25 19:03:24 UTC 2017"}
        ],
        [
            {"location": [[
                {"latitude": 59.951204},
                {"longitude": 11.042486}
            ]]},
            {"altitude": 151},
            {"distance_km": 4.63105},
            {"speed_kmh": 5.30878},
            {"timestamp": "Tue Jul 25 19:03:36 UTC 2017"}
        ],
        [
            {"location": [[
                {"latitude": 59.951143},
                {"longitude": 11.042779}
            ]]},
            {"altitude": 151},
            {"distance_km": 4.64877},
            {"speed_kmh": 5.50738},
            {"timestamp": "Tue Jul 25 19:03:48 UTC 2017"}
        ],
        [
            {"location": [[
                {"latitude": 59.951144},
                {"longitude": 11.043039}
            ]]},
            {"altitude": 150},
            {"distance_km": 4.66329},
            {"speed_kmh": 5.49237},
            {"timestamp": "Tue Jul 25 19:03:58 UTC 2017"}
        ],
        [
            {"location": [[
                {"latitude": 59.951144},
                {"longitude": 11.043039}
            ]]},
            {"altitude": 150},
            {"distance_km": 4.66329},
            {"timestamp": "Tue Jul 25 19:04:06 UTC 2017"}
        ],
        [
            {"location": [[
                {"latitude": 59.951144},
                {"longitude": 11.043039}
            ]]},
            {"altitude": 150},
            {"distance_km": 4.66329},
            {"timestamp": "Tue Jul 25 19:04:07 UTC 2017"}
        ],
        [
            {"location": [[
                {"latitude": 59.951116},
                {"longitude": 11.043313}
            ]]},
            {"altitude": 144},
            {"distance_km": 4.69454},
            {"speed_kmh": 1.70622},
            {"timestamp": "Tue Jul 25 19:04:18 UTC 2017"}
        ],
        [
            {"location": [[
                {"latitude": 59.951092},
                {"longitude": 11.043691}
            ]]},
            {"altitude": 147},
            {"distance_km": 4.71582},
            {"speed_kmh": 4.02727},
            {"timestamp": "Tue Jul 25 19:04:29 UTC 2017"}
        ],
        [
            {"location": [[
                {"latitude": 59.951079},
                {"longitude": 11.043939}
            ]]},
            {"altitude": 149},
            {"distance_km": 4.72975},
            {"speed_kmh": 5.42043},
            {"timestamp": "Tue Jul 25 19:04:41 UTC 2017"}
        ],
        [
            {"location": [[
                {"latitude": 59.951056},
                {"longitude": 11.044176}
            ]]},
            {"altitude": 148},
            {"distance_km": 4.74325},
            {"speed_kmh": 6.02938},
            {"timestamp": "Tue Jul 25 19:04:48 UTC 2017"}
        ],
        [
            {"location": [[
                {"latitude": 59.950995},
                {"longitude": 11.044461}
            ]]},
            {"altitude": 145},
            {"distance_km": 4.76058},
            {"speed_kmh": 6.01187},
            {"timestamp": "Tue Jul 25 19:04:57 UTC 2017"}
        ],
        [
            {"location": [[
                {"latitude": 59.95093},
                {"longitude": 11.044786}
            ]]},
            {"altitude": 146},
            {"distance_km": 4.78011},
            {"speed_kmh": 6.43807},
            {"timestamp": "Tue Jul 25 19:05:10 UTC 2017"}
        ],
        [
            {"location": [[
                {"latitude": 59.950809},
                {"longitude": 11.045206}
            ]]},
            {"altitude": 140},
            {"distance_km": 4.80718},
            {"speed_kmh": 6.28986},
            {"timestamp": "Tue Jul 25 19:05:25 UTC 2017"}
        ],
        [
            {"location": [[
                {"latitude": 59.950908},
                {"longitude": 11.045538}
            ]]},
            {"altitude": 135},
            {"distance_km": 4.82873},
            {"speed_kmh": 5.82038},
            {"timestamp": "Tue Jul 25 19:05:39 UTC 2017"}
        ],
        [
            {"location": [[
                {"latitude": 59.950967},
                {"longitude": 11.045806}
            ]]},
            {"altitude": 141},
            {"distance_km": 4.84509},
            {"speed_kmh": 5.40091},
            {"timestamp": "Tue Jul 25 19:05:53 UTC 2017"}
        ],
        [
            {"location": [[
                {"latitude": 59.951029},
                {"longitude": 11.046132}
            ]]},
            {"altitude": 156},
            {"distance_km": 4.86455},
            {"speed_kmh": 4.53758},
            {"timestamp": "Tue Jul 25 19:06:11 UTC 2017"}
        ],
        [
            {"location": [[
                {"latitude": 59.951157},
                {"longitude": 11.04631}
            ]]},
            {"altitude": 149},
            {"distance_km": 4.88195},
            {"speed_kmh": 4.30046},
            {"timestamp": "Tue Jul 25 19:06:24 UTC 2017"}
        ],
        [
            {"location": [[
                {"latitude": 59.951173},
                {"longitude": 11.046624}
            ]]},
            {"altitude": 146},
            {"distance_km": 4.8996},
            {"speed_kmh": 4.22534},
            {"timestamp": "Tue Jul 25 19:06:40 UTC 2017"}
        ],
        [
            {"location": [[
                {"latitude": 59.951195},
                {"longitude": 11.046799}
            ]]},
            {"altitude": 146},
            {"distance_km": 4.90965},
            {"speed_kmh": 4.93139},
            {"timestamp": "Tue Jul 25 19:06:46 UTC 2017"}
        ],
        [
            {"location": [[
                {"latitude": 59.951246},
                {"longitude": 11.047083}
            ]]},
            {"altitude": 147},
            {"distance_km": 4.92652},
            {"speed_kmh": 5.02091},
            {"timestamp": "Tue Jul 25 19:06:58 UTC 2017"}
        ],
        [
            {"location": [[
                {"latitude": 59.95137},
                {"longitude": 11.047253}
            ]]},
            {"altitude": 152},
            {"distance_km": 4.94332},
            {"speed_kmh": 5.37669},
            {"timestamp": "Tue Jul 25 19:07:10 UTC 2017"}
        ],
        [
            {"location": [[
                {"latitude": 59.951442},
                {"longitude": 11.047503}
            ]]},
            {"altitude": 151},
            {"distance_km": 4.95941},
            {"speed_kmh": 4.85222},
            {"timestamp": "Tue Jul 25 19:07:23 UTC 2017"}
        ],
        [
            {"location": [[
                {"latitude": 59.95148},
                {"longitude": 11.047783}
            ]]},
            {"altitude": 153},
            {"distance_km": 4.97563},
            {"speed_kmh": 5.32795},
            {"timestamp": "Tue Jul 25 19:07:32 UTC 2017"}
        ],
        [
            {"location": [[
                {"latitude": 59.951528},
                {"longitude": 11.047998}
            ]]},
            {"altitude": 155},
            {"distance_km": 4.98876},
            {"speed_kmh": 6.26716},
            {"timestamp": "Tue Jul 25 19:07:38 UTC 2017"}
        ],
        [
            {"location": [[
                {"latitude": 59.951591},
                {"longitude": 11.048272}
            ]]},
            {"altitude": 155},
            {"distance_km": 5.00562},
            {"speed_kmh": 1.97938},
            {"timestamp": "Tue Jul 25 19:07:48 UTC 2017"}
        ],
        [
            {"location": [[
                {"latitude": 59.951702},
                {"longitude": 11.048837}
            ]]},
            {"altitude": 167},
            {"distance_km": 5.03951},
            {"speed_kmh": 4.40498},
            {"timestamp": "Tue Jul 25 19:08:05 UTC 2017"}
        ],
        [
            {"location": [[
                {"latitude": 59.951939},
                {"longitude": 11.049355}
            ]]},
            {"altitude": 158},
            {"distance_km": 5.0787},
            {"speed_kmh": 7.78677},
            {"timestamp": "Tue Jul 25 19:08:19 UTC 2017"}
        ],
        [
            {"location": [[
                {"latitude": 59.952041},
                {"longitude": 11.049547}
            ]]},
            {"altitude": 158},
            {"distance_km": 5.0943},
            {"speed_kmh": 9.48472},
            {"timestamp": "Tue Jul 25 19:08:24 UTC 2017"}
        ],
        [
            {"location": [[
                {"latitude": 59.952211},
                {"longitude": 11.049829}
            ]]},
            {"altitude": 158},
            {"distance_km": 5.11897},
            {"speed_kmh": 10.7601},
            {"timestamp": "Tue Jul 25 19:08:32 UTC 2017"}
        ],
        [
            {"location": [[
                {"latitude": 59.952307},
                {"longitude": 11.049945}
            ]]},
            {"altitude": 158},
            {"distance_km": 5.1315},
            {"speed_kmh": 10.3705},
            {"timestamp": "Tue Jul 25 19:08:37 UTC 2017"}
        ],
        [
            {"location": [[
                {"latitude": 59.952302},
                {"longitude": 11.050419}
            ]]},
            {"altitude": 161},
            {"distance_km": 5.15798},
            {"speed_kmh": 10.2158},
            {"timestamp": "Tue Jul 25 19:08:46 UTC 2017"}
        ],
        [
            {"location": [[
                {"latitude": 59.95229},
                {"longitude": 11.050816}
            ]]},
            {"altitude": 162},
            {"distance_km": 5.1802},
            {"speed_kmh": 9.85688},
            {"timestamp": "Tue Jul 25 19:08:54 UTC 2017"}
        ],
        [
            {"location": [[
                {"latitude": 59.952276},
                {"longitude": 11.051191}
            ]]},
            {"altitude": 153},
            {"distance_km": 5.20122},
            {"speed_kmh": 10.0265},
            {"timestamp": "Tue Jul 25 19:09:02 UTC 2017"}
        ],
        [
            {"location": [[
                {"latitude": 59.952253},
                {"longitude": 11.051424}
            ]]},
            {"altitude": 152},
            {"distance_km": 5.21451},
            {"speed_kmh": 9.6924},
            {"timestamp": "Tue Jul 25 19:09:07 UTC 2017"}
        ],
        [
            {"location": [[
                {"latitude": 59.952222},
                {"longitude": 11.051932}
            ]]},
            {"altitude": 152},
            {"distance_km": 5.24307},
            {"speed_kmh": 10.1598},
            {"timestamp": "Tue Jul 25 19:09:16 UTC 2017"}
        ],
        [
            {"location": [[
                {"latitude": 59.952189},
                {"longitude": 11.052239}
            ]]},
            {"altitude": 153},
            {"distance_km": 5.26061},
            {"speed_kmh": 10.5047},
            {"timestamp": "Tue Jul 25 19:09:22 UTC 2017"}
        ],
        [
            {"location": [[
                {"latitude": 59.952142},
                {"longitude": 11.052607}
            ]]},
            {"altitude": 152},
            {"distance_km": 5.28184},
            {"speed_kmh": 10.4999},
            {"timestamp": "Tue Jul 25 19:09:30 UTC 2017"}
        ],
        [
            {"location": [[
                {"latitude": 59.952134},
                {"longitude": 11.052798}
            ]]},
            {"altitude": 153},
            {"distance_km": 5.29258},
            {"speed_kmh": 9.91474},
            {"timestamp": "Tue Jul 25 19:09:34 UTC 2017"}
        ],
        [
            {"location": [[
                {"latitude": 59.95209},
                {"longitude": 11.053291}
            ]]},
            {"altitude": 151},
            {"distance_km": 5.32053},
            {"speed_kmh": 9.75778},
            {"timestamp": "Tue Jul 25 19:09:44 UTC 2017"}
        ],
        [
            {"location": [[
                {"latitude": 59.952042},
                {"longitude": 11.053774}
            ]]},
            {"altitude": 151},
            {"distance_km": 5.34805},
            {"speed_kmh": 10.2477},
            {"timestamp": "Tue Jul 25 19:09:53 UTC 2017"}
        ],
        [
            {"location": [[
                {"latitude": 59.952024},
                {"longitude": 11.054127}
            ]]},
            {"altitude": 148},
            {"distance_km": 5.3679},
            {"speed_kmh": 10.4269},
            {"timestamp": "Tue Jul 25 19:10:00 UTC 2017"}
        ],
        [
            {"location": [[
                {"latitude": 59.951992},
                {"longitude": 11.054475}
            ]]},
            {"altitude": 149},
            {"distance_km": 5.38766},
            {"speed_kmh": 10.0415},
            {"timestamp": "Tue Jul 25 19:10:08 UTC 2017"}
        ],
        [
            {"location": [[
                {"latitude": 59.951989},
                {"longitude": 11.054665}
            ]]},
            {"altitude": 152},
            {"distance_km": 5.3983},
            {"speed_kmh": 9.56005},
            {"timestamp": "Tue Jul 25 19:10:12 UTC 2017"}
        ],
        [
            {"location": [[
                {"latitude": 59.951955},
                {"longitude": 11.055107}
            ]]},
            {"altitude": 151},
            {"distance_km": 5.42328},
            {"speed_kmh": 9.90251},
            {"timestamp": "Tue Jul 25 19:10:20 UTC 2017"}
        ],
        [
            {"location": [[
                {"latitude": 59.95191},
                {"longitude": 11.055548}
            ]]},
            {"altitude": 151},
            {"distance_km": 5.44843},
            {"speed_kmh": 10.2915},
            {"timestamp": "Tue Jul 25 19:10:29 UTC 2017"}
        ],
        [
            {"location": [[
                {"latitude": 59.951867},
                {"longitude": 11.055996}
            ]]},
            {"altitude": 151},
            {"distance_km": 5.47391},
            {"speed_kmh": 10.4985},
            {"timestamp": "Tue Jul 25 19:10:38 UTC 2017"}
        ],
        [
            {"location": [[
                {"latitude": 59.951864},
                {"longitude": 11.056418}
            ]]},
            {"altitude": 152},
            {"distance_km": 5.49749},
            {"speed_kmh": 10.287},
            {"timestamp": "Tue Jul 25 19:10:46 UTC 2017"}
        ],
        [
            {"location": [[
                {"latitude": 59.951842},
                {"longitude": 11.056672}
            ]]},
            {"altitude": 151},
            {"distance_km": 5.51189},
            {"speed_kmh": 10.3816},
            {"timestamp": "Tue Jul 25 19:10:51 UTC 2017"}
        ],
        [
            {"location": [[
                {"latitude": 59.951789},
                {"longitude": 11.057061}
            ]]},
            {"altitude": 153},
            {"distance_km": 5.53444},
            {"speed_kmh": 9.99292},
            {"timestamp": "Tue Jul 25 19:11:00 UTC 2017"}
        ],
        [
            {"location": [[
                {"latitude": 59.951728},
                {"longitude": 11.057556}
            ]]},
            {"altitude": 151},
            {"distance_km": 5.56289},
            {"speed_kmh": 9.56239},
            {"timestamp": "Tue Jul 25 19:11:11 UTC 2017"}
        ],
        [
            {"location": [[
                {"latitude": 59.951702},
                {"longitude": 11.057996}
            ]]},
            {"altitude": 153},
            {"distance_km": 5.58764},
            {"speed_kmh": 9.41467},
            {"timestamp": "Tue Jul 25 19:11:20 UTC 2017"}
        ],
        [
            {"location": [[
                {"latitude": 59.951693},
                {"longitude": 11.058442}
            ]]},
            {"altitude": 154},
            {"distance_km": 5.61258},
            {"speed_kmh": 10.1439},
            {"timestamp": "Tue Jul 25 19:11:28 UTC 2017"}
        ],
        [
            {"location": [[
                {"latitude": 59.951651},
                {"longitude": 11.05874}
            ]]},
            {"altitude": 149},
            {"distance_km": 5.6299},
            {"speed_kmh": 9.6382},
            {"timestamp": "Tue Jul 25 19:11:36 UTC 2017"}
        ],
        [
            {"location": [[
                {"latitude": 59.951602},
                {"longitude": 11.059285}
            ]]},
            {"altitude": 152},
            {"distance_km": 5.66083},
            {"speed_kmh": 9.19369},
            {"timestamp": "Tue Jul 25 19:11:49 UTC 2017"}
        ],
        [
            {"location": [[
                {"latitude": 59.951564},
                {"longitude": 11.059582}
            ]]},
            {"altitude": 152},
            {"distance_km": 5.67795},
            {"speed_kmh": 8.02062},
            {"timestamp": "Tue Jul 25 19:11:57 UTC 2017"}
        ],
        [
            {"location": [[
                {"latitude": 59.951557},
                {"longitude": 11.059907}
            ]]},
            {"altitude": 154},
            {"distance_km": 5.69613},
            {"speed_kmh": 8.53216},
            {"timestamp": "Tue Jul 25 19:12:04 UTC 2017"}
        ],
        [
            {"location": [[
                {"latitude": 59.9516},
                {"longitude": 11.06046}
            ]]},
            {"altitude": 151},
            {"distance_km": 5.72738},
            {"speed_kmh": 9.85213},
            {"timestamp": "Tue Jul 25 19:12:13 UTC 2017"}
        ],
        [
            {"location": [[
                {"latitude": 59.951631},
                {"longitude": 11.060845}
            ]]},
            {"altitude": 146},
            {"distance_km": 5.74919},
            {"speed_kmh": 10.5575},
            {"timestamp": "Tue Jul 25 19:12:21 UTC 2017"}
        ],
        [
            {"location": [[
                {"latitude": 59.951654},
                {"longitude": 11.061041}
            ]]},
            {"altitude": 145},
            {"distance_km": 5.76042},
            {"speed_kmh": 10.8069},
            {"timestamp": "Tue Jul 25 19:12:25 UTC 2017"}
        ],
        [
            {"location": [[
                {"latitude": 59.951709},
                {"longitude": 11.061433}
            ]]},
            {"altitude": 144},
            {"distance_km": 5.7832},
            {"speed_kmh": 9.66651},
            {"timestamp": "Tue Jul 25 19:12:34 UTC 2017"}
        ],
        [
            {"location": [[
                {"latitude": 59.951771},
                {"longitude": 11.061821}
            ]]},
            {"altitude": 145},
            {"distance_km": 5.80596},
            {"speed_kmh": 9.42564},
            {"timestamp": "Tue Jul 25 19:12:43 UTC 2017"}
        ],
        [
            {"location": [[
                {"latitude": 59.951885},
                {"longitude": 11.062277}
            ]]},
            {"altitude": 148},
            {"distance_km": 5.83438},
            {"speed_kmh": 8.91304},
            {"timestamp": "Tue Jul 25 19:12:55 UTC 2017"}
        ],
        [
            {"location": [[
                {"latitude": 59.951972},
                {"longitude": 11.062571}
            ]]},
            {"altitude": 147},
            {"distance_km": 5.85349},
            {"speed_kmh": 9.15743},
            {"timestamp": "Tue Jul 25 19:13:02 UTC 2017"}
        ],
        [
            {"location": [[
                {"latitude": 59.952046},
                {"longitude": 11.062896}
            ]]},
            {"altitude": 147},
            {"distance_km": 5.87341},
            {"speed_kmh": 9.54206},
            {"timestamp": "Tue Jul 25 19:13:09 UTC 2017"}
        ],
        [
            {"location": [[
                {"latitude": 59.952117},
                {"longitude": 11.063218}
            ]]},
            {"altitude": 146},
            {"distance_km": 5.89308},
            {"speed_kmh": 9.31701},
            {"timestamp": "Tue Jul 25 19:13:18 UTC 2017"}
        ],
        [
            {"location": [[
                {"latitude": 59.952269},
                {"longitude": 11.063394}
            ]]},
            {"altitude": 145},
            {"distance_km": 5.91267},
            {"speed_kmh": 8.64781},
            {"timestamp": "Tue Jul 25 19:13:27 UTC 2017"}
        ],
        [
            {"location": [[
                {"latitude": 59.952291},
                {"longitude": 11.063569}
            ]]},
            {"altitude": 150},
            {"distance_km": 5.92275},
            {"speed_kmh": 6.58791},
            {"timestamp": "Tue Jul 25 19:13:36 UTC 2017"}
        ],
        [
            {"location": [[
                {"latitude": 59.952525},
                {"longitude": 11.064226}
            ]]},
            {"altitude": 151},
            {"distance_km": 5.96778},
            {"speed_kmh": 7.32744},
            {"timestamp": "Tue Jul 25 19:13:52 UTC 2017"}
        ],
        [
            {"location": [[
                {"latitude": 59.952586},
                {"longitude": 11.064354}
            ]]},
            {"altitude": 151},
            {"distance_km": 5.97764},
            {"speed_kmh": 8.66818},
            {"timestamp": "Tue Jul 25 19:13:55 UTC 2017"}
        ],
        [
            {"location": [[
                {"latitude": 59.952641},
                {"longitude": 11.06447}
            ]]},
            {"altitude": 150},
            {"distance_km": 5.98659},
            {"speed_kmh": 10.8923},
            {"timestamp": "Tue Jul 25 19:13:58 UTC 2017"}
        ],
        [
            {"location": [[
                {"latitude": 59.952691},
                {"longitude": 11.064572}
            ]]},
            {"altitude": 150},
            {"distance_km": 5.99455},
            {"speed_kmh": 10.7114},
            {"timestamp": "Tue Jul 25 19:14:01 UTC 2017"}
        ],
        [
            {"location": [[
                {"latitude": 59.952854},
                {"longitude": 11.064659}
            ]]},
            {"altitude": 152},
            {"distance_km": 6.01339},
            {"speed_kmh": 9.27229},
            {"timestamp": "Tue Jul 25 19:14:10 UTC 2017"}
        ],
        [
            {"location": [[
                {"latitude": 59.953008},
                {"longitude": 11.064586}
            ]]},
            {"altitude": 152},
            {"distance_km": 6.03099},
            {"speed_kmh": 8.7106},
            {"timestamp": "Tue Jul 25 19:14:17 UTC 2017"}
        ],
        [
            {"location": [[
                {"latitude": 59.953237},
                {"longitude": 11.064462}
            ]]},
            {"altitude": 147},
            {"distance_km": 6.05741},
            {"speed_kmh": 8.70067},
            {"timestamp": "Tue Jul 25 19:14:27 UTC 2017"}
        ],
        [
            {"location": [[
                {"latitude": 59.953376},
                {"longitude": 11.064376}
            ]]},
            {"altitude": 146},
            {"distance_km": 6.07362},
            {"speed_kmh": 9.42846},
            {"timestamp": "Tue Jul 25 19:14:33 UTC 2017"}
        ],
        [
            {"location": [[
                {"latitude": 59.953584},
                {"longitude": 11.064317}
            ]]},
            {"altitude": 147},
            {"distance_km": 6.09708},
            {"speed_kmh": 9.54035},
            {"timestamp": "Tue Jul 25 19:14:42 UTC 2017"}
        ],
        [
            {"location": [[
                {"latitude": 59.95367},
                {"longitude": 11.06455}
            ]]},
            {"altitude": 146},
            {"distance_km": 6.11322},
            {"speed_kmh": 9.12952},
            {"timestamp": "Tue Jul 25 19:14:49 UTC 2017"}
        ],
        [
            {"location": [[
                {"latitude": 59.953632},
                {"longitude": 11.064851}
            ]]},
            {"altitude": 146},
            {"distance_km": 6.13061},
            {"speed_kmh": 7.71138},
            {"timestamp": "Tue Jul 25 19:15:00 UTC 2017"}
        ],
        [
            {"location": [[
                {"latitude": 59.953632},
                {"longitude": 11.064851}
            ]]},
            {"distance_km": 6.13061},
            {"timestamp": "Tue Jul 25 19:15:01 UTC 2017"}
        ],
        [
            {"location": [[
                {"latitude": 59.953632},
                {"longitude": 11.064851}
            ]]},
            {"distance_km": 6.13061},
            {"timestamp": "Tue Jul 25 19:15:05 UTC 2017"}
        ]
    ]}
]