[
    {"name": "2 x Gåshølet"},
    {"sport": "RUNNING"},
    {"source": "TRACK_MOBILE"},
    {"created_date": "2017-03-16 19:02:31.0"},
    {"start_time": "2017-03-16 18:30:33.0"},
    {"end_time": "2017-03-16 19:01:07.0"},
    {"duration_s": 1833},
    {"distance_km": 5.012071132659912},
    {"calories_kcal": 312},
    {"altitude_min_m": 155},
    {"altitude_max_m": 183},
    {"speed_avg_kmh": 9.843674892294425},
    {"speed_max_kmh": 15.2776},
    {"hydration_l": 0.191383},
    {"ascend_m": 43},
    {"descend_m": 42},
    {"points": [
        [
            {"location": [[
                {"latitude": 60.02417},
                {"longitude": 11.114994}
            ]]},
            {"distance_km": 0},
            {"timestamp": "Thu Mar 16 18:30:33 UTC 2017"}
        ],
        [
            {"location": [[
                {"latitude": 60.02417},
                {"longitude": 11.114994}
            ]]},
            {"altitude": 177},
            {"distance_km": 0},
            {"timestamp": "Thu Mar 16 18:30:35 UTC 2017"}
        ],
        [
            {"location": [[
                {"latitude": 60.024156},
                {"longitude": 11.114732}
            ]]},
            {"altitude": 180},
            {"distance_km": 0.029388},
            {"timestamp": "Thu Mar 16 18:30:45 UTC 2017"}
        ],
        [
            {"location": [[
                {"latitude": 60.024345},
                {"longitude": 11.114764}
            ]]},
            {"altitude": 181},
            {"distance_km": 0.05054},
            {"timestamp": "Thu Mar 16 18:30:55 UTC 2017"}
        ],
        [
            {"location": [[
                {"latitude": 60.024581},
                {"longitude": 11.114755}
            ]]},
            {"altitude": 180},
            {"distance_km": 0.076826},
            {"speed_kmh": 7.45534},
            {"timestamp": "Thu Mar 16 18:31:05 UTC 2017"}
        ],
        [
            {"location": [[
                {"latitude": 60.024785},
                {"longitude": 11.114823}
            ]]},
            {"altitude": 179},
            {"distance_km": 0.099824},
            {"speed_kmh": 9.14179},
            {"timestamp": "Thu Mar 16 18:31:13 UTC 2017"}
        ],
        [
            {"location": [[
                {"latitude": 60.024946},
                {"longitude": 11.114929}
            ]]},
            {"altitude": 179},
            {"distance_km": 0.118734},
            {"speed_kmh": 10.3876},
            {"timestamp": "Thu Mar 16 18:31:19 UTC 2017"}
        ],
        [
            {"location": [[
                {"latitude": 60.025025},
                {"longitude": 11.114988}
            ]]},
            {"altitude": 179},
            {"distance_km": 0.128105},
            {"speed_kmh": 10.8946},
            {"timestamp": "Thu Mar 16 18:31:22 UTC 2017"}
        ],
        [
            {"location": [[
                {"latitude": 60.025281},
                {"longitude": 11.115196}
            ]]},
            {"altitude": 178},
            {"distance_km": 0.158897},
            {"speed_kmh": 11.5799},
            {"timestamp": "Thu Mar 16 18:31:31 UTC 2017"}
        ],
        [
            {"location": [[
                {"latitude": 60.025475},
                {"longitude": 11.115419}
            ]]},
            {"altitude": 179},
            {"distance_km": 0.183836},
            {"speed_kmh": 12.0749},
            {"timestamp": "Thu Mar 16 18:31:38 UTC 2017"}
        ],
        [
            {"location": [[
                {"latitude": 60.025654},
                {"longitude": 11.115631}
            ]]},
            {"altitude": 180},
            {"distance_km": 0.207032},
            {"speed_kmh": 11.8702},
            {"timestamp": "Thu Mar 16 18:31:46 UTC 2017"}
        ],
        [
            {"location": [[
                {"latitude": 60.025825},
                {"longitude": 11.115895}
            ]]},
            {"altitude": 180},
            {"distance_km": 0.231134},
            {"speed_kmh": 11.362},
            {"timestamp": "Thu Mar 16 18:31:54 UTC 2017"}
        ],
        [
            {"location": [[
                {"latitude": 60.026013},
                {"longitude": 11.115851}
            ]]},
            {"altitude": 179},
            {"distance_km": 0.252156},
            {"speed_kmh": 10.6659},
            {"timestamp": "Thu Mar 16 18:32:01 UTC 2017"}
        ],
        [
            {"location": [[
                {"latitude": 60.026233},
                {"longitude": 11.115694}
            ]]},
            {"altitude": 180},
            {"distance_km": 0.278209},
            {"speed_kmh": 11.721},
            {"timestamp": "Thu Mar 16 18:32:08 UTC 2017"}
        ],
        [
            {"location": [[
                {"latitude": 60.026375},
                {"longitude": 11.115806}
            ]]},
            {"altitude": 174},
            {"distance_km": 0.295206},
            {"speed_kmh": 12.1712},
            {"timestamp": "Thu Mar 16 18:32:13 UTC 2017"}
        ],
        [
            {"location": [[
                {"latitude": 60.026412},
                {"longitude": 11.116}
            ]]},
            {"altitude": 172},
            {"distance_km": 0.306791},
            {"speed_kmh": 11.3696},
            {"timestamp": "Thu Mar 16 18:32:18 UTC 2017"}
        ],
        [
            {"location": [[
                {"latitude": 60.026169},
                {"longitude": 11.116163}
            ]]},
            {"altitude": 177},
            {"distance_km": 0.335334},
            {"speed_kmh": 9.70839},
            {"timestamp": "Thu Mar 16 18:32:30 UTC 2017"}
        ],
        [
            {"location": [[
                {"latitude": 60.026169},
                {"longitude": 11.116163}
            ]]},
            {"altitude": 177},
            {"distance_km": 0.335334},
            {"timestamp": "Thu Mar 16 18:32:37 UTC 2017"}
        ],
        [
            {"location": [[
                {"latitude": 60.026169},
                {"longitude": 11.116163}
            ]]},
            {"altitude": 177},
            {"distance_km": 0.335334},
            {"timestamp": "Thu Mar 16 18:32:38 UTC 2017"}
        ],
        [
            {"location": [[
                {"latitude": 60.026475},
                {"longitude": 11.116037}
            ]]},
            {"altitude": 181},
            {"distance_km": 0.405007},
            {"speed_kmh": 6.91199},
            {"timestamp": "Thu Mar 16 18:32:44 UTC 2017"}
        ],
        [
            {"location": [[
                {"latitude": 60.026734},
                {"longitude": 11.115987}
            ]]},
            {"altitude": 181},
            {"distance_km": 0.433965},
            {"speed_kmh": 11.2764},
            {"timestamp": "Thu Mar 16 18:32:52 UTC 2017"}
        ],
        [
            {"location": [[
                {"latitude": 60.026884},
                {"longitude": 11.115955}
            ]]},
            {"altitude": 179},
            {"distance_km": 0.45074},
            {"speed_kmh": 15.2776},
            {"timestamp": "Thu Mar 16 18:32:57 UTC 2017"}
        ],
        [
            {"location": [[
                {"latitude": 60.027024},
                {"longitude": 11.115914}
            ]]},
            {"altitude": 180},
            {"distance_km": 0.466569},
            {"speed_kmh": 12.1382},
            {"timestamp": "Thu Mar 16 18:33:02 UTC 2017"}
        ],
        [
            {"location": [[
                {"latitude": 60.027237},
                {"longitude": 11.115849}
            ]]},
            {"altitude": 180},
            {"distance_km": 0.490587},
            {"speed_kmh": 11.3887},
            {"timestamp": "Thu Mar 16 18:33:10 UTC 2017"}
        ],
        [
            {"location": [[
                {"latitude": 60.027442},
                {"longitude": 11.115832}
            ]]},
            {"altitude": 182},
            {"distance_km": 0.513415},
            {"speed_kmh": 10.8306},
            {"timestamp": "Thu Mar 16 18:33:18 UTC 2017"}
        ],
        [
            {"location": [[
                {"latitude": 60.027694},
                {"longitude": 11.115971}
            ]]},
            {"altitude": 183},
            {"distance_km": 0.542554},
            {"speed_kmh": 10.9489},
            {"timestamp": "Thu Mar 16 18:33:27 UTC 2017"}
        ],
        [
            {"location": [[
                {"latitude": 60.02789},
                {"longitude": 11.116012}
            ]]},
            {"altitude": 182},
            {"distance_km": 0.564489},
            {"speed_kmh": 11.0889},
            {"timestamp": "Thu Mar 16 18:33:34 UTC 2017"}
        ],
        [
            {"location": [[
                {"latitude": 60.028116},
                {"longitude": 11.11587}
            ]]},
            {"altitude": 176},
            {"distance_km": 0.590921},
            {"speed_kmh": 11.17},
            {"timestamp": "Thu Mar 16 18:33:43 UTC 2017"}
        ],
        [
            {"location": [[
                {"latitude": 60.028383},
                {"longitude": 11.115745}
            ]]},
            {"altitude": 178},
            {"distance_km": 0.621435},
            {"speed_kmh": 10.9383},
            {"timestamp": "Thu Mar 16 18:33:53 UTC 2017"}
        ],
        [
            {"location": [[
                {"latitude": 60.028518},
                {"longitude": 11.115654}
            ]]},
            {"altitude": 177},
            {"distance_km": 0.637267},
            {"speed_kmh": 10.9831},
            {"timestamp": "Thu Mar 16 18:33:58 UTC 2017"}
        ],
        [
            {"location": [[
                {"latitude": 60.028701},
                {"longitude": 11.115523}
            ]]},
            {"altitude": 177},
            {"distance_km": 0.658922},
            {"speed_kmh": 11.1695},
            {"timestamp": "Thu Mar 16 18:34:05 UTC 2017"}
        ],
        [
            {"location": [[
                {"latitude": 60.028953},
                {"longitude": 11.115393}
            ]]},
            {"altitude": 175},
            {"distance_km": 0.687927},
            {"speed_kmh": 11.379},
            {"timestamp": "Thu Mar 16 18:34:14 UTC 2017"}
        ],
        [
            {"location": [[
                {"latitude": 60.029135},
                {"longitude": 11.115262}
            ]]},
            {"altitude": 171},
            {"distance_km": 0.709495},
            {"speed_kmh": 10.8149},
            {"timestamp": "Thu Mar 16 18:34:22 UTC 2017"}
        ],
        [
            {"location": [[
                {"latitude": 60.029333},
                {"longitude": 11.11513}
            ]]},
            {"altitude": 174},
            {"distance_km": 0.732756},
            {"speed_kmh": 10.5562},
            {"timestamp": "Thu Mar 16 18:34:30 UTC 2017"}
        ],
        [
            {"location": [[
                {"latitude": 60.029542},
                {"longitude": 11.115034}
            ]]},
            {"altitude": 178},
            {"distance_km": 0.756602},
            {"speed_kmh": 10.8251},
            {"timestamp": "Thu Mar 16 18:34:37 UTC 2017"}
        ],
        [
            {"location": [[
                {"latitude": 60.029716},
                {"longitude": 11.114969}
            ]]},
            {"altitude": 178},
            {"distance_km": 0.776349},
            {"speed_kmh": 10.9744},
            {"timestamp": "Thu Mar 16 18:34:44 UTC 2017"}
        ],
        [
            {"location": [[
                {"latitude": 60.029971},
                {"longitude": 11.114961}
            ]]},
            {"altitude": 173},
            {"distance_km": 0.804742},
            {"speed_kmh": 11.7855},
            {"timestamp": "Thu Mar 16 18:34:52 UTC 2017"}
        ],
        [
            {"location": [[
                {"latitude": 60.030039},
                {"longitude": 11.114819}
            ]]},
            {"altitude": 175},
            {"distance_km": 0.815736},
            {"speed_kmh": 10.2677},
            {"timestamp": "Thu Mar 16 18:34:57 UTC 2017"}
        ],
        [
            {"location": [[
                {"latitude": 60.029964},
                {"longitude": 11.114592}
            ]]},
            {"altitude": 172},
            {"distance_km": 0.830903},
            {"speed_kmh": 8.91195},
            {"timestamp": "Thu Mar 16 18:35:06 UTC 2017"}
        ],
        [
            {"location": [[
                {"latitude": 60.029751},
                {"longitude": 11.113993}
            ]]},
            {"altitude": 173},
            {"distance_km": 0.871866},
            {"speed_kmh": 8.43176},
            {"timestamp": "Thu Mar 16 18:35:19 UTC 2017"}
        ],
        [
            {"location": [[
                {"latitude": 60.029514},
                {"longitude": 11.113737}
            ]]},
            {"altitude": 172},
            {"distance_km": 0.901956},
            {"speed_kmh": 9.82446},
            {"timestamp": "Thu Mar 16 18:35:28 UTC 2017"}
        ],
        [
            {"location": [[
                {"latitude": 60.029304},
                {"longitude": 11.113571}
            ]]},
            {"altitude": 174},
            {"distance_km": 0.927023},
            {"speed_kmh": 12.0908},
            {"timestamp": "Thu Mar 16 18:35:35 UTC 2017"}
        ],
        [
            {"location": [[
                {"latitude": 60.029153},
                {"longitude": 11.113414}
            ]]},
            {"altitude": 172},
            {"distance_km": 0.945977},
            {"speed_kmh": 12.0916},
            {"timestamp": "Thu Mar 16 18:35:41 UTC 2017"}
        ],
        [
            {"location": [[
                {"latitude": 60.029006},
                {"longitude": 11.11328}
            ]]},
            {"altitude": 170},
            {"distance_km": 0.964014},
            {"speed_kmh": 11.6608},
            {"timestamp": "Thu Mar 16 18:35:47 UTC 2017"}
        ],
        [
            {"location": [[
                {"latitude": 60.028762},
                {"longitude": 11.113047}
            ]]},
            {"altitude": 172},
            {"distance_km": 0.994137},
            {"speed_kmh": 11.3953},
            {"timestamp": "Thu Mar 16 18:35:56 UTC 2017"}
        ],
        [
            {"location": [[
                {"latitude": 60.028556},
                {"longitude": 11.112878}
            ]]},
            {"altitude": 172},
            {"distance_km": 1.01895},
            {"speed_kmh": 11.3467},
            {"timestamp": "Thu Mar 16 18:36:04 UTC 2017"}
        ],
        [
            {"location": [[
                {"latitude": 60.028383},
                {"longitude": 11.11274}
            ]]},
            {"altitude": 172},
            {"distance_km": 1.03975},
            {"speed_kmh": 11.3283},
            {"timestamp": "Thu Mar 16 18:36:11 UTC 2017"}
        ],
        [
            {"location": [[
                {"latitude": 60.028226},
                {"longitude": 11.112597}
            ]]},
            {"altitude": 171},
            {"distance_km": 1.05894},
            {"speed_kmh": 11.1317},
            {"timestamp": "Thu Mar 16 18:36:17 UTC 2017"}
        ],
        [
            {"location": [[
                {"latitude": 60.02802},
                {"longitude": 11.112403}
            ]]},
            {"altitude": 170},
            {"distance_km": 1.08435},
            {"speed_kmh": 11.212},
            {"timestamp": "Thu Mar 16 18:36:25 UTC 2017"}
        ],
        [
            {"location": [[
                {"latitude": 60.027868},
                {"longitude": 11.112258}
            ]]},
            {"altitude": 170},
            {"distance_km": 1.10303},
            {"speed_kmh": 11.3566},
            {"timestamp": "Thu Mar 16 18:36:31 UTC 2017"}
        ],
        [
            {"location": [[
                {"latitude": 60.02765},
                {"longitude": 11.112052}
            ]]},
            {"altitude": 167},
            {"distance_km": 1.12993},
            {"speed_kmh": 11.1285},
            {"timestamp": "Thu Mar 16 18:36:40 UTC 2017"}
        ],
        [
            {"location": [[
                {"latitude": 60.02748},
                {"longitude": 11.111897}
            ]]},
            {"altitude": 167},
            {"distance_km": 1.15077},
            {"speed_kmh": 10.8827},
            {"timestamp": "Thu Mar 16 18:36:47 UTC 2017"}
        ],
        [
            {"location": [[
                {"latitude": 60.027375},
                {"longitude": 11.111806}
            ]]},
            {"altitude": 167},
            {"distance_km": 1.16352},
            {"speed_kmh": 10.9914},
            {"timestamp": "Thu Mar 16 18:36:51 UTC 2017"}
        ],
        [
            {"location": [[
                {"latitude": 60.027178},
                {"longitude": 11.11162}
            ]]},
            {"altitude": 169},
            {"distance_km": 1.1878},
            {"speed_kmh": 11.0301},
            {"timestamp": "Thu Mar 16 18:36:59 UTC 2017"}
        ],
        [
            {"location": [[
                {"latitude": 60.026987},
                {"longitude": 11.111412}
            ]]},
            {"altitude": 170},
            {"distance_km": 1.212},
            {"speed_kmh": 11.0754},
            {"timestamp": "Thu Mar 16 18:37:07 UTC 2017"}
        ],
        [
            {"location": [[
                {"latitude": 60.02682},
                {"longitude": 11.11118}
            ]]},
            {"altitude": 170},
            {"distance_km": 1.23473},
            {"speed_kmh": 10.6836},
            {"timestamp": "Thu Mar 16 18:37:15 UTC 2017"}
        ],
        [
            {"location": [[
                {"latitude": 60.026685},
                {"longitude": 11.110908}
            ]]},
            {"altitude": 167},
            {"distance_km": 1.25604},
            {"speed_kmh": 10.2168},
            {"timestamp": "Thu Mar 16 18:37:23 UTC 2017"}
        ],
        [
            {"location": [[
                {"latitude": 60.026574},
                {"longitude": 11.11053}
            ]]},
            {"altitude": 169},
            {"distance_km": 1.28047},
            {"speed_kmh": 10.2849},
            {"timestamp": "Thu Mar 16 18:37:31 UTC 2017"}
        ],
        [
            {"location": [[
                {"latitude": 60.026443},
                {"longitude": 11.110173}
            ]]},
            {"altitude": 168},
            {"distance_km": 1.30518},
            {"speed_kmh": 10.5754},
            {"timestamp": "Thu Mar 16 18:37:39 UTC 2017"}
        ],
        [
            {"location": [[
                {"latitude": 60.026362},
                {"longitude": 11.109948}
            ]]},
            {"altitude": 166},
            {"distance_km": 1.3206},
            {"speed_kmh": 11.0971},
            {"timestamp": "Thu Mar 16 18:37:44 UTC 2017"}
        ],
        [
            {"location": [[
                {"latitude": 60.026316},
                {"longitude": 11.109823}
            ]]},
            {"altitude": 167},
            {"distance_km": 1.32924},
            {"speed_kmh": 10.8626},
            {"timestamp": "Thu Mar 16 18:37:47 UTC 2017"}
        ],
        [
            {"location": [[
                {"latitude": 60.026208},
                {"longitude": 11.109476}
            ]]},
            {"altitude": 170},
            {"distance_km": 1.35205},
            {"speed_kmh": 10.5707},
            {"timestamp": "Thu Mar 16 18:37:55 UTC 2017"}
        ],
        [
            {"location": [[
                {"latitude": 60.026067},
                {"longitude": 11.109085}
            ]]},
            {"altitude": 175},
            {"distance_km": 1.37891},
            {"speed_kmh": 10.4451},
            {"timestamp": "Thu Mar 16 18:38:04 UTC 2017"}
        ],
        [
            {"location": [[
                {"latitude": 60.02596},
                {"longitude": 11.108781}
            ]]},
            {"altitude": 170},
            {"distance_km": 1.39968},
            {"speed_kmh": 10.5414},
            {"timestamp": "Thu Mar 16 18:38:11 UTC 2017"}
        ],
        [
            {"location": [[
                {"latitude": 60.025855},
                {"longitude": 11.108455}
            ]]},
            {"altitude": 167},
            {"distance_km": 1.42128},
            {"speed_kmh": 10.3782},
            {"timestamp": "Thu Mar 16 18:38:19 UTC 2017"}
        ],
        [
            {"location": [[
                {"latitude": 60.025745},
                {"longitude": 11.108151}
            ]]},
            {"altitude": 165},
            {"distance_km": 1.44221},
            {"speed_kmh": 10.3865},
            {"timestamp": "Thu Mar 16 18:38:26 UTC 2017"}
        ],
        [
            {"location": [[
                {"latitude": 60.0256},
                {"longitude": 11.107773}
            ]]},
            {"altitude": 163},
            {"distance_km": 1.46876},
            {"speed_kmh": 10.0302},
            {"timestamp": "Thu Mar 16 18:38:36 UTC 2017"}
        ],
        [
            {"location": [[
                {"latitude": 60.025449},
                {"longitude": 11.107406}
            ]]},
            {"altitude": 162},
            {"distance_km": 1.49522},
            {"speed_kmh": 10.2993},
            {"timestamp": "Thu Mar 16 18:38:45 UTC 2017"}
        ],
        [
            {"location": [[
                {"latitude": 60.025341},
                {"longitude": 11.107143}
            ]]},
            {"altitude": 162},
            {"distance_km": 1.51424},
            {"speed_kmh": 10.5201},
            {"timestamp": "Thu Mar 16 18:38:51 UTC 2017"}
        ],
        [
            {"location": [[
                {"latitude": 60.025222},
                {"longitude": 11.106878}
            ]]},
            {"altitude": 164},
            {"distance_km": 1.534},
            {"speed_kmh": 10.7223},
            {"timestamp": "Thu Mar 16 18:38:58 UTC 2017"}
        ],
        [
            {"location": [[
                {"latitude": 60.025178},
                {"longitude": 11.106614}
            ]]},
            {"altitude": 161},
            {"distance_km": 1.54956},
            {"speed_kmh": 10.3031},
            {"timestamp": "Thu Mar 16 18:39:04 UTC 2017"}
        ],
        [
            {"location": [[
                {"latitude": 60.025181},
                {"longitude": 11.106331}
            ]]},
            {"altitude": 159},
            {"distance_km": 1.56532},
            {"speed_kmh": 9.20228},
            {"timestamp": "Thu Mar 16 18:39:11 UTC 2017"}
        ],
        [
            {"location": [[
                {"latitude": 60.02508},
                {"longitude": 11.106067}
            ]]},
            {"altitude": 159},
            {"distance_km": 1.58381},
            {"speed_kmh": 9.47587},
            {"timestamp": "Thu Mar 16 18:39:17 UTC 2017"}
        ],
        [
            {"location": [[
                {"latitude": 60.024994},
                {"longitude": 11.105569}
            ]]},
            {"altitude": 160},
            {"distance_km": 1.6132},
            {"speed_kmh": 10.3096},
            {"timestamp": "Thu Mar 16 18:39:26 UTC 2017"}
        ],
        [
            {"location": [[
                {"latitude": 60.024965},
                {"longitude": 11.105301}
            ]]},
            {"altitude": 160},
            {"distance_km": 1.62848},
            {"speed_kmh": 11.2284},
            {"timestamp": "Thu Mar 16 18:39:31 UTC 2017"}
        ],
        [
            {"location": [[
                {"latitude": 60.024963},
                {"longitude": 11.104887}
            ]]},
            {"altitude": 161},
            {"distance_km": 1.65158},
            {"speed_kmh": 11.0551},
            {"timestamp": "Thu Mar 16 18:39:39 UTC 2017"}
        ],
        [
            {"location": [[
                {"latitude": 60.024964},
                {"longitude": 11.104525}
            ]]},
            {"altitude": 164},
            {"distance_km": 1.67172},
            {"speed_kmh": 10.5362},
            {"timestamp": "Thu Mar 16 18:39:46 UTC 2017"}
        ],
        [
            {"location": [[
                {"latitude": 60.024961},
                {"longitude": 11.104087}
            ]]},
            {"altitude": 166},
            {"distance_km": 1.69614},
            {"speed_kmh": 10.1967},
            {"timestamp": "Thu Mar 16 18:39:55 UTC 2017"}
        ],
        [
            {"location": [[
                {"latitude": 60.024949},
                {"longitude": 11.103819}
            ]]},
            {"altitude": 167},
            {"distance_km": 1.71117},
            {"speed_kmh": 10.3057},
            {"timestamp": "Thu Mar 16 18:40:00 UTC 2017"}
        ],
        [
            {"location": [[
                {"latitude": 60.02477},
                {"longitude": 11.103524}
            ]]},
            {"altitude": 161},
            {"distance_km": 1.73698},
            {"speed_kmh": 9.69919},
            {"timestamp": "Thu Mar 16 18:40:11 UTC 2017"}
        ],
        [
            {"location": [[
                {"latitude": 60.02467},
                {"longitude": 11.103156}
            ]]},
            {"altitude": 157},
            {"distance_km": 1.76033},
            {"speed_kmh": 10.3921},
            {"timestamp": "Thu Mar 16 18:40:18 UTC 2017"}
        ],
        [
            {"location": [[
                {"latitude": 60.024494},
                {"longitude": 11.103046}
            ]]},
            {"altitude": 157},
            {"distance_km": 1.78088},
            {"speed_kmh": 9.86711},
            {"timestamp": "Thu Mar 16 18:40:26 UTC 2017"}
        ],
        [
            {"location": [[
                {"latitude": 60.024372},
                {"longitude": 11.103398}
            ]]},
            {"altitude": 160},
            {"distance_km": 1.80473},
            {"speed_kmh": 10.657},
            {"timestamp": "Thu Mar 16 18:40:34 UTC 2017"}
        ],
        [
            {"location": [[
                {"latitude": 60.024329},
                {"longitude": 11.103525}
            ]]},
            {"altitude": 160},
            {"distance_km": 1.81331},
            {"speed_kmh": 10.1098},
            {"timestamp": "Thu Mar 16 18:40:37 UTC 2017"}
        ],
        [
            {"location": [[
                {"latitude": 60.024284},
                {"longitude": 11.103648}
            ]]},
            {"altitude": 160},
            {"distance_km": 1.82177},
            {"speed_kmh": 10.4166},
            {"timestamp": "Thu Mar 16 18:40:40 UTC 2017"}
        ],
        [
            {"location": [[
                {"latitude": 60.024149},
                {"longitude": 11.103984}
            ]]},
            {"altitude": 160},
            {"distance_km": 1.84582},
            {"speed_kmh": 10.416},
            {"timestamp": "Thu Mar 16 18:40:48 UTC 2017"}
        ],
        [
            {"location": [[
                {"latitude": 60.024009},
                {"longitude": 11.104347}
            ]]},
            {"altitude": 159},
            {"distance_km": 1.87138},
            {"speed_kmh": 10.823},
            {"timestamp": "Thu Mar 16 18:40:56 UTC 2017"}
        ],
        [
            {"location": [[
                {"latitude": 60.023875},
                {"longitude": 11.104709}
            ]]},
            {"altitude": 159},
            {"distance_km": 1.89653},
            {"speed_kmh": 11.217},
            {"timestamp": "Thu Mar 16 18:41:04 UTC 2017"}
        ],
        [
            {"location": [[
                {"latitude": 60.0238},
                {"longitude": 11.104999}
            ]]},
            {"altitude": 159},
            {"distance_km": 1.9147},
            {"speed_kmh": 11.2081},
            {"timestamp": "Thu Mar 16 18:41:10 UTC 2017"}
        ],
        [
            {"location": [[
                {"latitude": 60.023708},
                {"longitude": 11.105275}
            ]]},
            {"altitude": 157},
            {"distance_km": 1.93318},
            {"speed_kmh": 9.85628},
            {"timestamp": "Thu Mar 16 18:41:19 UTC 2017"}
        ],
        [
            {"location": [[
                {"latitude": 60.02366},
                {"longitude": 11.105601}
            ]]},
            {"altitude": 159},
            {"distance_km": 1.95215},
            {"speed_kmh": 9.87425},
            {"timestamp": "Thu Mar 16 18:41:25 UTC 2017"}
        ],
        [
            {"location": [[
                {"latitude": 60.023613},
                {"longitude": 11.105984}
            ]]},
            {"altitude": 158},
            {"distance_km": 1.97416},
            {"speed_kmh": 10.0477},
            {"timestamp": "Thu Mar 16 18:41:32 UTC 2017"}
        ],
        [
            {"location": [[
                {"latitude": 60.0236},
                {"longitude": 11.106193}
            ]]},
            {"altitude": 160},
            {"distance_km": 1.98585},
            {"speed_kmh": 11.0648},
            {"timestamp": "Thu Mar 16 18:41:36 UTC 2017"}
        ],
        [
            {"location": [[
                {"latitude": 60.023573},
                {"longitude": 11.106533}
            ]]},
            {"altitude": 160},
            {"distance_km": 2.00508},
            {"speed_kmh": 10.5629},
            {"timestamp": "Thu Mar 16 18:41:43 UTC 2017"}
        ],
        [
            {"location": [[
                {"latitude": 60.023546},
                {"longitude": 11.106923}
            ]]},
            {"altitude": 158},
            {"distance_km": 2.02705},
            {"speed_kmh": 10.0963},
            {"timestamp": "Thu Mar 16 18:41:51 UTC 2017"}
        ],
        [
            {"location": [[
                {"latitude": 60.023547},
                {"longitude": 11.107156}
            ]]},
            {"altitude": 158},
            {"distance_km": 2.04004},
            {"speed_kmh": 9.71396},
            {"timestamp": "Thu Mar 16 18:41:56 UTC 2017"}
        ],
        [
            {"location": [[
                {"latitude": 60.0236},
                {"longitude": 11.10757}
            ]]},
            {"altitude": 158},
            {"distance_km": 2.06383},
            {"speed_kmh": 9.59191},
            {"timestamp": "Thu Mar 16 18:42:05 UTC 2017"}
        ],
        [
            {"location": [[
                {"latitude": 60.023646},
                {"longitude": 11.10795}
            ]]},
            {"altitude": 158},
            {"distance_km": 2.08564},
            {"speed_kmh": 9.19449},
            {"timestamp": "Thu Mar 16 18:42:14 UTC 2017"}
        ],
        [
            {"location": [[
                {"latitude": 60.023668},
                {"longitude": 11.108307}
            ]]},
            {"altitude": 160},
            {"distance_km": 2.10572},
            {"speed_kmh": 9.08729},
            {"timestamp": "Thu Mar 16 18:42:22 UTC 2017"}
        ],
        [
            {"location": [[
                {"latitude": 60.023652},
                {"longitude": 11.108632}
            ]]},
            {"altitude": 164},
            {"distance_km": 2.1239},
            {"speed_kmh": 9.03816},
            {"timestamp": "Thu Mar 16 18:42:29 UTC 2017"}
        ],
        [
            {"location": [[
                {"latitude": 60.023576},
                {"longitude": 11.109082}
            ]]},
            {"altitude": 166},
            {"distance_km": 2.15038},
            {"speed_kmh": 9.13807},
            {"timestamp": "Thu Mar 16 18:42:39 UTC 2017"}
        ],
        [
            {"location": [[
                {"latitude": 60.023591},
                {"longitude": 11.109382}
            ]]},
            {"altitude": 167},
            {"distance_km": 2.16718},
            {"speed_kmh": 8.51844},
            {"timestamp": "Thu Mar 16 18:42:48 UTC 2017"}
        ],
        [
            {"location": [[
                {"latitude": 60.023705},
                {"longitude": 11.109546}
            ]]},
            {"altitude": 173},
            {"distance_km": 2.18285},
            {"speed_kmh": 7.27851},
            {"timestamp": "Thu Mar 16 18:42:58 UTC 2017"}
        ],
        [
            {"location": [[
                {"latitude": 60.023863},
                {"longitude": 11.109712}
            ]]},
            {"altitude": 174},
            {"distance_km": 2.2027},
            {"speed_kmh": 5.97088},
            {"timestamp": "Thu Mar 16 18:43:12 UTC 2017"}
        ],
        [
            {"location": [[
                {"latitude": 60.023943},
                {"longitude": 11.110103}
            ]]},
            {"altitude": 173},
            {"distance_km": 2.22623},
            {"speed_kmh": 5.06697},
            {"timestamp": "Thu Mar 16 18:43:31 UTC 2017"}
        ],
        [
            {"location": [[
                {"latitude": 60.023815},
                {"longitude": 11.110775}
            ]]},
            {"altitude": 175},
            {"distance_km": 2.26633},
            {"speed_kmh": 6.01899},
            {"timestamp": "Thu Mar 16 18:43:48 UTC 2017"}
        ],
        [
            {"location": [[
                {"latitude": 60.023731},
                {"longitude": 11.111132}
            ]]},
            {"altitude": 174},
            {"distance_km": 2.2883},
            {"speed_kmh": 7.61384},
            {"timestamp": "Thu Mar 16 18:43:56 UTC 2017"}
        ],
        [
            {"location": [[
                {"latitude": 60.02368},
                {"longitude": 11.111373}
            ]]},
            {"altitude": 174},
            {"distance_km": 2.30291},
            {"speed_kmh": 9.05085},
            {"timestamp": "Thu Mar 16 18:44:02 UTC 2017"}
        ],
        [
            {"location": [[
                {"latitude": 60.023576},
                {"longitude": 11.111832}
            ]]},
            {"altitude": 174},
            {"distance_km": 2.33102},
            {"speed_kmh": 9.27774},
            {"timestamp": "Thu Mar 16 18:44:13 UTC 2017"}
        ],
        [
            {"location": [[
                {"latitude": 60.023487},
                {"longitude": 11.11222}
            ]]},
            {"altitude": 176},
            {"distance_km": 2.35484},
            {"speed_kmh": 9.15099},
            {"timestamp": "Thu Mar 16 18:44:22 UTC 2017"}
        ],
        [
            {"location": [[
                {"latitude": 60.023365},
                {"longitude": 11.112614}
            ]]},
            {"altitude": 175},
            {"distance_km": 2.38061},
            {"speed_kmh": 9.68348},
            {"timestamp": "Thu Mar 16 18:44:31 UTC 2017"}
        ],
        [
            {"location": [[
                {"latitude": 60.023295},
                {"longitude": 11.112978}
            ]]},
            {"altitude": 175},
            {"distance_km": 2.40237},
            {"speed_kmh": 9.883},
            {"timestamp": "Thu Mar 16 18:44:39 UTC 2017"}
        ],
        [
            {"location": [[
                {"latitude": 60.023397},
                {"longitude": 11.113345}
            ]]},
            {"altitude": 175},
            {"distance_km": 2.42578},
            {"speed_kmh": 9.83939},
            {"timestamp": "Thu Mar 16 18:44:48 UTC 2017"}
        ],
        [
            {"location": [[
                {"latitude": 60.023524},
                {"longitude": 11.113621}
            ]]},
            {"altitude": 175},
            {"distance_km": 2.44662},
            {"speed_kmh": 9.50886},
            {"timestamp": "Thu Mar 16 18:44:56 UTC 2017"}
        ],
        [
            {"location": [[
                {"latitude": 60.023582},
                {"longitude": 11.113761}
            ]]},
            {"altitude": 175},
            {"distance_km": 2.4568},
            {"speed_kmh": 9.30166},
            {"timestamp": "Thu Mar 16 18:45:00 UTC 2017"}
        ],
        [
            {"location": [[
                {"latitude": 60.023697},
                {"longitude": 11.114064}
            ]]},
            {"altitude": 174},
            {"distance_km": 2.47803},
            {"speed_kmh": 9.35774},
            {"timestamp": "Thu Mar 16 18:45:08 UTC 2017"}
        ],
        [
            {"location": [[
                {"latitude": 60.023734},
                {"longitude": 11.114194}
            ]]},
            {"altitude": 175},
            {"distance_km": 2.48637},
            {"speed_kmh": 9.58018},
            {"timestamp": "Thu Mar 16 18:45:11 UTC 2017"}
        ],
        [
            {"location": [[
                {"latitude": 60.023808},
                {"longitude": 11.114596}
            ]]},
            {"altitude": 177},
            {"distance_km": 2.51027},
            {"speed_kmh": 10.1139},
            {"timestamp": "Thu Mar 16 18:45:19 UTC 2017"}
        ],
        [
            {"location": [[
                {"latitude": 60.023985},
                {"longitude": 11.114732}
            ]]},
            {"altitude": 178},
            {"distance_km": 2.53137},
            {"speed_kmh": 10.0961},
            {"timestamp": "Thu Mar 16 18:45:27 UTC 2017"}
        ],
        [
            {"location": [[
                {"latitude": 60.024181},
                {"longitude": 11.114746}
            ]]},
            {"altitude": 177},
            {"distance_km": 2.55319},
            {"speed_kmh": 9.65963},
            {"timestamp": "Thu Mar 16 18:45:36 UTC 2017"}
        ],
        [
            {"location": [[
                {"latitude": 60.024411},
                {"longitude": 11.114752}
            ]]},
            {"altitude": 180},
            {"distance_km": 2.57885},
            {"speed_kmh": 9.12952},
            {"timestamp": "Thu Mar 16 18:45:46 UTC 2017"}
        ],
        [
            {"location": [[
                {"latitude": 60.024648},
                {"longitude": 11.114726}
            ]]},
            {"altitude": 176},
            {"distance_km": 2.60524},
            {"speed_kmh": 9.51658},
            {"timestamp": "Thu Mar 16 18:45:55 UTC 2017"}
        ],
        [
            {"location": [[
                {"latitude": 60.024765},
                {"longitude": 11.114766}
            ]]},
            {"altitude": 175},
            {"distance_km": 2.61845},
            {"speed_kmh": 9.77499},
            {"timestamp": "Thu Mar 16 18:46:00 UTC 2017"}
        ],
        [
            {"location": [[
                {"latitude": 60.024909},
                {"longitude": 11.114862}
            ]]},
            {"altitude": 174},
            {"distance_km": 2.63545},
            {"speed_kmh": 9.63438},
            {"timestamp": "Thu Mar 16 18:46:07 UTC 2017"}
        ],
        [
            {"location": [[
                {"latitude": 60.025104},
                {"longitude": 11.115001}
            ]]},
            {"altitude": 177},
            {"distance_km": 2.65845},
            {"speed_kmh": 9.52944},
            {"timestamp": "Thu Mar 16 18:46:15 UTC 2017"}
        ],
        [
            {"location": [[
                {"latitude": 60.025317},
                {"longitude": 11.11517}
            ]]},
            {"altitude": 180},
            {"distance_km": 2.68401},
            {"speed_kmh": 9.77168},
            {"timestamp": "Thu Mar 16 18:46:24 UTC 2017"}
        ],
        [
            {"location": [[
                {"latitude": 60.025451},
                {"longitude": 11.115319}
            ]]},
            {"altitude": 179},
            {"distance_km": 2.70111},
            {"speed_kmh": 10.2791},
            {"timestamp": "Thu Mar 16 18:46:30 UTC 2017"}
        ],
        [
            {"location": [[
                {"latitude": 60.025582},
                {"longitude": 11.11548}
            ]]},
            {"altitude": 180},
            {"distance_km": 2.71819},
            {"speed_kmh": 10.2453},
            {"timestamp": "Thu Mar 16 18:46:36 UTC 2017"}
        ],
        [
            {"location": [[
                {"latitude": 60.025744},
                {"longitude": 11.115672}
            ]]},
            {"altitude": 180},
            {"distance_km": 2.73918},
            {"speed_kmh": 9.98426},
            {"timestamp": "Thu Mar 16 18:46:44 UTC 2017"}
        ],
        [
            {"location": [[
                {"latitude": 60.025872},
                {"longitude": 11.115815}
            ]]},
            {"altitude": 178},
            {"distance_km": 2.75552},
            {"speed_kmh": 9.36163},
            {"timestamp": "Thu Mar 16 18:46:51 UTC 2017"}
        ],
        [
            {"location": [[
                {"latitude": 60.025991},
                {"longitude": 11.115807}
            ]]},
            {"altitude": 177},
            {"distance_km": 2.76885},
            {"speed_kmh": 8.61253},
            {"timestamp": "Thu Mar 16 18:46:57 UTC 2017"}
        ],
        [
            {"location": [[
                {"latitude": 60.026155},
                {"longitude": 11.115702}
            ]]},
            {"altitude": 175},
            {"distance_km": 2.78803},
            {"speed_kmh": 8.01908},
            {"timestamp": "Thu Mar 16 18:47:06 UTC 2017"}
        ],
        [
            {"location": [[
                {"latitude": 60.026355},
                {"longitude": 11.115818}
            ]]},
            {"altitude": 176},
            {"distance_km": 2.81124},
            {"speed_kmh": 8.31967},
            {"timestamp": "Thu Mar 16 18:47:15 UTC 2017"}
        ],
        [
            {"location": [[
                {"latitude": 60.026291},
                {"longitude": 11.116142}
            ]]},
            {"altitude": 176},
            {"distance_km": 2.83063},
            {"speed_kmh": 7.77137},
            {"timestamp": "Thu Mar 16 18:47:26 UTC 2017"}
        ],
        [
            {"location": [[
                {"latitude": 60.02616},
                {"longitude": 11.11614}
            ]]},
            {"altitude": 176},
            {"distance_km": 2.84523},
            {"speed_kmh": 6.80828},
            {"timestamp": "Thu Mar 16 18:47:37 UTC 2017"}
        ],
        [
            {"location": [[
                {"latitude": 60.026473},
                {"longitude": 11.116046}
            ]]},
            {"altitude": 176},
            {"distance_km": 2.88051},
            {"speed_kmh": 6.73121},
            {"timestamp": "Thu Mar 16 18:47:51 UTC 2017"}
        ],
        [
            {"location": [[
                {"latitude": 60.026677},
                {"longitude": 11.115994}
            ]]},
            {"altitude": 181},
            {"distance_km": 2.90339},
            {"speed_kmh": 8.04442},
            {"timestamp": "Thu Mar 16 18:47:59 UTC 2017"}
        ],
        [
            {"location": [[
                {"latitude": 60.026776},
                {"longitude": 11.115968}
            ]]},
            {"altitude": 179},
            {"distance_km": 2.91451},
            {"speed_kmh": 9.78957},
            {"timestamp": "Thu Mar 16 18:48:03 UTC 2017"}
        ],
        [
            {"location": [[
                {"latitude": 60.026952},
                {"longitude": 11.11591}
            ]]},
            {"altitude": 180},
            {"distance_km": 2.93443},
            {"speed_kmh": 9.75114},
            {"timestamp": "Thu Mar 16 18:48:11 UTC 2017"}
        ],
        [
            {"location": [[
                {"latitude": 60.027181},
                {"longitude": 11.115862}
            ]]},
            {"altitude": 183},
            {"distance_km": 2.9601},
            {"speed_kmh": 9.74966},
            {"timestamp": "Thu Mar 16 18:48:20 UTC 2017"}
        ],
        [
            {"location": [[
                {"latitude": 60.02739},
                {"longitude": 11.115817}
            ]]},
            {"altitude": 178},
            {"distance_km": 2.98354},
            {"speed_kmh": 9.53459},
            {"timestamp": "Thu Mar 16 18:48:29 UTC 2017"}
        ],
        [
            {"location": [[
                {"latitude": 60.027599},
                {"longitude": 11.11593}
            ]]},
            {"altitude": 179},
            {"distance_km": 3.00765},
            {"speed_kmh": 9.76823},
            {"timestamp": "Thu Mar 16 18:48:38 UTC 2017"}
        ],
        [
            {"location": [[
                {"latitude": 60.027856},
                {"longitude": 11.115982}
            ]]},
            {"altitude": 176},
            {"distance_km": 3.03638},
            {"speed_kmh": 9.79054},
            {"timestamp": "Thu Mar 16 18:48:48 UTC 2017"}
        ],
        [
            {"location": [[
                {"latitude": 60.02805},
                {"longitude": 11.115866}
            ]]},
            {"altitude": 176},
            {"distance_km": 3.05889},
            {"speed_kmh": 10.0432},
            {"timestamp": "Thu Mar 16 18:48:56 UTC 2017"}
        ],
        [
            {"location": [[
                {"latitude": 60.028209},
                {"longitude": 11.115776}
            ]]},
            {"altitude": 173},
            {"distance_km": 3.07739},
            {"speed_kmh": 9.9946},
            {"timestamp": "Thu Mar 16 18:49:03 UTC 2017"}
        ],
        [
            {"location": [[
                {"latitude": 60.028452},
                {"longitude": 11.115679}
            ]]},
            {"altitude": 174},
            {"distance_km": 3.105},
            {"speed_kmh": 10.2244},
            {"timestamp": "Thu Mar 16 18:49:12 UTC 2017"}
        ],
        [
            {"location": [[
                {"latitude": 60.02865},
                {"longitude": 11.115555}
            ]]},
            {"altitude": 172},
            {"distance_km": 3.12803},
            {"speed_kmh": 10.3066},
            {"timestamp": "Thu Mar 16 18:49:20 UTC 2017"}
        ],
        [
            {"location": [[
                {"latitude": 60.028829},
                {"longitude": 11.115468}
            ]]},
            {"altitude": 177},
            {"distance_km": 3.14858},
            {"speed_kmh": 10.6438},
            {"timestamp": "Thu Mar 16 18:49:27 UTC 2017"}
        ],
        [
            {"location": [[
                {"latitude": 60.029052},
                {"longitude": 11.115355}
            ]]},
            {"altitude": 174},
            {"distance_km": 3.17426},
            {"speed_kmh": 10.8328},
            {"timestamp": "Thu Mar 16 18:49:35 UTC 2017"}
        ],
        [
            {"location": [[
                {"latitude": 60.029269},
                {"longitude": 11.115186}
            ]]},
            {"altitude": 174},
            {"distance_km": 3.2002},
            {"speed_kmh": 10.8324},
            {"timestamp": "Thu Mar 16 18:49:44 UTC 2017"}
        ],
        [
            {"location": [[
                {"latitude": 60.029466},
                {"longitude": 11.115006}
            ]]},
            {"altitude": 172},
            {"distance_km": 3.2243},
            {"speed_kmh": 10.5398},
            {"timestamp": "Thu Mar 16 18:49:53 UTC 2017"}
        ],
        [
            {"location": [[
                {"latitude": 60.029682},
                {"longitude": 11.114957}
            ]]},
            {"altitude": 170},
            {"distance_km": 3.24855},
            {"speed_kmh": 9.90531},
            {"timestamp": "Thu Mar 16 18:50:02 UTC 2017"}
        ],
        [
            {"location": [[
                {"latitude": 60.02991},
                {"longitude": 11.114925}
            ]]},
            {"altitude": 171},
            {"distance_km": 3.27402},
            {"speed_kmh": 9.84672},
            {"timestamp": "Thu Mar 16 18:50:11 UTC 2017"}
        ],
        [
            {"location": [[
                {"latitude": 60.029989},
                {"longitude": 11.114854}
            ]]},
            {"altitude": 175},
            {"distance_km": 3.28369},
            {"speed_kmh": 8.94929},
            {"timestamp": "Thu Mar 16 18:50:16 UTC 2017"}
        ],
        [
            {"location": [[
                {"latitude": 60.029974},
                {"longitude": 11.114664}
            ]]},
            {"altitude": 177},
            {"distance_km": 3.29441},
            {"speed_kmh": 7.00381},
            {"timestamp": "Thu Mar 16 18:50:26 UTC 2017"}
        ],
        [
            {"location": [[
                {"latitude": 60.029781},
                {"longitude": 11.113989}
            ]]},
            {"altitude": 174},
            {"distance_km": 3.33776},
            {"speed_kmh": 7.31791},
            {"timestamp": "Thu Mar 16 18:50:40 UTC 2017"}
        ],
        [
            {"location": [[
                {"latitude": 60.029705},
                {"longitude": 11.113891}
            ]]},
            {"altitude": 172},
            {"distance_km": 3.34781},
            {"speed_kmh": 9.02194},
            {"timestamp": "Thu Mar 16 18:50:43 UTC 2017"}
        ],
        [
            {"location": [[
                {"latitude": 60.029628},
                {"longitude": 11.113815}
            ]]},
            {"altitude": 172},
            {"distance_km": 3.35743},
            {"speed_kmh": 11.5776},
            {"timestamp": "Thu Mar 16 18:50:46 UTC 2017"}
        ],
        [
            {"location": [[
                {"latitude": 60.029426},
                {"longitude": 11.113619}
            ]]},
            {"altitude": 172},
            {"distance_km": 3.38241},
            {"speed_kmh": 11.6102},
            {"timestamp": "Thu Mar 16 18:50:54 UTC 2017"}
        ],
        [
            {"location": [[
                {"latitude": 60.029255},
                {"longitude": 11.113465}
            ]]},
            {"altitude": 169},
            {"distance_km": 3.40337},
            {"speed_kmh": 11.1732},
            {"timestamp": "Thu Mar 16 18:51:01 UTC 2017"}
        ],
        [
            {"location": [[
                {"latitude": 60.029057},
                {"longitude": 11.113296}
            ]]},
            {"altitude": 168},
            {"distance_km": 3.42734},
            {"speed_kmh": 10.9365},
            {"timestamp": "Thu Mar 16 18:51:09 UTC 2017"}
        ],
        [
            {"location": [[
                {"latitude": 60.028868},
                {"longitude": 11.11314}
            ]]},
            {"altitude": 168},
            {"distance_km": 3.45015},
            {"speed_kmh": 10.6119},
            {"timestamp": "Thu Mar 16 18:51:17 UTC 2017"}
        ],
        [
            {"location": [[
                {"latitude": 60.028661},
                {"longitude": 11.112934}
            ]]},
            {"altitude": 165},
            {"distance_km": 3.47587},
            {"speed_kmh": 10.4578},
            {"timestamp": "Thu Mar 16 18:51:26 UTC 2017"}
        ],
        [
            {"location": [[
                {"latitude": 60.028429},
                {"longitude": 11.112722}
            ]]},
            {"altitude": 167},
            {"distance_km": 3.5043},
            {"speed_kmh": 10.258},
            {"timestamp": "Thu Mar 16 18:51:36 UTC 2017"}
        ],
        [
            {"location": [[
                {"latitude": 60.028223},
                {"longitude": 11.112558}
            ]]},
            {"altitude": 170},
            {"distance_km": 3.52899},
            {"speed_kmh": 10.5463},
            {"timestamp": "Thu Mar 16 18:51:44 UTC 2017"}
        ],
        [
            {"location": [[
                {"latitude": 60.028055},
                {"longitude": 11.112447}
            ]]},
            {"altitude": 168},
            {"distance_km": 3.54868},
            {"speed_kmh": 10.4911},
            {"timestamp": "Thu Mar 16 18:51:51 UTC 2017"}
        ],
        [
            {"location": [[
                {"latitude": 60.027834},
                {"longitude": 11.112257}
            ]]},
            {"altitude": 168},
            {"distance_km": 3.57552},
            {"speed_kmh": 10.6641},
            {"timestamp": "Thu Mar 16 18:52:00 UTC 2017"}
        ],
        [
            {"location": [[
                {"latitude": 60.027629},
                {"longitude": 11.112033}
            ]]},
            {"altitude": 166},
            {"distance_km": 3.60151},
            {"speed_kmh": 10.8528},
            {"timestamp": "Thu Mar 16 18:52:08 UTC 2017"}
        ],
        [
            {"location": [[
                {"latitude": 60.027515},
                {"longitude": 11.111913}
            ]]},
            {"altitude": 167},
            {"distance_km": 3.61594},
            {"speed_kmh": 10.939},
            {"timestamp": "Thu Mar 16 18:52:13 UTC 2017"}
        ],
        [
            {"location": [[
                {"latitude": 60.027285},
                {"longitude": 11.111682}
            ]]},
            {"altitude": 160},
            {"distance_km": 3.64461},
            {"speed_kmh": 10.4883},
            {"timestamp": "Thu Mar 16 18:52:24 UTC 2017"}
        ],
        [
            {"location": [[
                {"latitude": 60.027084},
                {"longitude": 11.111463}
            ]]},
            {"altitude": 161},
            {"distance_km": 3.67008},
            {"speed_kmh": 9.9849},
            {"timestamp": "Thu Mar 16 18:52:33 UTC 2017"}
        ],
        [
            {"location": [[
                {"latitude": 60.02691},
                {"longitude": 11.111306}
            ]]},
            {"altitude": 161},
            {"distance_km": 3.6914},
            {"speed_kmh": 9.7223},
            {"timestamp": "Thu Mar 16 18:52:41 UTC 2017"}
        ],
        [
            {"location": [[
                {"latitude": 60.026733},
                {"longitude": 11.111052}
            ]]},
            {"altitude": 160},
            {"distance_km": 3.71565},
            {"speed_kmh": 9.82899},
            {"timestamp": "Thu Mar 16 18:52:50 UTC 2017"}
        ],
        [
            {"location": [[
                {"latitude": 60.026635},
                {"longitude": 11.110827}
            ]]},
            {"altitude": 159},
            {"distance_km": 3.73226},
            {"speed_kmh": 9.74443},
            {"timestamp": "Thu Mar 16 18:52:56 UTC 2017"}
        ],
        [
            {"location": [[
                {"latitude": 60.026485},
                {"longitude": 11.110438}
            ]]},
            {"altitude": 161},
            {"distance_km": 3.75965},
            {"speed_kmh": 9.83517},
            {"timestamp": "Thu Mar 16 18:53:06 UTC 2017"}
        ],
        [
            {"location": [[
                {"latitude": 60.026365},
                {"longitude": 11.110023}
            ]]},
            {"altitude": 160},
            {"distance_km": 3.78638},
            {"speed_kmh": 10.1668},
            {"timestamp": "Thu Mar 16 18:53:15 UTC 2017"}
        ],
        [
            {"location": [[
                {"latitude": 60.026269},
                {"longitude": 11.109727}
            ]]},
            {"altitude": 162},
            {"distance_km": 3.80605},
            {"speed_kmh": 10.7823},
            {"timestamp": "Thu Mar 16 18:53:21 UTC 2017"}
        ],
        [
            {"location": [[
                {"latitude": 60.026135},
                {"longitude": 11.109368}
            ]]},
            {"altitude": 161},
            {"distance_km": 3.83096},
            {"speed_kmh": 11.2338},
            {"timestamp": "Thu Mar 16 18:53:29 UTC 2017"}
        ],
        [
            {"location": [[
                {"latitude": 60.026015},
                {"longitude": 11.109077}
            ]]},
            {"altitude": 163},
            {"distance_km": 3.85206},
            {"speed_kmh": 11.2843},
            {"timestamp": "Thu Mar 16 18:53:36 UTC 2017"}
        ],
        [
            {"location": [[
                {"latitude": 60.025969},
                {"longitude": 11.10895}
            ]]},
            {"altitude": 162},
            {"distance_km": 3.86079},
            {"speed_kmh": 10.7911},
            {"timestamp": "Thu Mar 16 18:53:39 UTC 2017"}
        ],
        [
            {"location": [[
                {"latitude": 60.025853},
                {"longitude": 11.108569}
            ]]},
            {"altitude": 162},
            {"distance_km": 3.88567},
            {"speed_kmh": 10.3863},
            {"timestamp": "Thu Mar 16 18:53:48 UTC 2017"}
        ],
        [
            {"location": [[
                {"latitude": 60.025741},
                {"longitude": 11.108172}
            ]]},
            {"altitude": 162},
            {"distance_km": 3.91104},
            {"speed_kmh": 10.1438},
            {"timestamp": "Thu Mar 16 18:53:57 UTC 2017"}
        ],
        [
            {"location": [[
                {"latitude": 60.025626},
                {"longitude": 11.1078}
            ]]},
            {"altitude": 164},
            {"distance_km": 3.93541},
            {"speed_kmh": 9.96894},
            {"timestamp": "Thu Mar 16 18:54:06 UTC 2017"}
        ],
        [
            {"location": [[
                {"latitude": 60.02556},
                {"longitude": 11.107618}
            ]]},
            {"altitude": 165},
            {"distance_km": 3.94798},
            {"speed_kmh": 9.6493},
            {"timestamp": "Thu Mar 16 18:54:11 UTC 2017"}
        ],
        [
            {"location": [[
                {"latitude": 60.025468},
                {"longitude": 11.107446}
            ]]},
            {"altitude": 160},
            {"distance_km": 3.96202},
            {"speed_kmh": 9.64287},
            {"timestamp": "Thu Mar 16 18:54:16 UTC 2017"}
        ],
        [
            {"location": [[
                {"latitude": 60.025328},
                {"longitude": 11.107101}
            ]]},
            {"altitude": 161},
            {"distance_km": 3.98679},
            {"speed_kmh": 10.1012},
            {"timestamp": "Thu Mar 16 18:54:24 UTC 2017"}
        ],
        [
            {"location": [[
                {"latitude": 60.025255},
                {"longitude": 11.106963}
            ]]},
            {"altitude": 162},
            {"distance_km": 3.99797},
            {"speed_kmh": 9.76585},
            {"timestamp": "Thu Mar 16 18:54:29 UTC 2017"}
        ],
        [
            {"location": [[
                {"latitude": 60.025225},
                {"longitude": 11.106596}
            ]]},
            {"altitude": 159},
            {"distance_km": 4.0187},
            {"speed_kmh": 8.65983},
            {"timestamp": "Thu Mar 16 18:54:40 UTC 2017"}
        ],
        [
            {"location": [[
                {"latitude": 60.025153},
                {"longitude": 11.106365}
            ]]},
            {"altitude": 159},
            {"distance_km": 4.0339},
            {"speed_kmh": 7.98044},
            {"timestamp": "Thu Mar 16 18:54:46 UTC 2017"}
        ],
        [
            {"location": [[
                {"latitude": 60.025049},
                {"longitude": 11.106061}
            ]]},
            {"altitude": 162},
            {"distance_km": 4.05436},
            {"speed_kmh": 8.35683},
            {"timestamp": "Thu Mar 16 18:54:54 UTC 2017"}
        ],
        [
            {"location": [[
                {"latitude": 60.025012},
                {"longitude": 11.105741}
            ]]},
            {"altitude": 163},
            {"distance_km": 4.0727},
            {"speed_kmh": 9.25731},
            {"timestamp": "Thu Mar 16 18:55:01 UTC 2017"}
        ],
        [
            {"location": [[
                {"latitude": 60.024986},
                {"longitude": 11.105437}
            ]]},
            {"altitude": 165},
            {"distance_km": 4.08989},
            {"speed_kmh": 9.61764},
            {"timestamp": "Thu Mar 16 18:55:07 UTC 2017"}
        ],
        [
            {"location": [[
                {"latitude": 60.024958},
                {"longitude": 11.104947}
            ]]},
            {"altitude": 163},
            {"distance_km": 4.11738},
            {"speed_kmh": 9.87917},
            {"timestamp": "Thu Mar 16 18:55:17 UTC 2017"}
        ],
        [
            {"location": [[
                {"latitude": 60.02494},
                {"longitude": 11.104493}
            ]]},
            {"altitude": 160},
            {"distance_km": 4.14277},
            {"speed_kmh": 9.76463},
            {"timestamp": "Thu Mar 16 18:55:27 UTC 2017"}
        ],
        [
            {"location": [[
                {"latitude": 60.024934},
                {"longitude": 11.104168}
            ]]},
            {"altitude": 157},
            {"distance_km": 4.16089},
            {"speed_kmh": 9.46457},
            {"timestamp": "Thu Mar 16 18:55:34 UTC 2017"}
        ],
        [
            {"location": [[
                {"latitude": 60.024814},
                {"longitude": 11.103768}
            ]]},
            {"altitude": 156},
            {"distance_km": 4.18697},
            {"speed_kmh": 9.28093},
            {"timestamp": "Thu Mar 16 18:55:44 UTC 2017"}
        ],
        [
            {"location": [[
                {"latitude": 60.024715},
                {"longitude": 11.10338}
            ]]},
            {"altitude": 158},
            {"distance_km": 4.21123},
            {"speed_kmh": 9.46628},
            {"timestamp": "Thu Mar 16 18:55:53 UTC 2017"}
        ],
        [
            {"location": [[
                {"latitude": 60.024669},
                {"longitude": 11.103186}
            ]]},
            {"altitude": 159},
            {"distance_km": 4.22317},
            {"speed_kmh": 11.1503},
            {"timestamp": "Thu Mar 16 18:55:56 UTC 2017"}
        ],
        [
            {"location": [[
                {"latitude": 60.024602},
                {"longitude": 11.102981}
            ]]},
            {"altitude": 161},
            {"distance_km": 4.23688},
            {"speed_kmh": 11.309},
            {"timestamp": "Thu Mar 16 18:56:01 UTC 2017"}
        ],
        [
            {"location": [[
                {"latitude": 60.024459},
                {"longitude": 11.103058}
            ]]},
            {"altitude": 162},
            {"distance_km": 4.25327},
            {"speed_kmh": 10.8809},
            {"timestamp": "Thu Mar 16 18:56:08 UTC 2017"}
        ],
        [
            {"location": [[
                {"latitude": 60.024379},
                {"longitude": 11.103363}
            ]]},
            {"altitude": 157},
            {"distance_km": 4.27251},
            {"speed_kmh": 9.39147},
            {"timestamp": "Thu Mar 16 18:56:15 UTC 2017"}
        ],
        [
            {"location": [[
                {"latitude": 60.024266},
                {"longitude": 11.103718}
            ]]},
            {"altitude": 156},
            {"distance_km": 4.29601},
            {"speed_kmh": 9.22292},
            {"timestamp": "Thu Mar 16 18:56:24 UTC 2017"}
        ],
        [
            {"location": [[
                {"latitude": 60.024142},
                {"longitude": 11.104056}
            ]]},
            {"altitude": 157},
            {"distance_km": 4.31933},
            {"speed_kmh": 9.53722},
            {"timestamp": "Thu Mar 16 18:56:33 UTC 2017"}
        ],
        [
            {"location": [[
                {"latitude": 60.024018},
                {"longitude": 11.104385}
            ]]},
            {"altitude": 157},
            {"distance_km": 4.34229},
            {"speed_kmh": 9.68726},
            {"timestamp": "Thu Mar 16 18:56:41 UTC 2017"}
        ],
        [
            {"location": [[
                {"latitude": 60.023901},
                {"longitude": 11.104748}
            ]]},
            {"altitude": 157},
            {"distance_km": 4.36635},
            {"speed_kmh": 10.1513},
            {"timestamp": "Thu Mar 16 18:56:49 UTC 2017"}
        ],
        [
            {"location": [[
                {"latitude": 60.023797},
                {"longitude": 11.105137}
            ]]},
            {"altitude": 155},
            {"distance_km": 4.39098},
            {"speed_kmh": 9.98488},
            {"timestamp": "Thu Mar 16 18:56:59 UTC 2017"}
        ],
        [
            {"location": [[
                {"latitude": 60.023641},
                {"longitude": 11.105703}
            ]]},
            {"altitude": 156},
            {"distance_km": 4.42698},
            {"speed_kmh": 9.88272},
            {"timestamp": "Thu Mar 16 18:57:12 UTC 2017"}
        ],
        [
            {"location": [[
                {"latitude": 60.023625},
                {"longitude": 11.105864}
            ]]},
            {"altitude": 157},
            {"distance_km": 4.43617},
            {"speed_kmh": 9.93821},
            {"timestamp": "Thu Mar 16 18:57:15 UTC 2017"}
        ],
        [
            {"location": [[
                {"latitude": 60.02359},
                {"longitude": 11.106124}
            ]]},
            {"altitude": 160},
            {"distance_km": 4.45117},
            {"speed_kmh": 9.99771},
            {"timestamp": "Thu Mar 16 18:57:21 UTC 2017"}
        ],
        [
            {"location": [[
                {"latitude": 60.02356},
                {"longitude": 11.106569}
            ]]},
            {"altitude": 158},
            {"distance_km": 4.47617},
            {"speed_kmh": 9.3658},
            {"timestamp": "Thu Mar 16 18:57:32 UTC 2017"}
        ],
        [
            {"location": [[
                {"latitude": 60.023546},
                {"longitude": 11.107072}
            ]]},
            {"altitude": 157},
            {"distance_km": 4.5043},
            {"speed_kmh": 8.78827},
            {"timestamp": "Thu Mar 16 18:57:43 UTC 2017"}
        ],
        [
            {"location": [[
                {"latitude": 60.023567},
                {"longitude": 11.107547}
            ]]},
            {"altitude": 159},
            {"distance_km": 4.53086},
            {"speed_kmh": 9.34029},
            {"timestamp": "Thu Mar 16 18:57:52 UTC 2017"}
        ],
        [
            {"location": [[
                {"latitude": 60.023617},
                {"longitude": 11.107925}
            ]]},
            {"altitude": 162},
            {"distance_km": 4.55269},
            {"speed_kmh": 9.9085},
            {"timestamp": "Thu Mar 16 18:58:00 UTC 2017"}
        ],
        [
            {"location": [[
                {"latitude": 60.023665},
                {"longitude": 11.108301}
            ]]},
            {"altitude": 168},
            {"distance_km": 4.57429},
            {"speed_kmh": 10.0653},
            {"timestamp": "Thu Mar 16 18:58:08 UTC 2017"}
        ],
        [
            {"location": [[
                {"latitude": 60.023653},
                {"longitude": 11.108611}
            ]]},
            {"altitude": 167},
            {"distance_km": 4.59162},
            {"speed_kmh": 9.46804},
            {"timestamp": "Thu Mar 16 18:58:15 UTC 2017"}
        ],
        [
            {"location": [[
                {"latitude": 60.023571},
                {"longitude": 11.108981}
            ]]},
            {"altitude": 165},
            {"distance_km": 4.61419},
            {"speed_kmh": 8.92007},
            {"timestamp": "Thu Mar 16 18:58:25 UTC 2017"}
        ],
        [
            {"location": [[
                {"latitude": 60.023555},
                {"longitude": 11.109292}
            ]]},
            {"altitude": 164},
            {"distance_km": 4.63162},
            {"speed_kmh": 8.29175},
            {"timestamp": "Thu Mar 16 18:58:33 UTC 2017"}
        ],
        [
            {"location": [[
                {"latitude": 60.023716},
                {"longitude": 11.109572}
            ]]},
            {"altitude": 169},
            {"distance_km": 4.65543},
            {"speed_kmh": 7.71513},
            {"timestamp": "Thu Mar 16 18:58:45 UTC 2017"}
        ],
        [
            {"location": [[
                {"latitude": 60.023857},
                {"longitude": 11.10979}
            ]]},
            {"altitude": 173},
            {"distance_km": 4.67523},
            {"speed_kmh": 6.81471},
            {"timestamp": "Thu Mar 16 18:58:58 UTC 2017"}
        ],
        [
            {"location": [[
                {"latitude": 60.023904},
                {"longitude": 11.110051}
            ]]},
            {"altitude": 172},
            {"distance_km": 4.69072},
            {"speed_kmh": 5.64909},
            {"timestamp": "Thu Mar 16 18:59:11 UTC 2017"}
        ],
        [
            {"location": [[
                {"latitude": 60.02379},
                {"longitude": 11.110732}
            ]]},
            {"altitude": 172},
            {"distance_km": 4.73078},
            {"speed_kmh": 6.08667},
            {"timestamp": "Thu Mar 16 18:59:28 UTC 2017"}
        ],
        [
            {"location": [[
                {"latitude": 60.023721},
                {"longitude": 11.111013}
            ]]},
            {"altitude": 173},
            {"distance_km": 4.74819},
            {"speed_kmh": 7.73557},
            {"timestamp": "Thu Mar 16 18:59:34 UTC 2017"}
        ],
        [
            {"location": [[
                {"latitude": 60.02368},
                {"longitude": 11.111212}
            ]]},
            {"altitude": 174},
            {"distance_km": 4.76021},
            {"speed_kmh": 9.90318},
            {"timestamp": "Thu Mar 16 18:59:38 UTC 2017"}
        ],
        [
            {"location": [[
                {"latitude": 60.023595},
                {"longitude": 11.111586}
            ]]},
            {"altitude": 172},
            {"distance_km": 4.78313},
            {"speed_kmh": 10.5201},
            {"timestamp": "Thu Mar 16 18:59:46 UTC 2017"}
        ],
        [
            {"location": [[
                {"latitude": 60.023555},
                {"longitude": 11.111837}
            ]]},
            {"altitude": 172},
            {"distance_km": 4.79782},
            {"speed_kmh": 10.5628},
            {"timestamp": "Thu Mar 16 18:59:51 UTC 2017"}
        ],
        [
            {"location": [[
                {"latitude": 60.023528},
                {"longitude": 11.111987}
            ]]},
            {"altitude": 171},
            {"distance_km": 4.80672},
            {"speed_kmh": 10.5122},
            {"timestamp": "Thu Mar 16 18:59:54 UTC 2017"}
        ],
        [
            {"location": [[
                {"latitude": 60.02343},
                {"longitude": 11.112372}
            ]]},
            {"altitude": 173},
            {"distance_km": 4.83078},
            {"speed_kmh": 10.6813},
            {"timestamp": "Thu Mar 16 19:00:02 UTC 2017"}
        ],
        [
            {"location": [[
                {"latitude": 60.023341},
                {"longitude": 11.112687}
            ]]},
            {"altitude": 175},
            {"distance_km": 4.85097},
            {"speed_kmh": 10.5993},
            {"timestamp": "Thu Mar 16 19:00:09 UTC 2017"}
        ],
        [
            {"location": [[
                {"latitude": 60.023312},
                {"longitude": 11.113211}
            ]]},
            {"altitude": 178},
            {"distance_km": 4.88038},
            {"speed_kmh": 10.5985},
            {"timestamp": "Thu Mar 16 19:00:19 UTC 2017"}
        ],
        [
            {"location": [[
                {"latitude": 60.023423},
                {"longitude": 11.113517}
            ]]},
            {"altitude": 178},
            {"distance_km": 4.90138},
            {"speed_kmh": 10.5693},
            {"timestamp": "Thu Mar 16 19:00:26 UTC 2017"}
        ],
        [
            {"location": [[
                {"latitude": 60.023559},
                {"longitude": 11.113849}
            ]]},
            {"altitude": 180},
            {"distance_km": 4.92534},
            {"speed_kmh": 10.7377},
            {"timestamp": "Thu Mar 16 19:00:34 UTC 2017"}
        ],
        [
            {"location": [[
                {"latitude": 60.023644},
                {"longitude": 11.114098}
            ]]},
            {"altitude": 183},
            {"distance_km": 4.94217},
            {"speed_kmh": 11.2315},
            {"timestamp": "Thu Mar 16 19:00:39 UTC 2017"}
        ],
        [
            {"location": [[
                {"latitude": 60.023736},
                {"longitude": 11.114371}
            ]]},
            {"altitude": 182},
            {"distance_km": 4.9605},
            {"speed_kmh": 11.3107},
            {"timestamp": "Thu Mar 16 19:00:45 UTC 2017"}
        ],
        [
            {"location": [[
                {"latitude": 60.023847},
                {"longitude": 11.114775}
            ]]},
            {"altitude": 182},
            {"distance_km": 4.98622},
            {"speed_kmh": 11.1225},
            {"timestamp": "Thu Mar 16 19:00:54 UTC 2017"}
        ],
        [
            {"location": [[
                {"latitude": 60.024067},
                {"longitude": 11.114924}
            ]]},
            {"altitude": 180},
            {"distance_km": 5.01207},
            {"speed_kmh": 10.5421},
            {"timestamp": "Thu Mar 16 19:01:03 UTC 2017"}
        ],
        [
            {"location": [[
                {"latitude": 60.024067},
                {"longitude": 11.114924}
            ]]},
            {"distance_km": 5.01207},
            {"timestamp": "Thu Mar 16 19:01:07 UTC 2017"}
        ],
        [
            {"location": [[
                {"latitude": 60.024067},
                {"longitude": 11.114924}
            ]]},
            {"distance_km": 5.01207},
            {"timestamp": "Thu Mar 16 19:01:10 UTC 2017"}
        ]
    ]},
    {"routes": [[
        {"identifier": 868210237},
        {"name": "2 x Gåshølet"}
    ]]}
]