[
    {"name": "2 x Gåshølet"},
    {"sport": "RUNNING"},
    {"source": "TRACK_MOBILE"},
    {"created_date": "2017-04-03 19:53:29.0"},
    {"start_time": "2017-04-03 19:18:27.0"},
    {"end_time": "2017-04-03 19:50:47.0"},
    {"duration_s": 1940},
    {"distance_km": 5.0629987716674805},
    {"calories_kcal": 317},
    {"altitude_min_m": 150},
    {"altitude_max_m": 191},
    {"speed_avg_kmh": 9.39525545257883},
    {"speed_max_kmh": 14.2992},
    {"hydration_l": 0.195511},
    {"ascend_m": 93},
    {"descend_m": 99},
    {"points": [
        [
            {"location": [[
                {"latitude": 60.024075},
                {"longitude": 11.114981}
            ]]},
            {"distance_km": 0},
            {"timestamp": "Mon Apr 03 19:18:27 UTC 2017"}
        ],
        [
            {"location": [[
                {"latitude": 60.024075},
                {"longitude": 11.114981}
            ]]},
            {"altitude": 187},
            {"distance_km": 0},
            {"timestamp": "Mon Apr 03 19:18:36 UTC 2017"}
        ],
        [
            {"location": [[
                {"latitude": 60.024171},
                {"longitude": 11.114765}
            ]]},
            {"altitude": 182},
            {"distance_km": 0.032276},
            {"speed_kmh": 3.22386},
            {"timestamp": "Mon Apr 03 19:18:42 UTC 2017"}
        ],
        [
            {"location": [[
                {"latitude": 60.024358},
                {"longitude": 11.114754}
            ]]},
            {"altitude": 179},
            {"distance_km": 0.053035},
            {"speed_kmh": 6.33846},
            {"timestamp": "Mon Apr 03 19:18:50 UTC 2017"}
        ],
        [
            {"location": [[
                {"latitude": 60.024496},
                {"longitude": 11.114787}
            ]]},
            {"altitude": 180},
            {"distance_km": 0.0686},
            {"speed_kmh": 9.45146},
            {"timestamp": "Mon Apr 03 19:18:56 UTC 2017"}
        ],
        [
            {"location": [[
                {"latitude": 60.024685},
                {"longitude": 11.114809}
            ]]},
            {"altitude": 180},
            {"distance_km": 0.089684},
            {"speed_kmh": 9.38861},
            {"timestamp": "Mon Apr 03 19:19:04 UTC 2017"}
        ],
        [
            {"location": [[
                {"latitude": 60.024949},
                {"longitude": 11.11493}
            ]]},
            {"altitude": 174},
            {"distance_km": 0.119881},
            {"speed_kmh": 9.89915},
            {"timestamp": "Mon Apr 03 19:19:14 UTC 2017"}
        ],
        [
            {"location": [[
                {"latitude": 60.02513},
                {"longitude": 11.115039}
            ]]},
            {"altitude": 172},
            {"distance_km": 0.140886},
            {"speed_kmh": 10.987},
            {"timestamp": "Mon Apr 03 19:19:20 UTC 2017"}
        ],
        [
            {"location": [[
                {"latitude": 60.025299},
                {"longitude": 11.115179}
            ]]},
            {"altitude": 172},
            {"distance_km": 0.161323},
            {"speed_kmh": 11.9135},
            {"timestamp": "Mon Apr 03 19:19:26 UTC 2017"}
        ],
        [
            {"location": [[
                {"latitude": 60.025439},
                {"longitude": 11.115339}
            ]]},
            {"altitude": 168},
            {"distance_km": 0.179236},
            {"speed_kmh": 10.9752},
            {"timestamp": "Mon Apr 03 19:19:34 UTC 2017"}
        ],
        [
            {"location": [[
                {"latitude": 60.026407},
                {"longitude": 11.116077}
            ]]},
            {"altitude": 184},
            {"distance_km": 0.294729},
            {"timestamp": "Mon Apr 03 19:20:13 UTC 2017"}
        ],
        [
            {"location": [[
                {"latitude": 60.026407},
                {"longitude": 11.116077}
            ]]},
            {"altitude": 184},
            {"distance_km": 0.294729},
            {"timestamp": "Mon Apr 03 19:20:18 UTC 2017"}
        ],
        [
            {"location": [[
                {"latitude": 60.026278},
                {"longitude": 11.116271}
            ]]},
            {"altitude": 176},
            {"distance_km": 0.330748},
            {"speed_kmh": 10.7486},
            {"timestamp": "Mon Apr 03 19:20:21 UTC 2017"}
        ],
        [
            {"location": [[
                {"latitude": 60.026123},
                {"longitude": 11.116276}
            ]]},
            {"altitude": 176},
            {"distance_km": 0.348023},
            {"speed_kmh": 9.78182},
            {"timestamp": "Mon Apr 03 19:20:29 UTC 2017"}
        ],
        [
            {"location": [[
                {"latitude": 60.026408},
                {"longitude": 11.116106}
            ]]},
            {"altitude": 179},
            {"distance_km": 0.381152},
            {"speed_kmh": 13.095},
            {"timestamp": "Mon Apr 03 19:20:41 UTC 2017"}
        ],
        [
            {"location": [[
                {"latitude": 60.026647},
                {"longitude": 11.116042}
            ]]},
            {"altitude": 179},
            {"distance_km": 0.407977},
            {"speed_kmh": 9.48267},
            {"timestamp": "Mon Apr 03 19:20:50 UTC 2017"}
        ],
        [
            {"location": [[
                {"latitude": 60.026789},
                {"longitude": 11.116036}
            ]]},
            {"altitude": 181},
            {"distance_km": 0.423787},
            {"speed_kmh": 10.6871},
            {"timestamp": "Mon Apr 03 19:20:55 UTC 2017"}
        ],
        [
            {"location": [[
                {"latitude": 60.026902},
                {"longitude": 11.115986}
            ]]},
            {"altitude": 184},
            {"distance_km": 0.436668},
            {"speed_kmh": 11.2316},
            {"timestamp": "Mon Apr 03 19:20:59 UTC 2017"}
        ],
        [
            {"location": [[
                {"latitude": 60.027101},
                {"longitude": 11.115905}
            ]]},
            {"altitude": 184},
            {"distance_km": 0.459308},
            {"speed_kmh": 11.5175},
            {"timestamp": "Mon Apr 03 19:21:06 UTC 2017"}
        ],
        [
            {"location": [[
                {"latitude": 60.027309},
                {"longitude": 11.115844}
            ]]},
            {"altitude": 186},
            {"distance_km": 0.482777},
            {"speed_kmh": 11.2592},
            {"timestamp": "Mon Apr 03 19:21:14 UTC 2017"}
        ],
        [
            {"location": [[
                {"latitude": 60.027441},
                {"longitude": 11.115856}
            ]]},
            {"altitude": 188},
            {"distance_km": 0.497457},
            {"speed_kmh": 10.9282},
            {"timestamp": "Mon Apr 03 19:21:19 UTC 2017"}
        ],
        [
            {"location": [[
                {"latitude": 60.027581},
                {"longitude": 11.115937}
            ]]},
            {"altitude": 191},
            {"distance_km": 0.51375},
            {"speed_kmh": 10.9636},
            {"timestamp": "Mon Apr 03 19:21:24 UTC 2017"}
        ],
        [
            {"location": [[
                {"latitude": 60.027822},
                {"longitude": 11.116084}
            ]]},
            {"altitude": 183},
            {"distance_km": 0.541787},
            {"speed_kmh": 11.1703},
            {"timestamp": "Mon Apr 03 19:21:33 UTC 2017"}
        ],
        [
            {"location": [[
                {"latitude": 60.028212},
                {"longitude": 11.1158}
            ]]},
            {"altitude": 164},
            {"distance_km": 0.58799},
            {"speed_kmh": 3.08034},
            {"timestamp": "Mon Apr 03 19:21:51 UTC 2017"}
        ],
        [
            {"location": [[
                {"latitude": 60.028465},
                {"longitude": 11.115636}
            ]]},
            {"altitude": 170},
            {"distance_km": 0.617641},
            {"speed_kmh": 7.52529},
            {"timestamp": "Mon Apr 03 19:21:59 UTC 2017"}
        ],
        [
            {"location": [[
                {"latitude": 60.028698},
                {"longitude": 11.115519}
            ]]},
            {"altitude": 174},
            {"distance_km": 0.644391},
            {"speed_kmh": 12.1155},
            {"timestamp": "Mon Apr 03 19:22:06 UTC 2017"}
        ],
        [
            {"location": [[
                {"latitude": 60.028786},
                {"longitude": 11.115467}
            ]]},
            {"altitude": 175},
            {"distance_km": 0.654687},
            {"speed_kmh": 13.1483},
            {"timestamp": "Mon Apr 03 19:22:09 UTC 2017"}
        ],
        [
            {"location": [[
                {"latitude": 60.028896},
                {"longitude": 11.115408}
            ]]},
            {"altitude": 174},
            {"distance_km": 0.667381},
            {"speed_kmh": 12.5134},
            {"timestamp": "Mon Apr 03 19:22:13 UTC 2017"}
        ],
        [
            {"location": [[
                {"latitude": 60.028972},
                {"longitude": 11.11536}
            ]]},
            {"altitude": 170},
            {"distance_km": 0.676205},
            {"speed_kmh": 11.4585},
            {"timestamp": "Mon Apr 03 19:22:16 UTC 2017"}
        ],
        [
            {"location": [[
                {"latitude": 60.029051},
                {"longitude": 11.115305}
            ]]},
            {"altitude": 171},
            {"distance_km": 0.685581},
            {"speed_kmh": 11.0823},
            {"timestamp": "Mon Apr 03 19:22:19 UTC 2017"}
        ],
        [
            {"location": [[
                {"latitude": 60.029289},
                {"longitude": 11.115138}
            ]]},
            {"altitude": 171},
            {"distance_km": 0.713656},
            {"speed_kmh": 11.0197},
            {"timestamp": "Mon Apr 03 19:22:28 UTC 2017"}
        ],
        [
            {"location": [[
                {"latitude": 60.02985},
                {"longitude": 11.114881}
            ]]},
            {"altitude": 174},
            {"distance_km": 0.777778},
            {"speed_kmh": 3.55379},
            {"timestamp": "Mon Apr 03 19:22:50 UTC 2017"}
        ],
        [
            {"location": [[
                {"latitude": 60.030031},
                {"longitude": 11.114832}
            ]]},
            {"altitude": 163},
            {"distance_km": 0.798166},
            {"speed_kmh": 6.88378},
            {"timestamp": "Mon Apr 03 19:22:57 UTC 2017"}
        ],
        [
            {"location": [[
                {"latitude": 60.030031},
                {"longitude": 11.114832}
            ]]},
            {"altitude": 163},
            {"distance_km": 0.798166},
            {"timestamp": "Mon Apr 03 19:23:02 UTC 2017"}
        ],
        [
            {"location": [[
                {"latitude": 60.029359},
                {"longitude": 11.113596}
            ]]},
            {"altitude": 166},
            {"distance_km": 1.00172},
            {"speed_kmh": 3.48912},
            {"timestamp": "Mon Apr 03 19:23:37 UTC 2017"}
        ],
        [
            {"location": [[
                {"latitude": 60.029141},
                {"longitude": 11.113441}
            ]]},
            {"altitude": 168},
            {"distance_km": 1.02749},
            {"speed_kmh": 7.90579},
            {"timestamp": "Mon Apr 03 19:23:44 UTC 2017"}
        ],
        [
            {"location": [[
                {"latitude": 60.02896},
                {"longitude": 11.113287}
            ]]},
            {"altitude": 166},
            {"distance_km": 1.04946},
            {"speed_kmh": 11.6494},
            {"timestamp": "Mon Apr 03 19:23:51 UTC 2017"}
        ],
        [
            {"location": [[
                {"latitude": 60.028757},
                {"longitude": 11.113102}
            ]]},
            {"altitude": 165},
            {"distance_km": 1.07428},
            {"speed_kmh": 11.9043},
            {"timestamp": "Mon Apr 03 19:23:59 UTC 2017"}
        ],
        [
            {"location": [[
                {"latitude": 60.028652},
                {"longitude": 11.112992}
            ]]},
            {"altitude": 164},
            {"distance_km": 1.08744},
            {"speed_kmh": 11.4261},
            {"timestamp": "Mon Apr 03 19:24:03 UTC 2017"}
        ],
        [
            {"location": [[
                {"latitude": 60.028416},
                {"longitude": 11.112772}
            ]]},
            {"altitude": 162},
            {"distance_km": 1.1165},
            {"speed_kmh": 11.5609},
            {"timestamp": "Mon Apr 03 19:24:12 UTC 2017"}
        ],
        [
            {"location": [[
                {"latitude": 60.028208},
                {"longitude": 11.112572}
            ]]},
            {"altitude": 163},
            {"distance_km": 1.14218},
            {"speed_kmh": 11.6746},
            {"timestamp": "Mon Apr 03 19:24:20 UTC 2017"}
        ],
        [
            {"location": [[
                {"latitude": 60.028063},
                {"longitude": 11.112439}
            ]]},
            {"altitude": 167},
            {"distance_km": 1.15996},
            {"speed_kmh": 11.9934},
            {"timestamp": "Mon Apr 03 19:24:25 UTC 2017"}
        ],
        [
            {"location": [[
                {"latitude": 60.027898},
                {"longitude": 11.112289}
            ]]},
            {"altitude": 166},
            {"distance_km": 1.18012},
            {"speed_kmh": 12.1473},
            {"timestamp": "Mon Apr 03 19:24:31 UTC 2017"}
        ],
        [
            {"location": [[
                {"latitude": 60.027727},
                {"longitude": 11.112129}
            ]]},
            {"altitude": 164},
            {"distance_km": 1.20124},
            {"speed_kmh": 11.9115},
            {"timestamp": "Mon Apr 03 19:24:38 UTC 2017"}
        ],
        [
            {"location": [[
                {"latitude": 60.027528},
                {"longitude": 11.111957}
            ]]},
            {"altitude": 165},
            {"distance_km": 1.22537},
            {"speed_kmh": 11.2766},
            {"timestamp": "Mon Apr 03 19:24:46 UTC 2017"}
        ],
        [
            {"location": [[
                {"latitude": 60.027457},
                {"longitude": 11.11189}
            ]]},
            {"altitude": 165},
            {"distance_km": 1.23412},
            {"speed_kmh": 10.7314},
            {"timestamp": "Mon Apr 03 19:24:49 UTC 2017"}
        ],
        [
            {"location": [[
                {"latitude": 60.027241},
                {"longitude": 11.111681}
            ]]},
            {"altitude": 163},
            {"distance_km": 1.26088},
            {"speed_kmh": 10.6778},
            {"timestamp": "Mon Apr 03 19:24:58 UTC 2017"}
        ],
        [
            {"location": [[
                {"latitude": 60.027059},
                {"longitude": 11.111535}
            ]]},
            {"altitude": 160},
            {"distance_km": 1.28266},
            {"speed_kmh": 10.3227},
            {"timestamp": "Mon Apr 03 19:25:06 UTC 2017"}
        ],
        [
            {"location": [[
                {"latitude": 60.026908},
                {"longitude": 11.111403}
            ]]},
            {"altitude": 158},
            {"distance_km": 1.30107},
            {"speed_kmh": 9.9905},
            {"timestamp": "Mon Apr 03 19:25:13 UTC 2017"}
        ],
        [
            {"location": [[
                {"latitude": 60.026719},
                {"longitude": 11.110972}
            ]]},
            {"altitude": 159},
            {"distance_km": 1.33304},
            {"speed_kmh": 10.261},
            {"timestamp": "Mon Apr 03 19:25:23 UTC 2017"}
        ],
        [
            {"location": [[
                {"latitude": 60.026659},
                {"longitude": 11.110799}
            ]]},
            {"altitude": 161},
            {"distance_km": 1.34479},
            {"speed_kmh": 11.6936},
            {"timestamp": "Mon Apr 03 19:25:26 UTC 2017"}
        ],
        [
            {"location": [[
                {"latitude": 60.026598},
                {"longitude": 11.110617}
            ]]},
            {"altitude": 163},
            {"distance_km": 1.35695},
            {"speed_kmh": 13.3979},
            {"timestamp": "Mon Apr 03 19:25:29 UTC 2017"}
        ],
        [
            {"location": [[
                {"latitude": 60.026464},
                {"longitude": 11.110286}
            ]]},
            {"altitude": 163},
            {"distance_km": 1.38071},
            {"speed_kmh": 14.2992},
            {"timestamp": "Mon Apr 03 19:25:35 UTC 2017"}
        ],
        [
            {"location": [[
                {"latitude": 60.026339},
                {"longitude": 11.109945}
            ]]},
            {"altitude": 163},
            {"distance_km": 1.40423},
            {"speed_kmh": 13.6391},
            {"timestamp": "Mon Apr 03 19:25:42 UTC 2017"}
        ],
        [
            {"location": [[
                {"latitude": 60.026245},
                {"longitude": 11.109698}
            ]]},
            {"altitude": 162},
            {"distance_km": 1.42159},
            {"speed_kmh": 12.2527},
            {"timestamp": "Mon Apr 03 19:25:48 UTC 2017"}
        ],
        [
            {"location": [[
                {"latitude": 60.026196},
                {"longitude": 11.109556}
            ]]},
            {"altitude": 161},
            {"distance_km": 1.43121},
            {"speed_kmh": 11.361},
            {"timestamp": "Mon Apr 03 19:25:51 UTC 2017"}
        ],
        [
            {"location": [[
                {"latitude": 60.026062},
                {"longitude": 11.109211}
            ]]},
            {"altitude": 161},
            {"distance_km": 1.45554},
            {"speed_kmh": 10.9708},
            {"timestamp": "Mon Apr 03 19:25:59 UTC 2017"}
        ],
        [
            {"location": [[
                {"latitude": 60.025957},
                {"longitude": 11.108878}
            ]]},
            {"altitude": 163},
            {"distance_km": 1.47748},
            {"speed_kmh": 11.2579},
            {"timestamp": "Mon Apr 03 19:26:06 UTC 2017"}
        ],
        [
            {"location": [[
                {"latitude": 60.02586},
                {"longitude": 11.108543}
            ]]},
            {"altitude": 163},
            {"distance_km": 1.49902},
            {"speed_kmh": 11.1015},
            {"timestamp": "Mon Apr 03 19:26:13 UTC 2017"}
        ],
        [
            {"location": [[
                {"latitude": 60.025759},
                {"longitude": 11.108203}
            ]]},
            {"altitude": 164},
            {"distance_km": 1.52109},
            {"speed_kmh": 11.2368},
            {"timestamp": "Mon Apr 03 19:26:20 UTC 2017"}
        ],
        [
            {"location": [[
                {"latitude": 60.025644},
                {"longitude": 11.107844}
            ]]},
            {"altitude": 165},
            {"distance_km": 1.54484},
            {"speed_kmh": 11.0399},
            {"timestamp": "Mon Apr 03 19:26:28 UTC 2017"}
        ],
        [
            {"location": [[
                {"latitude": 60.025536},
                {"longitude": 11.107552}
            ]]},
            {"altitude": 164},
            {"distance_km": 1.56516},
            {"speed_kmh": 10.8255},
            {"timestamp": "Mon Apr 03 19:26:35 UTC 2017"}
        ],
        [
            {"location": [[
                {"latitude": 60.02537},
                {"longitude": 11.107167}
            ]]},
            {"altitude": 163},
            {"distance_km": 1.59348},
            {"speed_kmh": 10.4424},
            {"timestamp": "Mon Apr 03 19:26:45 UTC 2017"}
        ],
        [
            {"location": [[
                {"latitude": 60.025258},
                {"longitude": 11.106912}
            ]]},
            {"altitude": 164},
            {"distance_km": 1.61237},
            {"speed_kmh": 10.1114},
            {"timestamp": "Mon Apr 03 19:26:52 UTC 2017"}
        ],
        [
            {"location": [[
                {"latitude": 60.025209},
                {"longitude": 11.106805}
            ]]},
            {"altitude": 165},
            {"distance_km": 1.6204},
            {"speed_kmh": 9.80975},
            {"timestamp": "Mon Apr 03 19:26:55 UTC 2017"}
        ],
        [
            {"location": [[
                {"latitude": 60.025227},
                {"longitude": 11.106417}
            ]]},
            {"altitude": 165},
            {"distance_km": 1.64215},
            {"speed_kmh": 9.32306},
            {"timestamp": "Mon Apr 03 19:27:04 UTC 2017"}
        ],
        [
            {"location": [[
                {"latitude": 60.025108},
                {"longitude": 11.106094}
            ]]},
            {"altitude": 165},
            {"distance_km": 1.66446},
            {"speed_kmh": 9.43468},
            {"timestamp": "Mon Apr 03 19:27:12 UTC 2017"}
        ],
        [
            {"location": [[
                {"latitude": 60.025053},
                {"longitude": 11.10583}
            ]]},
            {"altitude": 163},
            {"distance_km": 1.68042},
            {"speed_kmh": 9.45529},
            {"timestamp": "Mon Apr 03 19:27:18 UTC 2017"}
        ],
        [
            {"location": [[
                {"latitude": 60.025},
                {"longitude": 11.105374}
            ]]},
            {"altitude": 165},
            {"distance_km": 1.70649},
            {"speed_kmh": 10.016},
            {"timestamp": "Mon Apr 03 19:27:27 UTC 2017"}
        ],
        [
            {"location": [[
                {"latitude": 60.024987},
                {"longitude": 11.10511}
            ]]},
            {"altitude": 164},
            {"distance_km": 1.72128},
            {"speed_kmh": 10.2159},
            {"timestamp": "Mon Apr 03 19:27:32 UTC 2017"}
        ],
        [
            {"location": [[
                {"latitude": 60.024993},
                {"longitude": 11.104838}
            ]]},
            {"altitude": 163},
            {"distance_km": 1.73646},
            {"speed_kmh": 10.6608},
            {"timestamp": "Mon Apr 03 19:27:37 UTC 2017"}
        ],
        [
            {"location": [[
                {"latitude": 60.024927},
                {"longitude": 11.104425}
            ]]},
            {"altitude": 162},
            {"distance_km": 1.76064},
            {"speed_kmh": 10.4155},
            {"timestamp": "Mon Apr 03 19:27:46 UTC 2017"}
        ],
        [
            {"location": [[
                {"latitude": 60.024897},
                {"longitude": 11.104178}
            ]]},
            {"altitude": 162},
            {"distance_km": 1.77482},
            {"speed_kmh": 9.70092},
            {"timestamp": "Mon Apr 03 19:27:52 UTC 2017"}
        ],
        [
            {"location": [[
                {"latitude": 60.024904},
                {"longitude": 11.103841}
            ]]},
            {"altitude": 161},
            {"distance_km": 1.7936},
            {"speed_kmh": 9.28291},
            {"timestamp": "Mon Apr 03 19:27:59 UTC 2017"}
        ],
        [
            {"location": [[
                {"latitude": 60.0243},
                {"longitude": 11.103575}
            ]]},
            {"altitude": 151},
            {"distance_km": 1.86253},
            {"speed_kmh": 2.12078},
            {"timestamp": "Mon Apr 03 19:28:38 UTC 2017"}
        ],
        [
            {"location": [[
                {"latitude": 60.02414},
                {"longitude": 11.103975}
            ]]},
            {"altitude": 159},
            {"distance_km": 1.89106},
            {"speed_kmh": 5.20812},
            {"timestamp": "Mon Apr 03 19:28:49 UTC 2017"}
        ],
        [
            {"location": [[
                {"latitude": 60.023978},
                {"longitude": 11.104383}
            ]]},
            {"altitude": 160},
            {"distance_km": 1.92008},
            {"speed_kmh": 9.58191},
            {"timestamp": "Mon Apr 03 19:28:57 UTC 2017"}
        ],
        [
            {"location": [[
                {"latitude": 60.023875},
                {"longitude": 11.104676}
            ]]},
            {"altitude": 158},
            {"distance_km": 1.94006},
            {"speed_kmh": 11.4553},
            {"timestamp": "Mon Apr 03 19:29:03 UTC 2017"}
        ],
        [
            {"location": [[
                {"latitude": 60.023789},
                {"longitude": 11.10503}
            ]]},
            {"altitude": 154},
            {"distance_km": 1.96198},
            {"speed_kmh": 11.6533},
            {"timestamp": "Mon Apr 03 19:29:11 UTC 2017"}
        ],
        [
            {"location": [[
                {"latitude": 60.023669},
                {"longitude": 11.105286}
            ]]},
            {"altitude": 151},
            {"distance_km": 1.98155},
            {"speed_kmh": 10.2064},
            {"timestamp": "Mon Apr 03 19:29:19 UTC 2017"}
        ],
        [
            {"location": [[
                {"latitude": 60.023606},
                {"longitude": 11.105757}
            ]]},
            {"altitude": 155},
            {"distance_km": 2.00872},
            {"speed_kmh": 9.85747},
            {"timestamp": "Mon Apr 03 19:29:28 UTC 2017"}
        ],
        [
            {"location": [[
                {"latitude": 60.02356},
                {"longitude": 11.106193}
            ]]},
            {"altitude": 156},
            {"distance_km": 2.03362},
            {"speed_kmh": 10.2794},
            {"timestamp": "Mon Apr 03 19:29:36 UTC 2017"}
        ],
        [
            {"location": [[
                {"latitude": 60.023524},
                {"longitude": 11.106634}
            ]]},
            {"altitude": 156},
            {"distance_km": 2.05851},
            {"speed_kmh": 10.3452},
            {"timestamp": "Mon Apr 03 19:29:46 UTC 2017"}
        ],
        [
            {"location": [[
                {"latitude": 60.023512},
                {"longitude": 11.107081}
            ]]},
            {"altitude": 158},
            {"distance_km": 2.08346},
            {"speed_kmh": 9.43692},
            {"timestamp": "Mon Apr 03 19:29:57 UTC 2017"}
        ],
        [
            {"location": [[
                {"latitude": 60.0235},
                {"longitude": 11.107352}
            ]]},
            {"altitude": 160},
            {"distance_km": 2.09861},
            {"speed_kmh": 8.75415},
            {"timestamp": "Mon Apr 03 19:30:03 UTC 2017"}
        ],
        [
            {"location": [[
                {"latitude": 60.02354},
                {"longitude": 11.107763}
            ]]},
            {"altitude": 158},
            {"distance_km": 2.122},
            {"speed_kmh": 8.54909},
            {"timestamp": "Mon Apr 03 19:30:13 UTC 2017"}
        ],
        [
            {"location": [[
                {"latitude": 60.023608},
                {"longitude": 11.108205}
            ]]},
            {"altitude": 155},
            {"distance_km": 2.14777},
            {"speed_kmh": 8.62495},
            {"timestamp": "Mon Apr 03 19:30:24 UTC 2017"}
        ],
        [
            {"location": [[
                {"latitude": 60.023579},
                {"longitude": 11.108658}
            ]]},
            {"altitude": 153},
            {"distance_km": 2.17321},
            {"speed_kmh": 8.16342},
            {"timestamp": "Mon Apr 03 19:30:36 UTC 2017"}
        ],
        [
            {"location": [[
                {"latitude": 60.023526},
                {"longitude": 11.108937}
            ]]},
            {"altitude": 159},
            {"distance_km": 2.18987},
            {"speed_kmh": 8.1913},
            {"timestamp": "Mon Apr 03 19:30:43 UTC 2017"}
        ],
        [
            {"location": [[
                {"latitude": 60.023455},
                {"longitude": 11.109263}
            ]]},
            {"altitude": 158},
            {"distance_km": 2.20967},
            {"speed_kmh": 8.04814},
            {"timestamp": "Mon Apr 03 19:30:52 UTC 2017"}
        ],
        [
            {"location": [[
                {"latitude": 60.023534},
                {"longitude": 11.109416}
            ]]},
            {"altitude": 164},
            {"distance_km": 2.22199},
            {"speed_kmh": 7.59596},
            {"timestamp": "Mon Apr 03 19:30:59 UTC 2017"}
        ],
        [
            {"location": [[
                {"latitude": 60.023703},
                {"longitude": 11.109618}
            ]]},
            {"altitude": 161},
            {"distance_km": 2.24395},
            {"speed_kmh": 6.53675},
            {"timestamp": "Mon Apr 03 19:31:14 UTC 2017"}
        ],
        [
            {"location": [[
                {"latitude": 60.023854},
                {"longitude": 11.109771}
            ]]},
            {"altitude": 165},
            {"distance_km": 2.26281},
            {"speed_kmh": 5.37688},
            {"timestamp": "Mon Apr 03 19:31:29 UTC 2017"}
        ],
        [
            {"location": [[
                {"latitude": 60.023862},
                {"longitude": 11.110134}
            ]]},
            {"altitude": 164},
            {"distance_km": 2.28309},
            {"speed_kmh": 4.78587},
            {"timestamp": "Mon Apr 03 19:31:45 UTC 2017"}
        ],
        [
            {"location": [[
                {"latitude": 60.023798},
                {"longitude": 11.110487}
            ]]},
            {"altitude": 165},
            {"distance_km": 2.30401},
            {"speed_kmh": 7.22213},
            {"timestamp": "Mon Apr 03 19:31:51 UTC 2017"}
        ],
        [
            {"location": [[
                {"latitude": 60.023748},
                {"longitude": 11.110726}
            ]]},
            {"altitude": 165},
            {"distance_km": 2.31843},
            {"speed_kmh": 9.16895},
            {"timestamp": "Mon Apr 03 19:31:56 UTC 2017"}
        ],
        [
            {"location": [[
                {"latitude": 60.023695},
                {"longitude": 11.111023}
            ]]},
            {"altitude": 163},
            {"distance_km": 2.33605},
            {"speed_kmh": 10.6637},
            {"timestamp": "Mon Apr 03 19:32:03 UTC 2017"}
        ],
        [
            {"location": [[
                {"latitude": 60.023602},
                {"longitude": 11.111433}
            ]]},
            {"altitude": 165},
            {"distance_km": 2.36116},
            {"speed_kmh": 9.82374},
            {"timestamp": "Mon Apr 03 19:32:12 UTC 2017"}
        ],
        [
            {"location": [[
                {"latitude": 60.02351},
                {"longitude": 11.111844}
            ]]},
            {"altitude": 167},
            {"distance_km": 2.38627},
            {"speed_kmh": 10.1325},
            {"timestamp": "Mon Apr 03 19:32:20 UTC 2017"}
        ],
        [
            {"location": [[
                {"latitude": 60.023443},
                {"longitude": 11.112147}
            ]]},
            {"altitude": 169},
            {"distance_km": 2.40471},
            {"speed_kmh": 10.8119},
            {"timestamp": "Mon Apr 03 19:32:26 UTC 2017"}
        ],
        [
            {"location": [[
                {"latitude": 60.023403},
                {"longitude": 11.112287}
            ]]},
            {"altitude": 171},
            {"distance_km": 2.41371},
            {"speed_kmh": 11.0492},
            {"timestamp": "Mon Apr 03 19:32:29 UTC 2017"}
        ],
        [
            {"location": [[
                {"latitude": 60.023358},
                {"longitude": 11.112431}
            ]]},
            {"altitude": 171},
            {"distance_km": 2.42314},
            {"speed_kmh": 11.0612},
            {"timestamp": "Mon Apr 03 19:32:32 UTC 2017"}
        ],
        [
            {"location": [[
                {"latitude": 60.023287},
                {"longitude": 11.112648}
            ]]},
            {"altitude": 174},
            {"distance_km": 2.43761},
            {"speed_kmh": 10.8396},
            {"timestamp": "Mon Apr 03 19:32:37 UTC 2017"}
        ],
        [
            {"location": [[
                {"latitude": 60.023224},
                {"longitude": 11.113068}
            ]]},
            {"altitude": 177},
            {"distance_km": 2.46206},
            {"speed_kmh": 10.9168},
            {"timestamp": "Mon Apr 03 19:32:45 UTC 2017"}
        ],
        [
            {"location": [[
                {"latitude": 60.023369},
                {"longitude": 11.113444}
            ]]},
            {"altitude": 173},
            {"distance_km": 2.48853},
            {"speed_kmh": 9.58363},
            {"timestamp": "Mon Apr 03 19:32:58 UTC 2017"}
        ],
        [
            {"location": [[
                {"latitude": 60.024464},
                {"longitude": 11.114814}
            ]]},
            {"altitude": 182},
            {"distance_km": 2.63249},
            {"speed_kmh": 3.03077},
            {"timestamp": "Mon Apr 03 19:33:55 UTC 2017"}
        ],
        [
            {"location": [[
                {"latitude": 60.024607},
                {"longitude": 11.114788}
            ]]},
            {"altitude": 182},
            {"distance_km": 2.6484},
            {"speed_kmh": 5.75699},
            {"timestamp": "Mon Apr 03 19:34:02 UTC 2017"}
        ],
        [
            {"location": [[
                {"latitude": 60.02472},
                {"longitude": 11.114814}
            ]]},
            {"altitude": 182},
            {"distance_km": 2.66114},
            {"speed_kmh": 8.77495},
            {"timestamp": "Mon Apr 03 19:34:07 UTC 2017"}
        ],
        [
            {"location": [[
                {"latitude": 60.026216},
                {"longitude": 11.115692}
            ]]},
            {"altitude": 183},
            {"distance_km": 2.83482},
            {"speed_kmh": 2.85739},
            {"timestamp": "Mon Apr 03 19:35:20 UTC 2017"}
        ],
        [
            {"location": [[
                {"latitude": 60.026438},
                {"longitude": 11.115894}
            ]]},
            {"altitude": 182},
            {"distance_km": 2.86206},
            {"speed_kmh": 6.1249},
            {"timestamp": "Mon Apr 03 19:35:30 UTC 2017"}
        ],
        [
            {"location": [[
                {"latitude": 60.026266},
                {"longitude": 11.116198}
            ]]},
            {"altitude": 174},
            {"distance_km": 2.88766},
            {"speed_kmh": 8.4891},
            {"timestamp": "Mon Apr 03 19:35:43 UTC 2017"}
        ],
        [
            {"location": [[
                {"latitude": 60.026156},
                {"longitude": 11.11625}
            ]]},
            {"altitude": 175},
            {"distance_km": 2.90021},
            {"speed_kmh": 7.30703},
            {"timestamp": "Mon Apr 03 19:35:52 UTC 2017"}
        ],
        [
            {"location": [[
                {"latitude": 60.026156},
                {"longitude": 11.11625}
            ]]},
            {"altitude": 175},
            {"distance_km": 2.90021},
            {"timestamp": "Mon Apr 03 19:35:59 UTC 2017"}
        ],
        [
            {"location": [[
                {"latitude": 60.026156},
                {"longitude": 11.11625}
            ]]},
            {"altitude": 175},
            {"distance_km": 2.90021},
            {"timestamp": "Mon Apr 03 19:36:00 UTC 2017"}
        ],
        [
            {"location": [[
                {"latitude": 60.026298},
                {"longitude": 11.116121}
            ]]},
            {"altitude": 176},
            {"distance_km": 2.93494},
            {"speed_kmh": 2.97194},
            {"timestamp": "Mon Apr 03 19:36:07 UTC 2017"}
        ],
        [
            {"location": [[
                {"latitude": 60.02651},
                {"longitude": 11.116038}
            ]]},
            {"altitude": 176},
            {"distance_km": 2.95897},
            {"speed_kmh": 6.17995},
            {"timestamp": "Mon Apr 03 19:36:16 UTC 2017"}
        ],
        [
            {"location": [[
                {"latitude": 60.026635},
                {"longitude": 11.115999}
            ]]},
            {"altitude": 178},
            {"distance_km": 2.97306},
            {"speed_kmh": 9.56341},
            {"timestamp": "Mon Apr 03 19:36:21 UTC 2017"}
        ],
        [
            {"location": [[
                {"latitude": 60.026836},
                {"longitude": 11.115953}
            ]]},
            {"altitude": 177},
            {"distance_km": 2.99558},
            {"speed_kmh": 9.96877},
            {"timestamp": "Mon Apr 03 19:36:29 UTC 2017"}
        ],
        [
            {"location": [[
                {"latitude": 60.026973},
                {"longitude": 11.115939}
            ]]},
            {"altitude": 173},
            {"distance_km": 3.01086},
            {"speed_kmh": 9.82253},
            {"timestamp": "Mon Apr 03 19:36:35 UTC 2017"}
        ],
        [
            {"location": [[
                {"latitude": 60.027148},
                {"longitude": 11.115857}
            ]]},
            {"altitude": 174},
            {"distance_km": 3.03096},
            {"speed_kmh": 9.44605},
            {"timestamp": "Mon Apr 03 19:36:43 UTC 2017"}
        ],
        [
            {"location": [[
                {"latitude": 60.027418},
                {"longitude": 11.115798}
            ]]},
            {"altitude": 172},
            {"distance_km": 3.06115},
            {"speed_kmh": 9.09102},
            {"timestamp": "Mon Apr 03 19:36:55 UTC 2017"}
        ],
        [
            {"location": [[
                {"latitude": 60.027626},
                {"longitude": 11.115916}
            ]]},
            {"altitude": 174},
            {"distance_km": 3.08529},
            {"speed_kmh": 8.92584},
            {"timestamp": "Mon Apr 03 19:37:05 UTC 2017"}
        ],
        [
            {"location": [[
                {"latitude": 60.027839},
                {"longitude": 11.115913}
            ]]},
            {"altitude": 170},
            {"distance_km": 3.10902},
            {"speed_kmh": 8.76714},
            {"timestamp": "Mon Apr 03 19:37:15 UTC 2017"}
        ],
        [
            {"location": [[
                {"latitude": 60.028038},
                {"longitude": 11.115829}
            ]]},
            {"altitude": 168},
            {"distance_km": 3.13164},
            {"speed_kmh": 8.75773},
            {"timestamp": "Mon Apr 03 19:37:24 UTC 2017"}
        ],
        [
            {"location": [[
                {"latitude": 60.028231},
                {"longitude": 11.115747}
            ]]},
            {"altitude": 171},
            {"distance_km": 3.15371},
            {"speed_kmh": 9.1768},
            {"timestamp": "Mon Apr 03 19:37:32 UTC 2017"}
        ],
        [
            {"location": [[
                {"latitude": 60.028423},
                {"longitude": 11.115675}
            ]]},
            {"altitude": 174},
            {"distance_km": 3.17545},
            {"speed_kmh": 10.0571},
            {"timestamp": "Mon Apr 03 19:37:39 UTC 2017"}
        ],
        [
            {"location": [[
                {"latitude": 60.02858},
                {"longitude": 11.115611}
            ]]},
            {"altitude": 174},
            {"distance_km": 3.19325},
            {"speed_kmh": 10.5953},
            {"timestamp": "Mon Apr 03 19:37:45 UTC 2017"}
        ],
        [
            {"location": [[
                {"latitude": 60.028814},
                {"longitude": 11.11546}
            ]]},
            {"altitude": 176},
            {"distance_km": 3.22072},
            {"speed_kmh": 10.5802},
            {"timestamp": "Mon Apr 03 19:37:55 UTC 2017"}
        ],
        [
            {"location": [[
                {"latitude": 60.028931},
                {"longitude": 11.115377}
            ]]},
            {"altitude": 175},
            {"distance_km": 3.23451},
            {"speed_kmh": 10.0862},
            {"timestamp": "Mon Apr 03 19:38:00 UTC 2017"}
        ],
        [
            {"location": [[
                {"latitude": 60.029131},
                {"longitude": 11.115202}
            ]]},
            {"altitude": 169},
            {"distance_km": 3.25886},
            {"speed_kmh": 9.49004},
            {"timestamp": "Mon Apr 03 19:38:10 UTC 2017"}
        ],
        [
            {"location": [[
                {"latitude": 60.029284},
                {"longitude": 11.115129}
            ]]},
            {"altitude": 171},
            {"distance_km": 3.2764},
            {"speed_kmh": 9.19163},
            {"timestamp": "Mon Apr 03 19:38:17 UTC 2017"}
        ],
        [
            {"location": [[
                {"latitude": 60.02972},
                {"longitude": 11.114691}
            ]]},
            {"altitude": 166},
            {"distance_km": 3.33071},
            {"speed_kmh": 1.58979},
            {"timestamp": "Mon Apr 03 19:38:58 UTC 2017"}
        ],
        [
            {"location": [[
                {"latitude": 60.029801},
                {"longitude": 11.114008}
            ]]},
            {"altitude": 175},
            {"distance_km": 3.36985},
            {"speed_kmh": 4.72098},
            {"timestamp": "Mon Apr 03 19:39:13 UTC 2017"}
        ],
        [
            {"location": [[
                {"latitude": 60.029695},
                {"longitude": 11.113892}
            ]]},
            {"altitude": 175},
            {"distance_km": 3.38333},
            {"speed_kmh": 7.03289},
            {"timestamp": "Mon Apr 03 19:39:20 UTC 2017"}
        ],
        [
            {"location": [[
                {"latitude": 60.029531},
                {"longitude": 11.113754}
            ]]},
            {"altitude": 171},
            {"distance_km": 3.40312},
            {"speed_kmh": 8.41152},
            {"timestamp": "Mon Apr 03 19:39:28 UTC 2017"}
        ],
        [
            {"location": [[
                {"latitude": 60.029327},
                {"longitude": 11.113583}
            ]]},
            {"altitude": 169},
            {"distance_km": 3.42782},
            {"speed_kmh": 8.57577},
            {"timestamp": "Mon Apr 03 19:39:37 UTC 2017"}
        ],
        [
            {"location": [[
                {"latitude": 60.029232},
                {"longitude": 11.113531}
            ]]},
            {"altitude": 167},
            {"distance_km": 3.43879},
            {"speed_kmh": 8.89306},
            {"timestamp": "Mon Apr 03 19:39:42 UTC 2017"}
        ],
        [
            {"location": [[
                {"latitude": 60.029035},
                {"longitude": 11.113324}
            ]]},
            {"altitude": 172},
            {"distance_km": 3.46355},
            {"speed_kmh": 9.63965},
            {"timestamp": "Mon Apr 03 19:39:50 UTC 2017"}
        ],
        [
            {"location": [[
                {"latitude": 60.028953},
                {"longitude": 11.113243}
            ]]},
            {"altitude": 171},
            {"distance_km": 3.47379},
            {"speed_kmh": 10.4525},
            {"timestamp": "Mon Apr 03 19:39:53 UTC 2017"}
        ],
        [
            {"location": [[
                {"latitude": 60.028859},
                {"longitude": 11.113157}
            ]]},
            {"altitude": 171},
            {"distance_km": 3.48526},
            {"speed_kmh": 11.2535},
            {"timestamp": "Mon Apr 03 19:39:57 UTC 2017"}
        ],
        [
            {"location": [[
                {"latitude": 60.028688},
                {"longitude": 11.112996}
            ]]},
            {"altitude": 172},
            {"distance_km": 3.50629},
            {"speed_kmh": 10.6914},
            {"timestamp": "Mon Apr 03 19:40:05 UTC 2017"}
        ],
        [
            {"location": [[
                {"latitude": 60.028496},
                {"longitude": 11.11282}
            ]]},
            {"altitude": 171},
            {"distance_km": 3.52985},
            {"speed_kmh": 9.72736},
            {"timestamp": "Mon Apr 03 19:40:14 UTC 2017"}
        ],
        [
            {"location": [[
                {"latitude": 60.028342},
                {"longitude": 11.112699}
            ]]},
            {"altitude": 169},
            {"distance_km": 3.54828},
            {"speed_kmh": 9.06128},
            {"timestamp": "Mon Apr 03 19:40:22 UTC 2017"}
        ],
        [
            {"location": [[
                {"latitude": 60.028146},
                {"longitude": 11.11253}
            ]]},
            {"altitude": 171},
            {"distance_km": 3.57209},
            {"speed_kmh": 9.08292},
            {"timestamp": "Mon Apr 03 19:40:31 UTC 2017"}
        ],
        [
            {"location": [[
                {"latitude": 60.028081},
                {"longitude": 11.112458}
            ]]},
            {"altitude": 171},
            {"distance_km": 3.58035},
            {"speed_kmh": 9.24116},
            {"timestamp": "Mon Apr 03 19:40:34 UTC 2017"}
        ],
        [
            {"location": [[
                {"latitude": 60.027884},
                {"longitude": 11.112234}
            ]]},
            {"altitude": 174},
            {"distance_km": 3.60559},
            {"speed_kmh": 10.2603},
            {"timestamp": "Mon Apr 03 19:40:42 UTC 2017"}
        ],
        [
            {"location": [[
                {"latitude": 60.027682},
                {"longitude": 11.112018}
            ]]},
            {"altitude": 173},
            {"distance_km": 3.63116},
            {"speed_kmh": 10.9157},
            {"timestamp": "Mon Apr 03 19:40:50 UTC 2017"}
        ],
        [
            {"location": [[
                {"latitude": 60.02752},
                {"longitude": 11.111906}
            ]]},
            {"altitude": 170},
            {"distance_km": 3.65025},
            {"speed_kmh": 10.1603},
            {"timestamp": "Mon Apr 03 19:40:59 UTC 2017"}
        ],
        [
            {"location": [[
                {"latitude": 60.027335},
                {"longitude": 11.111728}
            ]]},
            {"altitude": 171},
            {"distance_km": 3.67315},
            {"speed_kmh": 9.81161},
            {"timestamp": "Mon Apr 03 19:41:07 UTC 2017"}
        ],
        [
            {"location": [[
                {"latitude": 60.027157},
                {"longitude": 11.111572}
            ]]},
            {"altitude": 168},
            {"distance_km": 3.69479},
            {"speed_kmh": 9.22134},
            {"timestamp": "Mon Apr 03 19:41:15 UTC 2017"}
        ],
        [
            {"location": [[
                {"latitude": 60.02697},
                {"longitude": 11.111364}
            ]]},
            {"altitude": 170},
            {"distance_km": 3.71859},
            {"speed_kmh": 9.84241},
            {"timestamp": "Mon Apr 03 19:41:24 UTC 2017"}
        ],
        [
            {"location": [[
                {"latitude": 60.026799},
                {"longitude": 11.111125}
            ]]},
            {"altitude": 170},
            {"distance_km": 3.74183},
            {"speed_kmh": 9.50553},
            {"timestamp": "Mon Apr 03 19:41:33 UTC 2017"}
        ],
        [
            {"location": [[
                {"latitude": 60.026699},
                {"longitude": 11.110881}
            ]]},
            {"altitude": 170},
            {"distance_km": 3.75939},
            {"speed_kmh": 9.29698},
            {"timestamp": "Mon Apr 03 19:41:40 UTC 2017"}
        ],
        [
            {"location": [[
                {"latitude": 60.026576},
                {"longitude": 11.11055}
            ]]},
            {"altitude": 167},
            {"distance_km": 3.78238},
            {"speed_kmh": 9.19424},
            {"timestamp": "Mon Apr 03 19:41:49 UTC 2017"}
        ],
        [
            {"location": [[
                {"latitude": 60.026435},
                {"longitude": 11.110238}
            ]]},
            {"altitude": 163},
            {"distance_km": 3.80587},
            {"speed_kmh": 9.22783},
            {"timestamp": "Mon Apr 03 19:41:58 UTC 2017"}
        ],
        [
            {"location": [[
                {"latitude": 60.026362},
                {"longitude": 11.110064}
            ]]},
            {"altitude": 159},
            {"distance_km": 3.81854},
            {"speed_kmh": 9.22243},
            {"timestamp": "Mon Apr 03 19:42:03 UTC 2017"}
        ],
        [
            {"location": [[
                {"latitude": 60.026227},
                {"longitude": 11.109756}
            ]]},
            {"altitude": 157},
            {"distance_km": 3.84138},
            {"speed_kmh": 9.19841},
            {"timestamp": "Mon Apr 03 19:42:12 UTC 2017"}
        ],
        [
            {"location": [[
                {"latitude": 60.026126},
                {"longitude": 11.109483}
            ]]},
            {"altitude": 158},
            {"distance_km": 3.86029},
            {"speed_kmh": 8.92032},
            {"timestamp": "Mon Apr 03 19:42:20 UTC 2017"}
        ],
        [
            {"location": [[
                {"latitude": 60.02603},
                {"longitude": 11.109315}
            ]]},
            {"altitude": 156},
            {"distance_km": 3.87451},
            {"speed_kmh": 8.33158},
            {"timestamp": "Mon Apr 03 19:42:27 UTC 2017"}
        ],
        [
            {"location": [[
                {"latitude": 60.025935},
                {"longitude": 11.108987}
            ]]},
            {"altitude": 152},
            {"distance_km": 3.89561},
            {"speed_kmh": 7.82071},
            {"timestamp": "Mon Apr 03 19:42:37 UTC 2017"}
        ],
        [
            {"location": [[
                {"latitude": 60.02578},
                {"longitude": 11.108534}
            ]]},
            {"altitude": 154},
            {"distance_km": 3.92621},
            {"speed_kmh": 8.027},
            {"timestamp": "Mon Apr 03 19:42:49 UTC 2017"}
        ],
        [
            {"location": [[
                {"latitude": 60.025708},
                {"longitude": 11.108325}
            ]]},
            {"altitude": 155},
            {"distance_km": 3.94039},
            {"speed_kmh": 8.99211},
            {"timestamp": "Mon Apr 03 19:42:54 UTC 2017"}
        ],
        [
            {"location": [[
                {"latitude": 60.025631},
                {"longitude": 11.108059}
            ]]},
            {"altitude": 157},
            {"distance_km": 3.95754},
            {"speed_kmh": 9.89299},
            {"timestamp": "Mon Apr 03 19:43:00 UTC 2017"}
        ],
        [
            {"location": [[
                {"latitude": 60.025503},
                {"longitude": 11.10767}
            ]]},
            {"altitude": 158},
            {"distance_km": 3.98346},
            {"speed_kmh": 9.9436},
            {"timestamp": "Mon Apr 03 19:43:10 UTC 2017"}
        ],
        [
            {"location": [[
                {"latitude": 60.025383},
                {"longitude": 11.107374}
            ]]},
            {"altitude": 159},
            {"distance_km": 4.00469},
            {"speed_kmh": 9.70543},
            {"timestamp": "Mon Apr 03 19:43:18 UTC 2017"}
        ],
        [
            {"location": [[
                {"latitude": 60.025257},
                {"longitude": 11.107078}
            ]]},
            {"altitude": 160},
            {"distance_km": 4.02636},
            {"speed_kmh": 9.54694},
            {"timestamp": "Mon Apr 03 19:43:26 UTC 2017"}
        ],
        [
            {"location": [[
                {"latitude": 60.025186},
                {"longitude": 11.106911}
            ]]},
            {"altitude": 159},
            {"distance_km": 4.03862},
            {"speed_kmh": 9.37822},
            {"timestamp": "Mon Apr 03 19:43:31 UTC 2017"}
        ],
        [
            {"location": [[
                {"latitude": 60.025222},
                {"longitude": 11.106609}
            ]]},
            {"altitude": 161},
            {"distance_km": 4.0559},
            {"speed_kmh": 9.17702},
            {"timestamp": "Mon Apr 03 19:43:38 UTC 2017"}
        ],
        [
            {"location": [[
                {"latitude": 60.025176},
                {"longitude": 11.106411}
            ]]},
            {"altitude": 161},
            {"distance_km": 4.06809},
            {"speed_kmh": 8.82276},
            {"timestamp": "Mon Apr 03 19:43:43 UTC 2017"}
        ],
        [
            {"location": [[
                {"latitude": 60.025028},
                {"longitude": 11.10601}
            ]]},
            {"altitude": 162},
            {"distance_km": 4.09585},
            {"speed_kmh": 8.91528},
            {"timestamp": "Mon Apr 03 19:43:54 UTC 2017"}
        ],
        [
            {"location": [[
                {"latitude": 60.024969},
                {"longitude": 11.105653}
            ]]},
            {"altitude": 154},
            {"distance_km": 4.11684},
            {"speed_kmh": 9.07514},
            {"timestamp": "Mon Apr 03 19:44:02 UTC 2017"}
        ],
        [
            {"location": [[
                {"latitude": 60.024949},
                {"longitude": 11.105232}
            ]]},
            {"altitude": 158},
            {"distance_km": 4.14043},
            {"speed_kmh": 9.32254},
            {"timestamp": "Mon Apr 03 19:44:11 UTC 2017"}
        ],
        [
            {"location": [[
                {"latitude": 60.024917},
                {"longitude": 11.104888}
            ]]},
            {"altitude": 157},
            {"distance_km": 4.15996},
            {"speed_kmh": 9.22147},
            {"timestamp": "Mon Apr 03 19:44:19 UTC 2017"}
        ],
        [
            {"location": [[
                {"latitude": 60.024953},
                {"longitude": 11.104625}
            ]]},
            {"altitude": 170},
            {"distance_km": 4.17512},
            {"speed_kmh": 9.66265},
            {"timestamp": "Mon Apr 03 19:44:24 UTC 2017"}
        ],
        [
            {"location": [[
                {"latitude": 60.024911},
                {"longitude": 11.104145}
            ]]},
            {"altitude": 161},
            {"distance_km": 4.20229},
            {"speed_kmh": 9.4871},
            {"timestamp": "Mon Apr 03 19:44:35 UTC 2017"}
        ],
        [
            {"location": [[
                {"latitude": 60.024855},
                {"longitude": 11.103834}
            ]]},
            {"altitude": 156},
            {"distance_km": 4.22073},
            {"speed_kmh": 8.56499},
            {"timestamp": "Mon Apr 03 19:44:46 UTC 2017"}
        ],
        [
            {"location": [[
                {"latitude": 60.024726},
                {"longitude": 11.10338}
            ]]},
            {"altitude": 155},
            {"distance_km": 4.24986},
            {"speed_kmh": 7.49384},
            {"timestamp": "Mon Apr 03 19:45:00 UTC 2017"}
        ],
        [
            {"location": [[
                {"latitude": 60.024591},
                {"longitude": 11.102935}
            ]]},
            {"altitude": 157},
            {"distance_km": 4.27888},
            {"speed_kmh": 8.38342},
            {"timestamp": "Mon Apr 03 19:45:09 UTC 2017"}
        ],
        [
            {"location": [[
                {"latitude": 60.024486},
                {"longitude": 11.103076}
            ]]},
            {"altitude": 151},
            {"distance_km": 4.29296},
            {"speed_kmh": 8.78425},
            {"timestamp": "Mon Apr 03 19:45:16 UTC 2017"}
        ],
        [
            {"location": [[
                {"latitude": 60.024326},
                {"longitude": 11.103422}
            ]]},
            {"altitude": 150},
            {"distance_km": 4.31924},
            {"speed_kmh": 9.42471},
            {"timestamp": "Mon Apr 03 19:45:26 UTC 2017"}
        ],
        [
            {"location": [[
                {"latitude": 60.024155},
                {"longitude": 11.103822}
            ]]},
            {"altitude": 157},
            {"distance_km": 4.3486},
            {"speed_kmh": 9.092},
            {"timestamp": "Mon Apr 03 19:45:36 UTC 2017"}
        ],
        [
            {"location": [[
                {"latitude": 60.024036},
                {"longitude": 11.104104}
            ]]},
            {"altitude": 157},
            {"distance_km": 4.36911},
            {"speed_kmh": 10.1906},
            {"timestamp": "Mon Apr 03 19:45:43 UTC 2017"}
        ],
        [
            {"location": [[
                {"latitude": 60.023856},
                {"longitude": 11.104505}
            ]]},
            {"altitude": 171},
            {"distance_km": 4.39917},
            {"speed_kmh": 11.044},
            {"timestamp": "Mon Apr 03 19:45:52 UTC 2017"}
        ],
        [
            {"location": [[
                {"latitude": 60.023778},
                {"longitude": 11.104784}
            ]]},
            {"altitude": 172},
            {"distance_km": 4.41703},
            {"speed_kmh": 10.5649},
            {"timestamp": "Mon Apr 03 19:45:59 UTC 2017"}
        ],
        [
            {"location": [[
                {"latitude": 60.023665},
                {"longitude": 11.105162}
            ]]},
            {"altitude": 166},
            {"distance_km": 4.44157},
            {"speed_kmh": 9.32766},
            {"timestamp": "Mon Apr 03 19:46:12 UTC 2017"}
        ],
        [
            {"location": [[
                {"latitude": 60.023553},
                {"longitude": 11.10568}
            ]]},
            {"altitude": 164},
            {"distance_km": 4.47305},
            {"speed_kmh": 8.49012},
            {"timestamp": "Mon Apr 03 19:46:24 UTC 2017"}
        ],
        [
            {"location": [[
                {"latitude": 60.023505},
                {"longitude": 11.106001}
            ]]},
            {"altitude": 166},
            {"distance_km": 4.49172},
            {"speed_kmh": 9.15661},
            {"timestamp": "Mon Apr 03 19:46:30 UTC 2017"}
        ],
        [
            {"location": [[
                {"latitude": 60.023485},
                {"longitude": 11.10626}
            ]]},
            {"altitude": 171},
            {"distance_km": 4.50635},
            {"speed_kmh": 9.80143},
            {"timestamp": "Mon Apr 03 19:46:36 UTC 2017"}
        ],
        [
            {"location": [[
                {"latitude": 60.02345},
                {"longitude": 11.106663}
            ]]},
            {"altitude": 169},
            {"distance_km": 4.52914},
            {"speed_kmh": 9.69482},
            {"timestamp": "Mon Apr 03 19:46:45 UTC 2017"}
        ],
        [
            {"location": [[
                {"latitude": 60.023431},
                {"longitude": 11.107132}
            ]]},
            {"altitude": 172},
            {"distance_km": 4.55534},
            {"speed_kmh": 9.10596},
            {"timestamp": "Mon Apr 03 19:46:55 UTC 2017"}
        ],
        [
            {"location": [[
                {"latitude": 60.023443},
                {"longitude": 11.107373}
            ]]},
            {"altitude": 170},
            {"distance_km": 4.5689},
            {"speed_kmh": 9.43999},
            {"timestamp": "Mon Apr 03 19:47:00 UTC 2017"}
        ],
        [
            {"location": [[
                {"latitude": 60.023473},
                {"longitude": 11.107822}
            ]]},
            {"altitude": 172},
            {"distance_km": 4.59412},
            {"speed_kmh": 9.75846},
            {"timestamp": "Mon Apr 03 19:47:09 UTC 2017"}
        ],
        [
            {"location": [[
                {"latitude": 60.023548},
                {"longitude": 11.108149}
            ]]},
            {"altitude": 166},
            {"distance_km": 4.61417},
            {"speed_kmh": 9.28675},
            {"timestamp": "Mon Apr 03 19:47:18 UTC 2017"}
        ],
        [
            {"location": [[
                {"latitude": 60.023579},
                {"longitude": 11.108398}
            ]]},
            {"altitude": 168},
            {"distance_km": 4.62849},
            {"speed_kmh": 7.59926},
            {"timestamp": "Mon Apr 03 19:47:29 UTC 2017"}
        ],
        [
            {"location": [[
                {"latitude": 60.023567},
                {"longitude": 11.108678}
            ]]},
            {"altitude": 168},
            {"distance_km": 4.64418},
            {"speed_kmh": 7.36834},
            {"timestamp": "Mon Apr 03 19:47:35 UTC 2017"}
        ],
        [
            {"location": [[
                {"latitude": 60.023514},
                {"longitude": 11.109096}
            ]]},
            {"altitude": 163},
            {"distance_km": 4.66822},
            {"speed_kmh": 7.58068},
            {"timestamp": "Mon Apr 03 19:47:45 UTC 2017"}
        ],
        [
            {"location": [[
                {"latitude": 60.02352},
                {"longitude": 11.109309}
            ]]},
            {"altitude": 161},
            {"distance_km": 4.68013},
            {"speed_kmh": 7.11532},
            {"timestamp": "Mon Apr 03 19:47:58 UTC 2017"}
        ],
        [
            {"location": [[
                {"latitude": 60.023628},
                {"longitude": 11.10944}
            ]]},
            {"altitude": 163},
            {"distance_km": 4.69417},
            {"speed_kmh": 6.09425},
            {"timestamp": "Mon Apr 03 19:48:06 UTC 2017"}
        ],
        [
            {"location": [[
                {"latitude": 60.023724},
                {"longitude": 11.109539}
            ]]},
            {"altitude": 162},
            {"distance_km": 4.70623},
            {"speed_kmh": 4.81352},
            {"timestamp": "Mon Apr 03 19:48:15 UTC 2017"}
        ],
        [
            {"location": [[
                {"latitude": 60.023864},
                {"longitude": 11.109908}
            ]]},
            {"altitude": 163},
            {"distance_km": 4.73207},
            {"speed_kmh": 5.34718},
            {"timestamp": "Mon Apr 03 19:48:34 UTC 2017"}
        ],
        [
            {"location": [[
                {"latitude": 60.02382},
                {"longitude": 11.110561}
            ]]},
            {"altitude": 166},
            {"distance_km": 4.76882},
            {"speed_kmh": 5.68787},
            {"timestamp": "Mon Apr 03 19:48:52 UTC 2017"}
        ],
        [
            {"location": [[
                {"latitude": 60.023734},
                {"longitude": 11.110986}
            ]]},
            {"altitude": 171},
            {"distance_km": 4.7944},
            {"speed_kmh": 7.47887},
            {"timestamp": "Mon Apr 03 19:49:01 UTC 2017"}
        ],
        [
            {"location": [[
                {"latitude": 60.023655},
                {"longitude": 11.111322}
            ]]},
            {"altitude": 170},
            {"distance_km": 4.81511},
            {"speed_kmh": 8.94204},
            {"timestamp": "Mon Apr 03 19:49:09 UTC 2017"}
        ],
        [
            {"location": [[
                {"latitude": 60.023563},
                {"longitude": 11.111752}
            ]]},
            {"altitude": 170},
            {"distance_km": 4.84119},
            {"speed_kmh": 9.64083},
            {"timestamp": "Mon Apr 03 19:49:19 UTC 2017"}
        ],
        [
            {"location": [[
                {"latitude": 60.023459},
                {"longitude": 11.112166}
            ]]},
            {"altitude": 175},
            {"distance_km": 4.86702},
            {"speed_kmh": 9.6853},
            {"timestamp": "Mon Apr 03 19:49:28 UTC 2017"}
        ],
        [
            {"location": [[
                {"latitude": 60.023356},
                {"longitude": 11.112489}
            ]]},
            {"altitude": 181},
            {"distance_km": 4.88835},
            {"speed_kmh": 10.2513},
            {"timestamp": "Mon Apr 03 19:49:35 UTC 2017"}
        ],
        [
            {"location": [[
                {"latitude": 60.023262},
                {"longitude": 11.112854}
            ]]},
            {"altitude": 184},
            {"distance_km": 4.91128},
            {"speed_kmh": 10.1488},
            {"timestamp": "Mon Apr 03 19:49:44 UTC 2017"}
        ],
        [
            {"location": [[
                {"latitude": 60.023321},
                {"longitude": 11.113314}
            ]]},
            {"altitude": 187},
            {"distance_km": 4.93773},
            {"speed_kmh": 9.60512},
            {"timestamp": "Mon Apr 03 19:49:55 UTC 2017"}
        ],
        [
            {"location": [[
                {"latitude": 60.023419},
                {"longitude": 11.11353}
            ]]},
            {"altitude": 185},
            {"distance_km": 4.95403},
            {"speed_kmh": 9.18567},
            {"timestamp": "Mon Apr 03 19:50:01 UTC 2017"}
        ],
        [
            {"location": [[
                {"latitude": 60.023558},
                {"longitude": 11.113961}
            ]]},
            {"altitude": 186},
            {"distance_km": 4.98263},
            {"speed_kmh": 9.2681},
            {"timestamp": "Mon Apr 03 19:50:12 UTC 2017"}
        ],
        [
            {"location": [[
                {"latitude": 60.023642},
                {"longitude": 11.114168}
            ]]},
            {"altitude": 182},
            {"distance_km": 4.9975},
            {"speed_kmh": 9.34051},
            {"timestamp": "Mon Apr 03 19:50:18 UTC 2017"}
        ],
        [
            {"location": [[
                {"latitude": 60.023733},
                {"longitude": 11.114479}
            ]]},
            {"altitude": 180},
            {"distance_km": 5.01755},
            {"speed_kmh": 9.10188},
            {"timestamp": "Mon Apr 03 19:50:26 UTC 2017"}
        ],
        [
            {"location": [[
                {"latitude": 60.023947},
                {"longitude": 11.114699}
            ]]},
            {"altitude": 179},
            {"distance_km": 5.04437},
            {"speed_kmh": 8.90546},
            {"timestamp": "Mon Apr 03 19:50:37 UTC 2017"}
        ],
        [
            {"location": [[
                {"latitude": 60.024075},
                {"longitude": 11.114914}
            ]]},
            {"altitude": 177},
            {"distance_km": 5.063},
            {"speed_kmh": 8.72828},
            {"timestamp": "Mon Apr 03 19:50:45 UTC 2017"}
        ],
        [
            {"location": [[
                {"latitude": 60.024075},
                {"longitude": 11.114914}
            ]]},
            {"distance_km": 5.063},
            {"timestamp": "Mon Apr 03 19:50:47 UTC 2017"}
        ],
        [
            {"location": [[
                {"latitude": 60.024075},
                {"longitude": 11.114914}
            ]]},
            {"distance_km": 5.063},
            {"timestamp": "Mon Apr 03 19:50:52 UTC 2017"}
        ]
    ]},
    {"routes": [[
        {"identifier": 868210237},
        {"name": "2 x Gåshølet"}
    ]]}
]