[
    {"sport": "TREADMILL_RUNNING"},
    {"source": "INPUT_MANUAL_MOBILE"},
    {"created_date": "2017-09-29 20:37:42.0"},
    {"start_time": "2017-09-29 13:00:08.0"},
    {"end_time": "2017-09-29 13:00:10.0"},
    {"notes": "4x4-intervaller med 12.5 km/t (utenom siste de midterste 2 minuttene i siste intervall ved 11 km/t)."},
    {"duration_s": 2100},
    {"distance_km": 5.800000190734863},
    {"calories_kcal": 432.773},
    {"heart_rate_avg_bpm": 174},
    {"heart_rate_max_bpm": 196},
    {"speed_avg_kmh": 9.942857469831194},
    {"hydration_l": 0.180574},
    {"points": [[
        {"distance_km": 5.8},
        {"timestamp": "Fri Sep 29 13:00:08 UTC 2017"}
    ]]}
]