[
    {"sport": "RUNNING"},
    {"source": "TRACK_MOBILE"},
    {"created_date": "2017-01-15 14:57:42.0"},
    {"start_time": "2017-01-15 14:33:36.0"},
    {"end_time": "2017-01-15 15:29:45.0"},
    {"notes": "Årets første treningstur :)"},
    {"duration_s": 2811},
    {"distance_km": 6.566294193267822},
    {"calories_kcal": 416},
    {"altitude_min_m": 155},
    {"altitude_max_m": 188},
    {"speed_avg_kmh": 8.40934154954257},
    {"speed_max_kmh": 15.0273},
    {"hydration_l": 0.258741},
    {"ascend_m": 91},
    {"descend_m": 88},
    {"points": [
        [
            {"location": [[
                {"latitude": 60.024232},
                {"longitude": 11.114872}
            ]]},
            {"distance_km": 0},
            {"timestamp": "Sun Jan 15 14:33:36 UTC 2017"}
        ],
        [
            {"location": [[
                {"latitude": 60.024232},
                {"longitude": 11.114872}
            ]]},
            {"altitude": 163},
            {"distance_km": 0},
            {"timestamp": "Sun Jan 15 14:34:10 UTC 2017"}
        ],
        [
            {"location": [[
                {"latitude": 60.024436},
                {"longitude": 11.114815}
            ]]},
            {"altitude": 175},
            {"distance_km": 0.04607},
            {"speed_kmh": 6.90884},
            {"timestamp": "Sun Jan 15 14:34:14 UTC 2017"}
        ],
        [
            {"location": [[
                {"latitude": 60.024606},
                {"longitude": 11.11481}
            ]]},
            {"altitude": 169},
            {"distance_km": 0.064909},
            {"speed_kmh": 10.6747},
            {"timestamp": "Sun Jan 15 14:34:20 UTC 2017"}
        ],
        [
            {"location": [[
                {"latitude": 60.024829},
                {"longitude": 11.1149}
            ]]},
            {"altitude": 169},
            {"distance_km": 0.090299},
            {"speed_kmh": 15.0273},
            {"timestamp": "Sun Jan 15 14:34:27 UTC 2017"}
        ],
        [
            {"location": [[
                {"latitude": 60.025002},
                {"longitude": 11.115005}
            ]]},
            {"altitude": 165},
            {"distance_km": 0.110485},
            {"speed_kmh": 12.1557},
            {"timestamp": "Sun Jan 15 14:34:33 UTC 2017"}
        ],
        [
            {"location": [[
                {"latitude": 60.025196},
                {"longitude": 11.11515}
            ]]},
            {"altitude": 166},
            {"distance_km": 0.133516},
            {"speed_kmh": 12.338},
            {"timestamp": "Sun Jan 15 14:34:40 UTC 2017"}
        ],
        [
            {"location": [[
                {"latitude": 60.025379},
                {"longitude": 11.115316}
            ]]},
            {"altitude": 171},
            {"distance_km": 0.15592},
            {"speed_kmh": 12.4654},
            {"timestamp": "Sun Jan 15 14:34:46 UTC 2017"}
        ],
        [
            {"location": [[
                {"latitude": 60.025538},
                {"longitude": 11.115508}
            ]]},
            {"altitude": 168},
            {"distance_km": 0.176631},
            {"speed_kmh": 12.5648},
            {"timestamp": "Sun Jan 15 14:34:52 UTC 2017"}
        ],
        [
            {"location": [[
                {"latitude": 60.025719},
                {"longitude": 11.115767}
            ]]},
            {"altitude": 171},
            {"distance_km": 0.201445},
            {"speed_kmh": 11.9205},
            {"timestamp": "Sun Jan 15 14:35:01 UTC 2017"}
        ],
        [
            {"location": [[
                {"latitude": 60.025907},
                {"longitude": 11.115842}
            ]]},
            {"altitude": 178},
            {"distance_km": 0.222763},
            {"speed_kmh": 10.6365},
            {"timestamp": "Sun Jan 15 14:35:09 UTC 2017"}
        ],
        [
            {"location": [[
                {"latitude": 60.026067},
                {"longitude": 11.115715}
            ]]},
            {"altitude": 172},
            {"distance_km": 0.241945},
            {"speed_kmh": 10.3357},
            {"timestamp": "Sun Jan 15 14:35:15 UTC 2017"}
        ],
        [
            {"location": [[
                {"latitude": 60.026334},
                {"longitude": 11.115729}
            ]]},
            {"altitude": 173},
            {"distance_km": 0.271694},
            {"speed_kmh": 11.0006},
            {"timestamp": "Sun Jan 15 14:35:24 UTC 2017"}
        ],
        [
            {"location": [[
                {"latitude": 60.026432},
                {"longitude": 11.115968}
            ]]},
            {"altitude": 174},
            {"distance_km": 0.288896},
            {"speed_kmh": 11.2273},
            {"timestamp": "Sun Jan 15 14:35:30 UTC 2017"}
        ],
        [
            {"location": [[
                {"latitude": 60.026232},
                {"longitude": 11.116158}
            ]]},
            {"altitude": 171},
            {"distance_km": 0.313585},
            {"speed_kmh": 10.6855},
            {"timestamp": "Sun Jan 15 14:35:39 UTC 2017"}
        ],
        [
            {"location": [[
                {"latitude": 60.026184},
                {"longitude": 11.11617}
            ]]},
            {"altitude": 173},
            {"distance_km": 0.318945},
            {"timestamp": "Sun Jan 15 14:35:43 UTC 2017"}
        ],
        [
            {"location": [[
                {"latitude": 60.026232},
                {"longitude": 11.116158}
            ]]},
            {"altitude": 171},
            {"distance_km": 0.324304},
            {"timestamp": "Sun Jan 15 14:35:49 UTC 2017"}
        ],
        [
            {"location": [[
                {"latitude": 60.026347},
                {"longitude": 11.116017}
            ]]},
            {"altitude": 180},
            {"distance_km": 0.354373},
            {"speed_kmh": 7.21332},
            {"timestamp": "Sun Jan 15 14:35:53 UTC 2017"}
        ],
        [
            {"location": [[
                {"latitude": 60.026467},
                {"longitude": 11.116002}
            ]]},
            {"altitude": 185},
            {"distance_km": 0.367794},
            {"speed_kmh": 9.62031},
            {"timestamp": "Sun Jan 15 14:35:57 UTC 2017"}
        ],
        [
            {"location": [[
                {"latitude": 60.026585},
                {"longitude": 11.11598}
            ]]},
            {"altitude": 188},
            {"distance_km": 0.381004},
            {"speed_kmh": 12.4895},
            {"timestamp": "Sun Jan 15 14:36:01 UTC 2017"}
        ],
        [
            {"location": [[
                {"latitude": 60.02679},
                {"longitude": 11.115911}
            ]]},
            {"altitude": 183},
            {"distance_km": 0.404136},
            {"speed_kmh": 11.0661},
            {"timestamp": "Sun Jan 15 14:36:10 UTC 2017"}
        ],
        [
            {"location": [[
                {"latitude": 60.026896},
                {"longitude": 11.11589}
            ]]},
            {"altitude": 180},
            {"distance_km": 0.416051},
            {"speed_kmh": 9.89339},
            {"timestamp": "Sun Jan 15 14:36:15 UTC 2017"}
        ],
        [
            {"location": [[
                {"latitude": 60.027082},
                {"longitude": 11.11583}
            ]]},
            {"altitude": 184},
            {"distance_km": 0.436985},
            {"speed_kmh": 9.51183},
            {"timestamp": "Sun Jan 15 14:36:22 UTC 2017"}
        ],
        [
            {"location": [[
                {"latitude": 60.027288},
                {"longitude": 11.11576}
            ]]},
            {"altitude": 180},
            {"distance_km": 0.460359},
            {"speed_kmh": 9.91846},
            {"timestamp": "Sun Jan 15 14:36:30 UTC 2017"}
        ],
        [
            {"location": [[
                {"latitude": 60.027506},
                {"longitude": 11.115814}
            ]]},
            {"altitude": 182},
            {"distance_km": 0.484777},
            {"speed_kmh": 10.7548},
            {"timestamp": "Sun Jan 15 14:36:38 UTC 2017"}
        ],
        [
            {"location": [[
                {"latitude": 60.027703},
                {"longitude": 11.115939}
            ]]},
            {"altitude": 181},
            {"distance_km": 0.507836},
            {"speed_kmh": 10.6222},
            {"timestamp": "Sun Jan 15 14:36:46 UTC 2017"}
        ],
        [
            {"location": [[
                {"latitude": 60.027929},
                {"longitude": 11.115911}
            ]]},
            {"altitude": 177},
            {"distance_km": 0.533101},
            {"speed_kmh": 10.5155},
            {"timestamp": "Sun Jan 15 14:36:55 UTC 2017"}
        ],
        [
            {"location": [[
                {"latitude": 60.028122},
                {"longitude": 11.115832}
            ]]},
            {"altitude": 181},
            {"distance_km": 0.554989},
            {"speed_kmh": 10.0742},
            {"timestamp": "Sun Jan 15 14:37:03 UTC 2017"}
        ],
        [
            {"location": [[
                {"latitude": 60.028333},
                {"longitude": 11.115742}
            ]]},
            {"altitude": 183},
            {"distance_km": 0.579025},
            {"speed_kmh": 10.2962},
            {"timestamp": "Sun Jan 15 14:37:11 UTC 2017"}
        ],
        [
            {"location": [[
                {"latitude": 60.028531},
                {"longitude": 11.115619}
            ]]},
            {"altitude": 185},
            {"distance_km": 0.602169},
            {"speed_kmh": 10.8199},
            {"timestamp": "Sun Jan 15 14:37:18 UTC 2017"}
        ],
        [
            {"location": [[
                {"latitude": 60.028723},
                {"longitude": 11.115496}
            ]]},
            {"altitude": 186},
            {"distance_km": 0.624607},
            {"speed_kmh": 11.4621},
            {"timestamp": "Sun Jan 15 14:37:25 UTC 2017"}
        ],
        [
            {"location": [[
                {"latitude": 60.028829},
                {"longitude": 11.115428}
            ]]},
            {"altitude": 184},
            {"distance_km": 0.636966},
            {"speed_kmh": 11.5151},
            {"timestamp": "Sun Jan 15 14:37:29 UTC 2017"}
        ],
        [
            {"location": [[
                {"latitude": 60.029045},
                {"longitude": 11.115286}
            ]]},
            {"altitude": 184},
            {"distance_km": 0.662334},
            {"speed_kmh": 11.3959},
            {"timestamp": "Sun Jan 15 14:37:37 UTC 2017"}
        ],
        [
            {"location": [[
                {"latitude": 60.02922},
                {"longitude": 11.115179}
            ]]},
            {"altitude": 182},
            {"distance_km": 0.682679},
            {"speed_kmh": 10.992},
            {"timestamp": "Sun Jan 15 14:37:44 UTC 2017"}
        ],
        [
            {"location": [[
                {"latitude": 60.029293},
                {"longitude": 11.115144}
            ]]},
            {"altitude": 184},
            {"distance_km": 0.691114},
            {"speed_kmh": 10.6699},
            {"timestamp": "Sun Jan 15 14:37:47 UTC 2017"}
        ],
        [
            {"location": [[
                {"latitude": 60.029477},
                {"longitude": 11.115031}
            ]]},
            {"altitude": 184},
            {"distance_km": 0.712492},
            {"speed_kmh": 10.0652},
            {"timestamp": "Sun Jan 15 14:37:55 UTC 2017"}
        ],
        [
            {"location": [[
                {"latitude": 60.029687},
                {"longitude": 11.114951}
            ]]},
            {"altitude": 182},
            {"distance_km": 0.736329},
            {"speed_kmh": 9.75782},
            {"timestamp": "Sun Jan 15 14:38:04 UTC 2017"}
        ],
        [
            {"location": [[
                {"latitude": 60.029921},
                {"longitude": 11.114919}
            ]]},
            {"altitude": 177},
            {"distance_km": 0.762482},
            {"speed_kmh": 9.525},
            {"timestamp": "Sun Jan 15 14:38:14 UTC 2017"}
        ],
        [
            {"location": [[
                {"latitude": 60.030042},
                {"longitude": 11.114884}
            ]]},
            {"altitude": 179},
            {"distance_km": 0.776119},
            {"speed_kmh": 9.58801},
            {"timestamp": "Sun Jan 15 14:38:19 UTC 2017"}
        ],
        [
            {"location": [[
                {"latitude": 60.030013},
                {"longitude": 11.114726}
            ]]},
            {"altitude": 179},
            {"distance_km": 0.785514},
            {"speed_kmh": 7.43755},
            {"timestamp": "Sun Jan 15 14:38:30 UTC 2017"}
        ],
        [
            {"location": [[
                {"latitude": 60.029982},
                {"longitude": 11.114438}
            ]]},
            {"altitude": 180},
            {"distance_km": 0.801926},
            {"speed_kmh": 8.23218},
            {"timestamp": "Sun Jan 15 14:38:35 UTC 2017"}
        ],
        [
            {"location": [[
                {"latitude": 60.029127},
                {"longitude": 11.113356}
            ]]},
            {"altitude": 188},
            {"distance_km": 0.914642},
            {"timestamp": "Sun Jan 15 14:39:10 UTC 2017"}
        ],
        [
            {"location": [[
                {"latitude": 60.028936},
                {"longitude": 11.113154}
            ]]},
            {"altitude": 176},
            {"distance_km": 0.93872},
            {"timestamp": "Sun Jan 15 14:39:18 UTC 2017"}
        ],
        [
            {"location": [[
                {"latitude": 60.028766},
                {"longitude": 11.113026}
            ]]},
            {"altitude": 175},
            {"distance_km": 0.959026},
            {"speed_kmh": 10.9603},
            {"timestamp": "Sun Jan 15 14:39:25 UTC 2017"}
        ],
        [
            {"location": [[
                {"latitude": 60.028562},
                {"longitude": 11.112858}
            ]]},
            {"altitude": 173},
            {"distance_km": 0.983538},
            {"speed_kmh": 10.7726},
            {"timestamp": "Sun Jan 15 14:39:33 UTC 2017"}
        ],
        [
            {"location": [[
                {"latitude": 60.028353},
                {"longitude": 11.112665}
            ]]},
            {"altitude": 169},
            {"distance_km": 1.00923},
            {"speed_kmh": 11.0112},
            {"timestamp": "Sun Jan 15 14:39:41 UTC 2017"}
        ],
        [
            {"location": [[
                {"latitude": 60.028191},
                {"longitude": 11.112522}
            ]]},
            {"altitude": 167},
            {"distance_km": 1.02891},
            {"speed_kmh": 10.9017},
            {"timestamp": "Sun Jan 15 14:39:48 UTC 2017"}
        ],
        [
            {"location": [[
                {"latitude": 60.027999},
                {"longitude": 11.112348}
            ]]},
            {"altitude": 166},
            {"distance_km": 1.05246},
            {"speed_kmh": 10.3666},
            {"timestamp": "Sun Jan 15 14:39:57 UTC 2017"}
        ],
        [
            {"location": [[
                {"latitude": 60.027789},
                {"longitude": 11.112172}
            ]]},
            {"altitude": 166},
            {"distance_km": 1.07781},
            {"speed_kmh": 9.89325},
            {"timestamp": "Sun Jan 15 14:40:06 UTC 2017"}
        ],
        [
            {"location": [[
                {"latitude": 60.027574},
                {"longitude": 11.111949}
            ]]},
            {"altitude": 166},
            {"distance_km": 1.10478},
            {"speed_kmh": 10.1181},
            {"timestamp": "Sun Jan 15 14:40:15 UTC 2017"}
        ],
        [
            {"location": [[
                {"latitude": 60.02739},
                {"longitude": 11.111806}
            ]]},
            {"altitude": 161},
            {"distance_km": 1.12676},
            {"speed_kmh": 10.2728},
            {"timestamp": "Sun Jan 15 14:40:23 UTC 2017"}
        ],
        [
            {"location": [[
                {"latitude": 60.027198},
                {"longitude": 11.111635}
            ]]},
            {"altitude": 161},
            {"distance_km": 1.15017},
            {"speed_kmh": 10.406},
            {"timestamp": "Sun Jan 15 14:40:31 UTC 2017"}
        ],
        [
            {"location": [[
                {"latitude": 60.02713},
                {"longitude": 11.111576}
            ]]},
            {"altitude": 160},
            {"distance_km": 1.15852},
            {"speed_kmh": 10.1471},
            {"timestamp": "Sun Jan 15 14:40:34 UTC 2017"}
        ],
        [
            {"location": [[
                {"latitude": 60.027043},
                {"longitude": 11.111481}
            ]]},
            {"altitude": 161},
            {"distance_km": 1.1695},
            {"speed_kmh": 10.1454},
            {"timestamp": "Sun Jan 15 14:40:38 UTC 2017"}
        ],
        [
            {"location": [[
                {"latitude": 60.026958},
                {"longitude": 11.111378}
            ]]},
            {"altitude": 163},
            {"distance_km": 1.1806},
            {"speed_kmh": 9.97303},
            {"timestamp": "Sun Jan 15 14:40:42 UTC 2017"}
        ],
        [
            {"location": [[
                {"latitude": 60.026806},
                {"longitude": 11.111121}
            ]]},
            {"altitude": 164},
            {"distance_km": 1.20276},
            {"speed_kmh": 9.95847},
            {"timestamp": "Sun Jan 15 14:40:50 UTC 2017"}
        ],
        [
            {"location": [[
                {"latitude": 60.026756},
                {"longitude": 11.111016}
            ]]},
            {"altitude": 162},
            {"distance_km": 1.21086},
            {"speed_kmh": 9.89437},
            {"timestamp": "Sun Jan 15 14:40:53 UTC 2017"}
        ],
        [
            {"location": [[
                {"latitude": 60.02666},
                {"longitude": 11.110809}
            ]]},
            {"altitude": 159},
            {"distance_km": 1.22657},
            {"speed_kmh": 9.69451},
            {"timestamp": "Sun Jan 15 14:40:59 UTC 2017"}
        ],
        [
            {"location": [[
                {"latitude": 60.026534},
                {"longitude": 11.110503}
            ]]},
            {"altitude": 161},
            {"distance_km": 1.24864},
            {"speed_kmh": 9.68071},
            {"timestamp": "Sun Jan 15 14:41:07 UTC 2017"}
        ],
        [
            {"location": [[
                {"latitude": 60.026387},
                {"longitude": 11.110144}
            ]]},
            {"altitude": 158},
            {"distance_km": 1.2745},
            {"speed_kmh": 9.89972},
            {"timestamp": "Sun Jan 15 14:41:16 UTC 2017"}
        ],
        [
            {"location": [[
                {"latitude": 60.026264},
                {"longitude": 11.109814}
            ]]},
            {"altitude": 162},
            {"distance_km": 1.29747},
            {"speed_kmh": 10.2031},
            {"timestamp": "Sun Jan 15 14:41:24 UTC 2017"}
        ],
        [
            {"location": [[
                {"latitude": 60.026122},
                {"longitude": 11.109423}
            ]]},
            {"altitude": 166},
            {"distance_km": 1.32437},
            {"speed_kmh": 10.4789},
            {"timestamp": "Sun Jan 15 14:41:33 UTC 2017"}
        ],
        [
            {"location": [[
                {"latitude": 60.025998},
                {"longitude": 11.109022}
            ]]},
            {"altitude": 167},
            {"distance_km": 1.3507},
            {"speed_kmh": 10.5411},
            {"timestamp": "Sun Jan 15 14:41:42 UTC 2017"}
        ],
        [
            {"location": [[
                {"latitude": 60.025887},
                {"longitude": 11.108648}
            ]]},
            {"altitude": 166},
            {"distance_km": 1.37495},
            {"speed_kmh": 10.3309},
            {"timestamp": "Sun Jan 15 14:41:51 UTC 2017"}
        ],
        [
            {"location": [[
                {"latitude": 60.025776},
                {"longitude": 11.108327}
            ]]},
            {"altitude": 165},
            {"distance_km": 1.39672},
            {"speed_kmh": 9.64593},
            {"timestamp": "Sun Jan 15 14:42:00 UTC 2017"}
        ],
        [
            {"location": [[
                {"latitude": 60.025688},
                {"longitude": 11.108004}
            ]]},
            {"altitude": 164},
            {"distance_km": 1.4172},
            {"speed_kmh": 9.20767},
            {"timestamp": "Sun Jan 15 14:42:08 UTC 2017"}
        ],
        [
            {"location": [[
                {"latitude": 60.025623},
                {"longitude": 11.107834}
            ]]},
            {"altitude": 162},
            {"distance_km": 1.42913},
            {"speed_kmh": 8.83852},
            {"timestamp": "Sun Jan 15 14:42:13 UTC 2017"}
        ],
        [
            {"location": [[
                {"latitude": 60.025464},
                {"longitude": 11.107453}
            ]]},
            {"altitude": 163},
            {"distance_km": 1.45682},
            {"speed_kmh": 9.26303},
            {"timestamp": "Sun Jan 15 14:42:23 UTC 2017"}
        ],
        [
            {"location": [[
                {"latitude": 60.02534},
                {"longitude": 11.107177}
            ]]},
            {"altitude": 164},
            {"distance_km": 1.47746},
            {"speed_kmh": 9.28342},
            {"timestamp": "Sun Jan 15 14:42:31 UTC 2017"}
        ],
        [
            {"location": [[
                {"latitude": 60.025218},
                {"longitude": 11.106877}
            ]]},
            {"altitude": 166},
            {"distance_km": 1.49905},
            {"speed_kmh": 9.30152},
            {"timestamp": "Sun Jan 15 14:42:40 UTC 2017"}
        ],
        [
            {"location": [[
                {"latitude": 60.025239},
                {"longitude": 11.106631}
            ]]},
            {"altitude": 160},
            {"distance_km": 1.513},
            {"speed_kmh": 7.36999},
            {"timestamp": "Sun Jan 15 14:42:52 UTC 2017"}
        ],
        [
            {"location": [[
                {"latitude": 60.025148},
                {"longitude": 11.106309}
            ]]},
            {"altitude": 162},
            {"distance_km": 1.53362},
            {"speed_kmh": 7.80791},
            {"timestamp": "Sun Jan 15 14:42:59 UTC 2017"}
        ],
        [
            {"location": [[
                {"latitude": 60.025063},
                {"longitude": 11.10588}
            ]]},
            {"altitude": 160},
            {"distance_km": 1.55937},
            {"speed_kmh": 8.79332},
            {"timestamp": "Sun Jan 15 14:43:07 UTC 2017"}
        ],
        [
            {"location": [[
                {"latitude": 60.025025},
                {"longitude": 11.105625}
            ]]},
            {"altitude": 159},
            {"distance_km": 1.57416},
            {"speed_kmh": 10.9429},
            {"timestamp": "Sun Jan 15 14:43:12 UTC 2017"}
        ],
        [
            {"location": [[
                {"latitude": 60.025017},
                {"longitude": 11.105282}
            ]]},
            {"altitude": 159},
            {"distance_km": 1.5933},
            {"speed_kmh": 10.2819},
            {"timestamp": "Sun Jan 15 14:43:20 UTC 2017"}
        ],
        [
            {"location": [[
                {"latitude": 60.025011},
                {"longitude": 11.104848}
            ]]},
            {"altitude": 162},
            {"distance_km": 1.61755},
            {"speed_kmh": 10.0295},
            {"timestamp": "Sun Jan 15 14:43:28 UTC 2017"}
        ],
        [
            {"location": [[
                {"latitude": 60.024986},
                {"longitude": 11.10443}
            ]]},
            {"altitude": 161},
            {"distance_km": 1.641},
            {"speed_kmh": 10.0263},
            {"timestamp": "Sun Jan 15 14:43:36 UTC 2017"}
        ],
        [
            {"location": [[
                {"latitude": 60.024634},
                {"longitude": 11.102997}
            ]]},
            {"altitude": 158},
            {"distance_km": 1.73002},
            {"timestamp": "Sun Jan 15 14:44:11 UTC 2017"}
        ],
        [
            {"location": [[
                {"latitude": 60.02447},
                {"longitude": 11.103127}
            ]]},
            {"altitude": 159},
            {"distance_km": 1.7497},
            {"timestamp": "Sun Jan 15 14:44:19 UTC 2017"}
        ],
        [
            {"location": [[
                {"latitude": 60.024426},
                {"longitude": 11.103239}
            ]]},
            {"altitude": 159},
            {"distance_km": 1.75766},
            {"speed_kmh": 9.13068},
            {"timestamp": "Sun Jan 15 14:44:22 UTC 2017"}
        ],
        [
            {"location": [[
                {"latitude": 60.024291},
                {"longitude": 11.103601}
            ]]},
            {"altitude": 164},
            {"distance_km": 1.7828},
            {"speed_kmh": 9.1108},
            {"timestamp": "Sun Jan 15 14:44:32 UTC 2017"}
        ],
        [
            {"location": [[
                {"latitude": 60.024136},
                {"longitude": 11.103943}
            ]]},
            {"altitude": 165},
            {"distance_km": 1.80857},
            {"speed_kmh": 9.59604},
            {"timestamp": "Sun Jan 15 14:44:41 UTC 2017"}
        ],
        [
            {"location": [[
                {"latitude": 60.02405},
                {"longitude": 11.104159}
            ]]},
            {"altitude": 165},
            {"distance_km": 1.82397},
            {"speed_kmh": 10.1666},
            {"timestamp": "Sun Jan 15 14:44:46 UTC 2017"}
        ],
        [
            {"location": [[
                {"latitude": 60.023928},
                {"longitude": 11.104479}
            ]]},
            {"altitude": 165},
            {"distance_km": 1.84634},
            {"speed_kmh": 10.4905},
            {"timestamp": "Sun Jan 15 14:44:54 UTC 2017"}
        ],
        [
            {"location": [[
                {"latitude": 60.023824},
                {"longitude": 11.104812}
            ]]},
            {"altitude": 163},
            {"distance_km": 1.86827},
            {"speed_kmh": 10.345},
            {"timestamp": "Sun Jan 15 14:45:02 UTC 2017"}
        ],
        [
            {"location": [[
                {"latitude": 60.023724},
                {"longitude": 11.105126}
            ]]},
            {"altitude": 161},
            {"distance_km": 1.88903},
            {"speed_kmh": 9.41392},
            {"timestamp": "Sun Jan 15 14:45:11 UTC 2017"}
        ],
        [
            {"location": [[
                {"latitude": 60.023598},
                {"longitude": 11.105165}
            ]]},
            {"altitude": 163},
            {"distance_km": 1.90314},
            {"speed_kmh": 8.17495},
            {"timestamp": "Sun Jan 15 14:45:19 UTC 2017"}
        ],
        [
            {"location": [[
                {"latitude": 60.023447},
                {"longitude": 11.105072}
            ]]},
            {"altitude": 161},
            {"distance_km": 1.92083},
            {"speed_kmh": 7.91408},
            {"timestamp": "Sun Jan 15 14:45:26 UTC 2017"}
        ],
        [
            {"location": [[
                {"latitude": 60.023334},
                {"longitude": 11.105238}
            ]]},
            {"altitude": 160},
            {"distance_km": 1.93639},
            {"speed_kmh": 7.22155},
            {"timestamp": "Sun Jan 15 14:45:35 UTC 2017"}
        ],
        [
            {"location": [[
                {"latitude": 60.02331},
                {"longitude": 11.105537}
            ]]},
            {"altitude": 165},
            {"distance_km": 1.95329},
            {"speed_kmh": 6.94776},
            {"timestamp": "Sun Jan 15 14:45:46 UTC 2017"}
        ],
        [
            {"location": [[
                {"latitude": 60.023126},
                {"longitude": 11.105649}
            ]]},
            {"altitude": 166},
            {"distance_km": 1.97473},
            {"speed_kmh": 5.89865},
            {"timestamp": "Sun Jan 15 14:45:59 UTC 2017"}
        ],
        [
            {"location": [[
                {"latitude": 60.023014},
                {"longitude": 11.105497}
            ]]},
            {"altitude": 169},
            {"distance_km": 1.98979},
            {"speed_kmh": 5.21339},
            {"timestamp": "Sun Jan 15 14:46:12 UTC 2017"}
        ],
        [
            {"location": [[
                {"latitude": 60.022906},
                {"longitude": 11.105252}
            ]]},
            {"altitude": 173},
            {"distance_km": 2.00795},
            {"speed_kmh": 4.65218},
            {"timestamp": "Sun Jan 15 14:46:29 UTC 2017"}
        ],
        [
            {"location": [[
                {"latitude": 60.022754},
                {"longitude": 11.105105}
            ]]},
            {"altitude": 177},
            {"distance_km": 2.02679},
            {"speed_kmh": 4.08345},
            {"timestamp": "Sun Jan 15 14:46:45 UTC 2017"}
        ],
        [
            {"location": [[
                {"latitude": 60.022567},
                {"longitude": 11.105015}
            ]]},
            {"altitude": 177},
            {"distance_km": 2.04826},
            {"speed_kmh": 4.21002},
            {"timestamp": "Sun Jan 15 14:47:02 UTC 2017"}
        ],
        [
            {"location": [[
                {"latitude": 60.022385},
                {"longitude": 11.104812}
            ]]},
            {"altitude": 176},
            {"distance_km": 2.07144},
            {"speed_kmh": 4.78204},
            {"timestamp": "Sun Jan 15 14:47:17 UTC 2017"}
        ],
        [
            {"location": [[
                {"latitude": 60.022229},
                {"longitude": 11.104688}
            ]]},
            {"altitude": 179},
            {"distance_km": 2.09019},
            {"speed_kmh": 5.24606},
            {"timestamp": "Sun Jan 15 14:47:29 UTC 2017"}
        ],
        [
            {"location": [[
                {"latitude": 60.022085},
                {"longitude": 11.104637}
            ]]},
            {"altitude": 180},
            {"distance_km": 2.10647},
            {"speed_kmh": 5.35771},
            {"timestamp": "Sun Jan 15 14:47:41 UTC 2017"}
        ],
        [
            {"location": [[
                {"latitude": 60.021901},
                {"longitude": 11.104551}
            ]]},
            {"altitude": 181},
            {"distance_km": 2.12749},
            {"speed_kmh": 5.44264},
            {"timestamp": "Sun Jan 15 14:47:54 UTC 2017"}
        ],
        [
            {"location": [[
                {"latitude": 60.021677},
                {"longitude": 11.1045}
            ]]},
            {"altitude": 181},
            {"distance_km": 2.15262},
            {"speed_kmh": 5.57815},
            {"timestamp": "Sun Jan 15 14:48:09 UTC 2017"}
        ],
        [
            {"location": [[
                {"latitude": 60.021509},
                {"longitude": 11.104525}
            ]]},
            {"altitude": 183},
            {"distance_km": 2.17137},
            {"speed_kmh": 6.20134},
            {"timestamp": "Sun Jan 15 14:48:19 UTC 2017"}
        ],
        [
            {"location": [[
                {"latitude": 60.021329},
                {"longitude": 11.104579}
            ]]},
            {"altitude": 183},
            {"distance_km": 2.19172},
            {"speed_kmh": 6.97717},
            {"timestamp": "Sun Jan 15 14:48:28 UTC 2017"}
        ],
        [
            {"location": [[
                {"latitude": 60.021198},
                {"longitude": 11.104669}
            ]]},
            {"altitude": 181},
            {"distance_km": 2.2071},
            {"speed_kmh": 8.64867},
            {"timestamp": "Sun Jan 15 14:48:33 UTC 2017"}
        ],
        [
            {"location": [[
                {"latitude": 60.020639},
                {"longitude": 11.105726}
            ]]},
            {"altitude": 175},
            {"distance_km": 2.29281},
            {"speed_kmh": 2.70657},
            {"timestamp": "Sun Jan 15 14:49:11 UTC 2017"}
        ],
        [
            {"location": [[
                {"latitude": 60.020806},
                {"longitude": 11.10594}
            ]]},
            {"altitude": 174},
            {"distance_km": 2.31487},
            {"speed_kmh": 5.35649},
            {"timestamp": "Sun Jan 15 14:49:21 UTC 2017"}
        ],
        [
            {"location": [[
                {"latitude": 60.020998},
                {"longitude": 11.106158}
            ]]},
            {"altitude": 172},
            {"distance_km": 2.33952},
            {"speed_kmh": 8.64244},
            {"timestamp": "Sun Jan 15 14:49:30 UTC 2017"}
        ],
        [
            {"location": [[
                {"latitude": 60.021107},
                {"longitude": 11.106265}
            ]]},
            {"altitude": 173},
            {"distance_km": 2.35301},
            {"speed_kmh": 9.16908},
            {"timestamp": "Sun Jan 15 14:49:35 UTC 2017"}
        ],
        [
            {"location": [[
                {"latitude": 60.0213},
                {"longitude": 11.106417}
            ]]},
            {"altitude": 171},
            {"distance_km": 2.37617},
            {"speed_kmh": 9.99536},
            {"timestamp": "Sun Jan 15 14:49:43 UTC 2017"}
        ],
        [
            {"location": [[
                {"latitude": 60.021546},
                {"longitude": 11.106542}
            ]]},
            {"altitude": 172},
            {"distance_km": 2.40444},
            {"speed_kmh": 10.9511},
            {"timestamp": "Sun Jan 15 14:49:51 UTC 2017"}
        ],
        [
            {"location": [[
                {"latitude": 60.021741},
                {"longitude": 11.10663}
            ]]},
            {"altitude": 168},
            {"distance_km": 2.42668},
            {"speed_kmh": 11.5292},
            {"timestamp": "Sun Jan 15 14:49:58 UTC 2017"}
        ],
        [
            {"location": [[
                {"latitude": 60.021967},
                {"longitude": 11.106764}
            ]]},
            {"altitude": 170},
            {"distance_km": 2.45298},
            {"speed_kmh": 11.9977},
            {"timestamp": "Sun Jan 15 14:50:06 UTC 2017"}
        ],
        [
            {"location": [[
                {"latitude": 60.022215},
                {"longitude": 11.1069}
            ]]},
            {"altitude": 173},
            {"distance_km": 2.4816},
            {"speed_kmh": 12.0463},
            {"timestamp": "Sun Jan 15 14:50:14 UTC 2017"}
        ],
        [
            {"location": [[
                {"latitude": 60.022404},
                {"longitude": 11.106997}
            ]]},
            {"altitude": 171},
            {"distance_km": 2.50333},
            {"speed_kmh": 11.9595},
            {"timestamp": "Sun Jan 15 14:50:21 UTC 2017"}
        ],
        [
            {"location": [[
                {"latitude": 60.022534},
                {"longitude": 11.107078}
            ]]},
            {"altitude": 169},
            {"distance_km": 2.51855},
            {"speed_kmh": 11.6684},
            {"timestamp": "Sun Jan 15 14:50:26 UTC 2017"}
        ],
        [
            {"location": [[
                {"latitude": 60.022685},
                {"longitude": 11.107148}
            ]]},
            {"altitude": 168},
            {"distance_km": 2.53581},
            {"speed_kmh": 10.8337},
            {"timestamp": "Sun Jan 15 14:50:32 UTC 2017"}
        ],
        [
            {"location": [[
                {"latitude": 60.022838},
                {"longitude": 11.107229}
            ]]},
            {"altitude": 167},
            {"distance_km": 2.55338},
            {"speed_kmh": 10.6189},
            {"timestamp": "Sun Jan 15 14:50:38 UTC 2017"}
        ],
        [
            {"location": [[
                {"latitude": 60.022945},
                {"longitude": 11.107295}
            ]]},
            {"altitude": 167},
            {"distance_km": 2.56593},
            {"speed_kmh": 10.739},
            {"timestamp": "Sun Jan 15 14:50:42 UTC 2017"}
        ],
        [
            {"location": [[
                {"latitude": 60.023136},
                {"longitude": 11.107415}
            ]]},
            {"altitude": 166},
            {"distance_km": 2.58822},
            {"speed_kmh": 11.1035},
            {"timestamp": "Sun Jan 15 14:50:49 UTC 2017"}
        ],
        [
            {"location": [[
                {"latitude": 60.023206},
                {"longitude": 11.107448}
            ]]},
            {"altitude": 161},
            {"distance_km": 2.59619},
            {"speed_kmh": 10.7862},
            {"timestamp": "Sun Jan 15 14:50:52 UTC 2017"}
        ],
        [
            {"location": [[
                {"latitude": 60.023388},
                {"longitude": 11.107509}
            ]]},
            {"altitude": 161},
            {"distance_km": 2.61678},
            {"speed_kmh": 10.0983},
            {"timestamp": "Sun Jan 15 14:51:00 UTC 2017"}
        ],
        [
            {"location": [[
                {"latitude": 60.023585},
                {"longitude": 11.107656}
            ]]},
            {"altitude": 161},
            {"distance_km": 2.64018},
            {"speed_kmh": 9.08475},
            {"timestamp": "Sun Jan 15 14:51:10 UTC 2017"}
        ],
        [
            {"location": [[
                {"latitude": 60.023633},
                {"longitude": 11.108069}
            ]]},
            {"altitude": 158},
            {"distance_km": 2.66381},
            {"speed_kmh": 8.46981},
            {"timestamp": "Sun Jan 15 14:51:21 UTC 2017"}
        ],
        [
            {"location": [[
                {"latitude": 60.023633},
                {"longitude": 11.108528}
            ]]},
            {"altitude": 164},
            {"distance_km": 2.6894},
            {"speed_kmh": 7.74808},
            {"timestamp": "Sun Jan 15 14:51:34 UTC 2017"}
        ],
        [
            {"location": [[
                {"latitude": 60.023574},
                {"longitude": 11.108877}
            ]]},
            {"altitude": 162},
            {"distance_km": 2.70995},
            {"speed_kmh": 8.02431},
            {"timestamp": "Sun Jan 15 14:51:42 UTC 2017"}
        ],
        [
            {"location": [[
                {"latitude": 60.023535},
                {"longitude": 11.10904}
            ]]},
            {"altitude": 161},
            {"distance_km": 2.72},
            {"speed_kmh": 8.45814},
            {"timestamp": "Sun Jan 15 14:51:46 UTC 2017"}
        ],
        [
            {"location": [[
                {"latitude": 60.023433},
                {"longitude": 11.109355}
            ]]},
            {"altitude": 163},
            {"distance_km": 2.74096},
            {"speed_kmh": 9.23456},
            {"timestamp": "Sun Jan 15 14:51:54 UTC 2017"}
        ],
        [
            {"location": [[
                {"latitude": 60.023317},
                {"longitude": 11.109755}
            ]]},
            {"altitude": 167},
            {"distance_km": 2.76668},
            {"speed_kmh": 8.72638},
            {"timestamp": "Sun Jan 15 14:52:06 UTC 2017"}
        ],
        [
            {"location": [[
                {"latitude": 60.023188},
                {"longitude": 11.110134}
            ]]},
            {"altitude": 165},
            {"distance_km": 2.79229},
            {"speed_kmh": 7.91098},
            {"timestamp": "Sun Jan 15 14:52:20 UTC 2017"}
        ],
        [
            {"location": [[
                {"latitude": 60.023099},
                {"longitude": 11.110433}
            ]]},
            {"altitude": 168},
            {"distance_km": 2.81165},
            {"speed_kmh": 6.70472},
            {"timestamp": "Sun Jan 15 14:52:32 UTC 2017"}
        ],
        [
            {"location": [[
                {"latitude": 60.022989},
                {"longitude": 11.11073}
            ]]},
            {"altitude": 174},
            {"distance_km": 2.8323},
            {"speed_kmh": 5.89981},
            {"timestamp": "Sun Jan 15 14:52:46 UTC 2017"}
        ],
        [
            {"location": [[
                {"latitude": 60.022874},
                {"longitude": 11.11107}
            ]]},
            {"altitude": 173},
            {"distance_km": 2.85512},
            {"speed_kmh": 5.41662},
            {"timestamp": "Sun Jan 15 14:53:02 UTC 2017"}
        ],
        [
            {"location": [[
                {"latitude": 60.022778},
                {"longitude": 11.111333}
            ]]},
            {"altitude": 173},
            {"distance_km": 2.87336},
            {"speed_kmh": 5.47185},
            {"timestamp": "Sun Jan 15 14:53:13 UTC 2017"}
        ],
        [
            {"location": [[
                {"latitude": 60.022649},
                {"longitude": 11.111682}
            ]]},
            {"altitude": 175},
            {"distance_km": 2.89751},
            {"speed_kmh": 5.77213},
            {"timestamp": "Sun Jan 15 14:53:27 UTC 2017"}
        ],
        [
            {"location": [[
                {"latitude": 60.022308},
                {"longitude": 11.113251}
            ]]},
            {"altitude": 173},
            {"distance_km": 2.99289},
            {"speed_kmh": 2.60166},
            {"timestamp": "Sun Jan 15 14:54:11 UTC 2017"}
        ],
        [
            {"location": [[
                {"latitude": 60.022259},
                {"longitude": 11.113663}
            ]]},
            {"altitude": 176},
            {"distance_km": 3.0165},
            {"speed_kmh": 5.43377},
            {"timestamp": "Sun Jan 15 14:54:21 UTC 2017"}
        ],
        [
            {"location": [[
                {"latitude": 60.022224},
                {"longitude": 11.11392}
            ]]},
            {"altitude": 176},
            {"distance_km": 3.03137},
            {"speed_kmh": 8.40664},
            {"timestamp": "Sun Jan 15 14:54:27 UTC 2017"}
        ],
        [
            {"location": [[
                {"latitude": 60.022175},
                {"longitude": 11.114321}
            ]]},
            {"altitude": 175},
            {"distance_km": 3.05439},
            {"speed_kmh": 8.87503},
            {"timestamp": "Sun Jan 15 14:54:36 UTC 2017"}
        ],
        [
            {"location": [[
                {"latitude": 60.022185},
                {"longitude": 11.114735}
            ]]},
            {"altitude": 174},
            {"distance_km": 3.07749},
            {"speed_kmh": 8.81367},
            {"timestamp": "Sun Jan 15 14:54:46 UTC 2017"}
        ],
        [
            {"location": [[
                {"latitude": 60.02239},
                {"longitude": 11.114802}
            ]]},
            {"altitude": 175},
            {"distance_km": 3.10069},
            {"speed_kmh": 8.62542},
            {"timestamp": "Sun Jan 15 14:54:56 UTC 2017"}
        ],
        [
            {"location": [[
                {"latitude": 60.022577},
                {"longitude": 11.114758}
            ]]},
            {"altitude": 173},
            {"distance_km": 3.12166},
            {"speed_kmh": 8.70067},
            {"timestamp": "Sun Jan 15 14:55:04 UTC 2017"}
        ],
        [
            {"location": [[
                {"latitude": 60.022817},
                {"longitude": 11.114726}
            ]]},
            {"altitude": 173},
            {"distance_km": 3.14847},
            {"speed_kmh": 9.14914},
            {"timestamp": "Sun Jan 15 14:55:14 UTC 2017"}
        ],
        [
            {"location": [[
                {"latitude": 60.02294},
                {"longitude": 11.114732}
            ]]},
            {"altitude": 172},
            {"distance_km": 3.16212},
            {"speed_kmh": 9.62851},
            {"timestamp": "Sun Jan 15 14:55:19 UTC 2017"}
        ],
        [
            {"location": [[
                {"latitude": 60.023155},
                {"longitude": 11.114691}
            ]]},
            {"altitude": 174},
            {"distance_km": 3.18616},
            {"speed_kmh": 9.6931},
            {"timestamp": "Sun Jan 15 14:55:28 UTC 2017"}
        ],
        [
            {"location": [[
                {"latitude": 60.023321},
                {"longitude": 11.114664}
            ]]},
            {"altitude": 172},
            {"distance_km": 3.20476},
            {"speed_kmh": 9.66307},
            {"timestamp": "Sun Jan 15 14:55:35 UTC 2017"}
        ],
        [
            {"location": [[
                {"latitude": 60.023524},
                {"longitude": 11.114655}
            ]]},
            {"altitude": 169},
            {"distance_km": 3.22739},
            {"speed_kmh": 9.41524},
            {"timestamp": "Sun Jan 15 14:55:44 UTC 2017"}
        ],
        [
            {"location": [[
                {"latitude": 60.023747},
                {"longitude": 11.114693}
            ]]},
            {"altitude": 171},
            {"distance_km": 3.25235},
            {"speed_kmh": 8.9305},
            {"timestamp": "Sun Jan 15 14:55:55 UTC 2017"}
        ],
        [
            {"location": [[
                {"latitude": 60.02386},
                {"longitude": 11.114707}
            ]]},
            {"altitude": 173},
            {"distance_km": 3.26493},
            {"speed_kmh": 8.75952},
            {"timestamp": "Sun Jan 15 14:56:00 UTC 2017"}
        ],
        [
            {"location": [[
                {"latitude": 60.02386},
                {"longitude": 11.114707}
            ]]},
            {"distance_km": 3.26493},
            {"timestamp": "Sun Jan 15 14:56:04 UTC 2017"}
        ],
        [
            {"location": [[
                {"latitude": 60.02386},
                {"longitude": 11.114707}
            ]]},
            {"distance_km": 3.26493},
            {"timestamp": "Sun Jan 15 15:05:21 UTC 2017"}
        ],
        [
            {"location": [[
                {"latitude": 60.024054},
                {"longitude": 11.114818}
            ]]},
            {"altitude": 183},
            {"distance_km": 3.26493},
            {"speed_kmh": 8.75952},
            {"timestamp": "Sun Jan 15 15:05:22 UTC 2017"}
        ],
        [
            {"location": [[
                {"latitude": 60.024157},
                {"longitude": 11.114725}
            ]]},
            {"altitude": 185},
            {"distance_km": 3.27747},
            {"speed_kmh": 8.75952},
            {"timestamp": "Sun Jan 15 15:05:32 UTC 2017"}
        ],
        [
            {"location": [[
                {"latitude": 60.024287},
                {"longitude": 11.114703}
            ]]},
            {"altitude": 184},
            {"distance_km": 3.29197},
            {"speed_kmh": 8.75952},
            {"timestamp": "Sun Jan 15 15:05:38 UTC 2017"}
        ],
        [
            {"location": [[
                {"latitude": 60.024461},
                {"longitude": 11.114715}
            ]]},
            {"altitude": 180},
            {"distance_km": 3.31142},
            {"speed_kmh": 7.0001},
            {"timestamp": "Sun Jan 15 15:05:47 UTC 2017"}
        ],
        [
            {"location": [[
                {"latitude": 60.024684},
                {"longitude": 11.114747}
            ]]},
            {"altitude": 180},
            {"distance_km": 3.33628},
            {"speed_kmh": 8.47893},
            {"timestamp": "Sun Jan 15 15:05:57 UTC 2017"}
        ],
        [
            {"location": [[
                {"latitude": 60.024801},
                {"longitude": 11.114788}
            ]]},
            {"altitude": 181},
            {"distance_km": 3.34961},
            {"speed_kmh": 8.77576},
            {"timestamp": "Sun Jan 15 15:06:02 UTC 2017"}
        ],
        [
            {"location": [[
                {"latitude": 60.02501},
                {"longitude": 11.114905}
            ]]},
            {"altitude": 178},
            {"distance_km": 3.37373},
            {"speed_kmh": 9.39839},
            {"timestamp": "Sun Jan 15 15:06:11 UTC 2017"}
        ],
        [
            {"location": [[
                {"latitude": 60.02518},
                {"longitude": 11.115059}
            ]]},
            {"altitude": 175},
            {"distance_km": 3.39454},
            {"speed_kmh": 9.53529},
            {"timestamp": "Sun Jan 15 15:06:19 UTC 2017"}
        ],
        [
            {"location": [[
                {"latitude": 60.025388},
                {"longitude": 11.11525}
            ]]},
            {"altitude": 176},
            {"distance_km": 3.42001},
            {"speed_kmh": 9.67567},
            {"timestamp": "Sun Jan 15 15:06:28 UTC 2017"}
        ],
        [
            {"location": [[
                {"latitude": 60.025565},
                {"longitude": 11.115467}
            ]]},
            {"altitude": 175},
            {"distance_km": 3.44313},
            {"speed_kmh": 9.99489},
            {"timestamp": "Sun Jan 15 15:06:36 UTC 2017"}
        ],
        [
            {"location": [[
                {"latitude": 60.025726},
                {"longitude": 11.115696}
            ]]},
            {"altitude": 175},
            {"distance_km": 3.46522},
            {"speed_kmh": 10.1903},
            {"timestamp": "Sun Jan 15 15:06:44 UTC 2017"}
        ],
        [
            {"location": [[
                {"latitude": 60.025848},
                {"longitude": 11.115833}
            ]]},
            {"altitude": 177},
            {"distance_km": 3.48076},
            {"speed_kmh": 9.94949},
            {"timestamp": "Sun Jan 15 15:06:50 UTC 2017"}
        ],
        [
            {"location": [[
                {"latitude": 60.026046},
                {"longitude": 11.115704}
            ]]},
            {"altitude": 175},
            {"distance_km": 3.504},
            {"speed_kmh": 9.51893},
            {"timestamp": "Sun Jan 15 15:06:59 UTC 2017"}
        ],
        [
            {"location": [[
                {"latitude": 60.026251},
                {"longitude": 11.115639}
            ]]},
            {"altitude": 178},
            {"distance_km": 3.52712},
            {"speed_kmh": 9.66786},
            {"timestamp": "Sun Jan 15 15:07:07 UTC 2017"}
        ],
        [
            {"location": [[
                {"latitude": 60.026391},
                {"longitude": 11.115874}
            ]]},
            {"altitude": 178},
            {"distance_km": 3.54747},
            {"speed_kmh": 9.28353},
            {"timestamp": "Sun Jan 15 15:07:16 UTC 2017"}
        ],
        [
            {"location": [[
                {"latitude": 60.02622},
                {"longitude": 11.116213}
            ]]},
            {"altitude": 176},
            {"distance_km": 3.57432},
            {"speed_kmh": 8.65899},
            {"timestamp": "Sun Jan 15 15:07:29 UTC 2017"}
        ],
        [
            {"location": [[
                {"latitude": 60.026171},
                {"longitude": 11.116229}
            ]]},
            {"altitude": 175},
            {"distance_km": 3.57986},
            {"timestamp": "Sun Jan 15 15:07:32 UTC 2017"}
        ],
        [
            {"location": [[
                {"latitude": 60.02622},
                {"longitude": 11.116213}
            ]]},
            {"altitude": 176},
            {"distance_km": 3.58541},
            {"timestamp": "Sun Jan 15 15:07:41 UTC 2017"}
        ],
        [
            {"location": [[
                {"latitude": 60.026341},
                {"longitude": 11.116086}
            ]]},
            {"altitude": 179},
            {"distance_km": 3.61589},
            {"speed_kmh": 6.00241},
            {"timestamp": "Sun Jan 15 15:07:47 UTC 2017"}
        ],
        [
            {"location": [[
                {"latitude": 60.026446},
                {"longitude": 11.116048}
            ]]},
            {"altitude": 181},
            {"distance_km": 3.62776},
            {"speed_kmh": 6.63812},
            {"timestamp": "Sun Jan 15 15:07:52 UTC 2017"}
        ],
        [
            {"location": [[
                {"latitude": 60.02665},
                {"longitude": 11.115983}
            ]]},
            {"altitude": 180},
            {"distance_km": 3.65082},
            {"speed_kmh": 8.97222},
            {"timestamp": "Sun Jan 15 15:08:01 UTC 2017"}
        ],
        [
            {"location": [[
                {"latitude": 60.026854},
                {"longitude": 11.115923}
            ]]},
            {"altitude": 178},
            {"distance_km": 3.67385},
            {"speed_kmh": 8.99403},
            {"timestamp": "Sun Jan 15 15:08:10 UTC 2017"}
        ],
        [
            {"location": [[
                {"latitude": 60.027064},
                {"longitude": 11.115859}
            ]]},
            {"altitude": 181},
            {"distance_km": 3.69749},
            {"speed_kmh": 9.29652},
            {"timestamp": "Sun Jan 15 15:08:19 UTC 2017"}
        ],
        [
            {"location": [[
                {"latitude": 60.027293},
                {"longitude": 11.11578}
            ]]},
            {"altitude": 184},
            {"distance_km": 3.72331},
            {"speed_kmh": 9.66604},
            {"timestamp": "Sun Jan 15 15:08:28 UTC 2017"}
        ],
        [
            {"location": [[
                {"latitude": 60.027519},
                {"longitude": 11.115803}
            ]]},
            {"altitude": 187},
            {"distance_km": 3.74856},
            {"speed_kmh": 9.96286},
            {"timestamp": "Sun Jan 15 15:08:37 UTC 2017"}
        ],
        [
            {"location": [[
                {"latitude": 60.028285},
                {"longitude": 11.115756}
            ]]},
            {"altitude": 182},
            {"distance_km": 3.83391},
            {"speed_kmh": 2.92637},
            {"timestamp": "Sun Jan 15 15:09:12 UTC 2017"}
        ],
        [
            {"location": [[
                {"latitude": 60.028497},
                {"longitude": 11.115654}
            ]]},
            {"altitude": 185},
            {"distance_km": 3.85825},
            {"speed_kmh": 6.57552},
            {"timestamp": "Sun Jan 15 15:09:20 UTC 2017"}
        ],
        [
            {"location": [[
                {"latitude": 60.02871},
                {"longitude": 11.115525}
            ]]},
            {"altitude": 182},
            {"distance_km": 3.88302},
            {"speed_kmh": 9.87726},
            {"timestamp": "Sun Jan 15 15:09:29 UTC 2017"}
        ],
        [
            {"location": [[
                {"latitude": 60.028895},
                {"longitude": 11.115397}
            ]]},
            {"altitude": 182},
            {"distance_km": 3.90487},
            {"speed_kmh": 10.2279},
            {"timestamp": "Sun Jan 15 15:09:37 UTC 2017"}
        ],
        [
            {"location": [[
                {"latitude": 60.028967},
                {"longitude": 11.115351}
            ]]},
            {"altitude": 182},
            {"distance_km": 3.91327},
            {"speed_kmh": 9.93992},
            {"timestamp": "Sun Jan 15 15:09:40 UTC 2017"}
        ],
        [
            {"location": [[
                {"latitude": 60.029171},
                {"longitude": 11.115229}
            ]]},
            {"altitude": 180},
            {"distance_km": 3.93705},
            {"speed_kmh": 9.80905},
            {"timestamp": "Sun Jan 15 15:09:49 UTC 2017"}
        ],
        [
            {"location": [[
                {"latitude": 60.029363},
                {"longitude": 11.115093}
            ]]},
            {"altitude": 176},
            {"distance_km": 3.95971},
            {"speed_kmh": 9.25166},
            {"timestamp": "Sun Jan 15 15:09:59 UTC 2017"}
        ],
        [
            {"location": [[
                {"latitude": 60.029527},
                {"longitude": 11.11499}
            ]]},
            {"altitude": 172},
            {"distance_km": 3.97878},
            {"speed_kmh": 8.43306},
            {"timestamp": "Sun Jan 15 15:10:08 UTC 2017"}
        ],
        [
            {"location": [[
                {"latitude": 60.029742},
                {"longitude": 11.114942}
            ]]},
            {"altitude": 172},
            {"distance_km": 4.00296},
            {"speed_kmh": 7.49396},
            {"timestamp": "Sun Jan 15 15:10:21 UTC 2017"}
        ],
        [
            {"location": [[
                {"latitude": 60.029927},
                {"longitude": 11.114898}
            ]]},
            {"altitude": 172},
            {"distance_km": 4.02374},
            {"speed_kmh": 6.43671},
            {"timestamp": "Sun Jan 15 15:10:36 UTC 2017"}
        ],
        [
            {"location": [[
                {"latitude": 60.03002},
                {"longitude": 11.114744}
            ]]},
            {"altitude": 174},
            {"distance_km": 4.03715},
            {"speed_kmh": 5.50382},
            {"timestamp": "Sun Jan 15 15:10:46 UTC 2017"}
        ],
        [
            {"location": [[
                {"latitude": 60.03002},
                {"longitude": 11.114744}
            ]]},
            {"altitude": 174},
            {"distance_km": 4.03715},
            {"timestamp": "Sun Jan 15 15:10:53 UTC 2017"}
        ],
        [
            {"location": [[
                {"latitude": 60.03002},
                {"longitude": 11.114744}
            ]]},
            {"altitude": 174},
            {"distance_km": 4.03715},
            {"timestamp": "Sun Jan 15 15:10:54 UTC 2017"}
        ],
        [
            {"location": [[
                {"latitude": 60.029969},
                {"longitude": 11.114474}
            ]]},
            {"altitude": 176},
            {"distance_km": 4.06923},
            {"speed_kmh": 1.20343},
            {"timestamp": "Sun Jan 15 15:11:10 UTC 2017"}
        ],
        [
            {"location": [[
                {"latitude": 60.029906},
                {"longitude": 11.114147}
            ]]},
            {"altitude": 175},
            {"distance_km": 4.08877},
            {"speed_kmh": 3.54796},
            {"timestamp": "Sun Jan 15 15:11:20 UTC 2017"}
        ],
        [
            {"location": [[
                {"latitude": 60.029806},
                {"longitude": 11.113994}
            ]]},
            {"altitude": 175},
            {"distance_km": 4.10276},
            {"speed_kmh": 5.64668},
            {"timestamp": "Sun Jan 15 15:11:28 UTC 2017"}
        ],
        [
            {"location": [[
                {"latitude": 60.02969},
                {"longitude": 11.113877}
            ]]},
            {"altitude": 175},
            {"distance_km": 4.11731},
            {"speed_kmh": 6.62052},
            {"timestamp": "Sun Jan 15 15:11:36 UTC 2017"}
        ],
        [
            {"location": [[
                {"latitude": 60.029532},
                {"longitude": 11.113704}
            ]]},
            {"altitude": 179},
            {"distance_km": 4.13735},
            {"speed_kmh": 6.46619},
            {"timestamp": "Sun Jan 15 15:11:47 UTC 2017"}
        ],
        [
            {"location": [[
                {"latitude": 60.029294},
                {"longitude": 11.113503}
            ]]},
            {"altitude": 178},
            {"distance_km": 4.16616},
            {"speed_kmh": 7.82398},
            {"timestamp": "Sun Jan 15 15:11:57 UTC 2017"}
        ],
        [
            {"location": [[
                {"latitude": 60.029098},
                {"longitude": 11.11332}
            ]]},
            {"altitude": 176},
            {"distance_km": 4.19017},
            {"speed_kmh": 9.24883},
            {"timestamp": "Sun Jan 15 15:12:05 UTC 2017"}
        ],
        [
            {"location": [[
                {"latitude": 60.02892},
                {"longitude": 11.113179}
            ]]},
            {"altitude": 176},
            {"distance_km": 4.21159},
            {"speed_kmh": 10.7301},
            {"timestamp": "Sun Jan 15 15:12:12 UTC 2017"}
        ],
        [
            {"location": [[
                {"latitude": 60.028843},
                {"longitude": 11.113121}
            ]]},
            {"altitude": 176},
            {"distance_km": 4.22074},
            {"speed_kmh": 10.9326},
            {"timestamp": "Sun Jan 15 15:12:15 UTC 2017"}
        ],
        [
            {"location": [[
                {"latitude": 60.02865},
                {"longitude": 11.112975}
            ]]},
            {"altitude": 179},
            {"distance_km": 4.24369},
            {"speed_kmh": 10.773},
            {"timestamp": "Sun Jan 15 15:12:23 UTC 2017"}
        ],
        [
            {"location": [[
                {"latitude": 60.028474},
                {"longitude": 11.112825}
            ]]},
            {"altitude": 178},
            {"distance_km": 4.26504},
            {"speed_kmh": 10.3031},
            {"timestamp": "Sun Jan 15 15:12:31 UTC 2017"}
        ],
        [
            {"location": [[
                {"latitude": 60.028271},
                {"longitude": 11.112642}
            ]]},
            {"altitude": 179},
            {"distance_km": 4.28982},
            {"speed_kmh": 9.94949},
            {"timestamp": "Sun Jan 15 15:12:40 UTC 2017"}
        ],
        [
            {"location": [[
                {"latitude": 60.028035},
                {"longitude": 11.112419}
            ]]},
            {"altitude": 174},
            {"distance_km": 4.31891},
            {"speed_kmh": 9.67581},
            {"timestamp": "Sun Jan 15 15:12:51 UTC 2017"}
        ],
        [
            {"location": [[
                {"latitude": 60.027826},
                {"longitude": 11.11222}
            ]]},
            {"altitude": 176},
            {"distance_km": 4.34471},
            {"speed_kmh": 9.92022},
            {"timestamp": "Sun Jan 15 15:13:00 UTC 2017"}
        ],
        [
            {"location": [[
                {"latitude": 60.027651},
                {"longitude": 11.112053}
            ]]},
            {"altitude": 175},
            {"distance_km": 4.36634},
            {"speed_kmh": 9.85939},
            {"timestamp": "Sun Jan 15 15:13:08 UTC 2017"}
        ],
        [
            {"location": [[
                {"latitude": 60.027485},
                {"longitude": 11.111852}
            ]]},
            {"altitude": 176},
            {"distance_km": 4.38797},
            {"speed_kmh": 9.93543},
            {"timestamp": "Sun Jan 15 15:13:16 UTC 2017"}
        ],
        [
            {"location": [[
                {"latitude": 60.027332},
                {"longitude": 11.111717}
            ]]},
            {"altitude": 176},
            {"distance_km": 4.40663},
            {"speed_kmh": 9.68781},
            {"timestamp": "Sun Jan 15 15:13:23 UTC 2017"}
        ],
        [
            {"location": [[
                {"latitude": 60.027225},
                {"longitude": 11.111626}
            ]]},
            {"altitude": 174},
            {"distance_km": 4.41956},
            {"speed_kmh": 9.55049},
            {"timestamp": "Sun Jan 15 15:13:28 UTC 2017"}
        ],
        [
            {"location": [[
                {"latitude": 60.02712},
                {"longitude": 11.111539}
            ]]},
            {"altitude": 175},
            {"distance_km": 4.43221},
            {"speed_kmh": 9.33829},
            {"timestamp": "Sun Jan 15 15:13:33 UTC 2017"}
        ],
        [
            {"location": [[
                {"latitude": 60.027009},
                {"longitude": 11.11142}
            ]]},
            {"altitude": 171},
            {"distance_km": 4.44621},
            {"speed_kmh": 8.93932},
            {"timestamp": "Sun Jan 15 15:13:39 UTC 2017"}
        ],
        [
            {"location": [[
                {"latitude": 60.026428},
                {"longitude": 11.110675}
            ]]},
            {"altitude": 159},
            {"distance_km": 4.5232},
            {"timestamp": "Sun Jan 15 15:14:16 UTC 2017"}
        ],
        [
            {"location": [[
                {"latitude": 60.026382},
                {"longitude": 11.110382}
            ]]},
            {"altitude": 157},
            {"distance_km": 4.54033},
            {"timestamp": "Sun Jan 15 15:14:21 UTC 2017"}
        ],
        [
            {"location": [[
                {"latitude": 60.026315},
                {"longitude": 11.110103}
            ]]},
            {"altitude": 160},
            {"distance_km": 4.55756},
            {"speed_kmh": 10.7417},
            {"timestamp": "Sun Jan 15 15:14:26 UTC 2017"}
        ],
        [
            {"location": [[
                {"latitude": 60.026262},
                {"longitude": 11.109905}
            ]]},
            {"altitude": 161},
            {"distance_km": 4.57009},
            {"speed_kmh": 12.0002},
            {"timestamp": "Sun Jan 15 15:14:30 UTC 2017"}
        ],
        [
            {"location": [[
                {"latitude": 60.026135},
                {"longitude": 11.10953}
            ]]},
            {"altitude": 163},
            {"distance_km": 4.59528},
            {"speed_kmh": 11.2502},
            {"timestamp": "Sun Jan 15 15:14:39 UTC 2017"}
        ],
        [
            {"location": [[
                {"latitude": 60.026051},
                {"longitude": 11.109344}
            ]]},
            {"altitude": 164},
            {"distance_km": 4.60928},
            {"speed_kmh": 9.91551},
            {"timestamp": "Sun Jan 15 15:14:45 UTC 2017"}
        ],
        [
            {"location": [[
                {"latitude": 60.025973},
                {"longitude": 11.109134}
            ]]},
            {"altitude": 164},
            {"distance_km": 4.6239},
            {"speed_kmh": 9.08271},
            {"timestamp": "Sun Jan 15 15:14:51 UTC 2017"}
        ],
        [
            {"location": [[
                {"latitude": 60.025872},
                {"longitude": 11.108774}
            ]]},
            {"altitude": 163},
            {"distance_km": 4.64691},
            {"speed_kmh": 8.48389},
            {"timestamp": "Sun Jan 15 15:15:01 UTC 2017"}
        ],
        [
            {"location": [[
                {"latitude": 60.025756},
                {"longitude": 11.108425}
            ]]},
            {"altitude": 160},
            {"distance_km": 4.67019},
            {"speed_kmh": 8.47731},
            {"timestamp": "Sun Jan 15 15:15:11 UTC 2017"}
        ],
        [
            {"location": [[
                {"latitude": 60.025643},
                {"longitude": 11.108004}
            ]]},
            {"altitude": 159},
            {"distance_km": 4.69686},
            {"speed_kmh": 8.46389},
            {"timestamp": "Sun Jan 15 15:15:22 UTC 2017"}
        ],
        [
            {"location": [[
                {"latitude": 60.025508},
                {"longitude": 11.10767}
            ]]},
            {"altitude": 161},
            {"distance_km": 4.72083},
            {"speed_kmh": 8.89722},
            {"timestamp": "Sun Jan 15 15:15:31 UTC 2017"}
        ],
        [
            {"location": [[
                {"latitude": 60.025357},
                {"longitude": 11.107337}
            ]]},
            {"altitude": 162},
            {"distance_km": 4.74584},
            {"speed_kmh": 9.44113},
            {"timestamp": "Sun Jan 15 15:15:40 UTC 2017"}
        ],
        [
            {"location": [[
                {"latitude": 60.025276},
                {"longitude": 11.10717}
            ]]},
            {"altitude": 165},
            {"distance_km": 4.75885},
            {"speed_kmh": 9.65439},
            {"timestamp": "Sun Jan 15 15:15:45 UTC 2017"}
        ],
        [
            {"location": [[
                {"latitude": 60.025216},
                {"longitude": 11.106836}
            ]]},
            {"altitude": 163},
            {"distance_km": 4.77859},
            {"speed_kmh": 9.41684},
            {"timestamp": "Sun Jan 15 15:15:53 UTC 2017"}
        ],
        [
            {"location": [[
                {"latitude": 60.0252},
                {"longitude": 11.106445}
            ]]},
            {"altitude": 165},
            {"distance_km": 4.80049},
            {"speed_kmh": 9.00393},
            {"timestamp": "Sun Jan 15 15:16:02 UTC 2017"}
        ],
        [
            {"location": [[
                {"latitude": 60.025141},
                {"longitude": 11.106241}
            ]]},
            {"altitude": 161},
            {"distance_km": 4.81364},
            {"speed_kmh": 9.035},
            {"timestamp": "Sun Jan 15 15:16:07 UTC 2017"}
        ],
        [
            {"location": [[
                {"latitude": 60.025074},
                {"longitude": 11.105859}
            ]]},
            {"altitude": 162},
            {"distance_km": 4.83619},
            {"speed_kmh": 9.46028},
            {"timestamp": "Sun Jan 15 15:16:15 UTC 2017"}
        ],
        [
            {"location": [[
                {"latitude": 60.025028},
                {"longitude": 11.105541}
            ]]},
            {"altitude": 165},
            {"distance_km": 4.85469},
            {"speed_kmh": 9.31143},
            {"timestamp": "Sun Jan 15 15:16:23 UTC 2017"}
        ],
        [
            {"location": [[
                {"latitude": 60.025007},
                {"longitude": 11.105261}
            ]]},
            {"altitude": 164},
            {"distance_km": 4.87048},
            {"speed_kmh": 8.85736},
            {"timestamp": "Sun Jan 15 15:16:30 UTC 2017"}
        ],
        [
            {"location": [[
                {"latitude": 60.025013},
                {"longitude": 11.104712}
            ]]},
            {"altitude": 162},
            {"distance_km": 4.90107},
            {"speed_kmh": 8.30272},
            {"timestamp": "Sun Jan 15 15:16:43 UTC 2017"}
        ],
        [
            {"location": [[
                {"latitude": 60.024997},
                {"longitude": 11.104523}
            ]]},
            {"altitude": 161},
            {"distance_km": 4.91176},
            {"speed_kmh": 6.95102},
            {"timestamp": "Sun Jan 15 15:16:52 UTC 2017"}
        ],
        [
            {"location": [[
                {"latitude": 60.024975},
                {"longitude": 11.104226}
            ]]},
            {"altitude": 161},
            {"distance_km": 4.92852},
            {"speed_kmh": 6.26322},
            {"timestamp": "Sun Jan 15 15:17:02 UTC 2017"}
        ],
        [
            {"location": [[
                {"latitude": 60.024871},
                {"longitude": 11.103931}
            ]]},
            {"altitude": 161},
            {"distance_km": 4.9486},
            {"speed_kmh": 5.2867},
            {"timestamp": "Sun Jan 15 15:17:15 UTC 2017"}
        ],
        [
            {"location": [[
                {"latitude": 60.024756},
                {"longitude": 11.103559}
            ]]},
            {"altitude": 157},
            {"distance_km": 4.97303},
            {"speed_kmh": 5.96051},
            {"timestamp": "Sun Jan 15 15:17:29 UTC 2017"}
        ],
        [
            {"location": [[
                {"latitude": 60.024706},
                {"longitude": 11.10333}
            ]]},
            {"altitude": 157},
            {"distance_km": 4.98693},
            {"speed_kmh": 6.02977},
            {"timestamp": "Sun Jan 15 15:17:37 UTC 2017"}
        ],
        [
            {"location": [[
                {"latitude": 60.024599},
                {"longitude": 11.103073}
            ]]},
            {"altitude": 155},
            {"distance_km": 5.00562},
            {"speed_kmh": 6.21718},
            {"timestamp": "Sun Jan 15 15:17:48 UTC 2017"}
        ],
        [
            {"location": [[
                {"latitude": 60.024491},
                {"longitude": 11.10313}
            ]]},
            {"altitude": 155},
            {"distance_km": 5.01807},
            {"speed_kmh": 5.98735},
            {"timestamp": "Sun Jan 15 15:17:56 UTC 2017"}
        ],
        [
            {"location": [[
                {"latitude": 60.024376},
                {"longitude": 11.103401}
            ]]},
            {"altitude": 155},
            {"distance_km": 5.03784},
            {"speed_kmh": 5.72763},
            {"timestamp": "Sun Jan 15 15:18:09 UTC 2017"}
        ],
        [
            {"location": [[
                {"latitude": 60.024181},
                {"longitude": 11.103911}
            ]]},
            {"altitude": 156},
            {"distance_km": 5.07366},
            {"speed_kmh": 6.55454},
            {"timestamp": "Sun Jan 15 15:18:24 UTC 2017"}
        ],
        [
            {"location": [[
                {"latitude": 60.024036},
                {"longitude": 11.104224}
            ]]},
            {"altitude": 159},
            {"distance_km": 5.09741},
            {"speed_kmh": 8.23627},
            {"timestamp": "Sun Jan 15 15:18:32 UTC 2017"}
        ],
        [
            {"location": [[
                {"latitude": 60.023914},
                {"longitude": 11.104555}
            ]]},
            {"altitude": 159},
            {"distance_km": 5.1203},
            {"speed_kmh": 9.18104},
            {"timestamp": "Sun Jan 15 15:18:42 UTC 2017"}
        ],
        [
            {"location": [[
                {"latitude": 60.023835},
                {"longitude": 11.104793}
            ]]},
            {"altitude": 159},
            {"distance_km": 5.13626},
            {"speed_kmh": 10.1424},
            {"timestamp": "Sun Jan 15 15:18:47 UTC 2017"}
        ],
        [
            {"location": [[
                {"latitude": 60.023753},
                {"longitude": 11.105142}
            ]]},
            {"altitude": 159},
            {"distance_km": 5.15777},
            {"speed_kmh": 8.93932},
            {"timestamp": "Sun Jan 15 15:18:58 UTC 2017"}
        ],
        [
            {"location": [[
                {"latitude": 60.023481},
                {"longitude": 11.105128}
            ]]},
            {"altitude": 157},
            {"distance_km": 5.18813},
            {"speed_kmh": 8.77431},
            {"timestamp": "Sun Jan 15 15:19:12 UTC 2017"}
        ],
        [
            {"location": [[
                {"latitude": 60.02333},
                {"longitude": 11.105334}
            ]]},
            {"altitude": 160},
            {"distance_km": 5.20844},
            {"speed_kmh": 7.65625},
            {"timestamp": "Sun Jan 15 15:19:21 UTC 2017"}
        ],
        [
            {"location": [[
                {"latitude": 60.02325},
                {"longitude": 11.105661}
            ]]},
            {"altitude": 164},
            {"distance_km": 5.22875},
            {"speed_kmh": 7.34126},
            {"timestamp": "Sun Jan 15 15:19:33 UTC 2017"}
        ],
        [
            {"location": [[
                {"latitude": 60.023005},
                {"longitude": 11.105467}
            ]]},
            {"altitude": 165},
            {"distance_km": 5.25811},
            {"speed_kmh": 7.45163},
            {"timestamp": "Sun Jan 15 15:19:46 UTC 2017"}
        ],
        [
            {"location": [[
                {"latitude": 60.022898},
                {"longitude": 11.105307}
            ]]},
            {"altitude": 168},
            {"distance_km": 5.273},
            {"speed_kmh": 6.97581},
            {"timestamp": "Sun Jan 15 15:19:54 UTC 2017"}
        ],
        [
            {"location": [[
                {"latitude": 60.02278},
                {"longitude": 11.105177}
            ]]},
            {"altitude": 173},
            {"distance_km": 5.28807},
            {"speed_kmh": 6.75284},
            {"timestamp": "Sun Jan 15 15:20:04 UTC 2017"}
        ],
        [
            {"location": [[
                {"latitude": 60.022702},
                {"longitude": 11.105109}
            ]]},
            {"altitude": 174},
            {"distance_km": 5.29752},
            {"speed_kmh": 5.66041},
            {"timestamp": "Sun Jan 15 15:20:11 UTC 2017"}
        ],
        [
            {"location": [[
                {"latitude": 60.022534},
                {"longitude": 11.105003}
            ]]},
            {"altitude": 174},
            {"distance_km": 5.31716},
            {"speed_kmh": 4.9008},
            {"timestamp": "Sun Jan 15 15:20:27 UTC 2017"}
        ],
        [
            {"location": [[
                {"latitude": 60.022372},
                {"longitude": 11.104862}
            ]]},
            {"altitude": 175},
            {"distance_km": 5.33684},
            {"speed_kmh": 4.66686},
            {"timestamp": "Sun Jan 15 15:20:42 UTC 2017"}
        ],
        [
            {"location": [[
                {"latitude": 60.022222},
                {"longitude": 11.104696}
            ]]},
            {"altitude": 177},
            {"distance_km": 5.35595},
            {"speed_kmh": 4.95824},
            {"timestamp": "Sun Jan 15 15:20:54 UTC 2017"}
        ],
        [
            {"location": [[
                {"latitude": 60.022066},
                {"longitude": 11.10469}
            ]]},
            {"altitude": 176},
            {"distance_km": 5.37332},
            {"speed_kmh": 5.08844},
            {"timestamp": "Sun Jan 15 15:21:07 UTC 2017"}
        ],
        [
            {"location": [[
                {"latitude": 60.021885},
                {"longitude": 11.104667}
            ]]},
            {"altitude": 172},
            {"distance_km": 5.3935},
            {"speed_kmh": 5.24396},
            {"timestamp": "Sun Jan 15 15:21:21 UTC 2017"}
        ],
        [
            {"location": [[
                {"latitude": 60.021681},
                {"longitude": 11.104663}
            ]]},
            {"altitude": 170},
            {"distance_km": 5.41623},
            {"speed_kmh": 6.06061},
            {"timestamp": "Sun Jan 15 15:21:31 UTC 2017"}
        ],
        [
            {"location": [[
                {"latitude": 60.021469},
                {"longitude": 11.104663}
            ]]},
            {"altitude": 173},
            {"distance_km": 5.43989},
            {"speed_kmh": 8.51475},
            {"timestamp": "Sun Jan 15 15:21:38 UTC 2017"}
        ],
        [
            {"location": [[
                {"latitude": 60.021301},
                {"longitude": 11.104714}
            ]]},
            {"altitude": 173},
            {"distance_km": 5.45887},
            {"speed_kmh": 10.5806},
            {"timestamp": "Sun Jan 15 15:21:44 UTC 2017"}
        ],
        [
            {"location": [[
                {"latitude": 60.021167},
                {"longitude": 11.104785}
            ]]},
            {"altitude": 172},
            {"distance_km": 5.47423},
            {"speed_kmh": 10.9248},
            {"timestamp": "Sun Jan 15 15:21:50 UTC 2017"}
        ],
        [
            {"location": [[
                {"latitude": 60.020972},
                {"longitude": 11.104963}
            ]]},
            {"altitude": 179},
            {"distance_km": 5.49819},
            {"speed_kmh": 10.0614},
            {"timestamp": "Sun Jan 15 15:21:59 UTC 2017"}
        ],
        [
            {"location": [[
                {"latitude": 60.020781},
                {"longitude": 11.105166}
            ]]},
            {"altitude": 178},
            {"distance_km": 5.52227},
            {"speed_kmh": 9.47868},
            {"timestamp": "Sun Jan 15 15:22:08 UTC 2017"}
        ],
        [
            {"location": [[
                {"latitude": 60.020665},
                {"longitude": 11.105312}
            ]]},
            {"altitude": 182},
            {"distance_km": 5.53751},
            {"speed_kmh": 9.45329},
            {"timestamp": "Sun Jan 15 15:22:14 UTC 2017"}
        ],
        [
            {"location": [[
                {"latitude": 60.020546},
                {"longitude": 11.105568}
            ]]},
            {"altitude": 179},
            {"distance_km": 5.55699},
            {"speed_kmh": 9.1807},
            {"timestamp": "Sun Jan 15 15:22:22 UTC 2017"}
        ],
        [
            {"location": [[
                {"latitude": 60.020653},
                {"longitude": 11.105761}
            ]]},
            {"altitude": 182},
            {"distance_km": 5.57303},
            {"speed_kmh": 9.17502},
            {"timestamp": "Sun Jan 15 15:22:28 UTC 2017"}
        ],
        [
            {"location": [[
                {"latitude": 60.02084},
                {"longitude": 11.105937}
            ]]},
            {"altitude": 179},
            {"distance_km": 5.59602},
            {"speed_kmh": 9.57941},
            {"timestamp": "Sun Jan 15 15:22:36 UTC 2017"}
        ],
        [
            {"location": [[
                {"latitude": 60.020905},
                {"longitude": 11.106018}
            ]]},
            {"altitude": 177},
            {"distance_km": 5.60456},
            {"speed_kmh": 10.0679},
            {"timestamp": "Sun Jan 15 15:22:39 UTC 2017"}
        ],
        [
            {"location": [[
                {"latitude": 60.021073},
                {"longitude": 11.106189}
            ]]},
            {"altitude": 177},
            {"distance_km": 5.62558},
            {"speed_kmh": 10.0145},
            {"timestamp": "Sun Jan 15 15:22:47 UTC 2017"}
        ],
        [
            {"location": [[
                {"latitude": 60.021256},
                {"longitude": 11.106358}
            ]]},
            {"altitude": 178},
            {"distance_km": 5.64805},
            {"speed_kmh": 9.93406},
            {"timestamp": "Sun Jan 15 15:22:55 UTC 2017"}
        ],
        [
            {"location": [[
                {"latitude": 60.02145},
                {"longitude": 11.106494}
            ]]},
            {"altitude": 177},
            {"distance_km": 5.67096},
            {"speed_kmh": 9.96134},
            {"timestamp": "Sun Jan 15 15:23:03 UTC 2017"}
        ],
        [
            {"location": [[
                {"latitude": 60.021654},
                {"longitude": 11.106612}
            ]]},
            {"altitude": 177},
            {"distance_km": 5.69466},
            {"speed_kmh": 9.96779},
            {"timestamp": "Sun Jan 15 15:23:12 UTC 2017"}
        ],
        [
            {"location": [[
                {"latitude": 60.021824},
                {"longitude": 11.106692}
            ]]},
            {"altitude": 175},
            {"distance_km": 5.71404},
            {"speed_kmh": 9.92135},
            {"timestamp": "Sun Jan 15 15:23:19 UTC 2017"}
        ],
        [
            {"location": [[
                {"latitude": 60.022003},
                {"longitude": 11.106783}
            ]]},
            {"altitude": 176},
            {"distance_km": 5.73467},
            {"speed_kmh": 10.0115},
            {"timestamp": "Sun Jan 15 15:23:26 UTC 2017"}
        ],
        [
            {"location": [[
                {"latitude": 60.022206},
                {"longitude": 11.10692}
            ]]},
            {"altitude": 178},
            {"distance_km": 5.75849},
            {"speed_kmh": 10.4287},
            {"timestamp": "Sun Jan 15 15:23:34 UTC 2017"}
        ],
        [
            {"location": [[
                {"latitude": 60.022395},
                {"longitude": 11.107007}
            ]]},
            {"altitude": 171},
            {"distance_km": 5.78013},
            {"speed_kmh": 10.3502},
            {"timestamp": "Sun Jan 15 15:23:42 UTC 2017"}
        ],
        [
            {"location": [[
                {"latitude": 60.022613},
                {"longitude": 11.107126}
            ]]},
            {"altitude": 170},
            {"distance_km": 5.80536},
            {"speed_kmh": 10.1882},
            {"timestamp": "Sun Jan 15 15:23:51 UTC 2017"}
        ],
        [
            {"location": [[
                {"latitude": 60.022813},
                {"longitude": 11.107249}
            ]]},
            {"altitude": 167},
            {"distance_km": 5.82867},
            {"speed_kmh": 9.71831},
            {"timestamp": "Sun Jan 15 15:24:00 UTC 2017"}
        ],
        [
            {"location": [[
                {"latitude": 60.023027},
                {"longitude": 11.107352}
            ]]},
            {"altitude": 165},
            {"distance_km": 5.85312},
            {"speed_kmh": 9.73626},
            {"timestamp": "Sun Jan 15 15:24:09 UTC 2017"}
        ],
        [
            {"location": [[
                {"latitude": 60.023178},
                {"longitude": 11.107417}
            ]]},
            {"altitude": 162},
            {"distance_km": 5.8704},
            {"speed_kmh": 9.82297},
            {"timestamp": "Sun Jan 15 15:24:15 UTC 2017"}
        ],
        [
            {"location": [[
                {"latitude": 60.023402},
                {"longitude": 11.107505}
            ]]},
            {"altitude": 157},
            {"distance_km": 5.89575},
            {"speed_kmh": 9.75755},
            {"timestamp": "Sun Jan 15 15:24:25 UTC 2017"}
        ],
        [
            {"location": [[
                {"latitude": 60.02356},
                {"longitude": 11.107585}
            ]]},
            {"altitude": 159},
            {"distance_km": 5.91398},
            {"speed_kmh": 8.67812},
            {"timestamp": "Sun Jan 15 15:24:35 UTC 2017"}
        ],
        [
            {"location": [[
                {"latitude": 60.023615},
                {"longitude": 11.10799}
            ]]},
            {"altitude": 159},
            {"distance_km": 5.93739},
            {"speed_kmh": 8.0388},
            {"timestamp": "Sun Jan 15 15:24:45 UTC 2017"}
        ],
        [
            {"location": [[
                {"latitude": 60.023639},
                {"longitude": 11.108357}
            ]]},
            {"altitude": 162},
            {"distance_km": 5.95801},
            {"speed_kmh": 7.47126},
            {"timestamp": "Sun Jan 15 15:24:55 UTC 2017"}
        ],
        [
            {"location": [[
                {"latitude": 60.023594},
                {"longitude": 11.108738}
            ]]},
            {"altitude": 163},
            {"distance_km": 5.97983},
            {"speed_kmh": 8.19679},
            {"timestamp": "Sun Jan 15 15:25:04 UTC 2017"}
        ],
        [
            {"location": [[
                {"latitude": 60.023519},
                {"longitude": 11.109094}
            ]]},
            {"altitude": 166},
            {"distance_km": 6.00138},
            {"speed_kmh": 8.25711},
            {"timestamp": "Sun Jan 15 15:25:13 UTC 2017"}
        ],
        [
            {"location": [[
                {"latitude": 60.02338},
                {"longitude": 11.109532}
            ]]},
            {"altitude": 169},
            {"distance_km": 6.03032},
            {"speed_kmh": 8.09886},
            {"timestamp": "Sun Jan 15 15:25:28 UTC 2017"}
        ],
        [
            {"location": [[
                {"latitude": 60.023275},
                {"longitude": 11.109817}
            ]]},
            {"altitude": 171},
            {"distance_km": 6.04998},
            {"speed_kmh": 7.15446},
            {"timestamp": "Sun Jan 15 15:25:40 UTC 2017"}
        ],
        [
            {"location": [[
                {"latitude": 60.023222},
                {"longitude": 11.110079}
            ]]},
            {"altitude": 172},
            {"distance_km": 6.06576},
            {"speed_kmh": 5.73774},
            {"timestamp": "Sun Jan 15 15:25:53 UTC 2017"}
        ],
        [
            {"location": [[
                {"latitude": 60.023149},
                {"longitude": 11.110286}
            ]]},
            {"altitude": 173},
            {"distance_km": 6.07988},
            {"speed_kmh": 4.83388},
            {"timestamp": "Sun Jan 15 15:26:05 UTC 2017"}
        ],
        [
            {"location": [[
                {"latitude": 60.023067},
                {"longitude": 11.110449}
            ]]},
            {"altitude": 175},
            {"distance_km": 6.09277},
            {"speed_kmh": 5.07754},
            {"timestamp": "Sun Jan 15 15:26:12 UTC 2017"}
        ],
        [
            {"location": [[
                {"latitude": 60.022943},
                {"longitude": 11.110762}
            ]]},
            {"altitude": 177},
            {"distance_km": 6.11505},
            {"speed_kmh": 6.29396},
            {"timestamp": "Sun Jan 15 15:26:22 UTC 2017"}
        ],
        [
            {"location": [[
                {"latitude": 60.022869},
                {"longitude": 11.110984}
            ]]},
            {"altitude": 178},
            {"distance_km": 6.12989},
            {"speed_kmh": 6.66159},
            {"timestamp": "Sun Jan 15 15:26:32 UTC 2017"}
        ],
        [
            {"location": [[
                {"latitude": 60.022806},
                {"longitude": 11.111168}
            ]]},
            {"altitude": 178},
            {"distance_km": 6.14239},
            {"speed_kmh": 6.12078},
            {"timestamp": "Sun Jan 15 15:26:41 UTC 2017"}
        ],
        [
            {"location": [[
                {"latitude": 60.022699},
                {"longitude": 11.111493}
            ]]},
            {"altitude": 179},
            {"distance_km": 6.16401},
            {"speed_kmh": 5.8062},
            {"timestamp": "Sun Jan 15 15:26:52 UTC 2017"}
        ],
        [
            {"location": [[
                {"latitude": 60.022574},
                {"longitude": 11.111838}
            ]]},
            {"altitude": 179},
            {"distance_km": 6.18778},
            {"speed_kmh": 6.22004},
            {"timestamp": "Sun Jan 15 15:27:05 UTC 2017"}
        ],
        [
            {"location": [[
                {"latitude": 60.022484},
                {"longitude": 11.112145}
            ]]},
            {"altitude": 180},
            {"distance_km": 6.2076},
            {"speed_kmh": 6.53413},
            {"timestamp": "Sun Jan 15 15:27:17 UTC 2017"}
        ],
        [
            {"location": [[
                {"latitude": 60.022429},
                {"longitude": 11.112458}
            ]]},
            {"altitude": 181},
            {"distance_km": 6.22612},
            {"speed_kmh": 6.19576},
            {"timestamp": "Sun Jan 15 15:27:28 UTC 2017"}
        ],
        [
            {"location": [[
                {"latitude": 60.022363},
                {"longitude": 11.112816}
            ]]},
            {"altitude": 181},
            {"distance_km": 6.24739},
            {"speed_kmh": 7.1938},
            {"timestamp": "Sun Jan 15 15:27:36 UTC 2017"}
        ],
        [
            {"location": [[
                {"latitude": 60.022308},
                {"longitude": 11.113225}
            ]]},
            {"altitude": 180},
            {"distance_km": 6.27099},
            {"speed_kmh": 8.04448},
            {"timestamp": "Sun Jan 15 15:27:46 UTC 2017"}
        ],
        [
            {"location": [[
                {"latitude": 60.022285},
                {"longitude": 11.113474}
            ]]},
            {"altitude": 180},
            {"distance_km": 6.28513},
            {"speed_kmh": 8.85274},
            {"timestamp": "Sun Jan 15 15:27:52 UTC 2017"}
        ],
        [
            {"location": [[
                {"latitude": 60.022252},
                {"longitude": 11.113701}
            ]]},
            {"altitude": 180},
            {"distance_km": 6.29828},
            {"speed_kmh": 8.81427},
            {"timestamp": "Sun Jan 15 15:27:57 UTC 2017"}
        ],
        [
            {"location": [[
                {"latitude": 60.022228},
                {"longitude": 11.11391}
            ]]},
            {"altitude": 178},
            {"distance_km": 6.31024},
            {"speed_kmh": 9.56736},
            {"timestamp": "Sun Jan 15 15:28:01 UTC 2017"}
        ],
        [
            {"location": [[
                {"latitude": 60.022202},
                {"longitude": 11.114265}
            ]]},
            {"altitude": 180},
            {"distance_km": 6.33028},
            {"speed_kmh": 10.1773},
            {"timestamp": "Sun Jan 15 15:28:08 UTC 2017"}
        ],
        [
            {"location": [[
                {"latitude": 60.0222},
                {"longitude": 11.114503}
            ]]},
            {"altitude": 180},
            {"distance_km": 6.34353},
            {"speed_kmh": 10.2022},
            {"timestamp": "Sun Jan 15 15:28:13 UTC 2017"}
        ],
        [
            {"location": [[
                {"latitude": 60.022194},
                {"longitude": 11.114723}
            ]]},
            {"altitude": 181},
            {"distance_km": 6.35581},
            {"speed_kmh": 9.5627},
            {"timestamp": "Sun Jan 15 15:28:18 UTC 2017"}
        ],
        [
            {"location": [[
                {"latitude": 60.022389},
                {"longitude": 11.11481}
            ]]},
            {"altitude": 179},
            {"distance_km": 6.378},
            {"speed_kmh": 8.78805},
            {"timestamp": "Sun Jan 15 15:28:28 UTC 2017"}
        ],
        [
            {"location": [[
                {"latitude": 60.022615},
                {"longitude": 11.114772}
            ]]},
            {"altitude": 180},
            {"distance_km": 6.40328},
            {"speed_kmh": 8.98212},
            {"timestamp": "Sun Jan 15 15:28:37 UTC 2017"}
        ],
        [
            {"location": [[
                {"latitude": 60.022692},
                {"longitude": 11.114767}
            ]]},
            {"altitude": 182},
            {"distance_km": 6.41195},
            {"speed_kmh": 9.4993},
            {"timestamp": "Sun Jan 15 15:28:40 UTC 2017"}
        ],
        [
            {"location": [[
                {"latitude": 60.022768},
                {"longitude": 11.114767}
            ]]},
            {"altitude": 183},
            {"distance_km": 6.42041},
            {"speed_kmh": 10.2209},
            {"timestamp": "Sun Jan 15 15:28:43 UTC 2017"}
        ],
        [
            {"location": [[
                {"latitude": 60.022999},
                {"longitude": 11.114759}
            ]]},
            {"altitude": 187},
            {"distance_km": 6.44613},
            {"speed_kmh": 10.2765},
            {"timestamp": "Sun Jan 15 15:28:52 UTC 2017"}
        ],
        [
            {"location": [[
                {"latitude": 60.023201},
                {"longitude": 11.114755}
            ]]},
            {"altitude": 188},
            {"distance_km": 6.46856},
            {"speed_kmh": 10.1795},
            {"timestamp": "Sun Jan 15 15:29:00 UTC 2017"}
        ],
        [
            {"location": [[
                {"latitude": 60.023372},
                {"longitude": 11.114774}
            ]]},
            {"altitude": 186},
            {"distance_km": 6.48768},
            {"speed_kmh": 10.0711},
            {"timestamp": "Sun Jan 15 15:29:07 UTC 2017"}
        ],
        [
            {"location": [[
                {"latitude": 60.023461},
                {"longitude": 11.114761}
            ]]},
            {"altitude": 184},
            {"distance_km": 6.49767},
            {"speed_kmh": 9.6424},
            {"timestamp": "Sun Jan 15 15:29:11 UTC 2017"}
        ],
        [
            {"location": [[
                {"latitude": 60.023676},
                {"longitude": 11.114756}
            ]]},
            {"altitude": 179},
            {"distance_km": 6.52159},
            {"speed_kmh": 9.46489},
            {"timestamp": "Sun Jan 15 15:29:20 UTC 2017"}
        ],
        [
            {"location": [[
                {"latitude": 60.02386},
                {"longitude": 11.114755}
            ]]},
            {"altitude": 181},
            {"distance_km": 6.54214},
            {"speed_kmh": 9.26803},
            {"timestamp": "Sun Jan 15 15:29:28 UTC 2017"}
        ],
        [
            {"location": [[
                {"latitude": 60.024067},
                {"longitude": 11.114886}
            ]]},
            {"altitude": 181},
            {"distance_km": 6.56629},
            {"speed_kmh": 8.90464},
            {"timestamp": "Sun Jan 15 15:29:39 UTC 2017"}
        ],
        [
            {"location": [[
                {"latitude": 60.024067},
                {"longitude": 11.114886}
            ]]},
            {"distance_km": 6.56629},
            {"timestamp": "Sun Jan 15 15:29:45 UTC 2017"}
        ],
        [
            {"location": [[
                {"latitude": 60.024067},
                {"longitude": 11.114886}
            ]]},
            {"distance_km": 6.56629},
            {"timestamp": "Sun Jan 15 15:29:47 UTC 2017"}
        ]
    ]}
]