[
    {"sport": "RUNNING"},
    {"source": "TRACK_MOBILE"},
    {"created_date": "2017-01-21 11:15:59.0"},
    {"start_time": "2017-01-21 10:17:33.0"},
    {"end_time": "2017-01-21 11:11:06.0"},
    {"duration_s": 2747},
    {"distance_km": 6.23179817199707},
    {"calories_kcal": 396},
    {"altitude_min_m": 141},
    {"altitude_max_m": 187},
    {"speed_avg_kmh": 8.166899679355462},
    {"speed_max_kmh": 12.5662},
    {"hydration_l": 0.246967},
    {"ascend_m": 98},
    {"descend_m": 124},
    {"points": [
        [
            {"location": [[
                {"latitude": 60.024144},
                {"longitude": 11.115104}
            ]]},
            {"distance_km": 0},
            {"timestamp": "Sat Jan 21 10:17:33 UTC 2017"}
        ],
        [
            {"location": [[
                {"latitude": 60.024144},
                {"longitude": 11.115104}
            ]]},
            {"altitude": 183},
            {"distance_km": 0},
            {"timestamp": "Sat Jan 21 10:17:35 UTC 2017"}
        ],
        [
            {"location": [[
                {"latitude": 60.024114},
                {"longitude": 11.114842}
            ]]},
            {"altitude": 185},
            {"distance_km": 0.029983},
            {"timestamp": "Sat Jan 21 10:17:51 UTC 2017"}
        ],
        [
            {"location": [[
                {"latitude": 60.024406},
                {"longitude": 11.114753}
            ]]},
            {"altitude": 180},
            {"distance_km": 0.062911},
            {"timestamp": "Sat Jan 21 10:18:03 UTC 2017"}
        ],
        [
            {"location": [[
                {"latitude": 60.024531},
                {"longitude": 11.114753}
            ]]},
            {"altitude": 178},
            {"distance_km": 0.076819},
            {"speed_kmh": 7.75245},
            {"timestamp": "Sat Jan 21 10:18:08 UTC 2017"}
        ],
        [
            {"location": [[
                {"latitude": 60.024617},
                {"longitude": 11.114769}
            ]]},
            {"altitude": 177},
            {"distance_km": 0.086511},
            {"speed_kmh": 10.5023},
            {"timestamp": "Sat Jan 21 10:18:11 UTC 2017"}
        ],
        [
            {"location": [[
                {"latitude": 60.0248},
                {"longitude": 11.114831}
            ]]},
            {"altitude": 174},
            {"distance_km": 0.107143},
            {"speed_kmh": 11.2458},
            {"timestamp": "Sat Jan 21 10:18:17 UTC 2017"}
        ],
        [
            {"location": [[
                {"latitude": 60.025047},
                {"longitude": 11.114996}
            ]]},
            {"altitude": 171},
            {"distance_km": 0.13616},
            {"speed_kmh": 12.3079},
            {"timestamp": "Sat Jan 21 10:18:25 UTC 2017"}
        ],
        [
            {"location": [[
                {"latitude": 60.02524},
                {"longitude": 11.115183}
            ]]},
            {"altitude": 170},
            {"distance_km": 0.160074},
            {"speed_kmh": 12.5662},
            {"timestamp": "Sat Jan 21 10:18:32 UTC 2017"}
        ],
        [
            {"location": [[
                {"latitude": 60.025404},
                {"longitude": 11.115346}
            ]]},
            {"altitude": 167},
            {"distance_km": 0.18045},
            {"speed_kmh": 12.023},
            {"timestamp": "Sat Jan 21 10:18:39 UTC 2017"}
        ],
        [
            {"location": [[
                {"latitude": 60.025558},
                {"longitude": 11.115553}
            ]]},
            {"altitude": 169},
            {"distance_km": 0.201098},
            {"speed_kmh": 11.1633},
            {"timestamp": "Sat Jan 21 10:18:46 UTC 2017"}
        ],
        [
            {"location": [[
                {"latitude": 60.025644},
                {"longitude": 11.115709}
            ]]},
            {"altitude": 172},
            {"distance_km": 0.214052},
            {"speed_kmh": 10.9229},
            {"timestamp": "Sat Jan 21 10:18:50 UTC 2017"}
        ],
        [
            {"location": [[
                {"latitude": 60.025795},
                {"longitude": 11.115936}
            ]]},
            {"altitude": 171},
            {"distance_km": 0.235143},
            {"speed_kmh": 11.0411},
            {"timestamp": "Sat Jan 21 10:18:57 UTC 2017"}
        ],
        [
            {"location": [[
                {"latitude": 60.025962},
                {"longitude": 11.115907}
            ]]},
            {"altitude": 171},
            {"distance_km": 0.253843},
            {"speed_kmh": 11.2522},
            {"timestamp": "Sat Jan 21 10:19:03 UTC 2017"}
        ],
        [
            {"location": [[
                {"latitude": 60.026124},
                {"longitude": 11.115783}
            ]]},
            {"altitude": 170},
            {"distance_km": 0.273121},
            {"speed_kmh": 11.2149},
            {"timestamp": "Sat Jan 21 10:19:09 UTC 2017"}
        ],
        [
            {"location": [[
                {"latitude": 60.026338},
                {"longitude": 11.115839}
            ]]},
            {"altitude": 172},
            {"distance_km": 0.29721},
            {"speed_kmh": 11.2144},
            {"timestamp": "Sat Jan 21 10:19:17 UTC 2017"}
        ],
        [
            {"location": [[
                {"latitude": 60.026296},
                {"longitude": 11.116191}
            ]]},
            {"altitude": 176},
            {"distance_km": 0.317386},
            {"speed_kmh": 9.88061},
            {"timestamp": "Sat Jan 21 10:19:27 UTC 2017"}
        ],
        [
            {"location": [[
                {"latitude": 60.026138},
                {"longitude": 11.116222}
            ]]},
            {"altitude": 178},
            {"distance_km": 0.335104},
            {"speed_kmh": 8.15588},
            {"timestamp": "Sat Jan 21 10:19:37 UTC 2017"}
        ],
        [
            {"location": [[
                {"latitude": 60.026432},
                {"longitude": 11.11605}
            ]]},
            {"altitude": 176},
            {"distance_km": 0.369188},
            {"speed_kmh": 7.27465},
            {"timestamp": "Sat Jan 21 10:19:52 UTC 2017"}
        ],
        [
            {"location": [[
                {"latitude": 60.026666},
                {"longitude": 11.115988}
            ]]},
            {"altitude": 173},
            {"distance_km": 0.395553},
            {"speed_kmh": 7.99935},
            {"timestamp": "Sat Jan 21 10:20:02 UTC 2017"}
        ],
        [
            {"location": [[
                {"latitude": 60.02688},
                {"longitude": 11.115931}
            ]]},
            {"altitude": 174},
            {"distance_km": 0.419612},
            {"speed_kmh": 9.09778},
            {"timestamp": "Sat Jan 21 10:20:11 UTC 2017"}
        ],
        [
            {"location": [[
                {"latitude": 60.027099},
                {"longitude": 11.115852}
            ]]},
            {"altitude": 173},
            {"distance_km": 0.444349},
            {"speed_kmh": 9.66004},
            {"timestamp": "Sat Jan 21 10:20:20 UTC 2017"}
        ],
        [
            {"location": [[
                {"latitude": 60.027344},
                {"longitude": 11.115814}
            ]]},
            {"altitude": 170},
            {"distance_km": 0.471772},
            {"speed_kmh": 9.52072},
            {"timestamp": "Sat Jan 21 10:20:31 UTC 2017"}
        ],
        [
            {"location": [[
                {"latitude": 60.027529},
                {"longitude": 11.115913}
            ]]},
            {"altitude": 170},
            {"distance_km": 0.493064},
            {"speed_kmh": 9.1311},
            {"timestamp": "Sat Jan 21 10:20:40 UTC 2017"}
        ],
        [
            {"location": [[
                {"latitude": 60.027794},
                {"longitude": 11.116011}
            ]]},
            {"altitude": 171},
            {"distance_km": 0.523106},
            {"speed_kmh": 9.44368},
            {"timestamp": "Sat Jan 21 10:20:50 UTC 2017"}
        ],
        [
            {"location": [[
                {"latitude": 60.027983},
                {"longitude": 11.115918}
            ]]},
            {"altitude": 170},
            {"distance_km": 0.544746},
            {"speed_kmh": 10.1474},
            {"timestamp": "Sat Jan 21 10:20:57 UTC 2017"}
        ],
        [
            {"location": [[
                {"latitude": 60.028145},
                {"longitude": 11.115841}
            ]]},
            {"altitude": 170},
            {"distance_km": 0.563352},
            {"speed_kmh": 11.0384},
            {"timestamp": "Sat Jan 21 10:21:03 UTC 2017"}
        ],
        [
            {"location": [[
                {"latitude": 60.028315},
                {"longitude": 11.115781}
            ]]},
            {"altitude": 171},
            {"distance_km": 0.582572},
            {"speed_kmh": 11.2773},
            {"timestamp": "Sat Jan 21 10:21:09 UTC 2017"}
        ],
        [
            {"location": [[
                {"latitude": 60.028469},
                {"longitude": 11.115702}
            ]]},
            {"altitude": 169},
            {"distance_km": 0.600308},
            {"speed_kmh": 11.1157},
            {"timestamp": "Sat Jan 21 10:21:15 UTC 2017"}
        ],
        [
            {"location": [[
                {"latitude": 60.028679},
                {"longitude": 11.115558}
            ]]},
            {"altitude": 167},
            {"distance_km": 0.625041},
            {"speed_kmh": 11.0919},
            {"timestamp": "Sat Jan 21 10:21:23 UTC 2017"}
        ],
        [
            {"location": [[
                {"latitude": 60.028809},
                {"longitude": 11.11546}
            ]]},
            {"altitude": 166},
            {"distance_km": 0.640531},
            {"speed_kmh": 10.9278},
            {"timestamp": "Sat Jan 21 10:21:28 UTC 2017"}
        ],
        [
            {"location": [[
                {"latitude": 60.029028},
                {"longitude": 11.115328}
            ]]},
            {"altitude": 166},
            {"distance_km": 0.66594},
            {"speed_kmh": 11.2264},
            {"timestamp": "Sat Jan 21 10:21:36 UTC 2017"}
        ],
        [
            {"location": [[
                {"latitude": 60.029137},
                {"longitude": 11.115251}
            ]]},
            {"altitude": 165},
            {"distance_km": 0.678861},
            {"speed_kmh": 11.3927},
            {"timestamp": "Sat Jan 21 10:21:40 UTC 2017"}
        ],
        [
            {"location": [[
                {"latitude": 60.029261},
                {"longitude": 11.115169}
            ]]},
            {"altitude": 164},
            {"distance_km": 0.693377},
            {"speed_kmh": 11.1958},
            {"timestamp": "Sat Jan 21 10:21:45 UTC 2017"}
        ],
        [
            {"location": [[
                {"latitude": 60.029458},
                {"longitude": 11.115047}
            ]]},
            {"altitude": 163},
            {"distance_km": 0.716384},
            {"speed_kmh": 10.7889},
            {"timestamp": "Sat Jan 21 10:21:53 UTC 2017"}
        ],
        [
            {"location": [[
                {"latitude": 60.029662},
                {"longitude": 11.114979}
            ]]},
            {"altitude": 161},
            {"distance_km": 0.739398},
            {"speed_kmh": 10.3832},
            {"timestamp": "Sat Jan 21 10:22:01 UTC 2017"}
        ],
        [
            {"location": [[
                {"latitude": 60.029907},
                {"longitude": 11.114957}
            ]]},
            {"altitude": 160},
            {"distance_km": 0.766778},
            {"speed_kmh": 10.5584},
            {"timestamp": "Sat Jan 21 10:22:10 UTC 2017"}
        ],
        [
            {"location": [[
                {"latitude": 60.029951},
                {"longitude": 11.114936}
            ]]},
            {"altitude": 159},
            {"distance_km": 0.771812},
            {"timestamp": "Sat Jan 21 10:22:12 UTC 2017"}
        ],
        [
            {"location": [[
                {"latitude": 60.029942},
                {"longitude": 11.114742}
            ]]},
            {"altitude": 158},
            {"distance_km": 0.795232},
            {"timestamp": "Sat Jan 21 10:22:24 UTC 2017"}
        ],
        [
            {"location": [[
                {"latitude": 60.029843},
                {"longitude": 11.114275}
            ]]},
            {"altitude": 154},
            {"distance_km": 0.823495},
            {"speed_kmh": 7.84581},
            {"timestamp": "Sat Jan 21 10:22:33 UTC 2017"}
        ],
        [
            {"location": [[
                {"latitude": 60.029633},
                {"longitude": 11.114}
            ]]},
            {"altitude": 160},
            {"distance_km": 0.8515},
            {"speed_kmh": 9.02889},
            {"timestamp": "Sat Jan 21 10:22:41 UTC 2017"}
        ],
        [
            {"location": [[
                {"latitude": 60.029455},
                {"longitude": 11.113757}
            ]]},
            {"altitude": 163},
            {"distance_km": 0.875486},
            {"speed_kmh": 12.0851},
            {"timestamp": "Sat Jan 21 10:22:48 UTC 2017"}
        ],
        [
            {"location": [[
                {"latitude": 60.029258},
                {"longitude": 11.113558}
            ]]},
            {"altitude": 164},
            {"distance_km": 0.900157},
            {"speed_kmh": 12.0463},
            {"timestamp": "Sat Jan 21 10:22:56 UTC 2017"}
        ],
        [
            {"location": [[
                {"latitude": 60.029187},
                {"longitude": 11.113489}
            ]]},
            {"altitude": 163},
            {"distance_km": 0.908867},
            {"speed_kmh": 11.3074},
            {"timestamp": "Sat Jan 21 10:22:59 UTC 2017"}
        ],
        [
            {"location": [[
                {"latitude": 60.028995},
                {"longitude": 11.113307}
            ]]},
            {"altitude": 162},
            {"distance_km": 0.932583},
            {"speed_kmh": 10.7331},
            {"timestamp": "Sat Jan 21 10:23:07 UTC 2017"}
        ],
        [
            {"location": [[
                {"latitude": 60.028915},
                {"longitude": 11.113235}
            ]]},
            {"altitude": 162},
            {"distance_km": 0.942308},
            {"speed_kmh": 10.9265},
            {"timestamp": "Sat Jan 21 10:23:10 UTC 2017"}
        ],
        [
            {"location": [[
                {"latitude": 60.028804},
                {"longitude": 11.113136}
            ]]},
            {"altitude": 162},
            {"distance_km": 0.955888},
            {"speed_kmh": 11.5305},
            {"timestamp": "Sat Jan 21 10:23:14 UTC 2017"}
        ],
        [
            {"location": [[
                {"latitude": 60.028721},
                {"longitude": 11.113062}
            ]]},
            {"altitude": 161},
            {"distance_km": 0.96599},
            {"speed_kmh": 11.9966},
            {"timestamp": "Sat Jan 21 10:23:17 UTC 2017"}
        ],
        [
            {"location": [[
                {"latitude": 60.028641},
                {"longitude": 11.11299}
            ]]},
            {"altitude": 161},
            {"distance_km": 0.975838},
            {"speed_kmh": 12.0325},
            {"timestamp": "Sat Jan 21 10:23:20 UTC 2017"}
        ],
        [
            {"location": [[
                {"latitude": 60.028533},
                {"longitude": 11.1129}
            ]]},
            {"altitude": 162},
            {"distance_km": 0.988863},
            {"speed_kmh": 11.8703},
            {"timestamp": "Sat Jan 21 10:23:24 UTC 2017"}
        ],
        [
            {"location": [[
                {"latitude": 60.028292},
                {"longitude": 11.112698}
            ]]},
            {"altitude": 164},
            {"distance_km": 1.01793},
            {"speed_kmh": 11.7169},
            {"timestamp": "Sat Jan 21 10:23:33 UTC 2017"}
        ],
        [
            {"location": [[
                {"latitude": 60.028089},
                {"longitude": 11.112512}
            ]]},
            {"altitude": 163},
            {"distance_km": 1.04284},
            {"speed_kmh": 11.5175},
            {"timestamp": "Sat Jan 21 10:23:41 UTC 2017"}
        ],
        [
            {"location": [[
                {"latitude": 60.027863},
                {"longitude": 11.112291}
            ]]},
            {"altitude": 163},
            {"distance_km": 1.07088},
            {"speed_kmh": 11.3567},
            {"timestamp": "Sat Jan 21 10:23:50 UTC 2017"}
        ],
        [
            {"location": [[
                {"latitude": 60.02774},
                {"longitude": 11.112173}
            ]]},
            {"altitude": 163},
            {"distance_km": 1.08608},
            {"speed_kmh": 11.1224},
            {"timestamp": "Sat Jan 21 10:23:55 UTC 2017"}
        ],
        [
            {"location": [[
                {"latitude": 60.027663},
                {"longitude": 11.112104}
            ]]},
            {"altitude": 162},
            {"distance_km": 1.09545},
            {"speed_kmh": 11.1302},
            {"timestamp": "Sat Jan 21 10:23:58 UTC 2017"}
        ],
        [
            {"location": [[
                {"latitude": 60.027454},
                {"longitude": 11.111908}
            ]]},
            {"altitude": 162},
            {"distance_km": 1.12121},
            {"speed_kmh": 10.8247},
            {"timestamp": "Sat Jan 21 10:24:07 UTC 2017"}
        ],
        [
            {"location": [[
                {"latitude": 60.027351},
                {"longitude": 11.111823}
            ]]},
            {"altitude": 162},
            {"distance_km": 1.1336},
            {"speed_kmh": 10.1506},
            {"timestamp": "Sat Jan 21 10:24:12 UTC 2017"}
        ],
        [
            {"location": [[
                {"latitude": 60.027216},
                {"longitude": 11.1117}
            ]]},
            {"altitude": 161},
            {"distance_km": 1.15013},
            {"speed_kmh": 8.61232},
            {"timestamp": "Sat Jan 21 10:24:21 UTC 2017"}
        ],
        [
            {"location": [[
                {"latitude": 60.026967},
                {"longitude": 11.111454}
            ]]},
            {"altitude": 161},
            {"distance_km": 1.1811},
            {"speed_kmh": 7.65154},
            {"timestamp": "Sat Jan 21 10:24:36 UTC 2017"}
        ],
        [
            {"location": [[
                {"latitude": 60.026791},
                {"longitude": 11.111204}
            ]]},
            {"altitude": 161},
            {"distance_km": 1.20518},
            {"speed_kmh": 8.29691},
            {"timestamp": "Sat Jan 21 10:24:44 UTC 2017"}
        ],
        [
            {"location": [[
                {"latitude": 60.026715},
                {"longitude": 11.111042}
            ]]},
            {"altitude": 158},
            {"distance_km": 1.21753},
            {"speed_kmh": 9.78488},
            {"timestamp": "Sat Jan 21 10:24:48 UTC 2017"}
        ],
        [
            {"location": [[
                {"latitude": 60.026562},
                {"longitude": 11.110678}
            ]]},
            {"altitude": 157},
            {"distance_km": 1.24401},
            {"speed_kmh": 11.2778},
            {"timestamp": "Sat Jan 21 10:24:56 UTC 2017"}
        ],
        [
            {"location": [[
                {"latitude": 60.026421},
                {"longitude": 11.110281}
            ]]},
            {"altitude": 156},
            {"distance_km": 1.27118},
            {"speed_kmh": 11.7477},
            {"timestamp": "Sat Jan 21 10:25:04 UTC 2017"}
        ],
        [
            {"location": [[
                {"latitude": 60.026369},
                {"longitude": 11.110139}
            ]]},
            {"altitude": 155},
            {"distance_km": 1.28094},
            {"speed_kmh": 11.9268},
            {"timestamp": "Sat Jan 21 10:25:07 UTC 2017"}
        ],
        [
            {"location": [[
                {"latitude": 60.026221},
                {"longitude": 11.109774}
            ]]},
            {"altitude": 151},
            {"distance_km": 1.30717},
            {"speed_kmh": 11.8843},
            {"timestamp": "Sat Jan 21 10:25:15 UTC 2017"}
        ],
        [
            {"location": [[
                {"latitude": 60.026064},
                {"longitude": 11.109375}
            ]]},
            {"altitude": 152},
            {"distance_km": 1.33549},
            {"speed_kmh": 11.5946},
            {"timestamp": "Sat Jan 21 10:25:24 UTC 2017"}
        ],
        [
            {"location": [[
                {"latitude": 60.025986},
                {"longitude": 11.109147}
            ]]},
            {"altitude": 154},
            {"distance_km": 1.3509},
            {"speed_kmh": 11.4143},
            {"timestamp": "Sat Jan 21 10:25:29 UTC 2017"}
        ],
        [
            {"location": [[
                {"latitude": 60.025874},
                {"longitude": 11.10875}
            ]]},
            {"altitude": 157},
            {"distance_km": 1.37628},
            {"speed_kmh": 11.2968},
            {"timestamp": "Sat Jan 21 10:25:37 UTC 2017"}
        ],
        [
            {"location": [[
                {"latitude": 60.025755},
                {"longitude": 11.108374}
            ]]},
            {"altitude": 155},
            {"distance_km": 1.40109},
            {"speed_kmh": 10.8059},
            {"timestamp": "Sat Jan 21 10:25:46 UTC 2017"}
        ],
        [
            {"location": [[
                {"latitude": 60.025652},
                {"longitude": 11.108047}
            ]]},
            {"altitude": 153},
            {"distance_km": 1.42265},
            {"speed_kmh": 10.3357},
            {"timestamp": "Sat Jan 21 10:25:54 UTC 2017"}
        ],
        [
            {"location": [[
                {"latitude": 60.025513},
                {"longitude": 11.107674}
            ]]},
            {"altitude": 150},
            {"distance_km": 1.44857},
            {"speed_kmh": 9.64909},
            {"timestamp": "Sat Jan 21 10:26:04 UTC 2017"}
        ],
        [
            {"location": [[
                {"latitude": 60.025438},
                {"longitude": 11.107468}
            ]]},
            {"altitude": 152},
            {"distance_km": 1.46281},
            {"speed_kmh": 9.7575},
            {"timestamp": "Sat Jan 21 10:26:09 UTC 2017"}
        ],
        [
            {"location": [[
                {"latitude": 60.025391},
                {"longitude": 11.107333}
            ]]},
            {"altitude": 153},
            {"distance_km": 1.4719},
            {"speed_kmh": 10.1765},
            {"timestamp": "Sat Jan 21 10:26:12 UTC 2017"}
        ],
        [
            {"location": [[
                {"latitude": 60.025341},
                {"longitude": 11.107209}
            ]]},
            {"altitude": 153},
            {"distance_km": 1.48083},
            {"speed_kmh": 10.5771},
            {"timestamp": "Sat Jan 21 10:26:15 UTC 2017"}
        ],
        [
            {"location": [[
                {"latitude": 60.025197},
                {"longitude": 11.106916}
            ]]},
            {"altitude": 153},
            {"distance_km": 1.50368},
            {"speed_kmh": 10.6094},
            {"timestamp": "Sat Jan 21 10:26:23 UTC 2017"}
        ],
        [
            {"location": [[
                {"latitude": 60.025197},
                {"longitude": 11.106548}
            ]]},
            {"altitude": 151},
            {"distance_km": 1.5242},
            {"speed_kmh": 10.0468},
            {"timestamp": "Sat Jan 21 10:26:31 UTC 2017"}
        ],
        [
            {"location": [[
                {"latitude": 60.025111},
                {"longitude": 11.106232}
            ]]},
            {"altitude": 151},
            {"distance_km": 1.5442},
            {"speed_kmh": 9.94588},
            {"timestamp": "Sat Jan 21 10:26:38 UTC 2017"}
        ],
        [
            {"location": [[
                {"latitude": 60.025021},
                {"longitude": 11.105872}
            ]]},
            {"altitude": 149},
            {"distance_km": 1.56667},
            {"speed_kmh": 9.87553},
            {"timestamp": "Sat Jan 21 10:26:46 UTC 2017"}
        ],
        [
            {"location": [[
                {"latitude": 60.024976},
                {"longitude": 11.105533}
            ]]},
            {"altitude": 147},
            {"distance_km": 1.58624},
            {"speed_kmh": 10.1535},
            {"timestamp": "Sat Jan 21 10:26:53 UTC 2017"}
        ],
        [
            {"location": [[
                {"latitude": 60.024946},
                {"longitude": 11.105153}
            ]]},
            {"altitude": 146},
            {"distance_km": 1.60771},
            {"speed_kmh": 9.95042},
            {"timestamp": "Sat Jan 21 10:27:01 UTC 2017"}
        ],
        [
            {"location": [[
                {"latitude": 60.024942},
                {"longitude": 11.104949}
            ]]},
            {"altitude": 145},
            {"distance_km": 1.6191},
            {"speed_kmh": 9.99317},
            {"timestamp": "Sat Jan 21 10:27:05 UTC 2017"}
        ],
        [
            {"location": [[
                {"latitude": 60.024936},
                {"longitude": 11.104746}
            ]]},
            {"altitude": 146},
            {"distance_km": 1.6304},
            {"speed_kmh": 10.0287},
            {"timestamp": "Sat Jan 21 10:27:09 UTC 2017"}
        ],
        [
            {"location": [[
                {"latitude": 60.024917},
                {"longitude": 11.104468}
            ]]},
            {"altitude": 142},
            {"distance_km": 1.64606},
            {"speed_kmh": 9.49389},
            {"timestamp": "Sat Jan 21 10:27:16 UTC 2017"}
        ],
        [
            {"location": [[
                {"latitude": 60.02489},
                {"longitude": 11.104074}
            ]]},
            {"altitude": 141},
            {"distance_km": 1.6682},
            {"speed_kmh": 8.73306},
            {"timestamp": "Sat Jan 21 10:27:26 UTC 2017"}
        ],
        [
            {"location": [[
                {"latitude": 60.024766},
                {"longitude": 11.103805}
            ]]},
            {"altitude": 144},
            {"distance_km": 1.68864},
            {"speed_kmh": 8.06138},
            {"timestamp": "Sat Jan 21 10:27:35 UTC 2017"}
        ],
        [
            {"location": [[
                {"latitude": 60.024678},
                {"longitude": 11.103379}
            ]]},
            {"altitude": 145},
            {"distance_km": 1.71431},
            {"speed_kmh": 8.46285},
            {"timestamp": "Sat Jan 21 10:27:45 UTC 2017"}
        ],
        [
            {"location": [[
                {"latitude": 60.024612},
                {"longitude": 11.103157}
            ]]},
            {"altitude": 146},
            {"distance_km": 1.7287},
            {"speed_kmh": 9.25845},
            {"timestamp": "Sat Jan 21 10:27:50 UTC 2017"}
        ],
        [
            {"location": [[
                {"latitude": 60.024491},
                {"longitude": 11.103112}
            ]]},
            {"altitude": 145},
            {"distance_km": 1.74241},
            {"speed_kmh": 8.88911},
            {"timestamp": "Sat Jan 21 10:27:57 UTC 2017"}
        ],
        [
            {"location": [[
                {"latitude": 60.024393},
                {"longitude": 11.103441}
            ]]},
            {"altitude": 143},
            {"distance_km": 1.76377},
            {"speed_kmh": 8.65112},
            {"timestamp": "Sat Jan 21 10:28:06 UTC 2017"}
        ],
        [
            {"location": [[
                {"latitude": 60.02424},
                {"longitude": 11.103826}
            ]]},
            {"altitude": 148},
            {"distance_km": 1.79111},
            {"speed_kmh": 8.47847},
            {"timestamp": "Sat Jan 21 10:28:16 UTC 2017"}
        ],
        [
            {"location": [[
                {"latitude": 60.024109},
                {"longitude": 11.104132}
            ]]},
            {"altitude": 148},
            {"distance_km": 1.81363},
            {"speed_kmh": 9.49459},
            {"timestamp": "Sat Jan 21 10:28:24 UTC 2017"}
        ],
        [
            {"location": [[
                {"latitude": 60.023984},
                {"longitude": 11.104458}
            ]]},
            {"altitude": 148},
            {"distance_km": 1.83651},
            {"speed_kmh": 9.69243},
            {"timestamp": "Sat Jan 21 10:28:33 UTC 2017"}
        ],
        [
            {"location": [[
                {"latitude": 60.023866},
                {"longitude": 11.104806}
            ]]},
            {"altitude": 152},
            {"distance_km": 1.85994},
            {"speed_kmh": 9.54764},
            {"timestamp": "Sat Jan 21 10:28:42 UTC 2017"}
        ],
        [
            {"location": [[
                {"latitude": 60.023683},
                {"longitude": 11.105169}
            ]]},
            {"altitude": 152},
            {"distance_km": 1.88865},
            {"speed_kmh": 10.0129},
            {"timestamp": "Sat Jan 21 10:28:51 UTC 2017"}
        ],
        [
            {"location": [[
                {"latitude": 60.023426},
                {"longitude": 11.105116}
            ]]},
            {"altitude": 155},
            {"distance_km": 1.91744},
            {"speed_kmh": 10.1021},
            {"timestamp": "Sat Jan 21 10:29:02 UTC 2017"}
        ],
        [
            {"location": [[
                {"latitude": 60.02333},
                {"longitude": 11.105238}
            ]]},
            {"altitude": 158},
            {"distance_km": 1.93014},
            {"speed_kmh": 9.1516},
            {"timestamp": "Sat Jan 21 10:29:09 UTC 2017"}
        ],
        [
            {"location": [[
                {"latitude": 60.023314},
                {"longitude": 11.105568}
            ]]},
            {"altitude": 163},
            {"distance_km": 1.94862},
            {"speed_kmh": 7.02487},
            {"timestamp": "Sat Jan 21 10:29:22 UTC 2017"}
        ],
        [
            {"location": [[
                {"latitude": 60.023176},
                {"longitude": 11.105727}
            ]]},
            {"altitude": 165},
            {"distance_km": 1.96637},
            {"speed_kmh": 5.1864},
            {"timestamp": "Sat Jan 21 10:29:38 UTC 2017"}
        ],
        [
            {"location": [[
                {"latitude": 60.023005},
                {"longitude": 11.105445}
            ]]},
            {"altitude": 169},
            {"distance_km": 1.9911},
            {"speed_kmh": 4.60001},
            {"timestamp": "Sat Jan 21 10:29:57 UTC 2017"}
        ],
        [
            {"location": [[
                {"latitude": 60.022893},
                {"longitude": 11.105295}
            ]]},
            {"altitude": 167},
            {"distance_km": 2.00613},
            {"speed_kmh": 4.39841},
            {"timestamp": "Sat Jan 21 10:30:09 UTC 2017"}
        ],
        [
            {"location": [[
                {"latitude": 60.022752},
                {"longitude": 11.105141}
            ]]},
            {"altitude": 165},
            {"distance_km": 2.02402},
            {"speed_kmh": 4.75186},
            {"timestamp": "Sat Jan 21 10:30:22 UTC 2017"}
        ],
        [
            {"location": [[
                {"latitude": 60.02261},
                {"longitude": 11.105028}
            ]]},
            {"altitude": 166},
            {"distance_km": 2.04105},
            {"speed_kmh": 4.85641},
            {"timestamp": "Sat Jan 21 10:30:34 UTC 2017"}
        ],
        [
            {"location": [[
                {"latitude": 60.02245},
                {"longitude": 11.104915}
            ]]},
            {"altitude": 166},
            {"distance_km": 2.05997},
            {"speed_kmh": 4.86733},
            {"timestamp": "Sat Jan 21 10:30:49 UTC 2017"}
        ],
        [
            {"location": [[
                {"latitude": 60.022281},
                {"longitude": 11.104769}
            ]]},
            {"altitude": 167},
            {"distance_km": 2.0805},
            {"speed_kmh": 4.7562},
            {"timestamp": "Sat Jan 21 10:31:05 UTC 2017"}
        ],
        [
            {"location": [[
                {"latitude": 60.022102},
                {"longitude": 11.104646}
            ]]},
            {"altitude": 174},
            {"distance_km": 2.10154},
            {"speed_kmh": 4.99557},
            {"timestamp": "Sat Jan 21 10:31:18 UTC 2017"}
        ],
        [
            {"location": [[
                {"latitude": 60.021938},
                {"longitude": 11.104601}
            ]]},
            {"altitude": 179},
            {"distance_km": 2.12003},
            {"speed_kmh": 5.18874},
            {"timestamp": "Sat Jan 21 10:31:31 UTC 2017"}
        ],
        [
            {"location": [[
                {"latitude": 60.0217},
                {"longitude": 11.10459}
            ]]},
            {"altitude": 176},
            {"distance_km": 2.14654},
            {"speed_kmh": 6.09667},
            {"timestamp": "Sat Jan 21 10:31:44 UTC 2017"}
        ],
        [
            {"location": [[
                {"latitude": 60.02158},
                {"longitude": 11.104568}
            ]]},
            {"altitude": 177},
            {"distance_km": 2.15992},
            {"speed_kmh": 6.44792},
            {"timestamp": "Sat Jan 21 10:31:51 UTC 2017"}
        ],
        [
            {"location": [[
                {"latitude": 60.021376},
                {"longitude": 11.10459}
            ]]},
            {"altitude": 175},
            {"distance_km": 2.18275},
            {"speed_kmh": 7.02477},
            {"timestamp": "Sat Jan 21 10:32:03 UTC 2017"}
        ],
        [
            {"location": [[
                {"latitude": 60.021243},
                {"longitude": 11.104661}
            ]]},
            {"altitude": 174},
            {"distance_km": 2.19803},
            {"speed_kmh": 6.85741},
            {"timestamp": "Sat Jan 21 10:32:11 UTC 2017"}
        ],
        [
            {"location": [[
                {"latitude": 60.021052},
                {"longitude": 11.104849}
            ]]},
            {"altitude": 177},
            {"distance_km": 2.2218},
            {"speed_kmh": 6.7596},
            {"timestamp": "Sat Jan 21 10:32:24 UTC 2017"}
        ],
        [
            {"location": [[
                {"latitude": 60.020873},
                {"longitude": 11.105041}
            ]]},
            {"altitude": 177},
            {"distance_km": 2.24445},
            {"speed_kmh": 6.57044},
            {"timestamp": "Sat Jan 21 10:32:37 UTC 2017"}
        ],
        [
            {"location": [[
                {"latitude": 60.020648},
                {"longitude": 11.105314}
            ]]},
            {"altitude": 178},
            {"distance_km": 2.27369},
            {"speed_kmh": 7.21418},
            {"timestamp": "Sat Jan 21 10:32:49 UTC 2017"}
        ],
        [
            {"location": [[
                {"latitude": 60.020593},
                {"longitude": 11.105754}
            ]]},
            {"altitude": 181},
            {"distance_km": 2.29901},
            {"speed_kmh": 8.05952},
            {"timestamp": "Sat Jan 21 10:32:59 UTC 2017"}
        ],
        [
            {"location": [[
                {"latitude": 60.020722},
                {"longitude": 11.105908}
            ]]},
            {"altitude": 177},
            {"distance_km": 2.31575},
            {"speed_kmh": 9.31034},
            {"timestamp": "Sat Jan 21 10:33:05 UTC 2017"}
        ],
        [
            {"location": [[
                {"latitude": 60.020897},
                {"longitude": 11.106095}
            ]]},
            {"altitude": 178},
            {"distance_km": 2.33786},
            {"speed_kmh": 9.69793},
            {"timestamp": "Sat Jan 21 10:33:13 UTC 2017"}
        ],
        [
            {"location": [[
                {"latitude": 60.021113},
                {"longitude": 11.106273}
            ]]},
            {"altitude": 178},
            {"distance_km": 2.36383},
            {"speed_kmh": 10.1255},
            {"timestamp": "Sat Jan 21 10:33:22 UTC 2017"}
        ],
        [
            {"location": [[
                {"latitude": 60.021206},
                {"longitude": 11.106342}
            ]]},
            {"altitude": 178},
            {"distance_km": 2.37495},
            {"speed_kmh": 10.1132},
            {"timestamp": "Sat Jan 21 10:33:26 UTC 2017"}
        ],
        [
            {"location": [[
                {"latitude": 60.021349},
                {"longitude": 11.106437}
            ]]},
            {"altitude": 176},
            {"distance_km": 2.39172},
            {"speed_kmh": 10.1559},
            {"timestamp": "Sat Jan 21 10:33:32 UTC 2017"}
        ],
        [
            {"location": [[
                {"latitude": 60.021601},
                {"longitude": 11.106594}
            ]]},
            {"altitude": 172},
            {"distance_km": 2.42114},
            {"speed_kmh": 9.89892},
            {"timestamp": "Sat Jan 21 10:33:43 UTC 2017"}
        ],
        [
            {"location": [[
                {"latitude": 60.021818},
                {"longitude": 11.106771}
            ]]},
            {"altitude": 168},
            {"distance_km": 2.44721},
            {"speed_kmh": 10.0384},
            {"timestamp": "Sat Jan 21 10:33:52 UTC 2017"}
        ],
        [
            {"location": [[
                {"latitude": 60.021947},
                {"longitude": 11.106858}
            ]]},
            {"altitude": 165},
            {"distance_km": 2.46236},
            {"speed_kmh": 10.3079},
            {"timestamp": "Sat Jan 21 10:33:57 UTC 2017"}
        ],
        [
            {"location": [[
                {"latitude": 60.022172},
                {"longitude": 11.107011}
            ]]},
            {"altitude": 165},
            {"distance_km": 2.4889},
            {"speed_kmh": 10.6405},
            {"timestamp": "Sat Jan 21 10:34:06 UTC 2017"}
        ],
        [
            {"location": [[
                {"latitude": 60.02239},
                {"longitude": 11.107137}
            ]]},
            {"altitude": 162},
            {"distance_km": 2.51414},
            {"speed_kmh": 10.9568},
            {"timestamp": "Sat Jan 21 10:34:14 UTC 2017"}
        ],
        [
            {"location": [[
                {"latitude": 60.022491},
                {"longitude": 11.107217}
            ]]},
            {"altitude": 162},
            {"distance_km": 2.52629},
            {"speed_kmh": 10.9737},
            {"timestamp": "Sat Jan 21 10:34:18 UTC 2017"}
        ],
        [
            {"location": [[
                {"latitude": 60.02264},
                {"longitude": 11.107278}
            ]]},
            {"altitude": 158},
            {"distance_km": 2.54317},
            {"speed_kmh": 10.7964},
            {"timestamp": "Sat Jan 21 10:34:24 UTC 2017"}
        ],
        [
            {"location": [[
                {"latitude": 60.022868},
                {"longitude": 11.107382}
            ]]},
            {"altitude": 155},
            {"distance_km": 2.56932},
            {"speed_kmh": 10.1498},
            {"timestamp": "Sat Jan 21 10:34:34 UTC 2017"}
        ],
        [
            {"location": [[
                {"latitude": 60.023108},
                {"longitude": 11.107481}
            ]]},
            {"altitude": 154},
            {"distance_km": 2.59659},
            {"speed_kmh": 9.78384},
            {"timestamp": "Sat Jan 21 10:34:44 UTC 2017"}
        ],
        [
            {"location": [[
                {"latitude": 60.02327},
                {"longitude": 11.107524}
            ]]},
            {"altitude": 157},
            {"distance_km": 2.61484},
            {"speed_kmh": 10.0679},
            {"timestamp": "Sat Jan 21 10:34:50 UTC 2017"}
        ],
        [
            {"location": [[
                {"latitude": 60.023398},
                {"longitude": 11.107486}
            ]]},
            {"altitude": 155},
            {"distance_km": 2.62915},
            {"speed_kmh": 8.83343},
            {"timestamp": "Sat Jan 21 10:34:59 UTC 2017"}
        ],
        [
            {"location": [[
                {"latitude": 60.023576},
                {"longitude": 11.107981}
            ]]},
            {"altitude": 158},
            {"distance_km": 2.66313},
            {"speed_kmh": 8.47041},
            {"timestamp": "Sat Jan 21 10:35:13 UTC 2017"}
        ],
        [
            {"location": [[
                {"latitude": 60.023636},
                {"longitude": 11.108207}
            ]]},
            {"altitude": 158},
            {"distance_km": 2.67744},
            {"speed_kmh": 7.27186},
            {"timestamp": "Sat Jan 21 10:35:20 UTC 2017"}
        ],
        [
            {"location": [[
                {"latitude": 60.023547},
                {"longitude": 11.108917}
            ]]},
            {"altitude": 170},
            {"distance_km": 2.71827},
            {"speed_kmh": 8.86323},
            {"timestamp": "Sat Jan 21 10:35:34 UTC 2017"}
        ],
        [
            {"location": [[
                {"latitude": 60.023481},
                {"longitude": 11.109253}
            ]]},
            {"altitude": 165},
            {"distance_km": 2.73835},
            {"speed_kmh": 8.96543},
            {"timestamp": "Sat Jan 21 10:35:42 UTC 2017"}
        ],
        [
            {"location": [[
                {"latitude": 60.023385},
                {"longitude": 11.109575}
            ]]},
            {"altitude": 164},
            {"distance_km": 2.75929},
            {"speed_kmh": 8.60792},
            {"timestamp": "Sat Jan 21 10:35:54 UTC 2017"}
        ],
        [
            {"location": [[
                {"latitude": 60.02335},
                {"longitude": 11.109803}
            ]]},
            {"altitude": 166},
            {"distance_km": 2.77261},
            {"speed_kmh": 6.55998},
            {"timestamp": "Sat Jan 21 10:36:05 UTC 2017"}
        ],
        [
            {"location": [[
                {"latitude": 60.023193},
                {"longitude": 11.110152}
            ]]},
            {"altitude": 168},
            {"distance_km": 2.79881},
            {"speed_kmh": 5.3948},
            {"timestamp": "Sat Jan 21 10:36:22 UTC 2017"}
        ],
        [
            {"location": [[
                {"latitude": 60.023122},
                {"longitude": 11.110336}
            ]]},
            {"altitude": 168},
            {"distance_km": 2.81171},
            {"speed_kmh": 5.23274},
            {"timestamp": "Sat Jan 21 10:36:30 UTC 2017"}
        ],
        [
            {"location": [[
                {"latitude": 60.023046},
                {"longitude": 11.110545}
            ]]},
            {"altitude": 169},
            {"distance_km": 2.82616},
            {"speed_kmh": 5.70272},
            {"timestamp": "Sat Jan 21 10:36:39 UTC 2017"}
        ],
        [
            {"location": [[
                {"latitude": 60.022936},
                {"longitude": 11.110889}
            ]]},
            {"altitude": 172},
            {"distance_km": 2.84894},
            {"speed_kmh": 5.81222},
            {"timestamp": "Sat Jan 21 10:36:53 UTC 2017"}
        ],
        [
            {"location": [[
                {"latitude": 60.022864},
                {"longitude": 11.111149}
            ]]},
            {"altitude": 175},
            {"distance_km": 2.86546},
            {"speed_kmh": 6.08278},
            {"timestamp": "Sat Jan 21 10:37:02 UTC 2017"}
        ],
        [
            {"location": [[
                {"latitude": 60.022798},
                {"longitude": 11.111419}
            ]]},
            {"altitude": 173},
            {"distance_km": 2.88222},
            {"speed_kmh": 5.82991},
            {"timestamp": "Sat Jan 21 10:37:14 UTC 2017"}
        ],
        [
            {"location": [[
                {"latitude": 60.022667},
                {"longitude": 11.111789}
            ]]},
            {"altitude": 177},
            {"distance_km": 2.9075},
            {"speed_kmh": 5.65965},
            {"timestamp": "Sat Jan 21 10:37:31 UTC 2017"}
        ],
        [
            {"location": [[
                {"latitude": 60.022587},
                {"longitude": 11.112065}
            ]]},
            {"altitude": 177},
            {"distance_km": 2.92531},
            {"speed_kmh": 5.58558},
            {"timestamp": "Sat Jan 21 10:37:41 UTC 2017"}
        ],
        [
            {"location": [[
                {"latitude": 60.022463},
                {"longitude": 11.112584}
            ]]},
            {"altitude": 176},
            {"distance_km": 2.95734},
            {"speed_kmh": 6.67473},
            {"timestamp": "Sat Jan 21 10:37:55 UTC 2017"}
        ],
        [
            {"location": [[
                {"latitude": 60.022409},
                {"longitude": 11.112856}
            ]]},
            {"altitude": 178},
            {"distance_km": 2.97365},
            {"speed_kmh": 8.13712},
            {"timestamp": "Sat Jan 21 10:38:01 UTC 2017"}
        ],
        [
            {"location": [[
                {"latitude": 60.022364},
                {"longitude": 11.113073}
            ]]},
            {"altitude": 182},
            {"distance_km": 2.98681},
            {"speed_kmh": 9.89843},
            {"timestamp": "Sat Jan 21 10:38:05 UTC 2017"}
        ],
        [
            {"location": [[
                {"latitude": 60.022312},
                {"longitude": 11.113487}
            ]]},
            {"altitude": 180},
            {"distance_km": 3.01058},
            {"speed_kmh": 10.7357},
            {"timestamp": "Sat Jan 21 10:38:13 UTC 2017"}
        ],
        [
            {"location": [[
                {"latitude": 60.022251},
                {"longitude": 11.113865}
            ]]},
            {"altitude": 187},
            {"distance_km": 3.03273},
            {"speed_kmh": 10.7786},
            {"timestamp": "Sat Jan 21 10:38:21 UTC 2017"}
        ],
        [
            {"location": [[
                {"latitude": 60.022216},
                {"longitude": 11.114256}
            ]]},
            {"altitude": 182},
            {"distance_km": 3.05486},
            {"speed_kmh": 10.2048},
            {"timestamp": "Sat Jan 21 10:38:29 UTC 2017"}
        ],
        [
            {"location": [[
                {"latitude": 60.022203},
                {"longitude": 11.114637}
            ]]},
            {"altitude": 181},
            {"distance_km": 3.07618},
            {"speed_kmh": 9.80679},
            {"timestamp": "Sat Jan 21 10:38:37 UTC 2017"}
        ],
        [
            {"location": [[
                {"latitude": 60.022377},
                {"longitude": 11.114744}
            ]]},
            {"altitude": 178},
            {"distance_km": 3.09644},
            {"speed_kmh": 9.21794},
            {"timestamp": "Sat Jan 21 10:38:46 UTC 2017"}
        ],
        [
            {"location": [[
                {"latitude": 60.022582},
                {"longitude": 11.114734}
            ]]},
            {"altitude": 177},
            {"distance_km": 3.11922},
            {"speed_kmh": 8.96889},
            {"timestamp": "Sat Jan 21 10:38:55 UTC 2017"}
        ],
        [
            {"location": [[
                {"latitude": 60.022802},
                {"longitude": 11.114787}
            ]]},
            {"altitude": 173},
            {"distance_km": 3.14395},
            {"speed_kmh": 9.03503},
            {"timestamp": "Sat Jan 21 10:39:04 UTC 2017"}
        ],
        [
            {"location": [[
                {"latitude": 60.023048},
                {"longitude": 11.114777}
            ]]},
            {"altitude": 173},
            {"distance_km": 3.17136},
            {"speed_kmh": 9.65023},
            {"timestamp": "Sat Jan 21 10:39:14 UTC 2017"}
        ],
        [
            {"location": [[
                {"latitude": 60.023258},
                {"longitude": 11.114748}
            ]]},
            {"altitude": 172},
            {"distance_km": 3.1948},
            {"speed_kmh": 9.67929},
            {"timestamp": "Sat Jan 21 10:39:23 UTC 2017"}
        ],
        [
            {"location": [[
                {"latitude": 60.023485},
                {"longitude": 11.114735}
            ]]},
            {"altitude": 174},
            {"distance_km": 3.2201},
            {"speed_kmh": 9.81685},
            {"timestamp": "Sat Jan 21 10:39:32 UTC 2017"}
        ],
        [
            {"location": [[
                {"latitude": 60.023616},
                {"longitude": 11.114737}
            ]]},
            {"altitude": 169},
            {"distance_km": 3.23466},
            {"speed_kmh": 9.41435},
            {"timestamp": "Sat Jan 21 10:39:38 UTC 2017"}
        ],
        [
            {"location": [[
                {"latitude": 60.023765},
                {"longitude": 11.114732}
            ]]},
            {"altitude": 173},
            {"distance_km": 3.2513},
            {"speed_kmh": 9.13563},
            {"timestamp": "Sat Jan 21 10:39:45 UTC 2017"}
        ],
        [
            {"location": [[
                {"latitude": 60.024013},
                {"longitude": 11.114822}
            ]]},
            {"altitude": 177},
            {"distance_km": 3.27939},
            {"speed_kmh": 9.10321},
            {"timestamp": "Sat Jan 21 10:39:55 UTC 2017"}
        ],
        [
            {"location": [[
                {"latitude": 60.024083},
                {"longitude": 11.115009}
            ]]},
            {"altitude": 178},
            {"distance_km": 3.29245},
            {"timestamp": "Sat Jan 21 10:40:00 UTC 2017"}
        ],
        [
            {"location": [[
                {"latitude": 60.024083},
                {"longitude": 11.115009}
            ]]},
            {"distance_km": 3.29245},
            {"timestamp": "Sat Jan 21 10:40:11 UTC 2017"}
        ],
        [
            {"location": [[
                {"latitude": 60.024083},
                {"longitude": 11.115009}
            ]]},
            {"distance_km": 3.29245},
            {"timestamp": "Sat Jan 21 10:47:55 UTC 2017"}
        ],
        [
            {"location": [[
                {"latitude": 60.024083},
                {"longitude": 11.115049}
            ]]},
            {"altitude": 181},
            {"distance_km": 3.29245},
            {"timestamp": "Sat Jan 21 10:47:58 UTC 2017"}
        ],
        [
            {"location": [[
                {"latitude": 60.024102},
                {"longitude": 11.114802}
            ]]},
            {"altitude": 175},
            {"distance_km": 3.32038},
            {"timestamp": "Sat Jan 21 10:48:11 UTC 2017"}
        ],
        [
            {"location": [[
                {"latitude": 60.024353},
                {"longitude": 11.114774}
            ]]},
            {"altitude": 175},
            {"distance_km": 3.34844},
            {"timestamp": "Sat Jan 21 10:48:20 UTC 2017"}
        ],
        [
            {"location": [[
                {"latitude": 60.024543},
                {"longitude": 11.114781}
            ]]},
            {"altitude": 173},
            {"distance_km": 3.3696},
            {"speed_kmh": 8.65837},
            {"timestamp": "Sat Jan 21 10:48:27 UTC 2017"}
        ],
        [
            {"location": [[
                {"latitude": 60.024629},
                {"longitude": 11.114798}
            ]]},
            {"altitude": 172},
            {"distance_km": 3.37929},
            {"speed_kmh": 11.2471},
            {"timestamp": "Sat Jan 21 10:48:30 UTC 2017"}
        ],
        [
            {"location": [[
                {"latitude": 60.024829},
                {"longitude": 11.114886}
            ]]},
            {"altitude": 171},
            {"distance_km": 3.40208},
            {"speed_kmh": 11.4018},
            {"timestamp": "Sat Jan 21 10:48:37 UTC 2017"}
        ],
        [
            {"location": [[
                {"latitude": 60.024937},
                {"longitude": 11.114954}
            ]]},
            {"altitude": 168},
            {"distance_km": 3.41469},
            {"speed_kmh": 11.56},
            {"timestamp": "Sat Jan 21 10:48:41 UTC 2017"}
        ],
        [
            {"location": [[
                {"latitude": 60.025118},
                {"longitude": 11.11509}
            ]]},
            {"altitude": 168},
            {"distance_km": 3.43627},
            {"speed_kmh": 11.3484},
            {"timestamp": "Sat Jan 21 10:48:48 UTC 2017"}
        ],
        [
            {"location": [[
                {"latitude": 60.025292},
                {"longitude": 11.11524}
            ]]},
            {"altitude": 168},
            {"distance_km": 3.45732},
            {"speed_kmh": 11.0564},
            {"timestamp": "Sat Jan 21 10:48:55 UTC 2017"}
        ],
        [
            {"location": [[
                {"latitude": 60.025472},
                {"longitude": 11.115424}
            ]]},
            {"altitude": 167},
            {"distance_km": 3.47982},
            {"speed_kmh": 10.6726},
            {"timestamp": "Sat Jan 21 10:49:03 UTC 2017"}
        ],
        [
            {"location": [[
                {"latitude": 60.025623},
                {"longitude": 11.115623}
            ]]},
            {"altitude": 167},
            {"distance_km": 3.49996},
            {"speed_kmh": 10.0368},
            {"timestamp": "Sat Jan 21 10:49:11 UTC 2017"}
        ],
        [
            {"location": [[
                {"latitude": 60.025739},
                {"longitude": 11.115798}
            ]]},
            {"altitude": 166},
            {"distance_km": 3.51623},
            {"speed_kmh": 9.21476},
            {"timestamp": "Sat Jan 21 10:49:18 UTC 2017"}
        ],
        [
            {"location": [[
                {"latitude": 60.025976},
                {"longitude": 11.11581}
            ]]},
            {"altitude": 171},
            {"distance_km": 3.54261},
            {"speed_kmh": 9.3357},
            {"timestamp": "Sat Jan 21 10:49:27 UTC 2017"}
        ],
        [
            {"location": [[
                {"latitude": 60.026159},
                {"longitude": 11.115701}
            ]]},
            {"altitude": 171},
            {"distance_km": 3.56394},
            {"speed_kmh": 9.94144},
            {"timestamp": "Sat Jan 21 10:49:34 UTC 2017"}
        ],
        [
            {"location": [[
                {"latitude": 60.026325},
                {"longitude": 11.115821}
            ]]},
            {"altitude": 169},
            {"distance_km": 3.58363},
            {"speed_kmh": 10.1122},
            {"timestamp": "Sat Jan 21 10:49:42 UTC 2017"}
        ],
        [
            {"location": [[
                {"latitude": 60.026348},
                {"longitude": 11.115898}
            ]]},
            {"altitude": 171},
            {"distance_km": 3.58863},
            {"timestamp": "Sat Jan 21 10:49:45 UTC 2017"}
        ],
        [
            {"location": [[
                {"latitude": 60.026279},
                {"longitude": 11.116083}
            ]]},
            {"altitude": 169},
            {"distance_km": 3.61699},
            {"timestamp": "Sat Jan 21 10:49:54 UTC 2017"}
        ],
        [
            {"location": [[
                {"latitude": 60.026151},
                {"longitude": 11.116147}
            ]]},
            {"altitude": 173},
            {"distance_km": 3.6317},
            {"speed_kmh": 5.5088},
            {"timestamp": "Sat Jan 21 10:50:04 UTC 2017"}
        ],
        [
            {"location": [[
                {"latitude": 60.026495},
                {"longitude": 11.116053}
            ]]},
            {"altitude": 178},
            {"distance_km": 3.67043},
            {"speed_kmh": 6.38242},
            {"timestamp": "Sat Jan 21 10:50:20 UTC 2017"}
        ],
        [
            {"location": [[
                {"latitude": 60.026625},
                {"longitude": 11.116018}
            ]]},
            {"altitude": 178},
            {"distance_km": 3.68497},
            {"speed_kmh": 7.56248},
            {"timestamp": "Sat Jan 21 10:50:26 UTC 2017"}
        ],
        [
            {"location": [[
                {"latitude": 60.026757},
                {"longitude": 11.115984}
            ]]},
            {"altitude": 178},
            {"distance_km": 3.69983},
            {"speed_kmh": 8.75658},
            {"timestamp": "Sat Jan 21 10:50:32 UTC 2017"}
        ],
        [
            {"location": [[
                {"latitude": 60.027007},
                {"longitude": 11.115906}
            ]]},
            {"altitude": 181},
            {"distance_km": 3.72802},
            {"speed_kmh": 8.95193},
            {"timestamp": "Sat Jan 21 10:50:43 UTC 2017"}
        ],
        [
            {"location": [[
                {"latitude": 60.027185},
                {"longitude": 11.11584}
            ]]},
            {"altitude": 180},
            {"distance_km": 3.74814},
            {"speed_kmh": 9.47963},
            {"timestamp": "Sat Jan 21 10:50:50 UTC 2017"}
        ],
        [
            {"location": [[
                {"latitude": 60.027374},
                {"longitude": 11.115839}
            ]]},
            {"altitude": 178},
            {"distance_km": 3.76928},
            {"speed_kmh": 9.70287},
            {"timestamp": "Sat Jan 21 10:50:58 UTC 2017"}
        ],
        [
            {"location": [[
                {"latitude": 60.027566},
                {"longitude": 11.115899}
            ]]},
            {"altitude": 180},
            {"distance_km": 3.79084},
            {"speed_kmh": 9.83853},
            {"timestamp": "Sat Jan 21 10:51:06 UTC 2017"}
        ],
        [
            {"location": [[
                {"latitude": 60.0277},
                {"longitude": 11.115985}
            ]]},
            {"altitude": 179},
            {"distance_km": 3.80654},
            {"speed_kmh": 9.57079},
            {"timestamp": "Sat Jan 21 10:51:12 UTC 2017"}
        ],
        [
            {"location": [[
                {"latitude": 60.027842},
                {"longitude": 11.116014}
            ]]},
            {"altitude": 178},
            {"distance_km": 3.82242},
            {"speed_kmh": 9.54916},
            {"timestamp": "Sat Jan 21 10:51:18 UTC 2017"}
        ],
        [
            {"location": [[
                {"latitude": 60.028025},
                {"longitude": 11.115906}
            ]]},
            {"altitude": 182},
            {"distance_km": 3.84376},
            {"speed_kmh": 9.50082},
            {"timestamp": "Sat Jan 21 10:51:26 UTC 2017"}
        ],
        [
            {"location": [[
                {"latitude": 60.028268},
                {"longitude": 11.115805}
            ]]},
            {"altitude": 183},
            {"distance_km": 3.87141},
            {"speed_kmh": 9.68835},
            {"timestamp": "Sat Jan 21 10:51:36 UTC 2017"}
        ],
        [
            {"location": [[
                {"latitude": 60.028437},
                {"longitude": 11.115755}
            ]]},
            {"altitude": 183},
            {"distance_km": 3.89039},
            {"speed_kmh": 9.77572},
            {"timestamp": "Sat Jan 21 10:51:43 UTC 2017"}
        ],
        [
            {"location": [[
                {"latitude": 60.028628},
                {"longitude": 11.115624}
            ]]},
            {"altitude": 183},
            {"distance_km": 3.91286},
            {"speed_kmh": 9.96058},
            {"timestamp": "Sat Jan 21 10:51:51 UTC 2017"}
        ],
        [
            {"location": [[
                {"latitude": 60.028844},
                {"longitude": 11.115482}
            ]]},
            {"altitude": 177},
            {"distance_km": 3.93823},
            {"speed_kmh": 10.4261},
            {"timestamp": "Sat Jan 21 10:51:59 UTC 2017"}
        ],
        [
            {"location": [[
                {"latitude": 60.029067},
                {"longitude": 11.115339}
            ]]},
            {"altitude": 175},
            {"distance_km": 3.96437},
            {"speed_kmh": 10.6557},
            {"timestamp": "Sat Jan 21 10:52:08 UTC 2017"}
        ],
        [
            {"location": [[
                {"latitude": 60.029279},
                {"longitude": 11.115187}
            ]]},
            {"altitude": 176},
            {"distance_km": 3.98943},
            {"speed_kmh": 10.2914},
            {"timestamp": "Sat Jan 21 10:52:18 UTC 2017"}
        ],
        [
            {"location": [[
                {"latitude": 60.029525},
                {"longitude": 11.11504}
            ]]},
            {"altitude": 176},
            {"distance_km": 4.01801},
            {"speed_kmh": 9.61012},
            {"timestamp": "Sat Jan 21 10:52:29 UTC 2017"}
        ],
        [
            {"location": [[
                {"latitude": 60.029698},
                {"longitude": 11.11501}
            ]]},
            {"altitude": 182},
            {"distance_km": 4.03739},
            {"speed_kmh": 9.45148},
            {"timestamp": "Sat Jan 21 10:52:36 UTC 2017"}
        ],
        [
            {"location": [[
                {"latitude": 60.029897},
                {"longitude": 11.115005}
            ]]},
            {"altitude": 178},
            {"distance_km": 4.05956},
            {"speed_kmh": 9.77087},
            {"timestamp": "Sat Jan 21 10:52:44 UTC 2017"}
        ],
        [
            {"location": [[
                {"latitude": 60.029972},
                {"longitude": 11.114989}
            ]]},
            {"altitude": 176},
            {"distance_km": 4.0679},
            {"speed_kmh": 9.97144},
            {"timestamp": "Sat Jan 21 10:52:47 UTC 2017"}
        ],
        [
            {"location": [[
                {"latitude": 60.030042},
                {"longitude": 11.114855}
            ]]},
            {"altitude": 174},
            {"distance_km": 4.07877},
            {"speed_kmh": 9.26112},
            {"timestamp": "Sat Jan 21 10:52:52 UTC 2017"}
        ],
        [
            {"location": [[
                {"latitude": 60.029987},
                {"longitude": 11.114698}
            ]]},
            {"altitude": 170},
            {"distance_km": 4.08951},
            {"speed_kmh": 7.22407},
            {"timestamp": "Sat Jan 21 10:53:02 UTC 2017"}
        ],
        [
            {"location": [[
                {"latitude": 60.029962},
                {"longitude": 11.114478}
            ]]},
            {"altitude": 172},
            {"distance_km": 4.10208},
            {"speed_kmh": 7.67242},
            {"timestamp": "Sat Jan 21 10:53:06 UTC 2017"}
        ],
        [
            {"location": [[
                {"latitude": 60.029941},
                {"longitude": 11.114323}
            ]]},
            {"altitude": 173},
            {"distance_km": 4.11101},
            {"speed_kmh": 8.63955},
            {"timestamp": "Sat Jan 21 10:53:09 UTC 2017"}
        ],
        [
            {"location": [[
                {"latitude": 60.029798},
                {"longitude": 11.114067}
            ]]},
            {"altitude": 172},
            {"distance_km": 4.13238},
            {"speed_kmh": 10.5282},
            {"timestamp": "Sat Jan 21 10:53:17 UTC 2017"}
        ],
        [
            {"location": [[
                {"latitude": 60.029564},
                {"longitude": 11.113842}
            ]]},
            {"altitude": 168},
            {"distance_km": 4.16131},
            {"speed_kmh": 10.2579},
            {"timestamp": "Sat Jan 21 10:53:27 UTC 2017"}
        ],
        [
            {"location": [[
                {"latitude": 60.02941},
                {"longitude": 11.113695}
            ]]},
            {"altitude": 167},
            {"distance_km": 4.18038},
            {"speed_kmh": 9.93943},
            {"timestamp": "Sat Jan 21 10:53:34 UTC 2017"}
        ],
        [
            {"location": [[
                {"latitude": 60.029192},
                {"longitude": 11.113504}
            ]]},
            {"altitude": 167},
            {"distance_km": 4.20684},
            {"speed_kmh": 10.2971},
            {"timestamp": "Sat Jan 21 10:53:43 UTC 2017"}
        ],
        [
            {"location": [[
                {"latitude": 60.029062},
                {"longitude": 11.113385}
            ]]},
            {"altitude": 168},
            {"distance_km": 4.22283},
            {"speed_kmh": 10.6355},
            {"timestamp": "Sat Jan 21 10:53:48 UTC 2017"}
        ],
        [
            {"location": [[
                {"latitude": 60.028919},
                {"longitude": 11.113215}
            ]]},
            {"altitude": 169},
            {"distance_km": 4.24132},
            {"speed_kmh": 11.7942},
            {"timestamp": "Sat Jan 21 10:53:53 UTC 2017"}
        ],
        [
            {"location": [[
                {"latitude": 60.028742},
                {"longitude": 11.113046}
            ]]},
            {"altitude": 166},
            {"distance_km": 4.26323},
            {"speed_kmh": 11.9747},
            {"timestamp": "Sat Jan 21 10:54:00 UTC 2017"}
        ],
        [
            {"location": [[
                {"latitude": 60.028541},
                {"longitude": 11.112855}
            ]]},
            {"altitude": 166},
            {"distance_km": 4.28802},
            {"speed_kmh": 11.8917},
            {"timestamp": "Sat Jan 21 10:54:08 UTC 2017"}
        ],
        [
            {"location": [[
                {"latitude": 60.028356},
                {"longitude": 11.112689}
            ]]},
            {"altitude": 165},
            {"distance_km": 4.3106},
            {"speed_kmh": 10.8578},
            {"timestamp": "Sat Jan 21 10:54:16 UTC 2017"}
        ],
        [
            {"location": [[
                {"latitude": 60.028187},
                {"longitude": 11.112506}
            ]]},
            {"altitude": 166},
            {"distance_km": 4.33198},
            {"speed_kmh": 10.8017},
            {"timestamp": "Sat Jan 21 10:54:23 UTC 2017"}
        ],
        [
            {"location": [[
                {"latitude": 60.028025},
                {"longitude": 11.112354}
            ]]},
            {"altitude": 168},
            {"distance_km": 4.35194},
            {"speed_kmh": 10.4822},
            {"timestamp": "Sat Jan 21 10:54:30 UTC 2017"}
        ],
        [
            {"location": [[
                {"latitude": 60.027912},
                {"longitude": 11.112291}
            ]]},
            {"altitude": 165},
            {"distance_km": 4.36502},
            {"speed_kmh": 10.2298},
            {"timestamp": "Sat Jan 21 10:54:35 UTC 2017"}
        ],
        [
            {"location": [[
                {"latitude": 60.027721},
                {"longitude": 11.112143}
            ]]},
            {"altitude": 165},
            {"distance_km": 4.38788},
            {"speed_kmh": 9.61571},
            {"timestamp": "Sat Jan 21 10:54:44 UTC 2017"}
        ],
        [
            {"location": [[
                {"latitude": 60.027502},
                {"longitude": 11.111949}
            ]]},
            {"altitude": 162},
            {"distance_km": 4.41456},
            {"speed_kmh": 9.38069},
            {"timestamp": "Sat Jan 21 10:54:54 UTC 2017"}
        ],
        [
            {"location": [[
                {"latitude": 60.027343},
                {"longitude": 11.111792}
            ]]},
            {"altitude": 162},
            {"distance_km": 4.43423},
            {"speed_kmh": 9.19502},
            {"timestamp": "Sat Jan 21 10:55:02 UTC 2017"}
        ],
        [
            {"location": [[
                {"latitude": 60.02723},
                {"longitude": 11.111658}
            ]]},
            {"altitude": 163},
            {"distance_km": 4.4489},
            {"speed_kmh": 8.1096},
            {"timestamp": "Sat Jan 21 10:55:11 UTC 2017"}
        ],
        [
            {"location": [[
                {"latitude": 60.027006},
                {"longitude": 11.111409}
            ]]},
            {"altitude": 159},
            {"distance_km": 4.47753},
            {"speed_kmh": 7.05357},
            {"timestamp": "Sat Jan 21 10:55:27 UTC 2017"}
        ],
        [
            {"location": [[
                {"latitude": 60.026836},
                {"longitude": 11.11122}
            ]]},
            {"altitude": 160},
            {"distance_km": 4.49911},
            {"speed_kmh": 6.26483},
            {"timestamp": "Sat Jan 21 10:55:39 UTC 2017"}
        ],
        [
            {"location": [[
                {"latitude": 60.026638},
                {"longitude": 11.110805}
            ]]},
            {"altitude": 162},
            {"distance_km": 4.53111},
            {"speed_kmh": 7.78304},
            {"timestamp": "Sat Jan 21 10:55:50 UTC 2017"}
        ],
        [
            {"location": [[
                {"latitude": 60.026555},
                {"longitude": 11.110597}
            ]]},
            {"altitude": 161},
            {"distance_km": 4.54598},
            {"speed_kmh": 9.23245},
            {"timestamp": "Sat Jan 21 10:55:55 UTC 2017"}
        ],
        [
            {"location": [[
                {"latitude": 60.026436},
                {"longitude": 11.110276}
            ]]},
            {"altitude": 160},
            {"distance_km": 4.56818},
            {"speed_kmh": 10.3916},
            {"timestamp": "Sat Jan 21 10:56:03 UTC 2017"}
        ],
        [
            {"location": [[
                {"latitude": 60.026292},
                {"longitude": 11.109843}
            ]]},
            {"altitude": 161},
            {"distance_km": 4.59716},
            {"speed_kmh": 10.7907},
            {"timestamp": "Sat Jan 21 10:56:12 UTC 2017"}
        ],
        [
            {"location": [[
                {"latitude": 60.026202},
                {"longitude": 11.109627}
            ]]},
            {"altitude": 162},
            {"distance_km": 4.61284},
            {"speed_kmh": 10.9064},
            {"timestamp": "Sat Jan 21 10:56:17 UTC 2017"}
        ],
        [
            {"location": [[
                {"latitude": 60.026149},
                {"longitude": 11.10949}
            ]]},
            {"altitude": 163},
            {"distance_km": 4.62254},
            {"speed_kmh": 11.5627},
            {"timestamp": "Sat Jan 21 10:56:20 UTC 2017"}
        ],
        [
            {"location": [[
                {"latitude": 60.026013},
                {"longitude": 11.109128}
            ]]},
            {"altitude": 160},
            {"distance_km": 4.64773},
            {"speed_kmh": 11.4689},
            {"timestamp": "Sat Jan 21 10:56:28 UTC 2017"}
        ],
        [
            {"location": [[
                {"latitude": 60.025931},
                {"longitude": 11.108861}
            ]]},
            {"altitude": 161},
            {"distance_km": 4.66522},
            {"speed_kmh": 11.2587},
            {"timestamp": "Sat Jan 21 10:56:34 UTC 2017"}
        ],
        [
            {"location": [[
                {"latitude": 60.025859},
                {"longitude": 11.108636}
            ]]},
            {"altitude": 161},
            {"distance_km": 4.68013},
            {"speed_kmh": 10.8539},
            {"timestamp": "Sat Jan 21 10:56:39 UTC 2017"}
        ],
        [
            {"location": [[
                {"latitude": 60.025785},
                {"longitude": 11.108397}
            ]]},
            {"altitude": 164},
            {"distance_km": 4.69582},
            {"speed_kmh": 10.8246},
            {"timestamp": "Sat Jan 21 10:56:44 UTC 2017"}
        ],
        [
            {"location": [[
                {"latitude": 60.025672},
                {"longitude": 11.108033}
            ]]},
            {"altitude": 161},
            {"distance_km": 4.7197},
            {"speed_kmh": 10.919},
            {"timestamp": "Sat Jan 21 10:56:52 UTC 2017"}
        ],
        [
            {"location": [[
                {"latitude": 60.025591},
                {"longitude": 11.107818}
            ]]},
            {"altitude": 162},
            {"distance_km": 4.73472},
            {"speed_kmh": 10.903},
            {"timestamp": "Sat Jan 21 10:56:57 UTC 2017"}
        ],
        [
            {"location": [[
                {"latitude": 60.02546},
                {"longitude": 11.107526}
            ]]},
            {"altitude": 161},
            {"distance_km": 4.75653},
            {"speed_kmh": 10.4437},
            {"timestamp": "Sat Jan 21 10:57:05 UTC 2017"}
        ],
        [
            {"location": [[
                {"latitude": 60.025392},
                {"longitude": 11.107372}
            ]]},
            {"altitude": 159},
            {"distance_km": 4.76804},
            {"speed_kmh": 10.312},
            {"timestamp": "Sat Jan 21 10:57:09 UTC 2017"}
        ],
        [
            {"location": [[
                {"latitude": 60.025285},
                {"longitude": 11.107141}
            ]]},
            {"altitude": 157},
            {"distance_km": 4.78551},
            {"speed_kmh": 10.2278},
            {"timestamp": "Sat Jan 21 10:57:15 UTC 2017"}
        ],
        [
            {"location": [[
                {"latitude": 60.025159},
                {"longitude": 11.106765}
            ]]},
            {"altitude": 157},
            {"distance_km": 4.81079},
            {"speed_kmh": 9.69012},
            {"timestamp": "Sat Jan 21 10:57:26 UTC 2017"}
        ],
        [
            {"location": [[
                {"latitude": 60.025147},
                {"longitude": 11.106401}
            ]]},
            {"altitude": 159},
            {"distance_km": 4.83113},
            {"speed_kmh": 8.45},
            {"timestamp": "Sat Jan 21 10:57:37 UTC 2017"}
        ],
        [
            {"location": [[
                {"latitude": 60.025098},
                {"longitude": 11.10623}
            ]]},
            {"altitude": 160},
            {"distance_km": 4.84214},
            {"speed_kmh": 8.29161},
            {"timestamp": "Sat Jan 21 10:57:41 UTC 2017"}
        ],
        [
            {"location": [[
                {"latitude": 60.025018},
                {"longitude": 11.105905}
            ]]},
            {"altitude": 159},
            {"distance_km": 4.86237},
            {"speed_kmh": 9.00292},
            {"timestamp": "Sat Jan 21 10:57:48 UTC 2017"}
        ],
        [
            {"location": [[
                {"latitude": 60.024969},
                {"longitude": 11.105536}
            ]]},
            {"altitude": 161},
            {"distance_km": 4.88365},
            {"speed_kmh": 10.4006},
            {"timestamp": "Sat Jan 21 10:57:55 UTC 2017"}
        ],
        [
            {"location": [[
                {"latitude": 60.024936},
                {"longitude": 11.10508}
            ]]},
            {"altitude": 161},
            {"distance_km": 4.9093},
            {"speed_kmh": 10.5312},
            {"timestamp": "Sat Jan 21 10:58:04 UTC 2017"}
        ],
        [
            {"location": [[
                {"latitude": 60.024914},
                {"longitude": 11.104751}
            ]]},
            {"altitude": 156},
            {"distance_km": 4.92786},
            {"speed_kmh": 10.2214},
            {"timestamp": "Sat Jan 21 10:58:11 UTC 2017"}
        ],
        [
            {"location": [[
                {"latitude": 60.024915},
                {"longitude": 11.104293}
            ]]},
            {"altitude": 149},
            {"distance_km": 4.95337},
            {"speed_kmh": 9.16183},
            {"timestamp": "Sat Jan 21 10:58:23 UTC 2017"}
        ],
        [
            {"location": [[
                {"latitude": 60.024807},
                {"longitude": 11.103896}
            ]]},
            {"altitude": 151},
            {"distance_km": 4.97857},
            {"speed_kmh": 7.88017},
            {"timestamp": "Sat Jan 21 10:58:37 UTC 2017"}
        ],
        [
            {"location": [[
                {"latitude": 60.024758},
                {"longitude": 11.103686}
            ]]},
            {"altitude": 150},
            {"distance_km": 4.9915},
            {"speed_kmh": 6.43901},
            {"timestamp": "Sat Jan 21 10:58:46 UTC 2017"}
        ],
        [
            {"location": [[
                {"latitude": 60.024613},
                {"longitude": 11.103262}
            ]]},
            {"altitude": 150},
            {"distance_km": 5.02018},
            {"speed_kmh": 7.33382},
            {"timestamp": "Sat Jan 21 10:58:56 UTC 2017"}
        ],
        [
            {"location": [[
                {"latitude": 60.024443},
                {"longitude": 11.103415}
            ]]},
            {"altitude": 152},
            {"distance_km": 5.04097},
            {"speed_kmh": 7.94106},
            {"timestamp": "Sat Jan 21 10:59:05 UTC 2017"}
        ],
        [
            {"location": [[
                {"latitude": 60.024278},
                {"longitude": 11.103726}
            ]]},
            {"altitude": 156},
            {"distance_km": 5.06623},
            {"speed_kmh": 9.25873},
            {"timestamp": "Sat Jan 21 10:59:15 UTC 2017"}
        ],
        [
            {"location": [[
                {"latitude": 60.024178},
                {"longitude": 11.103912}
            ]]},
            {"altitude": 159},
            {"distance_km": 5.08138},
            {"speed_kmh": 8.82556},
            {"timestamp": "Sat Jan 21 10:59:21 UTC 2017"}
        ],
        [
            {"location": [[
                {"latitude": 60.024027},
                {"longitude": 11.104247}
            ]]},
            {"altitude": 158},
            {"distance_km": 5.10653},
            {"speed_kmh": 9.41527},
            {"timestamp": "Sat Jan 21 10:59:30 UTC 2017"}
        ],
        [
            {"location": [[
                {"latitude": 60.023968},
                {"longitude": 11.104395}
            ]]},
            {"altitude": 157},
            {"distance_km": 5.11706},
            {"speed_kmh": 9.52662},
            {"timestamp": "Sat Jan 21 10:59:34 UTC 2017"}
        ],
        [
            {"location": [[
                {"latitude": 60.02384},
                {"longitude": 11.10478}
            ]]},
            {"altitude": 158},
            {"distance_km": 5.14284},
            {"speed_kmh": 9.94742},
            {"timestamp": "Sat Jan 21 10:59:43 UTC 2017"}
        ],
        [
            {"location": [[
                {"latitude": 60.023737},
                {"longitude": 11.105124}
            ]]},
            {"altitude": 161},
            {"distance_km": 5.16522},
            {"speed_kmh": 9.57446},
            {"timestamp": "Sat Jan 21 10:59:52 UTC 2017"}
        ],
        [
            {"location": [[
                {"latitude": 60.02357},
                {"longitude": 11.105204}
            ]]},
            {"altitude": 158},
            {"distance_km": 5.18432},
            {"speed_kmh": 9.29169},
            {"timestamp": "Sat Jan 21 11:00:00 UTC 2017"}
        ],
        [
            {"location": [[
                {"latitude": 60.023393},
                {"longitude": 11.105132}
            ]]},
            {"altitude": 160},
            {"distance_km": 5.20443},
            {"speed_kmh": 8.86452},
            {"timestamp": "Sat Jan 21 11:00:08 UTC 2017"}
        ],
        [
            {"location": [[
                {"latitude": 60.023319},
                {"longitude": 11.105265}
            ]]},
            {"altitude": 161},
            {"distance_km": 5.21554},
            {"speed_kmh": 7.21075},
            {"timestamp": "Sat Jan 21 11:00:18 UTC 2017"}
        ],
        [
            {"location": [[
                {"latitude": 60.023263},
                {"longitude": 11.105657}
            ]]},
            {"altitude": 163},
            {"distance_km": 5.23826},
            {"speed_kmh": 5.71131},
            {"timestamp": "Sat Jan 21 11:00:38 UTC 2017"}
        ],
        [
            {"location": [[
                {"latitude": 60.023124},
                {"longitude": 11.105702}
            ]]},
            {"altitude": 164},
            {"distance_km": 5.25395},
            {"speed_kmh": 4.26491},
            {"timestamp": "Sat Jan 21 11:00:50 UTC 2017"}
        ],
        [
            {"location": [[
                {"latitude": 60.02299},
                {"longitude": 11.105524}
            ]]},
            {"altitude": 166},
            {"distance_km": 5.27189},
            {"speed_kmh": 4.19964},
            {"timestamp": "Sat Jan 21 11:01:07 UTC 2017"}
        ],
        [
            {"location": [[
                {"latitude": 60.022908},
                {"longitude": 11.105403}
            ]]},
            {"altitude": 166},
            {"distance_km": 5.28327},
            {"speed_kmh": 4.35377},
            {"timestamp": "Sat Jan 21 11:01:16 UTC 2017"}
        ],
        [
            {"location": [[
                {"latitude": 60.022793},
                {"longitude": 11.105208}
            ]]},
            {"altitude": 168},
            {"distance_km": 5.30006},
            {"speed_kmh": 4.33362},
            {"timestamp": "Sat Jan 21 11:01:29 UTC 2017"}
        ],
        [
            {"location": [[
                {"latitude": 60.022675},
                {"longitude": 11.10509}
            ]]},
            {"altitude": 168},
            {"distance_km": 5.31477},
            {"speed_kmh": 4.67147},
            {"timestamp": "Sat Jan 21 11:01:40 UTC 2017"}
        ],
        [
            {"location": [[
                {"latitude": 60.022514},
                {"longitude": 11.104957}
            ]]},
            {"altitude": 174},
            {"distance_km": 5.33422},
            {"speed_kmh": 4.61254},
            {"timestamp": "Sat Jan 21 11:01:56 UTC 2017"}
        ],
        [
            {"location": [[
                {"latitude": 60.022299},
                {"longitude": 11.104747}
            ]]},
            {"altitude": 178},
            {"distance_km": 5.36083},
            {"speed_kmh": 4.94129},
            {"timestamp": "Sat Jan 21 11:02:13 UTC 2017"}
        ],
        [
            {"location": [[
                {"latitude": 60.022174},
                {"longitude": 11.104705}
            ]]},
            {"altitude": 183},
            {"distance_km": 5.37498},
            {"speed_kmh": 4.75177},
            {"timestamp": "Sat Jan 21 11:02:25 UTC 2017"}
        ],
        [
            {"location": [[
                {"latitude": 60.021924},
                {"longitude": 11.10464}
            ]]},
            {"altitude": 180},
            {"distance_km": 5.40304},
            {"speed_kmh": 5.39769},
            {"timestamp": "Sat Jan 21 11:02:41 UTC 2017"}
        ],
        [
            {"location": [[
                {"latitude": 60.021827},
                {"longitude": 11.10463}
            ]]},
            {"altitude": 181},
            {"distance_km": 5.41387},
            {"speed_kmh": 5.66914},
            {"timestamp": "Sat Jan 21 11:02:47 UTC 2017"}
        ],
        [
            {"location": [[
                {"latitude": 60.021612},
                {"longitude": 11.104586}
            ]]},
            {"altitude": 178},
            {"distance_km": 5.43792},
            {"speed_kmh": 6.3224},
            {"timestamp": "Sat Jan 21 11:03:01 UTC 2017"}
        ],
        [
            {"location": [[
                {"latitude": 60.0214},
                {"longitude": 11.104601}
            ]]},
            {"altitude": 180},
            {"distance_km": 5.46155},
            {"speed_kmh": 6.58089},
            {"timestamp": "Sat Jan 21 11:03:13 UTC 2017"}
        ],
        [
            {"location": [[
                {"latitude": 60.021169},
                {"longitude": 11.104712}
            ]]},
            {"altitude": 183},
            {"distance_km": 5.48808},
            {"speed_kmh": 6.70596},
            {"timestamp": "Sat Jan 21 11:03:27 UTC 2017"}
        ],
        [
            {"location": [[
                {"latitude": 60.021025},
                {"longitude": 11.104851}
            ]]},
            {"altitude": 183},
            {"distance_km": 5.50585},
            {"speed_kmh": 6.99217},
            {"timestamp": "Sat Jan 21 11:03:36 UTC 2017"}
        ],
        [
            {"location": [[
                {"latitude": 60.020835},
                {"longitude": 11.105067}
            ]]},
            {"altitude": 184},
            {"distance_km": 5.53024},
            {"speed_kmh": 6.88961},
            {"timestamp": "Sat Jan 21 11:03:49 UTC 2017"}
        ],
        [
            {"location": [[
                {"latitude": 60.020739},
                {"longitude": 11.105196}
            ]]},
            {"altitude": 183},
            {"distance_km": 5.54306},
            {"speed_kmh": 6.81254},
            {"timestamp": "Sat Jan 21 11:03:56 UTC 2017"}
        ],
        [
            {"location": [[
                {"latitude": 60.020584},
                {"longitude": 11.105386}
            ]]},
            {"altitude": 185},
            {"distance_km": 5.56339},
            {"speed_kmh": 6.67576},
            {"timestamp": "Sat Jan 21 11:04:07 UTC 2017"}
        ],
        [
            {"location": [[
                {"latitude": 60.020501},
                {"longitude": 11.10568}
            ]]},
            {"altitude": 181},
            {"distance_km": 5.58221},
            {"speed_kmh": 6.15273},
            {"timestamp": "Sat Jan 21 11:04:20 UTC 2017"}
        ],
        [
            {"location": [[
                {"latitude": 60.020852},
                {"longitude": 11.106049}
            ]]},
            {"altitude": 178},
            {"distance_km": 5.6264},
            {"speed_kmh": 7.3584},
            {"timestamp": "Sat Jan 21 11:04:35 UTC 2017"}
        ],
        [
            {"location": [[
                {"latitude": 60.024012},
                {"longitude": 11.114881}
            ]]},
            {"altitude": 166},
            {"distance_km": 6.2318},
            {"speed_kmh": 1.89476},
            {"timestamp": "Sat Jan 21 11:10:59 UTC 2017"}
        ],
        [
            {"location": [[
                {"latitude": 60.024012},
                {"longitude": 11.114881}
            ]]},
            {"distance_km": 6.2318},
            {"timestamp": "Sat Jan 21 11:11:06 UTC 2017"}
        ],
        [
            {"location": [[
                {"latitude": 60.024012},
                {"longitude": 11.114881}
            ]]},
            {"distance_km": 6.2318},
            {"timestamp": "Sat Jan 21 11:14:24 UTC 2017"}
        ]
    ]}
]