[
    {"sport": "RUNNING"},
    {"source": "TRACK_MOBILE"},
    {"created_date": "2017-12-07 17:51:30.0"},
    {"start_time": "2017-12-07 16:47:04.0"},
    {"end_time": "2017-12-07 17:36:17.0"},
    {"duration_s": 2953},
    {"distance_km": 7.51698112487793},
    {"calories_kcal": 472},
    {"altitude_min_m": 133},
    {"altitude_max_m": 175},
    {"speed_avg_kmh": 9.163945834595513},
    {"speed_max_kmh": 14.455},
    {"hydration_l": 0.291557},
    {"ascend_m": 119},
    {"descend_m": 100},
    {"points": [
        [
            {"location": [[
                {"latitude": 59.956},
                {"longitude": 11.071865}
            ]]},
            {"distance_km": 0},
            {"timestamp": "Thu Dec 07 16:47:04 UTC 2017"}
        ],
        [
            {"location": [[
                {"latitude": 59.956},
                {"longitude": 11.071865}
            ]]},
            {"altitude": 140},
            {"distance_km": 0},
            {"timestamp": "Thu Dec 07 16:47:04 UTC 2017"}
        ],
        [
            {"location": [[
                {"latitude": 59.956179},
                {"longitude": 11.07191}
            ]]},
            {"altitude": 138},
            {"distance_km": 0.040175},
            {"timestamp": "Thu Dec 07 16:47:15 UTC 2017"}
        ],
        [
            {"location": [[
                {"latitude": 59.956356},
                {"longitude": 11.071938}
            ]]},
            {"altitude": 143},
            {"distance_km": 0.059946},
            {"timestamp": "Thu Dec 07 16:47:24 UTC 2017"}
        ],
        [
            {"location": [[
                {"latitude": 59.956507},
                {"longitude": 11.072232}
            ]]},
            {"altitude": 144},
            {"distance_km": 0.08343},
            {"speed_kmh": 7.84212},
            {"timestamp": "Thu Dec 07 16:47:33 UTC 2017"}
        ],
        [
            {"location": [[
                {"latitude": 59.956674},
                {"longitude": 11.07236}
            ]]},
            {"altitude": 143},
            {"distance_km": 0.103389},
            {"speed_kmh": 8.89862},
            {"timestamp": "Thu Dec 07 16:47:40 UTC 2017"}
        ],
        [
            {"location": [[
                {"latitude": 59.956886},
                {"longitude": 11.072518}
            ]]},
            {"altitude": 147},
            {"distance_km": 0.128604},
            {"speed_kmh": 9.71125},
            {"timestamp": "Thu Dec 07 16:47:49 UTC 2017"}
        ],
        [
            {"location": [[
                {"latitude": 59.957147},
                {"longitude": 11.072685}
            ]]},
            {"altitude": 149},
            {"distance_km": 0.159127},
            {"speed_kmh": 10.7055},
            {"timestamp": "Thu Dec 07 16:47:59 UTC 2017"}
        ],
        [
            {"location": [[
                {"latitude": 59.957334},
                {"longitude": 11.072866}
            ]]},
            {"altitude": 147},
            {"distance_km": 0.18225},
            {"speed_kmh": 11.4616},
            {"timestamp": "Thu Dec 07 16:48:05 UTC 2017"}
        ],
        [
            {"location": [[
                {"latitude": 59.957479},
                {"longitude": 11.072951}
            ]]},
            {"altitude": 146},
            {"distance_km": 0.199152},
            {"speed_kmh": 12.1608},
            {"timestamp": "Thu Dec 07 16:48:10 UTC 2017"}
        ],
        [
            {"location": [[
                {"latitude": 59.957649},
                {"longitude": 11.073082}
            ]]},
            {"altitude": 144},
            {"distance_km": 0.219485},
            {"speed_kmh": 12.2831},
            {"timestamp": "Thu Dec 07 16:48:16 UTC 2017"}
        ],
        [
            {"location": [[
                {"latitude": 59.957824},
                {"longitude": 11.07323}
            ]]},
            {"altitude": 144},
            {"distance_km": 0.240644},
            {"speed_kmh": 11.7463},
            {"timestamp": "Thu Dec 07 16:48:23 UTC 2017"}
        ],
        [
            {"location": [[
                {"latitude": 59.957897},
                {"longitude": 11.073296}
            ]]},
            {"altitude": 142},
            {"distance_km": 0.249576},
            {"speed_kmh": 11.366},
            {"timestamp": "Thu Dec 07 16:48:26 UTC 2017"}
        ],
        [
            {"location": [[
                {"latitude": 59.958019},
                {"longitude": 11.073391}
            ]]},
            {"altitude": 141},
            {"distance_km": 0.264112},
            {"speed_kmh": 10.7346},
            {"timestamp": "Thu Dec 07 16:48:31 UTC 2017"}
        ],
        [
            {"location": [[
                {"latitude": 59.958238},
                {"longitude": 11.073403}
            ]]},
            {"altitude": 143},
            {"distance_km": 0.288591},
            {"speed_kmh": 10.7689},
            {"timestamp": "Thu Dec 07 16:48:39 UTC 2017"}
        ],
        [
            {"location": [[
                {"latitude": 59.958489},
                {"longitude": 11.073416}
            ]]},
            {"altitude": 140},
            {"distance_km": 0.316496},
            {"speed_kmh": 10.8177},
            {"timestamp": "Thu Dec 07 16:48:48 UTC 2017"}
        ],
        [
            {"location": [[
                {"latitude": 59.958704},
                {"longitude": 11.07342}
            ]]},
            {"altitude": 143},
            {"distance_km": 0.340514},
            {"speed_kmh": 10.9964},
            {"timestamp": "Thu Dec 07 16:48:56 UTC 2017"}
        ],
        [
            {"location": [[
                {"latitude": 59.958888},
                {"longitude": 11.073413}
            ]]},
            {"altitude": 145},
            {"distance_km": 0.360965},
            {"speed_kmh": 10.8328},
            {"timestamp": "Thu Dec 07 16:49:03 UTC 2017"}
        ],
        [
            {"location": [[
                {"latitude": 59.959103},
                {"longitude": 11.073391}
            ]]},
            {"altitude": 145},
            {"distance_km": 0.38493},
            {"speed_kmh": 10.7094},
            {"timestamp": "Thu Dec 07 16:49:11 UTC 2017"}
        ],
        [
            {"location": [[
                {"latitude": 59.959237},
                {"longitude": 11.073376}
            ]]},
            {"altitude": 146},
            {"distance_km": 0.399926},
            {"speed_kmh": 10.0915},
            {"timestamp": "Thu Dec 07 16:49:17 UTC 2017"}
        ],
        [
            {"location": [[
                {"latitude": 59.959433},
                {"longitude": 11.073416}
            ]]},
            {"altitude": 144},
            {"distance_km": 0.421819},
            {"speed_kmh": 9.8619},
            {"timestamp": "Thu Dec 07 16:49:25 UTC 2017"}
        ],
        [
            {"location": [[
                {"latitude": 59.959657},
                {"longitude": 11.073426}
            ]]},
            {"altitude": 144},
            {"distance_km": 0.446861},
            {"speed_kmh": 9.60503},
            {"timestamp": "Thu Dec 07 16:49:34 UTC 2017"}
        ],
        [
            {"location": [[
                {"latitude": 59.959602},
                {"longitude": 11.073677}
            ]]},
            {"altitude": 145},
            {"distance_km": 0.46221},
            {"speed_kmh": 8.46361},
            {"timestamp": "Thu Dec 07 16:49:44 UTC 2017"}
        ],
        [
            {"location": [[
                {"latitude": 59.959541},
                {"longitude": 11.073855}
            ]]},
            {"altitude": 145},
            {"distance_km": 0.47428},
            {"speed_kmh": 7.60259},
            {"timestamp": "Thu Dec 07 16:49:50 UTC 2017"}
        ],
        [
            {"location": [[
                {"latitude": 59.959447},
                {"longitude": 11.07437}
            ]]},
            {"altitude": 142},
            {"distance_km": 0.50487},
            {"speed_kmh": 7.59848},
            {"timestamp": "Thu Dec 07 16:50:01 UTC 2017"}
        ],
        [
            {"location": [[
                {"latitude": 59.959389},
                {"longitude": 11.074673}
            ]]},
            {"altitude": 144},
            {"distance_km": 0.522984},
            {"speed_kmh": 9.37163},
            {"timestamp": "Thu Dec 07 16:50:07 UTC 2017"}
        ],
        [
            {"location": [[
                {"latitude": 59.959347},
                {"longitude": 11.074927}
            ]]},
            {"altitude": 148},
            {"distance_km": 0.537917},
            {"speed_kmh": 9.94601},
            {"timestamp": "Thu Dec 07 16:50:13 UTC 2017"}
        ],
        [
            {"location": [[
                {"latitude": 59.959226},
                {"longitude": 11.075414}
            ]]},
            {"altitude": 147},
            {"distance_km": 0.568277},
            {"speed_kmh": 10.2528},
            {"timestamp": "Thu Dec 07 16:50:23 UTC 2017"}
        ],
        [
            {"location": [[
                {"latitude": 59.959163},
                {"longitude": 11.075712}
            ]]},
            {"altitude": 147},
            {"distance_km": 0.586335},
            {"speed_kmh": 9.72491},
            {"timestamp": "Thu Dec 07 16:50:30 UTC 2017"}
        ],
        [
            {"location": [[
                {"latitude": 59.959078},
                {"longitude": 11.076042}
            ]]},
            {"altitude": 144},
            {"distance_km": 0.607091},
            {"speed_kmh": 10.2788},
            {"timestamp": "Thu Dec 07 16:50:37 UTC 2017"}
        ],
        [
            {"location": [[
                {"latitude": 59.958975},
                {"longitude": 11.076495}
            ]]},
            {"altitude": 147},
            {"distance_km": 0.634908},
            {"speed_kmh": 9.98496},
            {"timestamp": "Thu Dec 07 16:50:47 UTC 2017"}
        ],
        [
            {"location": [[
                {"latitude": 59.958527},
                {"longitude": 11.078438}
            ]]},
            {"altitude": 143},
            {"distance_km": 0.754344},
            {"speed_kmh": 3.77196},
            {"timestamp": "Thu Dec 07 16:51:25 UTC 2017"}
        ],
        [
            {"location": [[
                {"latitude": 59.958435},
                {"longitude": 11.078748}
            ]]},
            {"altitude": 142},
            {"distance_km": 0.774474},
            {"speed_kmh": 7.22226},
            {"timestamp": "Thu Dec 07 16:51:32 UTC 2017"}
        ],
        [
            {"location": [[
                {"latitude": 59.95833},
                {"longitude": 11.078894}
            ]]},
            {"altitude": 144},
            {"distance_km": 0.788778},
            {"speed_kmh": 10.084},
            {"timestamp": "Thu Dec 07 16:51:38 UTC 2017"}
        ],
        [
            {"location": [[
                {"latitude": 59.958207},
                {"longitude": 11.078992}
            ]]},
            {"altitude": 142},
            {"distance_km": 0.80346},
            {"speed_kmh": 9.24793},
            {"timestamp": "Thu Dec 07 16:51:44 UTC 2017"}
        ],
        [
            {"location": [[
                {"latitude": 59.958074},
                {"longitude": 11.079071}
            ]]},
            {"altitude": 145},
            {"distance_km": 0.818942},
            {"speed_kmh": 8.44681},
            {"timestamp": "Thu Dec 07 16:51:51 UTC 2017"}
        ],
        [
            {"location": [[
                {"latitude": 59.957888},
                {"longitude": 11.079339}
            ]]},
            {"altitude": 141},
            {"distance_km": 0.844577},
            {"speed_kmh": 7.63639},
            {"timestamp": "Thu Dec 07 16:52:06 UTC 2017"}
        ],
        [
            {"location": [[
                {"latitude": 59.957763},
                {"longitude": 11.079913}
            ]]},
            {"altitude": 143},
            {"distance_km": 0.879549},
            {"speed_kmh": 7.92949},
            {"timestamp": "Thu Dec 07 16:52:19 UTC 2017"}
        ],
        [
            {"location": [[
                {"latitude": 59.957752},
                {"longitude": 11.080222}
            ]]},
            {"altitude": 143},
            {"distance_km": 0.896854},
            {"speed_kmh": 8.19357},
            {"timestamp": "Thu Dec 07 16:52:27 UTC 2017"}
        ],
        [
            {"location": [[
                {"latitude": 59.957738},
                {"longitude": 11.080541}
            ]]},
            {"altitude": 145},
            {"distance_km": 0.914728},
            {"speed_kmh": 8.86802},
            {"timestamp": "Thu Dec 07 16:52:34 UTC 2017"}
        ],
        [
            {"location": [[
                {"latitude": 59.957686},
                {"longitude": 11.080895}
            ]]},
            {"altitude": 148},
            {"distance_km": 0.935318},
            {"speed_kmh": 8.384},
            {"timestamp": "Thu Dec 07 16:52:43 UTC 2017"}
        ],
        [
            {"location": [[
                {"latitude": 59.957642},
                {"longitude": 11.081302}
            ]]},
            {"altitude": 148},
            {"distance_km": 0.958594},
            {"speed_kmh": 8.57491},
            {"timestamp": "Thu Dec 07 16:52:52 UTC 2017"}
        ],
        [
            {"location": [[
                {"latitude": 59.957576},
                {"longitude": 11.081541}
            ]]},
            {"altitude": 145},
            {"distance_km": 0.973835},
            {"speed_kmh": 9.50329},
            {"timestamp": "Thu Dec 07 16:52:57 UTC 2017"}
        ],
        [
            {"location": [[
                {"latitude": 59.957541},
                {"longitude": 11.081694}
            ]]},
            {"altitude": 144},
            {"distance_km": 0.983274},
            {"speed_kmh": 10.5353},
            {"timestamp": "Thu Dec 07 16:53:00 UTC 2017"}
        ],
        [
            {"location": [[
                {"latitude": 59.957501},
                {"longitude": 11.081878}
            ]]},
            {"altitude": 143},
            {"distance_km": 0.994429},
            {"speed_kmh": 11.8989},
            {"timestamp": "Thu Dec 07 16:53:03 UTC 2017"}
        ],
        [
            {"location": [[
                {"latitude": 59.957444},
                {"longitude": 11.082129}
            ]]},
            {"altitude": 145},
            {"distance_km": 1.00987},
            {"speed_kmh": 12.836},
            {"timestamp": "Thu Dec 07 16:53:07 UTC 2017"}
        ],
        [
            {"location": [[
                {"latitude": 59.957361},
                {"longitude": 11.082494}
            ]]},
            {"altitude": 146},
            {"distance_km": 1.03225},
            {"speed_kmh": 12.4306},
            {"timestamp": "Thu Dec 07 16:53:15 UTC 2017"}
        ],
        [
            {"location": [[
                {"latitude": 59.957314},
                {"longitude": 11.082707}
            ]]},
            {"altitude": 146},
            {"distance_km": 1.04524},
            {"speed_kmh": 11.0802},
            {"timestamp": "Thu Dec 07 16:53:20 UTC 2017"}
        ],
        [
            {"location": [[
                {"latitude": 59.95726},
                {"longitude": 11.082988}
            ]]},
            {"altitude": 146},
            {"distance_km": 1.06208},
            {"speed_kmh": 9.1651},
            {"timestamp": "Thu Dec 07 16:53:28 UTC 2017"}
        ],
        [
            {"location": [[
                {"latitude": 59.957153},
                {"longitude": 11.083385}
            ]]},
            {"altitude": 145},
            {"distance_km": 1.08722},
            {"speed_kmh": 8.98051},
            {"timestamp": "Thu Dec 07 16:53:37 UTC 2017"}
        ],
        [
            {"location": [[
                {"latitude": 59.957081},
                {"longitude": 11.083666}
            ]]},
            {"altitude": 144},
            {"distance_km": 1.10486},
            {"speed_kmh": 8.21469},
            {"timestamp": "Thu Dec 07 16:53:46 UTC 2017"}
        ],
        [
            {"location": [[
                {"latitude": 59.957058},
                {"longitude": 11.08378}
            ]]},
            {"altitude": 144},
            {"distance_km": 1.11175},
            {"timestamp": "Thu Dec 07 16:53:51 UTC 2017"}
        ],
        [
            {"location": [[
                {"latitude": 59.957026},
                {"longitude": 11.083906}
            ]]},
            {"altitude": 142},
            {"distance_km": 1.13432},
            {"timestamp": "Thu Dec 07 16:54:05 UTC 2017"}
        ],
        [
            {"location": [[
                {"latitude": 59.956964},
                {"longitude": 11.084384}
            ]]},
            {"altitude": 140},
            {"distance_km": 1.16195},
            {"speed_kmh": 4.39266},
            {"timestamp": "Thu Dec 07 16:54:21 UTC 2017"}
        ],
        [
            {"location": [[
                {"latitude": 59.956947},
                {"longitude": 11.084994}
            ]]},
            {"altitude": 140},
            {"distance_km": 1.19606},
            {"speed_kmh": 5.1549},
            {"timestamp": "Thu Dec 07 16:54:38 UTC 2017"}
        ],
        [
            {"location": [[
                {"latitude": 59.95693},
                {"longitude": 11.085343}
            ]]},
            {"altitude": 142},
            {"distance_km": 1.21567},
            {"speed_kmh": 6.30219},
            {"timestamp": "Thu Dec 07 16:54:51 UTC 2017"}
        ],
        [
            {"location": [[
                {"latitude": 59.956929},
                {"longitude": 11.085844}
            ]]},
            {"altitude": 143},
            {"distance_km": 1.24366},
            {"speed_kmh": 7.26143},
            {"timestamp": "Thu Dec 07 16:55:02 UTC 2017"}
        ],
        [
            {"location": [[
                {"latitude": 59.956935},
                {"longitude": 11.086047}
            ]]},
            {"altitude": 145},
            {"distance_km": 1.25503},
            {"speed_kmh": 7.57778},
            {"timestamp": "Thu Dec 07 16:55:07 UTC 2017"}
        ],
        [
            {"location": [[
                {"latitude": 59.95697},
                {"longitude": 11.086317}
            ]]},
            {"altitude": 142},
            {"distance_km": 1.27058},
            {"speed_kmh": 7.16851},
            {"timestamp": "Thu Dec 07 16:55:21 UTC 2017"}
        ],
        [
            {"location": [[
                {"latitude": 59.956991},
                {"longitude": 11.086853}
            ]]},
            {"altitude": 144},
            {"distance_km": 1.30064},
            {"speed_kmh": 6.58007},
            {"timestamp": "Thu Dec 07 16:55:35 UTC 2017"}
        ],
        [
            {"location": [[
                {"latitude": 59.957039},
                {"longitude": 11.087275}
            ]]},
            {"altitude": 144},
            {"distance_km": 1.32479},
            {"speed_kmh": 7.07342},
            {"timestamp": "Thu Dec 07 16:55:44 UTC 2017"}
        ],
        [
            {"location": [[
                {"latitude": 59.957118},
                {"longitude": 11.087394}
            ]]},
            {"altitude": 145},
            {"distance_km": 1.33588},
            {"speed_kmh": 8.14725},
            {"timestamp": "Thu Dec 07 16:55:50 UTC 2017"}
        ],
        [
            {"location": [[
                {"latitude": 59.957778},
                {"longitude": 11.087735}
            ]]},
            {"altitude": 146},
            {"distance_km": 1.41177},
            {"speed_kmh": 2.4189},
            {"timestamp": "Thu Dec 07 16:56:27 UTC 2017"}
        ],
        [
            {"location": [[
                {"latitude": 59.958072},
                {"longitude": 11.087499}
            ]]},
            {"altitude": 142},
            {"distance_km": 1.44712},
            {"speed_kmh": 6.26497},
            {"timestamp": "Thu Dec 07 16:56:38 UTC 2017"}
        ],
        [
            {"location": [[
                {"latitude": 59.958249},
                {"longitude": 11.087385}
            ]]},
            {"altitude": 141},
            {"distance_km": 1.46785},
            {"speed_kmh": 10.3791},
            {"timestamp": "Thu Dec 07 16:56:45 UTC 2017"}
        ],
        [
            {"location": [[
                {"latitude": 59.958441},
                {"longitude": 11.087301}
            ]]},
            {"altitude": 142},
            {"distance_km": 1.48976},
            {"speed_kmh": 11.7582},
            {"timestamp": "Thu Dec 07 16:56:51 UTC 2017"}
        ],
        [
            {"location": [[
                {"latitude": 59.95856},
                {"longitude": 11.087279}
            ]]},
            {"altitude": 141},
            {"distance_km": 1.50301},
            {"speed_kmh": 11.8703},
            {"timestamp": "Thu Dec 07 16:56:55 UTC 2017"}
        ],
        [
            {"location": [[
                {"latitude": 59.958722},
                {"longitude": 11.087265}
            ]]},
            {"altitude": 141},
            {"distance_km": 1.52114},
            {"speed_kmh": 11.3904},
            {"timestamp": "Thu Dec 07 16:57:01 UTC 2017"}
        ],
        [
            {"location": [[
                {"latitude": 59.958859},
                {"longitude": 11.087335}
            ]]},
            {"altitude": 141},
            {"distance_km": 1.53691},
            {"speed_kmh": 11.3795},
            {"timestamp": "Thu Dec 07 16:57:06 UTC 2017"}
        ],
        [
            {"location": [[
                {"latitude": 59.958981},
                {"longitude": 11.087368}
            ]]},
            {"altitude": 149},
            {"distance_km": 1.55064},
            {"speed_kmh": 10.6904},
            {"timestamp": "Thu Dec 07 16:57:11 UTC 2017"}
        ],
        [
            {"location": [[
                {"latitude": 59.959215},
                {"longitude": 11.08734}
            ]]},
            {"altitude": 147},
            {"distance_km": 1.57674},
            {"speed_kmh": 10.9037},
            {"timestamp": "Thu Dec 07 16:57:20 UTC 2017"}
        ],
        [
            {"location": [[
                {"latitude": 59.959418},
                {"longitude": 11.08731}
            ]]},
            {"altitude": 146},
            {"distance_km": 1.59938},
            {"speed_kmh": 10.5885},
            {"timestamp": "Thu Dec 07 16:57:27 UTC 2017"}
        ],
        [
            {"location": [[
                {"latitude": 59.959562},
                {"longitude": 11.08728}
            ]]},
            {"altitude": 142},
            {"distance_km": 1.61558},
            {"speed_kmh": 10.5626},
            {"timestamp": "Thu Dec 07 16:57:33 UTC 2017"}
        ],
        [
            {"location": [[
                {"latitude": 59.959824},
                {"longitude": 11.087341}
            ]]},
            {"altitude": 137},
            {"distance_km": 1.64495},
            {"speed_kmh": 10.2396},
            {"timestamp": "Thu Dec 07 16:57:43 UTC 2017"}
        ],
        [
            {"location": [[
                {"latitude": 59.959977},
                {"longitude": 11.087471}
            ]]},
            {"altitude": 140},
            {"distance_km": 1.66347},
            {"speed_kmh": 10.344},
            {"timestamp": "Thu Dec 07 16:57:50 UTC 2017"}
        ],
        [
            {"location": [[
                {"latitude": 59.960158},
                {"longitude": 11.08755}
            ]]},
            {"altitude": 143},
            {"distance_km": 1.68415},
            {"speed_kmh": 9.63651},
            {"timestamp": "Thu Dec 07 16:57:59 UTC 2017"}
        ],
        [
            {"location": [[
                {"latitude": 59.960355},
                {"longitude": 11.087747}
            ]]},
            {"altitude": 142},
            {"distance_km": 1.70871},
            {"speed_kmh": 8.94955},
            {"timestamp": "Thu Dec 07 16:58:10 UTC 2017"}
        ],
        [
            {"location": [[
                {"latitude": 59.960546},
                {"longitude": 11.087967}
            ]]},
            {"altitude": 143},
            {"distance_km": 1.73323},
            {"speed_kmh": 8.7781},
            {"timestamp": "Thu Dec 07 16:58:18 UTC 2017"}
        ],
        [
            {"location": [[
                {"latitude": 59.960729},
                {"longitude": 11.088088}
            ]]},
            {"altitude": 143},
            {"distance_km": 1.75472},
            {"speed_kmh": 9.11637},
            {"timestamp": "Thu Dec 07 16:58:27 UTC 2017"}
        ],
        [
            {"location": [[
                {"latitude": 59.960925},
                {"longitude": 11.088282}
            ]]},
            {"altitude": 143},
            {"distance_km": 1.77911},
            {"speed_kmh": 9.53147},
            {"timestamp": "Thu Dec 07 16:58:36 UTC 2017"}
        ],
        [
            {"location": [[
                {"latitude": 59.96106},
                {"longitude": 11.088427}
            ]]},
            {"altitude": 146},
            {"distance_km": 1.79616},
            {"speed_kmh": 9.03572},
            {"timestamp": "Thu Dec 07 16:58:43 UTC 2017"}
        ],
        [
            {"location": [[
                {"latitude": 59.961253},
                {"longitude": 11.088555}
            ]]},
            {"altitude": 144},
            {"distance_km": 1.81887},
            {"speed_kmh": 9.50645},
            {"timestamp": "Thu Dec 07 16:58:52 UTC 2017"}
        ],
        [
            {"location": [[
                {"latitude": 59.961427},
                {"longitude": 11.088636}
            ]]},
            {"altitude": 144},
            {"distance_km": 1.83877},
            {"speed_kmh": 9.30622},
            {"timestamp": "Thu Dec 07 16:58:59 UTC 2017"}
        ],
        [
            {"location": [[
                {"latitude": 59.9616},
                {"longitude": 11.088582}
            ]]},
            {"altitude": 141},
            {"distance_km": 1.85821},
            {"speed_kmh": 8.9903},
            {"timestamp": "Thu Dec 07 16:59:08 UTC 2017"}
        ],
        [
            {"location": [[
                {"latitude": 59.961748},
                {"longitude": 11.088446}
            ]]},
            {"altitude": 142},
            {"distance_km": 1.87638},
            {"speed_kmh": 8.74374},
            {"timestamp": "Thu Dec 07 16:59:15 UTC 2017"}
        ],
        [
            {"location": [[
                {"latitude": 59.961957},
                {"longitude": 11.088275}
            ]]},
            {"altitude": 137},
            {"distance_km": 1.90157},
            {"speed_kmh": 9.06289},
            {"timestamp": "Thu Dec 07 16:59:24 UTC 2017"}
        ],
        [
            {"location": [[
                {"latitude": 59.962133},
                {"longitude": 11.088145}
            ]]},
            {"altitude": 137},
            {"distance_km": 1.92243},
            {"speed_kmh": 10.0249},
            {"timestamp": "Thu Dec 07 16:59:31 UTC 2017"}
        ],
        [
            {"location": [[
                {"latitude": 59.962326},
                {"longitude": 11.088049}
            ]]},
            {"altitude": 141},
            {"distance_km": 1.94461},
            {"speed_kmh": 10.1988},
            {"timestamp": "Thu Dec 07 16:59:40 UTC 2017"}
        ],
        [
            {"location": [[
                {"latitude": 59.962519},
                {"longitude": 11.088026}
            ]]},
            {"altitude": 137},
            {"distance_km": 1.96614},
            {"speed_kmh": 9.75239},
            {"timestamp": "Thu Dec 07 16:59:48 UTC 2017"}
        ],
        [
            {"location": [[
                {"latitude": 59.962761},
                {"longitude": 11.088069}
            ]]},
            {"altitude": 141},
            {"distance_km": 1.99318},
            {"speed_kmh": 9.80611},
            {"timestamp": "Thu Dec 07 16:59:57 UTC 2017"}
        ],
        [
            {"location": [[
                {"latitude": 59.962871},
                {"longitude": 11.088105}
            ]]},
            {"altitude": 144},
            {"distance_km": 2.00561},
            {"speed_kmh": 10.2303},
            {"timestamp": "Thu Dec 07 17:00:01 UTC 2017"}
        ],
        [
            {"location": [[
                {"latitude": 59.963036},
                {"longitude": 11.088131}
            ]]},
            {"altitude": 145},
            {"distance_km": 2.02415},
            {"speed_kmh": 10.4984},
            {"timestamp": "Thu Dec 07 17:00:08 UTC 2017"}
        ],
        [
            {"location": [[
                {"latitude": 59.96319},
                {"longitude": 11.088207}
            ]]},
            {"altitude": 146},
            {"distance_km": 2.04182},
            {"speed_kmh": 9.90306},
            {"timestamp": "Thu Dec 07 17:00:15 UTC 2017"}
        ],
        [
            {"location": [[
                {"latitude": 59.96336},
                {"longitude": 11.088197}
            ]]},
            {"altitude": 148},
            {"distance_km": 2.06077},
            {"speed_kmh": 9.06335},
            {"timestamp": "Thu Dec 07 17:00:23 UTC 2017"}
        ],
        [
            {"location": [[
                {"latitude": 59.963487},
                {"longitude": 11.088224}
            ]]},
            {"altitude": 146},
            {"distance_km": 2.07497},
            {"speed_kmh": 9.27802},
            {"timestamp": "Thu Dec 07 17:00:28 UTC 2017"}
        ],
        [
            {"location": [[
                {"latitude": 59.963723},
                {"longitude": 11.088075}
            ]]},
            {"altitude": 147},
            {"distance_km": 2.10255},
            {"speed_kmh": 9.27282},
            {"timestamp": "Thu Dec 07 17:00:39 UTC 2017"}
        ],
        [
            {"location": [[
                {"latitude": 59.963674},
                {"longitude": 11.087792}
            ]]},
            {"altitude": 149},
            {"distance_km": 2.11925},
            {"speed_kmh": 8.41392},
            {"timestamp": "Thu Dec 07 17:00:49 UTC 2017"}
        ],
        [
            {"location": [[
                {"latitude": 59.962734},
                {"longitude": 11.087307}
            ]]},
            {"altitude": 145},
            {"distance_km": 2.22737},
            {"timestamp": "Thu Dec 07 17:01:31 UTC 2017"}
        ],
        [
            {"location": [[
                {"latitude": 59.962513},
                {"longitude": 11.087222}
            ]]},
            {"altitude": 140},
            {"distance_km": 2.2525},
            {"timestamp": "Thu Dec 07 17:01:40 UTC 2017"}
        ],
        [
            {"location": [[
                {"latitude": 59.962259},
                {"longitude": 11.087215}
            ]]},
            {"altitude": 133},
            {"distance_km": 2.28081},
            {"speed_kmh": 10.4619},
            {"timestamp": "Thu Dec 07 17:01:48 UTC 2017"}
        ],
        [
            {"location": [[
                {"latitude": 59.962068},
                {"longitude": 11.087167}
            ]]},
            {"altitude": 138},
            {"distance_km": 2.30225},
            {"speed_kmh": 10.1981},
            {"timestamp": "Thu Dec 07 17:01:57 UTC 2017"}
        ],
        [
            {"location": [[
                {"latitude": 59.961906},
                {"longitude": 11.087125}
            ]]},
            {"altitude": 139},
            {"distance_km": 2.32048},
            {"speed_kmh": 9.52512},
            {"timestamp": "Thu Dec 07 17:02:06 UTC 2017"}
        ],
        [
            {"location": [[
                {"latitude": 59.961683},
                {"longitude": 11.087019}
            ]]},
            {"altitude": 136},
            {"distance_km": 2.34593},
            {"speed_kmh": 8.5503},
            {"timestamp": "Thu Dec 07 17:02:16 UTC 2017"}
        ],
        [
            {"location": [[
                {"latitude": 59.96143},
                {"longitude": 11.086869}
            ]]},
            {"altitude": 140},
            {"distance_km": 2.37541},
            {"speed_kmh": 8.94805},
            {"timestamp": "Thu Dec 07 17:02:27 UTC 2017"}
        ],
        [
            {"location": [[
                {"latitude": 59.961209},
                {"longitude": 11.086677}
            ]]},
            {"altitude": 140},
            {"distance_km": 2.40224},
            {"speed_kmh": 9.4913},
            {"timestamp": "Thu Dec 07 17:02:37 UTC 2017"}
        ],
        [
            {"location": [[
                {"latitude": 59.961059},
                {"longitude": 11.086463}
            ]]},
            {"altitude": 144},
            {"distance_km": 2.4228},
            {"speed_kmh": 9.27719},
            {"timestamp": "Thu Dec 07 17:02:45 UTC 2017"}
        ],
        [
            {"location": [[
                {"latitude": 59.960864},
                {"longitude": 11.086089}
            ]]},
            {"altitude": 144},
            {"distance_km": 2.45292},
            {"speed_kmh": 9.29609},
            {"timestamp": "Thu Dec 07 17:02:56 UTC 2017"}
        ],
        [
            {"location": [[
                {"latitude": 59.96072},
                {"longitude": 11.085754}
            ]]},
            {"altitude": 146},
            {"distance_km": 2.47757},
            {"speed_kmh": 9.00432},
            {"timestamp": "Thu Dec 07 17:03:06 UTC 2017"}
        ],
        [
            {"location": [[
                {"latitude": 59.960587},
                {"longitude": 11.085458}
            ]]},
            {"altitude": 146},
            {"distance_km": 2.49978},
            {"speed_kmh": 9.20664},
            {"timestamp": "Thu Dec 07 17:03:15 UTC 2017"}
        ],
        [
            {"location": [[
                {"latitude": 59.960465},
                {"longitude": 11.085005}
            ]]},
            {"altitude": 140},
            {"distance_km": 2.52851},
            {"speed_kmh": 9.37383},
            {"timestamp": "Thu Dec 07 17:03:25 UTC 2017"}
        ],
        [
            {"location": [[
                {"latitude": 59.960401},
                {"longitude": 11.084784}
            ]]},
            {"altitude": 140},
            {"distance_km": 2.54276},
            {"speed_kmh": 9.80515},
            {"timestamp": "Thu Dec 07 17:03:30 UTC 2017"}
        ],
        [
            {"location": [[
                {"latitude": 59.960306},
                {"longitude": 11.084424}
            ]]},
            {"altitude": 139},
            {"distance_km": 2.5655},
            {"speed_kmh": 9.88688},
            {"timestamp": "Thu Dec 07 17:03:39 UTC 2017"}
        ],
        [
            {"location": [[
                {"latitude": 59.960261},
                {"longitude": 11.084163}
            ]]},
            {"altitude": 139},
            {"distance_km": 2.58087},
            {"speed_kmh": 9.51433},
            {"timestamp": "Thu Dec 07 17:03:45 UTC 2017"}
        ],
        [
            {"location": [[
                {"latitude": 59.960192},
                {"longitude": 11.083816}
            ]]},
            {"altitude": 140},
            {"distance_km": 2.60174},
            {"speed_kmh": 9.18148},
            {"timestamp": "Thu Dec 07 17:03:54 UTC 2017"}
        ],
        [
            {"location": [[
                {"latitude": 59.960159},
                {"longitude": 11.083285}
            ]]},
            {"altitude": 147},
            {"distance_km": 2.63163},
            {"speed_kmh": 9.16503},
            {"timestamp": "Thu Dec 07 17:04:05 UTC 2017"}
        ],
        [
            {"location": [[
                {"latitude": 59.960158},
                {"longitude": 11.082877}
            ]]},
            {"altitude": 144},
            {"distance_km": 2.65446},
            {"speed_kmh": 9.50577},
            {"timestamp": "Thu Dec 07 17:04:14 UTC 2017"}
        ],
        [
            {"location": [[
                {"latitude": 59.96016},
                {"longitude": 11.08247}
            ]]},
            {"altitude": 140},
            {"distance_km": 2.67721},
            {"speed_kmh": 9.86104},
            {"timestamp": "Thu Dec 07 17:04:21 UTC 2017"}
        ],
        [
            {"location": [[
                {"latitude": 59.960142},
                {"longitude": 11.082037}
            ]]},
            {"altitude": 139},
            {"distance_km": 2.70147},
            {"speed_kmh": 10.0754},
            {"timestamp": "Thu Dec 07 17:04:30 UTC 2017"}
        ],
        [
            {"location": [[
                {"latitude": 59.960172},
                {"longitude": 11.081532}
            ]]},
            {"altitude": 136},
            {"distance_km": 2.72988},
            {"speed_kmh": 9.76387},
            {"timestamp": "Thu Dec 07 17:04:41 UTC 2017"}
        ],
        [
            {"location": [[
                {"latitude": 59.960211},
                {"longitude": 11.081255}
            ]]},
            {"altitude": 139},
            {"distance_km": 2.74596},
            {"speed_kmh": 9.54851},
            {"timestamp": "Thu Dec 07 17:04:47 UTC 2017"}
        ],
        [
            {"location": [[
                {"latitude": 59.960275},
                {"longitude": 11.080871}
            ]]},
            {"altitude": 141},
            {"distance_km": 2.76857},
            {"speed_kmh": 9.69555},
            {"timestamp": "Thu Dec 07 17:04:55 UTC 2017"}
        ],
        [
            {"location": [[
                {"latitude": 59.960337},
                {"longitude": 11.080518}
            ]]},
            {"altitude": 142},
            {"distance_km": 2.78947},
            {"speed_kmh": 9.73769},
            {"timestamp": "Thu Dec 07 17:05:03 UTC 2017"}
        ],
        [
            {"location": [[
                {"latitude": 59.960397},
                {"longitude": 11.080314}
            ]]},
            {"altitude": 145},
            {"distance_km": 2.80263},
            {"speed_kmh": 9.68086},
            {"timestamp": "Thu Dec 07 17:05:08 UTC 2017"}
        ],
        [
            {"location": [[
                {"latitude": 59.960494},
                {"longitude": 11.079935}
            ]]},
            {"altitude": 143},
            {"distance_km": 2.82642},
            {"speed_kmh": 9.46236},
            {"timestamp": "Thu Dec 07 17:05:17 UTC 2017"}
        ],
        [
            {"location": [[
                {"latitude": 59.960579},
                {"longitude": 11.079598}
            ]]},
            {"altitude": 144},
            {"distance_km": 2.84752},
            {"speed_kmh": 9.48985},
            {"timestamp": "Thu Dec 07 17:05:25 UTC 2017"}
        ],
        [
            {"location": [[
                {"latitude": 59.960715},
                {"longitude": 11.079207}
            ]]},
            {"altitude": 145},
            {"distance_km": 2.87404},
            {"speed_kmh": 9.55592},
            {"timestamp": "Thu Dec 07 17:05:35 UTC 2017"}
        ],
        [
            {"location": [[
                {"latitude": 59.960808},
                {"longitude": 11.078934}
            ]]},
            {"altitude": 142},
            {"distance_km": 2.89248},
            {"speed_kmh": 9.49676},
            {"timestamp": "Thu Dec 07 17:05:42 UTC 2017"}
        ],
        [
            {"location": [[
                {"latitude": 59.961463},
                {"longitude": 11.077535}
            ]]},
            {"altitude": 147},
            {"distance_km": 2.99945},
            {"speed_kmh": 2.83265},
            {"timestamp": "Thu Dec 07 17:06:28 UTC 2017"}
        ],
        [
            {"location": [[
                {"latitude": 59.9615},
                {"longitude": 11.077262}
            ]]},
            {"altitude": 143},
            {"distance_km": 3.01528},
            {"speed_kmh": 4.72789},
            {"timestamp": "Thu Dec 07 17:06:38 UTC 2017"}
        ],
        [
            {"location": [[
                {"latitude": 59.961684},
                {"longitude": 11.076973}
            ]]},
            {"altitude": 145},
            {"distance_km": 3.04141},
            {"speed_kmh": 6.60899},
            {"timestamp": "Thu Dec 07 17:06:54 UTC 2017"}
        ],
        [
            {"location": [[
                {"latitude": 59.961796},
                {"longitude": 11.07673}
            ]]},
            {"altitude": 149},
            {"distance_km": 3.05986},
            {"speed_kmh": 5.08126},
            {"timestamp": "Thu Dec 07 17:07:11 UTC 2017"}
        ],
        [
            {"location": [[
                {"latitude": 59.96197},
                {"longitude": 11.076455}
            ]]},
            {"altitude": 148},
            {"distance_km": 3.08455},
            {"speed_kmh": 5.03794},
            {"timestamp": "Thu Dec 07 17:07:27 UTC 2017"}
        ],
        [
            {"location": [[
                {"latitude": 59.962152},
                {"longitude": 11.076173}
            ]]},
            {"altitude": 143},
            {"distance_km": 3.11023},
            {"speed_kmh": 5.52788},
            {"timestamp": "Thu Dec 07 17:07:40 UTC 2017"}
        ],
        [
            {"location": [[
                {"latitude": 59.962293},
                {"longitude": 11.075988}
            ]]},
            {"altitude": 145},
            {"distance_km": 3.12903},
            {"speed_kmh": 6.4709},
            {"timestamp": "Thu Dec 07 17:07:50 UTC 2017"}
        ],
        [
            {"location": [[
                {"latitude": 59.962538},
                {"longitude": 11.075766}
            ]]},
            {"altitude": 150},
            {"distance_km": 3.15901},
            {"speed_kmh": 6.74008},
            {"timestamp": "Thu Dec 07 17:08:07 UTC 2017"}
        ],
        [
            {"location": [[
                {"latitude": 59.962662},
                {"longitude": 11.075485}
            ]]},
            {"altitude": 146},
            {"distance_km": 3.17996},
            {"speed_kmh": 7.78622},
            {"timestamp": "Thu Dec 07 17:08:15 UTC 2017"}
        ],
        [
            {"location": [[
                {"latitude": 59.96271},
                {"longitude": 11.075228}
            ]]},
            {"altitude": 145},
            {"distance_km": 3.1953},
            {"speed_kmh": 7.94486},
            {"timestamp": "Thu Dec 07 17:08:22 UTC 2017"}
        ],
        [
            {"location": [[
                {"latitude": 59.962751},
                {"longitude": 11.075167}
            ]]},
            {"altitude": 146},
            {"distance_km": 3.20103},
            {"timestamp": "Thu Dec 07 17:08:26 UTC 2017"}
        ],
        [
            {"location": [[
                {"latitude": 59.962832},
                {"longitude": 11.074968}
            ]]},
            {"altitude": 143},
            {"distance_km": 3.23522},
            {"timestamp": "Thu Dec 07 17:08:42 UTC 2017"}
        ],
        [
            {"location": [[
                {"latitude": 59.963038},
                {"longitude": 11.074564}
            ]]},
            {"altitude": 141},
            {"distance_km": 3.26734},
            {"speed_kmh": 5.7515},
            {"timestamp": "Thu Dec 07 17:08:55 UTC 2017"}
        ],
        [
            {"location": [[
                {"latitude": 59.963038},
                {"longitude": 11.074564}
            ]]},
            {"altitude": 141},
            {"distance_km": 3.26734},
            {"timestamp": "Thu Dec 07 17:09:03 UTC 2017"}
        ],
        [
            {"location": [[
                {"latitude": 59.963038},
                {"longitude": 11.074564}
            ]]},
            {"altitude": 141},
            {"distance_km": 3.26734},
            {"timestamp": "Thu Dec 07 17:09:05 UTC 2017"}
        ],
        [
            {"location": [[
                {"latitude": 59.963137},
                {"longitude": 11.074258}
            ]]},
            {"altitude": 142},
            {"distance_km": 3.30816},
            {"speed_kmh": 1.36841},
            {"timestamp": "Thu Dec 07 17:09:22 UTC 2017"}
        ],
        [
            {"location": [[
                {"latitude": 59.963518},
                {"longitude": 11.073938}
            ]]},
            {"altitude": 149},
            {"distance_km": 3.35417},
            {"speed_kmh": 5.63952},
            {"timestamp": "Thu Dec 07 17:09:35 UTC 2017"}
        ],
        [
            {"location": [[
                {"latitude": 59.963647},
                {"longitude": 11.073569}
            ]]},
            {"altitude": 151},
            {"distance_km": 3.37927},
            {"speed_kmh": 8.95229},
            {"timestamp": "Thu Dec 07 17:09:44 UTC 2017"}
        ],
        [
            {"location": [[
                {"latitude": 59.963743},
                {"longitude": 11.073268}
            ]]},
            {"altitude": 147},
            {"distance_km": 3.39926},
            {"speed_kmh": 10.2546},
            {"timestamp": "Thu Dec 07 17:09:53 UTC 2017"}
        ],
        [
            {"location": [[
                {"latitude": 59.963806},
                {"longitude": 11.072961}
            ]]},
            {"altitude": 148},
            {"distance_km": 3.41771},
            {"speed_kmh": 8.75135},
            {"timestamp": "Thu Dec 07 17:10:01 UTC 2017"}
        ],
        [
            {"location": [[
                {"latitude": 59.963837},
                {"longitude": 11.072827}
            ]]},
            {"altitude": 144},
            {"distance_km": 3.42599},
            {"timestamp": "Thu Dec 07 17:10:07 UTC 2017"}
        ],
        [
            {"location": [[
                {"latitude": 59.963847},
                {"longitude": 11.07262}
            ]]},
            {"altitude": 144},
            {"distance_km": 3.45724},
            {"timestamp": "Thu Dec 07 17:10:20 UTC 2017"}
        ],
        [
            {"location": [[
                {"latitude": 59.963933},
                {"longitude": 11.072241}
            ]]},
            {"altitude": 147},
            {"distance_km": 3.48046},
            {"speed_kmh": 4.28521},
            {"timestamp": "Thu Dec 07 17:10:38 UTC 2017"}
        ],
        [
            {"location": [[
                {"latitude": 59.963932},
                {"longitude": 11.071684}
            ]]},
            {"altitude": 144},
            {"distance_km": 3.51158},
            {"speed_kmh": 5.98009},
            {"timestamp": "Thu Dec 07 17:10:49 UTC 2017"}
        ],
        [
            {"location": [[
                {"latitude": 59.963516},
                {"longitude": 11.069857}
            ]]},
            {"altitude": 145},
            {"distance_km": 3.62367},
            {"speed_kmh": 3.27967},
            {"timestamp": "Thu Dec 07 17:11:31 UTC 2017"}
        ],
        [
            {"location": [[
                {"latitude": 59.963392},
                {"longitude": 11.069519}
            ]]},
            {"altitude": 145},
            {"distance_km": 3.64703},
            {"speed_kmh": 6.40563},
            {"timestamp": "Thu Dec 07 17:11:39 UTC 2017"}
        ],
        [
            {"location": [[
                {"latitude": 59.963278},
                {"longitude": 11.069132}
            ]]},
            {"altitude": 147},
            {"distance_km": 3.67213},
            {"speed_kmh": 10.1733},
            {"timestamp": "Thu Dec 07 17:11:47 UTC 2017"}
        ],
        [
            {"location": [[
                {"latitude": 59.963191},
                {"longitude": 11.068739}
            ]]},
            {"altitude": 151},
            {"distance_km": 3.69615},
            {"speed_kmh": 10.0928},
            {"timestamp": "Thu Dec 07 17:11:56 UTC 2017"}
        ],
        [
            {"location": [[
                {"latitude": 59.963114},
                {"longitude": 11.068404}
            ]]},
            {"altitude": 148},
            {"distance_km": 3.71671},
            {"speed_kmh": 9.96986},
            {"timestamp": "Thu Dec 07 17:12:05 UTC 2017"}
        ],
        [
            {"location": [[
                {"latitude": 59.962976},
                {"longitude": 11.068045}
            ]]},
            {"altitude": 139},
            {"distance_km": 3.74199},
            {"speed_kmh": 9.58798},
            {"timestamp": "Thu Dec 07 17:12:14 UTC 2017"}
        ],
        [
            {"location": [[
                {"latitude": 59.962917},
                {"longitude": 11.067712}
            ]]},
            {"altitude": 153},
            {"distance_km": 3.76172},
            {"speed_kmh": 9.41976},
            {"timestamp": "Thu Dec 07 17:12:21 UTC 2017"}
        ],
        [
            {"location": [[
                {"latitude": 59.962807},
                {"longitude": 11.067315}
            ]]},
            {"altitude": 153},
            {"distance_km": 3.78709},
            {"speed_kmh": 9.46334},
            {"timestamp": "Thu Dec 07 17:12:31 UTC 2017"}
        ],
        [
            {"location": [[
                {"latitude": 59.962716},
                {"longitude": 11.066987}
            ]]},
            {"altitude": 155},
            {"distance_km": 3.80803},
            {"speed_kmh": 9.15217},
            {"timestamp": "Thu Dec 07 17:12:40 UTC 2017"}
        ],
        [
            {"location": [[
                {"latitude": 59.962566},
                {"longitude": 11.066563}
            ]]},
            {"altitude": 150},
            {"distance_km": 3.83698},
            {"speed_kmh": 9.65553},
            {"timestamp": "Thu Dec 07 17:12:49 UTC 2017"}
        ],
        [
            {"location": [[
                {"latitude": 59.962464},
                {"longitude": 11.066297}
            ]]},
            {"altitude": 151},
            {"distance_km": 3.85572},
            {"speed_kmh": 9.82227},
            {"timestamp": "Thu Dec 07 17:12:56 UTC 2017"}
        ],
        [
            {"location": [[
                {"latitude": 59.962342},
                {"longitude": 11.066082}
            ]]},
            {"altitude": 145},
            {"distance_km": 3.87382},
            {"speed_kmh": 11.0888},
            {"timestamp": "Thu Dec 07 17:13:01 UTC 2017"}
        ],
        [
            {"location": [[
                {"latitude": 59.962271},
                {"longitude": 11.065909}
            ]]},
            {"altitude": 149},
            {"distance_km": 3.8863},
            {"speed_kmh": 11.2848},
            {"timestamp": "Thu Dec 07 17:13:05 UTC 2017"}
        ],
        [
            {"location": [[
                {"latitude": 59.962148},
                {"longitude": 11.065545}
            ]]},
            {"altitude": 152},
            {"distance_km": 3.91083},
            {"speed_kmh": 11.0214},
            {"timestamp": "Thu Dec 07 17:13:15 UTC 2017"}
        ],
        [
            {"location": [[
                {"latitude": 59.962086},
                {"longitude": 11.065341}
            ]]},
            {"altitude": 157},
            {"distance_km": 3.92417},
            {"speed_kmh": 9.34355},
            {"timestamp": "Thu Dec 07 17:13:21 UTC 2017"}
        ],
        [
            {"location": [[
                {"latitude": 59.961959},
                {"longitude": 11.065115}
            ]]},
            {"altitude": 162},
            {"distance_km": 3.94317},
            {"speed_kmh": 8.05353},
            {"timestamp": "Thu Dec 07 17:13:31 UTC 2017"}
        ],
        [
            {"location": [[
                {"latitude": 59.961685},
                {"longitude": 11.064706}
            ]]},
            {"altitude": 157},
            {"distance_km": 3.98125},
            {"speed_kmh": 9.39489},
            {"timestamp": "Thu Dec 07 17:13:41 UTC 2017"}
        ],
        [
            {"location": [[
                {"latitude": 59.96152},
                {"longitude": 11.064476}
            ]]},
            {"altitude": 160},
            {"distance_km": 4.00368},
            {"speed_kmh": 10.5754},
            {"timestamp": "Thu Dec 07 17:13:48 UTC 2017"}
        ],
        [
            {"location": [[
                {"latitude": 59.961376},
                {"longitude": 11.064368}
            ]]},
            {"altitude": 162},
            {"distance_km": 4.02076},
            {"speed_kmh": 11.5513},
            {"timestamp": "Thu Dec 07 17:13:54 UTC 2017"}
        ],
        [
            {"location": [[
                {"latitude": 59.961105},
                {"longitude": 11.064301}
            ]]},
            {"altitude": 156},
            {"distance_km": 4.05126},
            {"speed_kmh": 11.327},
            {"timestamp": "Thu Dec 07 17:14:03 UTC 2017"}
        ],
        [
            {"location": [[
                {"latitude": 59.960926},
                {"longitude": 11.06451}
            ]]},
            {"altitude": 154},
            {"distance_km": 4.07441},
            {"speed_kmh": 11.4517},
            {"timestamp": "Thu Dec 07 17:14:10 UTC 2017"}
        ],
        [
            {"location": [[
                {"latitude": 59.960837},
                {"longitude": 11.064681}
            ]]},
            {"altitude": 148},
            {"distance_km": 4.08816},
            {"speed_kmh": 11.3365},
            {"timestamp": "Thu Dec 07 17:14:15 UTC 2017"}
        ],
        [
            {"location": [[
                {"latitude": 59.960801},
                {"longitude": 11.064498}
            ]]},
            {"altitude": 156},
            {"distance_km": 4.09915},
            {"speed_kmh": 8.91758},
            {"timestamp": "Thu Dec 07 17:14:23 UTC 2017"}
        ],
        [
            {"location": [[
                {"latitude": 59.960903},
                {"longitude": 11.064179}
            ]]},
            {"altitude": 147},
            {"distance_km": 4.12029},
            {"speed_kmh": 7.25378},
            {"timestamp": "Thu Dec 07 17:14:34 UTC 2017"}
        ],
        [
            {"location": [[
                {"latitude": 59.961083},
                {"longitude": 11.063943}
            ]]},
            {"altitude": 150},
            {"distance_km": 4.14431},
            {"speed_kmh": 6.35538},
            {"timestamp": "Thu Dec 07 17:14:46 UTC 2017"}
        ],
        [
            {"location": [[
                {"latitude": 59.960969},
                {"longitude": 11.063651}
            ]]},
            {"altitude": 154},
            {"distance_km": 4.16497},
            {"speed_kmh": 7.46293},
            {"timestamp": "Thu Dec 07 17:14:55 UTC 2017"}
        ],
        [
            {"location": [[
                {"latitude": 59.960739},
                {"longitude": 11.063532}
            ]]},
            {"altitude": 158},
            {"distance_km": 4.19138},
            {"speed_kmh": 7.79931},
            {"timestamp": "Thu Dec 07 17:15:07 UTC 2017"}
        ],
        [
            {"location": [[
                {"latitude": 59.960662},
                {"longitude": 11.063828}
            ]]},
            {"altitude": 159},
            {"distance_km": 4.21001},
            {"speed_kmh": 7.62434},
            {"timestamp": "Thu Dec 07 17:15:17 UTC 2017"}
        ],
        [
            {"location": [[
                {"latitude": 59.960662},
                {"longitude": 11.063828}
            ]]},
            {"altitude": 159},
            {"distance_km": 4.21001},
            {"timestamp": "Thu Dec 07 17:15:25 UTC 2017"}
        ],
        [
            {"location": [[
                {"latitude": 59.960662},
                {"longitude": 11.063828}
            ]]},
            {"altitude": 159},
            {"distance_km": 4.21001},
            {"timestamp": "Thu Dec 07 17:15:27 UTC 2017"}
        ],
        [
            {"location": [[
                {"latitude": 59.960864},
                {"longitude": 11.063559}
            ]]},
            {"altitude": 151},
            {"distance_km": 4.26407},
            {"speed_kmh": 4.62428},
            {"timestamp": "Thu Dec 07 17:15:34 UTC 2017"}
        ],
        [
            {"location": [[
                {"latitude": 59.960983},
                {"longitude": 11.063267}
            ]]},
            {"altitude": 150},
            {"distance_km": 4.28511},
            {"speed_kmh": 7.153},
            {"timestamp": "Thu Dec 07 17:15:44 UTC 2017"}
        ],
        [
            {"location": [[
                {"latitude": 59.9611},
                {"longitude": 11.062898}
            ]]},
            {"altitude": 145},
            {"distance_km": 4.30947},
            {"speed_kmh": 10.4013},
            {"timestamp": "Thu Dec 07 17:15:53 UTC 2017"}
        ],
        [
            {"location": [[
                {"latitude": 59.961571},
                {"longitude": 11.061465}
            ]]},
            {"altitude": 141},
            {"distance_km": 4.40523},
            {"timestamp": "Thu Dec 07 17:16:31 UTC 2017"}
        ],
        [
            {"location": [[
                {"latitude": 59.961579},
                {"longitude": 11.06128}
            ]]},
            {"altitude": 142},
            {"distance_km": 4.4156},
            {"timestamp": "Thu Dec 07 17:16:39 UTC 2017"}
        ],
        [
            {"location": [[
                {"latitude": 59.961621},
                {"longitude": 11.060831}
            ]]},
            {"altitude": 147},
            {"distance_km": 4.44113},
            {"speed_kmh": 6.77074},
            {"timestamp": "Thu Dec 07 17:16:53 UTC 2017"}
        ],
        [
            {"location": [[
                {"latitude": 59.961519},
                {"longitude": 11.06055}
            ]]},
            {"altitude": 147},
            {"distance_km": 4.46049},
            {"speed_kmh": 6.63941},
            {"timestamp": "Thu Dec 07 17:17:01 UTC 2017"}
        ],
        [
            {"location": [[
                {"latitude": 59.961424},
                {"longitude": 11.060239}
            ]]},
            {"altitude": 150},
            {"distance_km": 4.48085},
            {"speed_kmh": 7.51808},
            {"timestamp": "Thu Dec 07 17:17:11 UTC 2017"}
        ],
        [
            {"location": [[
                {"latitude": 59.961369},
                {"longitude": 11.060065}
            ]]},
            {"altitude": 149},
            {"distance_km": 4.49232},
            {"speed_kmh": 8.63498},
            {"timestamp": "Thu Dec 07 17:17:16 UTC 2017"}
        ],
        [
            {"location": [[
                {"latitude": 59.961213},
                {"longitude": 11.059783}
            ]]},
            {"altitude": 148},
            {"distance_km": 4.51577},
            {"speed_kmh": 9.34089},
            {"timestamp": "Thu Dec 07 17:17:23 UTC 2017"}
        ],
        [
            {"location": [[
                {"latitude": 59.96113},
                {"longitude": 11.059436}
            ]]},
            {"altitude": 157},
            {"distance_km": 4.53725},
            {"speed_kmh": 9.45837},
            {"timestamp": "Thu Dec 07 17:17:33 UTC 2017"}
        ],
        [
            {"location": [[
                {"latitude": 59.961119},
                {"longitude": 11.059157}
            ]]},
            {"altitude": 170},
            {"distance_km": 4.55288},
            {"speed_kmh": 8.28185},
            {"timestamp": "Thu Dec 07 17:17:42 UTC 2017"}
        ],
        [
            {"location": [[
                {"latitude": 59.960933},
                {"longitude": 11.058807}
            ]]},
            {"altitude": 167},
            {"distance_km": 4.58133},
            {"speed_kmh": 8.90074},
            {"timestamp": "Thu Dec 07 17:17:50 UTC 2017"}
        ],
        [
            {"location": [[
                {"latitude": 59.960774},
                {"longitude": 11.058477}
            ]]},
            {"altitude": 162},
            {"distance_km": 4.60692},
            {"speed_kmh": 10.7186},
            {"timestamp": "Thu Dec 07 17:17:57 UTC 2017"}
        ],
        [
            {"location": [[
                {"latitude": 59.960675},
                {"longitude": 11.058202}
            ]]},
            {"altitude": 166},
            {"distance_km": 4.62586},
            {"speed_kmh": 12.3921},
            {"timestamp": "Thu Dec 07 17:18:03 UTC 2017"}
        ],
        [
            {"location": [[
                {"latitude": 59.960648},
                {"longitude": 11.057838}
            ]]},
            {"altitude": 175},
            {"distance_km": 4.64641},
            {"speed_kmh": 10.2303},
            {"timestamp": "Thu Dec 07 17:18:15 UTC 2017"}
        ],
        [
            {"location": [[
                {"latitude": 59.960468},
                {"longitude": 11.057599}
            ]]},
            {"altitude": 169},
            {"distance_km": 4.67048},
            {"speed_kmh": 9.96869},
            {"timestamp": "Thu Dec 07 17:18:22 UTC 2017"}
        ],
        [
            {"location": [[
                {"latitude": 59.960307},
                {"longitude": 11.057349}
            ]]},
            {"altitude": 168},
            {"distance_km": 4.69322},
            {"speed_kmh": 10.7302},
            {"timestamp": "Thu Dec 07 17:18:28 UTC 2017"}
        ],
        [
            {"location": [[
                {"latitude": 59.960189},
                {"longitude": 11.057097}
            ]]},
            {"altitude": 166},
            {"distance_km": 4.71245},
            {"speed_kmh": 13.2908},
            {"timestamp": "Thu Dec 07 17:18:33 UTC 2017"}
        ],
        [
            {"location": [[
                {"latitude": 59.960021},
                {"longitude": 11.056705}
            ]]},
            {"altitude": 154},
            {"distance_km": 4.7413},
            {"speed_kmh": 14.455},
            {"timestamp": "Thu Dec 07 17:18:40 UTC 2017"}
        ],
        [
            {"location": [[
                {"latitude": 59.960053},
                {"longitude": 11.0564}
            ]]},
            {"altitude": 148},
            {"distance_km": 4.75875},
            {"timestamp": "Thu Dec 07 17:18:46 UTC 2017"}
        ],
        [
            {"location": [[
                {"latitude": 59.959966},
                {"longitude": 11.056176}
            ]]},
            {"altitude": 149},
            {"distance_km": 4.80483},
            {"timestamp": "Thu Dec 07 17:18:55 UTC 2017"}
        ],
        [
            {"location": [[
                {"latitude": 59.959859},
                {"longitude": 11.055821}
            ]]},
            {"altitude": 148},
            {"distance_km": 4.8279},
            {"speed_kmh": 9.31241},
            {"timestamp": "Thu Dec 07 17:19:02 UTC 2017"}
        ],
        [
            {"location": [[
                {"latitude": 59.959904},
                {"longitude": 11.055624}
            ]]},
            {"altitude": 153},
            {"distance_km": 4.83999},
            {"speed_kmh": 8.96817},
            {"timestamp": "Thu Dec 07 17:19:07 UTC 2017"}
        ],
        [
            {"location": [[
                {"latitude": 59.95995},
                {"longitude": 11.055413}
            ]]},
            {"altitude": 151},
            {"distance_km": 4.85288},
            {"speed_kmh": 9.43197},
            {"timestamp": "Thu Dec 07 17:19:13 UTC 2017"}
        ],
        [
            {"location": [[
                {"latitude": 59.959947},
                {"longitude": 11.054981}
            ]]},
            {"altitude": 148},
            {"distance_km": 4.87699},
            {"speed_kmh": 8.37214},
            {"timestamp": "Thu Dec 07 17:19:23 UTC 2017"}
        ],
        [
            {"location": [[
                {"latitude": 59.959956},
                {"longitude": 11.05466}
            ]]},
            {"altitude": 152},
            {"distance_km": 4.89498},
            {"speed_kmh": 8.1573},
            {"timestamp": "Thu Dec 07 17:19:31 UTC 2017"}
        ],
        [
            {"location": [[
                {"latitude": 59.960036},
                {"longitude": 11.053924}
            ]]},
            {"altitude": 147},
            {"distance_km": 4.93702},
            {"speed_kmh": 10.1803},
            {"timestamp": "Thu Dec 07 17:19:42 UTC 2017"}
        ],
        [
            {"location": [[
                {"latitude": 59.960077},
                {"longitude": 11.053533}
            ]]},
            {"altitude": 144},
            {"distance_km": 4.95937},
            {"speed_kmh": 11.12},
            {"timestamp": "Thu Dec 07 17:19:49 UTC 2017"}
        ],
        [
            {"location": [[
                {"latitude": 59.960145},
                {"longitude": 11.053189}
            ]]},
            {"altitude": 146},
            {"distance_km": 4.98004},
            {"speed_kmh": 12.569},
            {"timestamp": "Thu Dec 07 17:19:55 UTC 2017"}
        ],
        [
            {"location": [[
                {"latitude": 59.960169},
                {"longitude": 11.052899}
            ]]},
            {"altitude": 148},
            {"distance_km": 4.99642},
            {"speed_kmh": 11.2421},
            {"timestamp": "Thu Dec 07 17:20:01 UTC 2017"}
        ],
        [
            {"location": [[
                {"latitude": 59.960194},
                {"longitude": 11.052698}
            ]]},
            {"altitude": 148},
            {"distance_km": 5.008},
            {"speed_kmh": 10.1862},
            {"timestamp": "Thu Dec 07 17:20:06 UTC 2017"}
        ],
        [
            {"location": [[
                {"latitude": 59.960277},
                {"longitude": 11.052141}
            ]]},
            {"altitude": 146},
            {"distance_km": 5.04046},
            {"speed_kmh": 9.58217},
            {"timestamp": "Thu Dec 07 17:20:17 UTC 2017"}
        ],
        [
            {"location": [[
                {"latitude": 59.960321},
                {"longitude": 11.051738}
            ]]},
            {"altitude": 149},
            {"distance_km": 5.06352},
            {"speed_kmh": 10.2816},
            {"timestamp": "Thu Dec 07 17:20:24 UTC 2017"}
        ],
        [
            {"location": [[
                {"latitude": 59.96033},
                {"longitude": 11.05154}
            ]]},
            {"altitude": 147},
            {"distance_km": 5.07463},
            {"speed_kmh": 11.4845},
            {"timestamp": "Thu Dec 07 17:20:28 UTC 2017"}
        ],
        [
            {"location": [[
                {"latitude": 59.960415},
                {"longitude": 11.051093}
            ]]},
            {"altitude": 151},
            {"distance_km": 5.10136},
            {"speed_kmh": 12.1475},
            {"timestamp": "Thu Dec 07 17:20:35 UTC 2017"}
        ],
        [
            {"location": [[
                {"latitude": 59.960472},
                {"longitude": 11.050706}
            ]]},
            {"altitude": 151},
            {"distance_km": 5.12388},
            {"speed_kmh": 11.4732},
            {"timestamp": "Thu Dec 07 17:20:44 UTC 2017"}
        ],
        [
            {"location": [[
                {"latitude": 59.960507},
                {"longitude": 11.050272}
            ]]},
            {"altitude": 157},
            {"distance_km": 5.14844},
            {"speed_kmh": 10.4875},
            {"timestamp": "Thu Dec 07 17:20:53 UTC 2017"}
        ],
        [
            {"location": [[
                {"latitude": 59.96063},
                {"longitude": 11.048887}
            ]]},
            {"altitude": 160},
            {"distance_km": 5.227},
            {"speed_kmh": 2.59324},
            {"timestamp": "Thu Dec 07 17:21:30 UTC 2017"}
        ],
        [
            {"location": [[
                {"latitude": 59.960693},
                {"longitude": 11.04822}
            ]]},
            {"altitude": 146},
            {"distance_km": 5.26493},
            {"speed_kmh": 7.04077},
            {"timestamp": "Thu Dec 07 17:21:40 UTC 2017"}
        ],
        [
            {"location": [[
                {"latitude": 59.96072},
                {"longitude": 11.047747}
            ]]},
            {"altitude": 145},
            {"distance_km": 5.29152},
            {"speed_kmh": 10.4426},
            {"timestamp": "Thu Dec 07 17:21:49 UTC 2017"}
        ],
        [
            {"location": [[
                {"latitude": 59.960748},
                {"longitude": 11.047243}
            ]]},
            {"altitude": 141},
            {"distance_km": 5.31987},
            {"speed_kmh": 11.2514},
            {"timestamp": "Thu Dec 07 17:21:59 UTC 2017"}
        ],
        [
            {"location": [[
                {"latitude": 59.960766},
                {"longitude": 11.046842}
            ]]},
            {"altitude": 144},
            {"distance_km": 5.34236},
            {"speed_kmh": 9.80286},
            {"timestamp": "Thu Dec 07 17:22:08 UTC 2017"}
        ],
        [
            {"location": [[
                {"latitude": 59.960818},
                {"longitude": 11.046551}
            ]]},
            {"altitude": 148},
            {"distance_km": 5.35959},
            {"speed_kmh": 8.98431},
            {"timestamp": "Thu Dec 07 17:22:16 UTC 2017"}
        ],
        [
            {"location": [[
                {"latitude": 59.960862},
                {"longitude": 11.046269}
            ]]},
            {"altitude": 145},
            {"distance_km": 5.37609},
            {"speed_kmh": 8.4127},
            {"timestamp": "Thu Dec 07 17:22:23 UTC 2017"}
        ],
        [
            {"location": [[
                {"latitude": 59.960881},
                {"longitude": 11.045799}
            ]]},
            {"altitude": 147},
            {"distance_km": 5.40245},
            {"speed_kmh": 8.57203},
            {"timestamp": "Thu Dec 07 17:22:33 UTC 2017"}
        ],
        [
            {"location": [[
                {"latitude": 59.960994},
                {"longitude": 11.045465}
            ]]},
            {"altitude": 152},
            {"distance_km": 5.42492},
            {"speed_kmh": 8.71305},
            {"timestamp": "Thu Dec 07 17:22:43 UTC 2017"}
        ],
        [
            {"location": [[
                {"latitude": 59.961029},
                {"longitude": 11.045168}
            ]]},
            {"altitude": 151},
            {"distance_km": 5.442},
            {"speed_kmh": 9.24407},
            {"timestamp": "Thu Dec 07 17:22:49 UTC 2017"}
        ],
        [
            {"location": [[
                {"latitude": 59.961066},
                {"longitude": 11.044713}
            ]]},
            {"altitude": 147},
            {"distance_km": 5.46771},
            {"speed_kmh": 9.51609},
            {"timestamp": "Thu Dec 07 17:22:58 UTC 2017"}
        ],
        [
            {"location": [[
                {"latitude": 59.96111},
                {"longitude": 11.0443}
            ]]},
            {"altitude": 152},
            {"distance_km": 5.49133},
            {"speed_kmh": 10.3277},
            {"timestamp": "Thu Dec 07 17:23:06 UTC 2017"}
        ],
        [
            {"location": [[
                {"latitude": 59.961159},
                {"longitude": 11.043914}
            ]]},
            {"altitude": 153},
            {"distance_km": 5.51352},
            {"speed_kmh": 9.92023},
            {"timestamp": "Thu Dec 07 17:23:15 UTC 2017"}
        ],
        [
            {"location": [[
                {"latitude": 59.961226},
                {"longitude": 11.043485}
            ]]},
            {"altitude": 149},
            {"distance_km": 5.53865},
            {"speed_kmh": 9.50413},
            {"timestamp": "Thu Dec 07 17:23:25 UTC 2017"}
        ],
        [
            {"location": [[
                {"latitude": 59.961268},
                {"longitude": 11.043048}
            ]]},
            {"altitude": 144},
            {"distance_km": 5.56354},
            {"speed_kmh": 9.7187},
            {"timestamp": "Thu Dec 07 17:23:33 UTC 2017"}
        ],
        [
            {"location": [[
                {"latitude": 59.961333},
                {"longitude": 11.042624}
            ]]},
            {"altitude": 147},
            {"distance_km": 5.58827},
            {"speed_kmh": 10.071},
            {"timestamp": "Thu Dec 07 17:23:42 UTC 2017"}
        ],
        [
            {"location": [[
                {"latitude": 59.96133},
                {"longitude": 11.042312}
            ]]},
            {"altitude": 143},
            {"distance_km": 5.60571},
            {"speed_kmh": 10.5301},
            {"timestamp": "Thu Dec 07 17:23:48 UTC 2017"}
        ],
        [
            {"location": [[
                {"latitude": 59.961315},
                {"longitude": 11.042022}
            ]]},
            {"altitude": 142},
            {"distance_km": 5.62201},
            {"speed_kmh": 10.0406},
            {"timestamp": "Thu Dec 07 17:23:54 UTC 2017"}
        ],
        [
            {"location": [[
                {"latitude": 59.961308},
                {"longitude": 11.041653}
            ]]},
            {"altitude": 139},
            {"distance_km": 5.64263},
            {"speed_kmh": 9.69763},
            {"timestamp": "Thu Dec 07 17:24:03 UTC 2017"}
        ],
        [
            {"location": [[
                {"latitude": 59.961307},
                {"longitude": 11.041177}
            ]]},
            {"altitude": 145},
            {"distance_km": 5.66922},
            {"speed_kmh": 9.22014},
            {"timestamp": "Thu Dec 07 17:24:13 UTC 2017"}
        ],
        [
            {"location": [[
                {"latitude": 59.961249},
                {"longitude": 11.040626}
            ]]},
            {"altitude": 142},
            {"distance_km": 5.70066},
            {"speed_kmh": 9.71283},
            {"timestamp": "Thu Dec 07 17:24:24 UTC 2017"}
        ],
        [
            {"location": [[
                {"latitude": 59.961168},
                {"longitude": 11.040242}
            ]]},
            {"altitude": 142},
            {"distance_km": 5.72395},
            {"speed_kmh": 10.2656},
            {"timestamp": "Thu Dec 07 17:24:31 UTC 2017"}
        ],
        [
            {"location": [[
                {"latitude": 59.96112},
                {"longitude": 11.04009}
            ]]},
            {"altitude": 141},
            {"distance_km": 5.73401},
            {"speed_kmh": 11.4101},
            {"timestamp": "Thu Dec 07 17:24:34 UTC 2017"}
        ],
        [
            {"location": [[
                {"latitude": 59.961061},
                {"longitude": 11.039848}
            ]]},
            {"altitude": 143},
            {"distance_km": 5.74903},
            {"speed_kmh": 11.194},
            {"timestamp": "Thu Dec 07 17:24:39 UTC 2017"}
        ],
        [
            {"location": [[
                {"latitude": 59.961},
                {"longitude": 11.039573}
            ]]},
            {"altitude": 145},
            {"distance_km": 5.76579},
            {"speed_kmh": 10.5555},
            {"timestamp": "Thu Dec 07 17:24:46 UTC 2017"}
        ],
        [
            {"location": [[
                {"latitude": 59.960888},
                {"longitude": 11.039108}
            ]]},
            {"altitude": 143},
            {"distance_km": 5.79464},
            {"speed_kmh": 9.56272},
            {"timestamp": "Thu Dec 07 17:24:57 UTC 2017"}
        ],
        [
            {"location": [[
                {"latitude": 59.960813},
                {"longitude": 11.038707}
            ]]},
            {"altitude": 145},
            {"distance_km": 5.81852},
            {"speed_kmh": 9.20959},
            {"timestamp": "Thu Dec 07 17:25:06 UTC 2017"}
        ],
        [
            {"location": [[
                {"latitude": 59.960711},
                {"longitude": 11.038334}
            ]]},
            {"altitude": 139},
            {"distance_km": 5.84229},
            {"speed_kmh": 9.89711},
            {"timestamp": "Thu Dec 07 17:25:14 UTC 2017"}
        ],
        [
            {"location": [[
                {"latitude": 59.960649},
                {"longitude": 11.038088}
            ]]},
            {"altitude": 140},
            {"distance_km": 5.85768},
            {"speed_kmh": 10.4269},
            {"timestamp": "Thu Dec 07 17:25:19 UTC 2017"}
        ],
        [
            {"location": [[
                {"latitude": 59.960568},
                {"longitude": 11.037705}
            ]]},
            {"altitude": 144},
            {"distance_km": 5.88089},
            {"speed_kmh": 10.3238},
            {"timestamp": "Thu Dec 07 17:25:29 UTC 2017"}
        ],
        [
            {"location": [[
                {"latitude": 59.960525},
                {"longitude": 11.037328}
            ]]},
            {"altitude": 146},
            {"distance_km": 5.90247},
            {"speed_kmh": 9.36402},
            {"timestamp": "Thu Dec 07 17:25:38 UTC 2017"}
        ],
        [
            {"location": [[
                {"latitude": 59.960473},
                {"longitude": 11.037097}
            ]]},
            {"altitude": 146},
            {"distance_km": 5.91667},
            {"speed_kmh": 8.56915},
            {"timestamp": "Thu Dec 07 17:25:44 UTC 2017"}
        ],
        [
            {"location": [[
                {"latitude": 59.9604},
                {"longitude": 11.036782}
            ]]},
            {"altitude": 145},
            {"distance_km": 5.93602},
            {"speed_kmh": 8.76476},
            {"timestamp": "Thu Dec 07 17:25:51 UTC 2017"}
        ],
        [
            {"location": [[
                {"latitude": 59.959808},
                {"longitude": 11.036033}
            ]]},
            {"altitude": 158},
            {"distance_km": 6.01417},
            {"speed_kmh": 2.53456},
            {"timestamp": "Thu Dec 07 17:26:28 UTC 2017"}
        ],
        [
            {"location": [[
                {"latitude": 59.959579},
                {"longitude": 11.035997}
            ]]},
            {"altitude": 152},
            {"distance_km": 6.03969},
            {"speed_kmh": 5.93076},
            {"timestamp": "Thu Dec 07 17:26:37 UTC 2017"}
        ],
        [
            {"location": [[
                {"latitude": 59.959387},
                {"longitude": 11.035979}
            ]]},
            {"altitude": 155},
            {"distance_km": 6.06112},
            {"speed_kmh": 9.01908},
            {"timestamp": "Thu Dec 07 17:26:46 UTC 2017"}
        ],
        [
            {"location": [[
                {"latitude": 59.959129},
                {"longitude": 11.035992}
            ]]},
            {"altitude": 147},
            {"distance_km": 6.0899},
            {"speed_kmh": 9.69719},
            {"timestamp": "Thu Dec 07 17:26:57 UTC 2017"}
        ],
        [
            {"location": [[
                {"latitude": 59.958919},
                {"longitude": 11.035951}
            ]]},
            {"altitude": 148},
            {"distance_km": 6.11342},
            {"speed_kmh": 9.87046},
            {"timestamp": "Thu Dec 07 17:27:04 UTC 2017"}
        ],
        [
            {"location": [[
                {"latitude": 59.958809},
                {"longitude": 11.035961}
            ]]},
            {"altitude": 154},
            {"distance_km": 6.12564},
            {"speed_kmh": 9.22477},
            {"timestamp": "Thu Dec 07 17:27:10 UTC 2017"}
        ],
        [
            {"location": [[
                {"latitude": 59.958624},
                {"longitude": 11.035956}
            ]]},
            {"altitude": 152},
            {"distance_km": 6.14634},
            {"speed_kmh": 9.11578},
            {"timestamp": "Thu Dec 07 17:27:18 UTC 2017"}
        ],
        [
            {"location": [[
                {"latitude": 59.958542},
                {"longitude": 11.035949}
            ]]},
            {"altitude": 150},
            {"distance_km": 6.15545},
            {"speed_kmh": 9.19431},
            {"timestamp": "Thu Dec 07 17:27:21 UTC 2017"}
        ],
        [
            {"location": [[
                {"latitude": 59.958464},
                {"longitude": 11.03594}
            ]]},
            {"altitude": 147},
            {"distance_km": 6.16418},
            {"speed_kmh": 10.2467},
            {"timestamp": "Thu Dec 07 17:27:24 UTC 2017"}
        ],
        [
            {"location": [[
                {"latitude": 59.958388},
                {"longitude": 11.035932}
            ]]},
            {"altitude": 147},
            {"distance_km": 6.17264},
            {"speed_kmh": 10.5282},
            {"timestamp": "Thu Dec 07 17:27:27 UTC 2017"}
        ],
        [
            {"location": [[
                {"latitude": 59.958309},
                {"longitude": 11.03578}
            ]]},
            {"altitude": 146},
            {"distance_km": 6.18483},
            {"speed_kmh": 8.96963},
            {"timestamp": "Thu Dec 07 17:27:34 UTC 2017"}
        ],
        [
            {"location": [[
                {"latitude": 59.958438},
                {"longitude": 11.035317}
            ]]},
            {"altitude": 152},
            {"distance_km": 6.21441},
            {"speed_kmh": 8.22383},
            {"timestamp": "Thu Dec 07 17:27:47 UTC 2017"}
        ],
        [
            {"location": [[
                {"latitude": 59.958405},
                {"longitude": 11.034935}
            ]]},
            {"altitude": 150},
            {"distance_km": 6.23605},
            {"speed_kmh": 9.10484},
            {"timestamp": "Thu Dec 07 17:27:53 UTC 2017"}
        ],
        [
            {"location": [[
                {"latitude": 59.958409},
                {"longitude": 11.03465}
            ]]},
            {"altitude": 147},
            {"distance_km": 6.25202},
            {"speed_kmh": 10.8331},
            {"timestamp": "Thu Dec 07 17:27:58 UTC 2017"}
        ],
        [
            {"location": [[
                {"latitude": 59.958431},
                {"longitude": 11.034379}
            ]]},
            {"altitude": 148},
            {"distance_km": 6.26732},
            {"speed_kmh": 11.7693},
            {"timestamp": "Thu Dec 07 17:28:03 UTC 2017"}
        ],
        [
            {"location": [[
                {"latitude": 59.958426},
                {"longitude": 11.034102}
            ]]},
            {"altitude": 143},
            {"distance_km": 6.28283},
            {"speed_kmh": 11.2267},
            {"timestamp": "Thu Dec 07 17:28:08 UTC 2017"}
        ],
        [
            {"location": [[
                {"latitude": 59.958437},
                {"longitude": 11.033797}
            ]]},
            {"altitude": 145},
            {"distance_km": 6.2999},
            {"speed_kmh": 10.82},
            {"timestamp": "Thu Dec 07 17:28:14 UTC 2017"}
        ],
        [
            {"location": [[
                {"latitude": 59.958493},
                {"longitude": 11.03358}
            ]]},
            {"altitude": 152},
            {"distance_km": 6.31353},
            {"timestamp": "Thu Dec 07 17:28:20 UTC 2017"}
        ],
        [
            {"location": [[
                {"latitude": 59.958331},
                {"longitude": 11.033584}
            ]]},
            {"altitude": 150},
            {"distance_km": 6.34834},
            {"timestamp": "Thu Dec 07 17:28:30 UTC 2017"}
        ],
        [
            {"location": [[
                {"latitude": 59.95819},
                {"longitude": 11.033623}
            ]]},
            {"altitude": 150},
            {"distance_km": 6.3642},
            {"speed_kmh": 8.06487},
            {"timestamp": "Thu Dec 07 17:28:36 UTC 2017"}
        ],
        [
            {"location": [[
                {"latitude": 59.957965},
                {"longitude": 11.033661}
            ]]},
            {"altitude": 148},
            {"distance_km": 6.38936},
            {"speed_kmh": 8.69091},
            {"timestamp": "Thu Dec 07 17:28:45 UTC 2017"}
        ],
        [
            {"location": [[
                {"latitude": 59.957821},
                {"longitude": 11.033683}
            ]]},
            {"altitude": 149},
            {"distance_km": 6.40541},
            {"speed_kmh": 9.73568},
            {"timestamp": "Thu Dec 07 17:28:51 UTC 2017"}
        ],
        [
            {"location": [[
                {"latitude": 59.957692},
                {"longitude": 11.033772}
            ]]},
            {"altitude": 154},
            {"distance_km": 6.42063},
            {"speed_kmh": 9.17404},
            {"timestamp": "Thu Dec 07 17:28:58 UTC 2017"}
        ],
        [
            {"location": [[
                {"latitude": 59.957588},
                {"longitude": 11.033852}
            ]]},
            {"altitude": 146},
            {"distance_km": 6.43305},
            {"speed_kmh": 7.68157},
            {"timestamp": "Thu Dec 07 17:29:06 UTC 2017"}
        ],
        [
            {"location": [[
                {"latitude": 59.957315},
                {"longitude": 11.034126}
            ]]},
            {"altitude": 158},
            {"distance_km": 6.46713},
            {"speed_kmh": 7.0242},
            {"timestamp": "Thu Dec 07 17:29:22 UTC 2017"}
        ],
        [
            {"location": [[
                {"latitude": 59.957108},
                {"longitude": 11.034404}
            ]]},
            {"altitude": 163},
            {"distance_km": 6.49493},
            {"speed_kmh": 7.19465},
            {"timestamp": "Thu Dec 07 17:29:34 UTC 2017"}
        ],
        [
            {"location": [[
                {"latitude": 59.957001},
                {"longitude": 11.034729}
            ]]},
            {"altitude": 155},
            {"distance_km": 6.51666},
            {"speed_kmh": 9.07308},
            {"timestamp": "Thu Dec 07 17:29:41 UTC 2017"}
        ],
        [
            {"location": [[
                {"latitude": 59.956904},
                {"longitude": 11.035071}
            ]]},
            {"altitude": 151},
            {"distance_km": 6.53861},
            {"speed_kmh": 10.2799},
            {"timestamp": "Thu Dec 07 17:29:48 UTC 2017"}
        ],
        [
            {"location": [[
                {"latitude": 59.95673},
                {"longitude": 11.03547}
            ]]},
            {"altitude": 150},
            {"distance_km": 6.56815},
            {"speed_kmh": 11.0699},
            {"timestamp": "Thu Dec 07 17:29:58 UTC 2017"}
        ],
        [
            {"location": [[
                {"latitude": 59.956576},
                {"longitude": 11.035794}
            ]]},
            {"altitude": 147},
            {"distance_km": 6.59308},
            {"speed_kmh": 11.5628},
            {"timestamp": "Thu Dec 07 17:30:05 UTC 2017"}
        ],
        [
            {"location": [[
                {"latitude": 59.956509},
                {"longitude": 11.035917}
            ]]},
            {"altitude": 153},
            {"distance_km": 6.60324},
            {"speed_kmh": 10.2405},
            {"timestamp": "Thu Dec 07 17:30:10 UTC 2017"}
        ],
        [
            {"location": [[
                {"latitude": 59.956419},
                {"longitude": 11.036234}
            ]]},
            {"altitude": 167},
            {"distance_km": 6.62357},
            {"speed_kmh": 8.88365},
            {"timestamp": "Thu Dec 07 17:30:21 UTC 2017"}
        ],
        [
            {"location": [[
                {"latitude": 59.956156},
                {"longitude": 11.036845}
            ]]},
            {"altitude": 158},
            {"distance_km": 6.66857},
            {"speed_kmh": 8.80593},
            {"timestamp": "Thu Dec 07 17:30:34 UTC 2017"}
        ],
        [
            {"location": [[
                {"latitude": 59.956023},
                {"longitude": 11.037318}
            ]]},
            {"altitude": 149},
            {"distance_km": 6.69889},
            {"speed_kmh": 10.4024},
            {"timestamp": "Thu Dec 07 17:30:43 UTC 2017"}
        ],
        [
            {"location": [[
                {"latitude": 59.955878},
                {"longitude": 11.037693}
            ]]},
            {"altitude": 148},
            {"distance_km": 6.72533},
            {"speed_kmh": 12.1751},
            {"timestamp": "Thu Dec 07 17:30:51 UTC 2017"}
        ],
        [
            {"location": [[
                {"latitude": 59.9552},
                {"longitude": 11.039105}
            ]]},
            {"altitude": 151},
            {"distance_km": 6.83453},
            {"timestamp": "Thu Dec 07 17:31:32 UTC 2017"}
        ],
        [
            {"location": [[
                {"latitude": 59.955104},
                {"longitude": 11.039584}
            ]]},
            {"altitude": 155},
            {"distance_km": 6.86335},
            {"timestamp": "Thu Dec 07 17:31:42 UTC 2017"}
        ],
        [
            {"location": [[
                {"latitude": 59.954972},
                {"longitude": 11.040002}
            ]]},
            {"altitude": 154},
            {"distance_km": 6.89098},
            {"speed_kmh": 10.0158},
            {"timestamp": "Thu Dec 07 17:31:52 UTC 2017"}
        ],
        [
            {"location": [[
                {"latitude": 59.954905},
                {"longitude": 11.04019}
            ]]},
            {"altitude": 155},
            {"distance_km": 6.9039},
            {"speed_kmh": 9.90427},
            {"timestamp": "Thu Dec 07 17:31:57 UTC 2017"}
        ],
        [
            {"location": [[
                {"latitude": 59.954824},
                {"longitude": 11.040591}
            ]]},
            {"altitude": 149},
            {"distance_km": 6.92804},
            {"speed_kmh": 9.39025},
            {"timestamp": "Thu Dec 07 17:32:06 UTC 2017"}
        ],
        [
            {"location": [[
                {"latitude": 59.954553},
                {"longitude": 11.040846}
            ]]},
            {"altitude": 155},
            {"distance_km": 6.96142},
            {"speed_kmh": 10.1835},
            {"timestamp": "Thu Dec 07 17:32:17 UTC 2017"}
        ],
        [
            {"location": [[
                {"latitude": 59.954396},
                {"longitude": 11.040924}
            ]]},
            {"altitude": 147},
            {"distance_km": 6.97946},
            {"speed_kmh": 9.92686},
            {"timestamp": "Thu Dec 07 17:32:24 UTC 2017"}
        ],
        [
            {"location": [[
                {"latitude": 59.954308},
                {"longitude": 11.041201}
            ]]},
            {"altitude": 148},
            {"distance_km": 6.99778},
            {"speed_kmh": 9.46264},
            {"timestamp": "Thu Dec 07 17:32:32 UTC 2017"}
        ],
        [
            {"location": [[
                {"latitude": 59.95429},
                {"longitude": 11.041606}
            ]]},
            {"altitude": 149},
            {"distance_km": 7.02047},
            {"speed_kmh": 8.5929},
            {"timestamp": "Thu Dec 07 17:32:41 UTC 2017"}
        ],
        [
            {"location": [[
                {"latitude": 59.954233},
                {"longitude": 11.042031}
            ]]},
            {"altitude": 152},
            {"distance_km": 7.04505},
            {"speed_kmh": 8.72555},
            {"timestamp": "Thu Dec 07 17:32:51 UTC 2017"}
        ],
        [
            {"location": [[
                {"latitude": 59.954187},
                {"longitude": 11.042393}
            ]]},
            {"altitude": 150},
            {"distance_km": 7.06594},
            {"speed_kmh": 9.10712},
            {"timestamp": "Thu Dec 07 17:32:59 UTC 2017"}
        ],
        [
            {"location": [[
                {"latitude": 59.954145},
                {"longitude": 11.04268}
            ]]},
            {"altitude": 147},
            {"distance_km": 7.08263},
            {"speed_kmh": 10.07},
            {"timestamp": "Thu Dec 07 17:33:04 UTC 2017"}
        ],
        [
            {"location": [[
                {"latitude": 59.95414},
                {"longitude": 11.042995}
            ]]},
            {"altitude": 156},
            {"distance_km": 7.10023},
            {"speed_kmh": 10.1394},
            {"timestamp": "Thu Dec 07 17:33:11 UTC 2017"}
        ],
        [
            {"location": [[
                {"latitude": 59.954086},
                {"longitude": 11.043406}
            ]]},
            {"altitude": 155},
            {"distance_km": 7.12395},
            {"speed_kmh": 10.1659},
            {"timestamp": "Thu Dec 07 17:33:20 UTC 2017"}
        ],
        [
            {"location": [[
                {"latitude": 59.953987},
                {"longitude": 11.043821}
            ]]},
            {"altitude": 154},
            {"distance_km": 7.14967},
            {"speed_kmh": 9.2686},
            {"timestamp": "Thu Dec 07 17:33:30 UTC 2017"}
        ],
        [
            {"location": [[
                {"latitude": 59.95387},
                {"longitude": 11.04407}
            ]]},
            {"altitude": 156},
            {"distance_km": 7.16875},
            {"speed_kmh": 9.11353},
            {"timestamp": "Thu Dec 07 17:33:38 UTC 2017"}
        ],
        [
            {"location": [[
                {"latitude": 59.953871},
                {"longitude": 11.044436}
            ]]},
            {"altitude": 157},
            {"distance_km": 7.18924},
            {"speed_kmh": 9.02294},
            {"timestamp": "Thu Dec 07 17:33:46 UTC 2017"}
        ],
        [
            {"location": [[
                {"latitude": 59.953946},
                {"longitude": 11.044826}
            ]]},
            {"altitude": 155},
            {"distance_km": 7.21255},
            {"speed_kmh": 9.43548},
            {"timestamp": "Thu Dec 07 17:33:54 UTC 2017"}
        ],
        [
            {"location": [[
                {"latitude": 59.954019},
                {"longitude": 11.045284}
            ]]},
            {"altitude": 152},
            {"distance_km": 7.23943},
            {"speed_kmh": 10.1443},
            {"timestamp": "Thu Dec 07 17:34:03 UTC 2017"}
        ],
        [
            {"location": [[
                {"latitude": 59.954037},
                {"longitude": 11.045685}
            ]]},
            {"altitude": 153},
            {"distance_km": 7.2619},
            {"speed_kmh": 10.4569},
            {"timestamp": "Thu Dec 07 17:34:11 UTC 2017"}
        ],
        [
            {"location": [[
                {"latitude": 59.954068},
                {"longitude": 11.046084}
            ]]},
            {"altitude": 157},
            {"distance_km": 7.28444},
            {"speed_kmh": 10.3414},
            {"timestamp": "Thu Dec 07 17:34:19 UTC 2017"}
        ],
        [
            {"location": [[
                {"latitude": 59.95405},
                {"longitude": 11.046507}
            ]]},
            {"altitude": 154},
            {"distance_km": 7.30819},
            {"speed_kmh": 10.3078},
            {"timestamp": "Thu Dec 07 17:34:27 UTC 2017"}
        ],
        [
            {"location": [[
                {"latitude": 59.95407},
                {"longitude": 11.046926}
            ]]},
            {"altitude": 154},
            {"distance_km": 7.33169},
            {"speed_kmh": 10.0736},
            {"timestamp": "Thu Dec 07 17:34:36 UTC 2017"}
        ],
        [
            {"location": [[
                {"latitude": 59.954111},
                {"longitude": 11.047367}
            ]]},
            {"altitude": 149},
            {"distance_km": 7.35673},
            {"speed_kmh": 10.0686},
            {"timestamp": "Thu Dec 07 17:34:45 UTC 2017"}
        ],
        [
            {"location": [[
                {"latitude": 59.954145},
                {"longitude": 11.047626}
            ]]},
            {"altitude": 151},
            {"distance_km": 7.37172},
            {"speed_kmh": 9.47284},
            {"timestamp": "Thu Dec 07 17:34:51 UTC 2017"}
        ],
        [
            {"location": [[
                {"latitude": 59.954245},
                {"longitude": 11.048048}
            ]]},
            {"altitude": 151},
            {"distance_km": 7.39784},
            {"speed_kmh": 9.44907},
            {"timestamp": "Thu Dec 07 17:35:01 UTC 2017"}
        ],
        [
            {"location": [[
                {"latitude": 59.954396},
                {"longitude": 11.048477}
            ]]},
            {"altitude": 158},
            {"distance_km": 7.42709},
            {"speed_kmh": 9.27888},
            {"timestamp": "Thu Dec 07 17:35:12 UTC 2017"}
        ],
        [
            {"location": [[
                {"latitude": 59.95447},
                {"longitude": 11.048717}
            ]]},
            {"altitude": 159},
            {"distance_km": 7.44285},
            {"speed_kmh": 10.1041},
            {"timestamp": "Thu Dec 07 17:35:17 UTC 2017"}
        ],
        [
            {"location": [[
                {"latitude": 59.95454},
                {"longitude": 11.04899}
            ]]},
            {"altitude": 157},
            {"distance_km": 7.45998},
            {"speed_kmh": 10.409},
            {"timestamp": "Thu Dec 07 17:35:23 UTC 2017"}
        ],
        [
            {"location": [[
                {"latitude": 59.95466},
                {"longitude": 11.049212}
            ]]},
            {"altitude": 160},
            {"distance_km": 7.47823},
            {"speed_kmh": 10.3346},
            {"timestamp": "Thu Dec 07 17:35:30 UTC 2017"}
        ],
        [
            {"location": [[
                {"latitude": 59.954676},
                {"longitude": 11.049451}
            ]]},
            {"altitude": 164},
            {"distance_km": 7.4917},
            {"speed_kmh": 8.3509},
            {"timestamp": "Thu Dec 07 17:35:39 UTC 2017"}
        ],
        [
            {"location": [[
                {"latitude": 59.954843},
                {"longitude": 11.049757}
            ]]},
            {"altitude": 161},
            {"distance_km": 7.51698},
            {"speed_kmh": 7.95872},
            {"timestamp": "Thu Dec 07 17:35:49 UTC 2017"}
        ],
        [
            {"location": [[
                {"latitude": 59.954843},
                {"longitude": 11.049757}
            ]]},
            {"altitude": 161},
            {"distance_km": 7.51698},
            {"timestamp": "Thu Dec 07 17:35:54 UTC 2017"}
        ],
        [
            {"location": [[
                {"latitude": 59.954843},
                {"longitude": 11.049757}
            ]]},
            {"distance_km": 7.51698},
            {"timestamp": "Thu Dec 07 17:36:17 UTC 2017"}
        ],
        [
            {"location": [[
                {"latitude": 59.954843},
                {"longitude": 11.049757}
            ]]},
            {"distance_km": 7.51698},
            {"timestamp": "Thu Dec 07 17:50:21 UTC 2017"}
        ]
    ]}
]