[
    {"sport": "RUNNING"},
    {"source": "TRACK_MOBILE"},
    {"created_date": "2017-09-26 18:42:14.0"},
    {"start_time": "2017-09-26 17:43:12.0"},
    {"end_time": "2017-09-26 18:24:36.0"},
    {"duration_s": 2483},
    {"distance_km": 6.263294219970703},
    {"calories_kcal": 394},
    {"altitude_min_m": 133},
    {"altitude_max_m": 181},
    {"speed_avg_kmh": 9.080893754286963},
    {"speed_max_kmh": 11.6721},
    {"hydration_l": 0.24334},
    {"ascend_m": 126},
    {"descend_m": 132},
    {"points": [
        [
            {"location": [[
                {"latitude": 59.956792},
                {"longitude": 11.072407}
            ]]},
            {"distance_km": 0},
            {"timestamp": "Tue Sep 26 17:43:12 UTC 2017"}
        ],
        [
            {"location": [[
                {"latitude": 59.956792},
                {"longitude": 11.072407}
            ]]},
            {"altitude": 147},
            {"distance_km": 0},
            {"timestamp": "Tue Sep 26 17:43:21 UTC 2017"}
        ],
        [
            {"location": [[
                {"latitude": 59.956925},
                {"longitude": 11.072566}
            ]]},
            {"altitude": 150},
            {"distance_km": 0.034383},
            {"timestamp": "Tue Sep 26 17:43:28 UTC 2017"}
        ],
        [
            {"location": [[
                {"latitude": 59.957146},
                {"longitude": 11.07273}
            ]]},
            {"altitude": 154},
            {"distance_km": 0.060681},
            {"timestamp": "Tue Sep 26 17:43:39 UTC 2017"}
        ],
        [
            {"location": [[
                {"latitude": 59.957283},
                {"longitude": 11.072846}
            ]]},
            {"altitude": 152},
            {"distance_km": 0.077305},
            {"speed_kmh": 8.66383},
            {"timestamp": "Tue Sep 26 17:43:46 UTC 2017"}
        ],
        [
            {"location": [[
                {"latitude": 59.957482},
                {"longitude": 11.07305}
            ]]},
            {"altitude": 150},
            {"distance_km": 0.102261},
            {"speed_kmh": 8.71554},
            {"timestamp": "Tue Sep 26 17:43:56 UTC 2017"}
        ],
        [
            {"location": [[
                {"latitude": 59.957654},
                {"longitude": 11.073238}
            ]]},
            {"altitude": 151},
            {"distance_km": 0.12404},
            {"speed_kmh": 9.10568},
            {"timestamp": "Tue Sep 26 17:44:04 UTC 2017"}
        ],
        [
            {"location": [[
                {"latitude": 59.957788},
                {"longitude": 11.073339}
            ]]},
            {"altitude": 152},
            {"distance_km": 0.139977},
            {"speed_kmh": 9.4506},
            {"timestamp": "Tue Sep 26 17:44:10 UTC 2017"}
        ],
        [
            {"location": [[
                {"latitude": 59.957972},
                {"longitude": 11.073478}
            ]]},
            {"altitude": 150},
            {"distance_km": 0.161897},
            {"speed_kmh": 9.74151},
            {"timestamp": "Tue Sep 26 17:44:18 UTC 2017"}
        ],
        [
            {"location": [[
                {"latitude": 59.958046},
                {"longitude": 11.073523}
            ]]},
            {"altitude": 150},
            {"distance_km": 0.170544},
            {"speed_kmh": 9.94672},
            {"timestamp": "Tue Sep 26 17:44:21 UTC 2017"}
        ],
        [
            {"location": [[
                {"latitude": 59.95815},
                {"longitude": 11.073541}
            ]]},
            {"altitude": 150},
            {"distance_km": 0.182238},
            {"speed_kmh": 10.2552},
            {"timestamp": "Tue Sep 26 17:44:25 UTC 2017"}
        ],
        [
            {"location": [[
                {"latitude": 59.958302},
                {"longitude": 11.073552}
            ]]},
            {"altitude": 149},
            {"distance_km": 0.199147},
            {"speed_kmh": 10.355},
            {"timestamp": "Tue Sep 26 17:44:31 UTC 2017"}
        ],
        [
            {"location": [[
                {"latitude": 59.958374},
                {"longitude": 11.073553}
            ]]},
            {"altitude": 149},
            {"distance_km": 0.207117},
            {"speed_kmh": 10.0666},
            {"timestamp": "Tue Sep 26 17:44:34 UTC 2017"}
        ],
        [
            {"location": [[
                {"latitude": 59.958585},
                {"longitude": 11.073562}
            ]]},
            {"altitude": 148},
            {"distance_km": 0.230674},
            {"speed_kmh": 9.7074},
            {"timestamp": "Tue Sep 26 17:44:43 UTC 2017"}
        ],
        [
            {"location": [[
                {"latitude": 59.95878},
                {"longitude": 11.073556}
            ]]},
            {"altitude": 148},
            {"distance_km": 0.252414},
            {"speed_kmh": 9.58261},
            {"timestamp": "Tue Sep 26 17:44:51 UTC 2017"}
        ],
        [
            {"location": [[
                {"latitude": 59.958886},
                {"longitude": 11.073531}
            ]]},
            {"altitude": 146},
            {"distance_km": 0.264326},
            {"speed_kmh": 9.97511},
            {"timestamp": "Tue Sep 26 17:44:55 UTC 2017"}
        ],
        [
            {"location": [[
                {"latitude": 59.959081},
                {"longitude": 11.073516}
            ]]},
            {"altitude": 150},
            {"distance_km": 0.28604},
            {"speed_kmh": 10.0674},
            {"timestamp": "Tue Sep 26 17:45:03 UTC 2017"}
        ],
        [
            {"location": [[
                {"latitude": 59.9593},
                {"longitude": 11.073493}
            ]]},
            {"altitude": 151},
            {"distance_km": 0.310433},
            {"speed_kmh": 10.0798},
            {"timestamp": "Tue Sep 26 17:45:12 UTC 2017"}
        ],
        [
            {"location": [[
                {"latitude": 59.959493},
                {"longitude": 11.073486}
            ]]},
            {"altitude": 154},
            {"distance_km": 0.331992},
            {"speed_kmh": 9.71751},
            {"timestamp": "Tue Sep 26 17:45:20 UTC 2017"}
        ],
        [
            {"location": [[
                {"latitude": 59.959713},
                {"longitude": 11.073555}
            ]]},
            {"altitude": 153},
            {"distance_km": 0.35675},
            {"speed_kmh": 9.19802},
            {"timestamp": "Tue Sep 26 17:45:31 UTC 2017"}
        ],
        [
            {"location": [[
                {"latitude": 59.959653},
                {"longitude": 11.073814}
            ]]},
            {"altitude": 155},
            {"distance_km": 0.372655},
            {"speed_kmh": 7.83381},
            {"timestamp": "Tue Sep 26 17:45:41 UTC 2017"}
        ],
        [
            {"location": [[
                {"latitude": 59.95955},
                {"longitude": 11.074253}
            ]]},
            {"altitude": 160},
            {"distance_km": 0.39978},
            {"speed_kmh": 7.88021},
            {"timestamp": "Tue Sep 26 17:45:51 UTC 2017"}
        ],
        [
            {"location": [[
                {"latitude": 59.959496},
                {"longitude": 11.07449}
            ]]},
            {"altitude": 163},
            {"distance_km": 0.414291},
            {"speed_kmh": 8.64561},
            {"timestamp": "Tue Sep 26 17:45:56 UTC 2017"}
        ],
        [
            {"location": [[
                {"latitude": 59.959423},
                {"longitude": 11.074882}
            ]]},
            {"altitude": 161},
            {"distance_km": 0.437663},
            {"speed_kmh": 10.2183},
            {"timestamp": "Tue Sep 26 17:46:04 UTC 2017"}
        ],
        [
            {"location": [[
                {"latitude": 59.959346},
                {"longitude": 11.07529}
            ]]},
            {"altitude": 159},
            {"distance_km": 0.462042},
            {"speed_kmh": 10.1698},
            {"timestamp": "Tue Sep 26 17:46:13 UTC 2017"}
        ],
        [
            {"location": [[
                {"latitude": 59.959271},
                {"longitude": 11.075711}
            ]]},
            {"altitude": 159},
            {"distance_km": 0.486979},
            {"speed_kmh": 10.1585},
            {"timestamp": "Tue Sep 26 17:46:21 UTC 2017"}
        ],
        [
            {"location": [[
                {"latitude": 59.959192},
                {"longitude": 11.076057}
            ]]},
            {"altitude": 157},
            {"distance_km": 0.508257},
            {"speed_kmh": 10.3076},
            {"timestamp": "Tue Sep 26 17:46:28 UTC 2017"}
        ],
        [
            {"location": [[
                {"latitude": 59.959104},
                {"longitude": 11.076463}
            ]]},
            {"altitude": 155},
            {"distance_km": 0.532968},
            {"speed_kmh": 10.3391},
            {"timestamp": "Tue Sep 26 17:46:38 UTC 2017"}
        ],
        [
            {"location": [[
                {"latitude": 59.958998},
                {"longitude": 11.076878}
            ]]},
            {"altitude": 154},
            {"distance_km": 0.558912},
            {"speed_kmh": 10.8573},
            {"timestamp": "Tue Sep 26 17:46:45 UTC 2017"}
        ],
        [
            {"location": [[
                {"latitude": 59.958942},
                {"longitude": 11.077188}
            ]]},
            {"altitude": 156},
            {"distance_km": 0.57738},
            {"speed_kmh": 9.99741},
            {"timestamp": "Tue Sep 26 17:46:53 UTC 2017"}
        ],
        [
            {"location": [[
                {"latitude": 59.958872},
                {"longitude": 11.077429}
            ]]},
            {"altitude": 156},
            {"distance_km": 0.592898},
            {"speed_kmh": 10.4829},
            {"timestamp": "Tue Sep 26 17:46:58 UTC 2017"}
        ],
        [
            {"location": [[
                {"latitude": 59.958835},
                {"longitude": 11.077556}
            ]]},
            {"altitude": 156},
            {"distance_km": 0.601122},
            {"speed_kmh": 9.78357},
            {"timestamp": "Tue Sep 26 17:47:01 UTC 2017"}
        ],
        [
            {"location": [[
                {"latitude": 59.958744},
                {"longitude": 11.077828}
            ]]},
            {"altitude": 159},
            {"distance_km": 0.619374},
            {"speed_kmh": 9.68732},
            {"timestamp": "Tue Sep 26 17:47:10 UTC 2017"}
        ],
        [
            {"location": [[
                {"latitude": 59.958614},
                {"longitude": 11.078394}
            ]]},
            {"altitude": 146},
            {"distance_km": 0.654153},
            {"speed_kmh": 9.85228},
            {"timestamp": "Tue Sep 26 17:47:20 UTC 2017"}
        ],
        [
            {"location": [[
                {"latitude": 59.958546},
                {"longitude": 11.078654}
            ]]},
            {"altitude": 145},
            {"distance_km": 0.670571},
            {"speed_kmh": 10.4456},
            {"timestamp": "Tue Sep 26 17:47:25 UTC 2017"}
        ],
        [
            {"location": [[
                {"latitude": 59.958479},
                {"longitude": 11.078851}
            ]]},
            {"altitude": 143},
            {"distance_km": 0.683872},
            {"speed_kmh": 10.7513},
            {"timestamp": "Tue Sep 26 17:47:31 UTC 2017"}
        ],
        [
            {"location": [[
                {"latitude": 59.958286},
                {"longitude": 11.079016}
            ]]},
            {"altitude": 146},
            {"distance_km": 0.70731},
            {"speed_kmh": 9.67637},
            {"timestamp": "Tue Sep 26 17:47:41 UTC 2017"}
        ],
        [
            {"location": [[
                {"latitude": 59.958119},
                {"longitude": 11.079162}
            ]]},
            {"altitude": 154},
            {"distance_km": 0.727568},
            {"speed_kmh": 8.3127},
            {"timestamp": "Tue Sep 26 17:47:50 UTC 2017"}
        ],
        [
            {"location": [[
                {"latitude": 59.957895},
                {"longitude": 11.079637}
            ]]},
            {"altitude": 139},
            {"distance_km": 0.763997},
            {"speed_kmh": 9.30777},
            {"timestamp": "Tue Sep 26 17:48:01 UTC 2017"}
        ],
        [
            {"location": [[
                {"latitude": 59.957849},
                {"longitude": 11.079976}
            ]]},
            {"altitude": 138},
            {"distance_km": 0.78365},
            {"speed_kmh": 10.4242},
            {"timestamp": "Tue Sep 26 17:48:07 UTC 2017"}
        ],
        [
            {"location": [[
                {"latitude": 59.95783},
                {"longitude": 11.080289}
            ]]},
            {"altitude": 138},
            {"distance_km": 0.801241},
            {"speed_kmh": 11.4231},
            {"timestamp": "Tue Sep 26 17:48:13 UTC 2017"}
        ],
        [
            {"location": [[
                {"latitude": 59.957803},
                {"longitude": 11.080682}
            ]]},
            {"altitude": 140},
            {"distance_km": 0.823387},
            {"speed_kmh": 10.7695},
            {"timestamp": "Tue Sep 26 17:48:21 UTC 2017"}
        ],
        [
            {"location": [[
                {"latitude": 59.957774},
                {"longitude": 11.080977}
            ]]},
            {"altitude": 141},
            {"distance_km": 0.840222},
            {"speed_kmh": 10.2061},
            {"timestamp": "Tue Sep 26 17:48:27 UTC 2017"}
        ],
        [
            {"location": [[
                {"latitude": 59.957712},
                {"longitude": 11.081308}
            ]]},
            {"altitude": 139},
            {"distance_km": 0.85997},
            {"speed_kmh": 10.0413},
            {"timestamp": "Tue Sep 26 17:48:34 UTC 2017"}
        ],
        [
            {"location": [[
                {"latitude": 59.957658},
                {"longitude": 11.081789}
            ]]},
            {"altitude": 137},
            {"distance_km": 0.887459},
            {"speed_kmh": 10.412},
            {"timestamp": "Tue Sep 26 17:48:43 UTC 2017"}
        ],
        [
            {"location": [[
                {"latitude": 59.957613},
                {"longitude": 11.082039}
            ]]},
            {"altitude": 137},
            {"distance_km": 0.902313},
            {"speed_kmh": 10.5838},
            {"timestamp": "Tue Sep 26 17:48:48 UTC 2017"}
        ],
        [
            {"location": [[
                {"latitude": 59.957546},
                {"longitude": 11.082393}
            ]]},
            {"altitude": 137},
            {"distance_km": 0.923456},
            {"speed_kmh": 10.6042},
            {"timestamp": "Tue Sep 26 17:48:56 UTC 2017"}
        ],
        [
            {"location": [[
                {"latitude": 59.957454},
                {"longitude": 11.082783}
            ]]},
            {"altitude": 136},
            {"distance_km": 0.947523},
            {"speed_kmh": 10.7782},
            {"timestamp": "Tue Sep 26 17:49:03 UTC 2017"}
        ],
        [
            {"location": [[
                {"latitude": 59.957366},
                {"longitude": 11.083166}
            ]]},
            {"altitude": 135},
            {"distance_km": 0.971084},
            {"speed_kmh": 10.7871},
            {"timestamp": "Tue Sep 26 17:49:11 UTC 2017"}
        ],
        [
            {"location": [[
                {"latitude": 59.957283},
                {"longitude": 11.083592}
            ]]},
            {"altitude": 136},
            {"distance_km": 0.996582},
            {"speed_kmh": 10.813},
            {"timestamp": "Tue Sep 26 17:49:20 UTC 2017"}
        ],
        [
            {"location": [[
                {"latitude": 59.957213},
                {"longitude": 11.083846}
            ]]},
            {"altitude": 135},
            {"distance_km": 1.01279},
            {"speed_kmh": 10.2349},
            {"timestamp": "Tue Sep 26 17:49:26 UTC 2017"}
        ],
        [
            {"location": [[
                {"latitude": 59.957145},
                {"longitude": 11.084035}
            ]]},
            {"altitude": 134},
            {"distance_km": 1.02581},
            {"speed_kmh": 9.76205},
            {"timestamp": "Tue Sep 26 17:49:31 UTC 2017"}
        ],
        [
            {"location": [[
                {"latitude": 59.957041},
                {"longitude": 11.084319}
            ]]},
            {"altitude": 133},
            {"distance_km": 1.04544},
            {"speed_kmh": 9.71569},
            {"timestamp": "Tue Sep 26 17:49:38 UTC 2017"}
        ],
        [
            {"location": [[
                {"latitude": 59.957012},
                {"longitude": 11.084714}
            ]]},
            {"altitude": 136},
            {"distance_km": 1.06776},
            {"speed_kmh": 9.78269},
            {"timestamp": "Tue Sep 26 17:49:46 UTC 2017"}
        ],
        [
            {"location": [[
                {"latitude": 59.957013},
                {"longitude": 11.085052}
            ]]},
            {"altitude": 138},
            {"distance_km": 1.08664},
            {"speed_kmh": 9.93391},
            {"timestamp": "Tue Sep 26 17:49:53 UTC 2017"}
        ],
        [
            {"location": [[
                {"latitude": 59.956989},
                {"longitude": 11.085497}
            ]]},
            {"altitude": 142},
            {"distance_km": 1.11163},
            {"speed_kmh": 9.58794},
            {"timestamp": "Tue Sep 26 17:50:03 UTC 2017"}
        ],
        [
            {"location": [[
                {"latitude": 59.956973},
                {"longitude": 11.08598}
            ]]},
            {"altitude": 142},
            {"distance_km": 1.1387},
            {"speed_kmh": 9.18556},
            {"timestamp": "Tue Sep 26 17:50:14 UTC 2017"}
        ],
        [
            {"location": [[
                {"latitude": 59.956962},
                {"longitude": 11.086411}
            ]]},
            {"altitude": 143},
            {"distance_km": 1.16281},
            {"speed_kmh": 9.17552},
            {"timestamp": "Tue Sep 26 17:50:23 UTC 2017"}
        ],
        [
            {"location": [[
                {"latitude": 59.956977},
                {"longitude": 11.086883}
            ]]},
            {"altitude": 144},
            {"distance_km": 1.18922},
            {"speed_kmh": 9.33415},
            {"timestamp": "Tue Sep 26 17:50:33 UTC 2017"}
        ],
        [
            {"location": [[
                {"latitude": 59.956995},
                {"longitude": 11.087153}
            ]]},
            {"altitude": 145},
            {"distance_km": 1.20446},
            {"speed_kmh": 9.40012},
            {"timestamp": "Tue Sep 26 17:50:39 UTC 2017"}
        ],
        [
            {"location": [[
                {"latitude": 59.957122},
                {"longitude": 11.087591}
            ]]},
            {"altitude": 145},
            {"distance_km": 1.23268},
            {"speed_kmh": 9.28316},
            {"timestamp": "Tue Sep 26 17:50:50 UTC 2017"}
        ],
        [
            {"location": [[
                {"latitude": 59.957284},
                {"longitude": 11.087695}
            ]]},
            {"altitude": 145},
            {"distance_km": 1.25168},
            {"speed_kmh": 9.37407},
            {"timestamp": "Tue Sep 26 17:50:57 UTC 2017"}
        ],
        [
            {"location": [[
                {"latitude": 59.957446},
                {"longitude": 11.087771}
            ]]},
            {"altitude": 147},
            {"distance_km": 1.27019},
            {"speed_kmh": 9.13021},
            {"timestamp": "Tue Sep 26 17:51:05 UTC 2017"}
        ],
        [
            {"location": [[
                {"latitude": 59.957672},
                {"longitude": 11.087779}
            ]]},
            {"altitude": 149},
            {"distance_km": 1.2954},
            {"speed_kmh": 9.05805},
            {"timestamp": "Tue Sep 26 17:51:15 UTC 2017"}
        ],
        [
            {"location": [[
                {"latitude": 59.95783},
                {"longitude": 11.087744}
            ]]},
            {"altitude": 150},
            {"distance_km": 1.31308},
            {"speed_kmh": 8.81618},
            {"timestamp": "Tue Sep 26 17:51:22 UTC 2017"}
        ],
        [
            {"location": [[
                {"latitude": 59.958015},
                {"longitude": 11.087623}
            ]]},
            {"altitude": 154},
            {"distance_km": 1.33484},
            {"speed_kmh": 8.94969},
            {"timestamp": "Tue Sep 26 17:51:31 UTC 2017"}
        ],
        [
            {"location": [[
                {"latitude": 59.958167},
                {"longitude": 11.08755}
            ]]},
            {"altitude": 151},
            {"distance_km": 1.3522},
            {"speed_kmh": 8.68063},
            {"timestamp": "Tue Sep 26 17:51:39 UTC 2017"}
        ],
        [
            {"location": [[
                {"latitude": 59.958387},
                {"longitude": 11.087454}
            ]]},
            {"altitude": 147},
            {"distance_km": 1.37735},
            {"speed_kmh": 9.23276},
            {"timestamp": "Tue Sep 26 17:51:47 UTC 2017"}
        ],
        [
            {"location": [[
                {"latitude": 59.958622},
                {"longitude": 11.087359}
            ]]},
            {"altitude": 145},
            {"distance_km": 1.40399},
            {"speed_kmh": 9.87453},
            {"timestamp": "Tue Sep 26 17:51:56 UTC 2017"}
        ],
        [
            {"location": [[
                {"latitude": 59.958823},
                {"longitude": 11.087338}
            ]]},
            {"altitude": 146},
            {"distance_km": 1.42643},
            {"speed_kmh": 10.499},
            {"timestamp": "Tue Sep 26 17:52:04 UTC 2017"}
        ],
        [
            {"location": [[
                {"latitude": 59.958895},
                {"longitude": 11.087344}
            ]]},
            {"altitude": 144},
            {"distance_km": 1.4345},
            {"speed_kmh": 10.1518},
            {"timestamp": "Tue Sep 26 17:52:07 UTC 2017"}
        ],
        [
            {"location": [[
                {"latitude": 59.959134},
                {"longitude": 11.087336}
            ]]},
            {"altitude": 142},
            {"distance_km": 1.46112},
            {"speed_kmh": 9.786},
            {"timestamp": "Tue Sep 26 17:52:17 UTC 2017"}
        ],
        [
            {"location": [[
                {"latitude": 59.95936},
                {"longitude": 11.08731}
            ]]},
            {"altitude": 142},
            {"distance_km": 1.48639},
            {"speed_kmh": 9.6608},
            {"timestamp": "Tue Sep 26 17:52:27 UTC 2017"}
        ],
        [
            {"location": [[
                {"latitude": 59.959587},
                {"longitude": 11.087291}
            ]]},
            {"altitude": 139},
            {"distance_km": 1.51161},
            {"speed_kmh": 9.9392},
            {"timestamp": "Tue Sep 26 17:52:35 UTC 2017"}
        ],
        [
            {"location": [[
                {"latitude": 59.959663},
                {"longitude": 11.0873}
            ]]},
            {"altitude": 139},
            {"distance_km": 1.52015},
            {"speed_kmh": 10.2717},
            {"timestamp": "Tue Sep 26 17:52:38 UTC 2017"}
        ],
        [
            {"location": [[
                {"latitude": 59.959831},
                {"longitude": 11.087368}
            ]]},
            {"altitude": 140},
            {"distance_km": 1.53925},
            {"speed_kmh": 10.2368},
            {"timestamp": "Tue Sep 26 17:52:45 UTC 2017"}
        ],
        [
            {"location": [[
                {"latitude": 59.960052},
                {"longitude": 11.087528}
            ]]},
            {"altitude": 139},
            {"distance_km": 1.5654},
            {"speed_kmh": 9.88651},
            {"timestamp": "Tue Sep 26 17:52:55 UTC 2017"}
        ],
        [
            {"location": [[
                {"latitude": 59.960167},
                {"longitude": 11.087658}
            ]]},
            {"altitude": 140},
            {"distance_km": 1.58015},
            {"speed_kmh": 9.30996},
            {"timestamp": "Tue Sep 26 17:53:01 UTC 2017"}
        ],
        [
            {"location": [[
                {"latitude": 59.960381},
                {"longitude": 11.087867}
            ]]},
            {"altitude": 142},
            {"distance_km": 1.60668},
            {"speed_kmh": 9.278},
            {"timestamp": "Tue Sep 26 17:53:11 UTC 2017"}
        ],
        [
            {"location": [[
                {"latitude": 59.960504},
                {"longitude": 11.087997}
            ]]},
            {"altitude": 143},
            {"distance_km": 1.62216},
            {"speed_kmh": 9.22453},
            {"timestamp": "Tue Sep 26 17:53:17 UTC 2017"}
        ],
        [
            {"location": [[
                {"latitude": 59.960672},
                {"longitude": 11.088179}
            ]]},
            {"altitude": 142},
            {"distance_km": 1.64348},
            {"speed_kmh": 9.48153},
            {"timestamp": "Tue Sep 26 17:53:25 UTC 2017"}
        ],
        [
            {"location": [[
                {"latitude": 59.960792},
                {"longitude": 11.088336}
            ]]},
            {"altitude": 144},
            {"distance_km": 1.65944},
            {"speed_kmh": 9.4842},
            {"timestamp": "Tue Sep 26 17:53:31 UTC 2017"}
        ],
        [
            {"location": [[
                {"latitude": 59.960893},
                {"longitude": 11.0884}
            ]]},
            {"altitude": 148},
            {"distance_km": 1.67127},
            {"speed_kmh": 9.23026},
            {"timestamp": "Tue Sep 26 17:53:36 UTC 2017"}
        ],
        [
            {"location": [[
                {"latitude": 59.961127},
                {"longitude": 11.088608}
            ]]},
            {"altitude": 148},
            {"distance_km": 1.69987},
            {"speed_kmh": 9.46434},
            {"timestamp": "Tue Sep 26 17:53:46 UTC 2017"}
        ],
        [
            {"location": [[
                {"latitude": 59.961293},
                {"longitude": 11.088697}
            ]]},
            {"altitude": 150},
            {"distance_km": 1.71903},
            {"speed_kmh": 9.55697},
            {"timestamp": "Tue Sep 26 17:53:53 UTC 2017"}
        ],
        [
            {"location": [[
                {"latitude": 59.961443},
                {"longitude": 11.088755}
            ]]},
            {"altitude": 147},
            {"distance_km": 1.73606},
            {"speed_kmh": 10.1675},
            {"timestamp": "Tue Sep 26 17:53:59 UTC 2017"}
        ],
        [
            {"location": [[
                {"latitude": 59.961594},
                {"longitude": 11.088669}
            ]]},
            {"altitude": 146},
            {"distance_km": 1.75355},
            {"speed_kmh": 9.99605},
            {"timestamp": "Tue Sep 26 17:54:06 UTC 2017"}
        ],
        [
            {"location": [[
                {"latitude": 59.96181},
                {"longitude": 11.08845}
            ]]},
            {"altitude": 146},
            {"distance_km": 1.78049},
            {"speed_kmh": 10.0576},
            {"timestamp": "Tue Sep 26 17:54:15 UTC 2017"}
        ],
        [
            {"location": [[
                {"latitude": 59.961984},
                {"longitude": 11.08833}
            ]]},
            {"altitude": 146},
            {"distance_km": 1.80103},
            {"speed_kmh": 10.1306},
            {"timestamp": "Tue Sep 26 17:54:22 UTC 2017"}
        ],
        [
            {"location": [[
                {"latitude": 59.96218},
                {"longitude": 11.088189}
            ]]},
            {"altitude": 146},
            {"distance_km": 1.82421},
            {"speed_kmh": 10.3912},
            {"timestamp": "Tue Sep 26 17:54:30 UTC 2017"}
        ],
        [
            {"location": [[
                {"latitude": 59.962401},
                {"longitude": 11.088118}
            ]]},
            {"altitude": 143},
            {"distance_km": 1.8492},
            {"speed_kmh": 10.3773},
            {"timestamp": "Tue Sep 26 17:54:39 UTC 2017"}
        ],
        [
            {"location": [[
                {"latitude": 59.962608},
                {"longitude": 11.08808}
            ]]},
            {"altitude": 140},
            {"distance_km": 1.87237},
            {"speed_kmh": 10.3283},
            {"timestamp": "Tue Sep 26 17:54:47 UTC 2017"}
        ],
        [
            {"location": [[
                {"latitude": 59.962811},
                {"longitude": 11.088082}
            ]]},
            {"altitude": 140},
            {"distance_km": 1.89499},
            {"speed_kmh": 10.1757},
            {"timestamp": "Tue Sep 26 17:54:55 UTC 2017"}
        ],
        [
            {"location": [[
                {"latitude": 59.962994},
                {"longitude": 11.088129}
            ]]},
            {"altitude": 138},
            {"distance_km": 1.91549},
            {"speed_kmh": 10.3448},
            {"timestamp": "Tue Sep 26 17:55:02 UTC 2017"}
        ],
        [
            {"location": [[
                {"latitude": 59.963087},
                {"longitude": 11.088167}
            ]]},
            {"altitude": 139},
            {"distance_km": 1.92605},
            {"speed_kmh": 9.99468},
            {"timestamp": "Tue Sep 26 17:55:06 UTC 2017"}
        ],
        [
            {"location": [[
                {"latitude": 59.963298},
                {"longitude": 11.088213}
            ]]},
            {"altitude": 139},
            {"distance_km": 1.94971},
            {"speed_kmh": 9.83098},
            {"timestamp": "Tue Sep 26 17:55:15 UTC 2017"}
        ],
        [
            {"location": [[
                {"latitude": 59.963461},
                {"longitude": 11.088251}
            ]]},
            {"altitude": 139},
            {"distance_km": 1.96804},
            {"speed_kmh": 9.43408},
            {"timestamp": "Tue Sep 26 17:55:22 UTC 2017"}
        ],
        [
            {"location": [[
                {"latitude": 59.963649},
                {"longitude": 11.088293}
            ]]},
            {"altitude": 139},
            {"distance_km": 1.98909},
            {"speed_kmh": 9.46577},
            {"timestamp": "Tue Sep 26 17:55:30 UTC 2017"}
        ],
        [
            {"location": [[
                {"latitude": 59.963752},
                {"longitude": 11.088302}
            ]]},
            {"altitude": 139},
            {"distance_km": 2.00054},
            {"speed_kmh": 9.68699},
            {"timestamp": "Tue Sep 26 17:55:34 UTC 2017"}
        ],
        [
            {"location": [[
                {"latitude": 59.963841},
                {"longitude": 11.087928}
            ]]},
            {"altitude": 142},
            {"distance_km": 2.02366},
            {"speed_kmh": 9.27024},
            {"timestamp": "Tue Sep 26 17:55:45 UTC 2017"}
        ],
        [
            {"location": [[
                {"latitude": 59.963678},
                {"longitude": 11.087636}
            ]]},
            {"altitude": 145},
            {"distance_km": 2.04812},
            {"speed_kmh": 9.52313},
            {"timestamp": "Tue Sep 26 17:55:53 UTC 2017"}
        ],
        [
            {"location": [[
                {"latitude": 59.963492},
                {"longitude": 11.087395}
            ]]},
            {"altitude": 149},
            {"distance_km": 2.07275},
            {"speed_kmh": 9.36081},
            {"timestamp": "Tue Sep 26 17:56:02 UTC 2017"}
        ],
        [
            {"location": [[
                {"latitude": 59.963314},
                {"longitude": 11.087318}
            ]]},
            {"altitude": 148},
            {"distance_km": 2.09307},
            {"speed_kmh": 10.1531},
            {"timestamp": "Tue Sep 26 17:56:09 UTC 2017"}
        ],
        [
            {"location": [[
                {"latitude": 59.963187},
                {"longitude": 11.087287}
            ]]},
            {"altitude": 147},
            {"distance_km": 2.10731},
            {"speed_kmh": 10.0921},
            {"timestamp": "Tue Sep 26 17:56:14 UTC 2017"}
        ],
        [
            {"location": [[
                {"latitude": 59.962982},
                {"longitude": 11.087219}
            ]]},
            {"altitude": 147},
            {"distance_km": 2.13051},
            {"speed_kmh": 9.98992},
            {"timestamp": "Tue Sep 26 17:56:23 UTC 2017"}
        ],
        [
            {"location": [[
                {"latitude": 59.962811},
                {"longitude": 11.087184}
            ]]},
            {"altitude": 149},
            {"distance_km": 2.1496},
            {"speed_kmh": 9.34454},
            {"timestamp": "Tue Sep 26 17:56:31 UTC 2017"}
        ],
        [
            {"location": [[
                {"latitude": 59.962577},
                {"longitude": 11.087205}
            ]]},
            {"altitude": 149},
            {"distance_km": 2.1757},
            {"speed_kmh": 9.0201},
            {"timestamp": "Tue Sep 26 17:56:42 UTC 2017"}
        ],
        [
            {"location": [[
                {"latitude": 59.96235},
                {"longitude": 11.087218}
            ]]},
            {"altitude": 146},
            {"distance_km": 2.20107},
            {"speed_kmh": 9.38079},
            {"timestamp": "Tue Sep 26 17:56:50 UTC 2017"}
        ],
        [
            {"location": [[
                {"latitude": 59.962181},
                {"longitude": 11.087191}
            ]]},
            {"altitude": 149},
            {"distance_km": 2.21997},
            {"speed_kmh": 9.82709},
            {"timestamp": "Tue Sep 26 17:56:57 UTC 2017"}
        ],
        [
            {"location": [[
                {"latitude": 59.961989},
                {"longitude": 11.087163}
            ]]},
            {"altitude": 151},
            {"distance_km": 2.24138},
            {"speed_kmh": 9.9639},
            {"timestamp": "Tue Sep 26 17:57:05 UTC 2017"}
        ],
        [
            {"location": [[
                {"latitude": 59.961773},
                {"longitude": 11.087092}
            ]]},
            {"altitude": 148},
            {"distance_km": 2.2657},
            {"speed_kmh": 10.1078},
            {"timestamp": "Tue Sep 26 17:57:13 UTC 2017"}
        ],
        [
            {"location": [[
                {"latitude": 59.961542},
                {"longitude": 11.086965}
            ]]},
            {"altitude": 146},
            {"distance_km": 2.29246},
            {"speed_kmh": 10.3808},
            {"timestamp": "Tue Sep 26 17:57:22 UTC 2017"}
        ],
        [
            {"location": [[
                {"latitude": 59.961334},
                {"longitude": 11.086767}
            ]]},
            {"altitude": 147},
            {"distance_km": 2.31816},
            {"speed_kmh": 10.3023},
            {"timestamp": "Tue Sep 26 17:57:32 UTC 2017"}
        ],
        [
            {"location": [[
                {"latitude": 59.961181},
                {"longitude": 11.086583}
            ]]},
            {"altitude": 148},
            {"distance_km": 2.33803},
            {"speed_kmh": 9.50461},
            {"timestamp": "Tue Sep 26 17:57:41 UTC 2017"}
        ],
        [
            {"location": [[
                {"latitude": 59.961001},
                {"longitude": 11.086279}
            ]]},
            {"altitude": 148},
            {"distance_km": 2.3643},
            {"speed_kmh": 9.21863},
            {"timestamp": "Tue Sep 26 17:57:50 UTC 2017"}
        ],
        [
            {"location": [[
                {"latitude": 59.960921},
                {"longitude": 11.086116}
            ]]},
            {"altitude": 149},
            {"distance_km": 2.37705},
            {"speed_kmh": 9.19567},
            {"timestamp": "Tue Sep 26 17:57:55 UTC 2017"}
        ],
        [
            {"location": [[
                {"latitude": 59.960878},
                {"longitude": 11.086003}
            ]]},
            {"altitude": 149},
            {"distance_km": 2.38503},
            {"speed_kmh": 9.5987},
            {"timestamp": "Tue Sep 26 17:57:58 UTC 2017"}
        ],
        [
            {"location": [[
                {"latitude": 59.960831},
                {"longitude": 11.085892}
            ]]},
            {"altitude": 149},
            {"distance_km": 2.39312},
            {"speed_kmh": 9.55893},
            {"timestamp": "Tue Sep 26 17:58:01 UTC 2017"}
        ],
        [
            {"location": [[
                {"latitude": 59.960702},
                {"longitude": 11.085598}
            ]]},
            {"altitude": 149},
            {"distance_km": 2.41491},
            {"speed_kmh": 9.74248},
            {"timestamp": "Tue Sep 26 17:58:09 UTC 2017"}
        ],
        [
            {"location": [[
                {"latitude": 59.960658},
                {"longitude": 11.085479}
            ]]},
            {"altitude": 149},
            {"distance_km": 2.42319},
            {"speed_kmh": 9.82772},
            {"timestamp": "Tue Sep 26 17:58:12 UTC 2017"}
        ],
        [
            {"location": [[
                {"latitude": 59.96053},
                {"longitude": 11.085089}
            ]]},
            {"altitude": 149},
            {"distance_km": 2.44921},
            {"speed_kmh": 10.053},
            {"timestamp": "Tue Sep 26 17:58:21 UTC 2017"}
        ],
        [
            {"location": [[
                {"latitude": 59.960465},
                {"longitude": 11.084868}
            ]]},
            {"altitude": 148},
            {"distance_km": 2.46353},
            {"speed_kmh": 10.2309},
            {"timestamp": "Tue Sep 26 17:58:26 UTC 2017"}
        ],
        [
            {"location": [[
                {"latitude": 59.960222},
                {"longitude": 11.083899}
            ]]},
            {"altitude": 150},
            {"distance_km": 2.52406},
            {"speed_kmh": 3.16082},
            {"timestamp": "Tue Sep 26 17:58:49 UTC 2017"}
        ],
        [
            {"location": [[
                {"latitude": 59.960214},
                {"longitude": 11.083437}
            ]]},
            {"altitude": 152},
            {"distance_km": 2.54986},
            {"speed_kmh": 6.6029},
            {"timestamp": "Tue Sep 26 17:58:58 UTC 2017"}
        ],
        [
            {"location": [[
                {"latitude": 59.960204},
                {"longitude": 11.083284}
            ]]},
            {"altitude": 152},
            {"distance_km": 2.55851},
            {"speed_kmh": 10.1638},
            {"timestamp": "Tue Sep 26 17:59:01 UTC 2017"}
        ],
        [
            {"location": [[
                {"latitude": 59.960193},
                {"longitude": 11.083123}
            ]]},
            {"altitude": 151},
            {"distance_km": 2.5676},
            {"speed_kmh": 10.5331},
            {"timestamp": "Tue Sep 26 17:59:04 UTC 2017"}
        ],
        [
            {"location": [[
                {"latitude": 59.960168},
                {"longitude": 11.08274}
            ]]},
            {"altitude": 149},
            {"distance_km": 2.58918},
            {"speed_kmh": 10.7899},
            {"timestamp": "Tue Sep 26 17:59:11 UTC 2017"}
        ],
        [
            {"location": [[
                {"latitude": 59.960288},
                {"longitude": 11.081025}
            ]]},
            {"altitude": 147},
            {"distance_km": 2.68591},
            {"timestamp": "Tue Sep 26 17:59:48 UTC 2017"}
        ],
        [
            {"location": [[
                {"latitude": 59.960616},
                {"longitude": 11.079524}
            ]]},
            {"altitude": 146},
            {"distance_km": 2.77736},
            {"speed_kmh": 3.48617},
            {"timestamp": "Tue Sep 26 18:00:20 UTC 2017"}
        ],
        [
            {"location": [[
                {"latitude": 59.96075},
                {"longitude": 11.079214}
            ]]},
            {"altitude": 146},
            {"distance_km": 2.80025},
            {"speed_kmh": 7.12161},
            {"timestamp": "Tue Sep 26 18:00:27 UTC 2017"}
        ],
        [
            {"location": [[
                {"latitude": 59.960892},
                {"longitude": 11.078877}
            ]]},
            {"altitude": 146},
            {"distance_km": 2.82482},
            {"speed_kmh": 10.409},
            {"timestamp": "Tue Sep 26 18:00:36 UTC 2017"}
        ],
        [
            {"location": [[
                {"latitude": 59.961012},
                {"longitude": 11.078504}
            ]]},
            {"altitude": 145},
            {"distance_km": 2.8496},
            {"speed_kmh": 10.2178},
            {"timestamp": "Tue Sep 26 18:00:45 UTC 2017"}
        ],
        [
            {"location": [[
                {"latitude": 59.961161},
                {"longitude": 11.078206}
            ]]},
            {"altitude": 145},
            {"distance_km": 2.8731},
            {"speed_kmh": 9.5276},
            {"timestamp": "Tue Sep 26 18:00:55 UTC 2017"}
        ],
        [
            {"location": [[
                {"latitude": 59.961346},
                {"longitude": 11.077966}
            ]]},
            {"altitude": 148},
            {"distance_km": 2.89764},
            {"speed_kmh": 9.40188},
            {"timestamp": "Tue Sep 26 18:01:04 UTC 2017"}
        ],
        [
            {"location": [[
                {"latitude": 59.961426},
                {"longitude": 11.077807}
            ]]},
            {"altitude": 149},
            {"distance_km": 2.91029},
            {"speed_kmh": 8.58749},
            {"timestamp": "Tue Sep 26 18:01:10 UTC 2017"}
        ],
        [
            {"location": [[
                {"latitude": 59.96152},
                {"longitude": 11.077376}
            ]]},
            {"altitude": 147},
            {"distance_km": 2.93654},
            {"speed_kmh": 7.30023},
            {"timestamp": "Tue Sep 26 18:01:29 UTC 2017"}
        ],
        [
            {"location": [[
                {"latitude": 59.961642},
                {"longitude": 11.077187}
            ]]},
            {"altitude": 151},
            {"distance_km": 2.95373},
            {"speed_kmh": 5.86262},
            {"timestamp": "Tue Sep 26 18:01:41 UTC 2017"}
        ],
        [
            {"location": [[
                {"latitude": 59.961798},
                {"longitude": 11.076953}
            ]]},
            {"altitude": 154},
            {"distance_km": 2.97545},
            {"speed_kmh": 5.98806},
            {"timestamp": "Tue Sep 26 18:01:51 UTC 2017"}
        ],
        [
            {"location": [[
                {"latitude": 59.961923},
                {"longitude": 11.076695}
            ]]},
            {"altitude": 154},
            {"distance_km": 2.99554},
            {"speed_kmh": 7.81447},
            {"timestamp": "Tue Sep 26 18:01:58 UTC 2017"}
        ],
        [
            {"location": [[
                {"latitude": 59.962105},
                {"longitude": 11.0764}
            ]]},
            {"altitude": 152},
            {"distance_km": 3.02165},
            {"speed_kmh": 9.54222},
            {"timestamp": "Tue Sep 26 18:02:07 UTC 2017"}
        ],
        [
            {"location": [[
                {"latitude": 59.962123},
                {"longitude": 11.076191}
            ]]},
            {"altitude": 152},
            {"distance_km": 3.03351},
            {"speed_kmh": 9.30951},
            {"timestamp": "Tue Sep 26 18:02:13 UTC 2017"}
        ],
        [
            {"location": [[
                {"latitude": 59.962047},
                {"longitude": 11.0761}
            ]]},
            {"altitude": 157},
            {"distance_km": 3.0434},
            {"speed_kmh": 7.00824},
            {"timestamp": "Tue Sep 26 18:02:23 UTC 2017"}
        ],
        [
            {"location": [[
                {"latitude": 59.961769},
                {"longitude": 11.076205}
            ]]},
            {"altitude": 165},
            {"distance_km": 3.07484},
            {"speed_kmh": 5.98717},
            {"timestamp": "Tue Sep 26 18:02:39 UTC 2017"}
        ],
        [
            {"location": [[
                {"latitude": 59.961616},
                {"longitude": 11.076136}
            ]]},
            {"altitude": 172},
            {"distance_km": 3.09239},
            {"speed_kmh": 5.76476},
            {"timestamp": "Tue Sep 26 18:02:49 UTC 2017"}
        ],
        [
            {"location": [[
                {"latitude": 59.961389},
                {"longitude": 11.076041}
            ]]},
            {"altitude": 165},
            {"distance_km": 3.11821},
            {"speed_kmh": 7.02658},
            {"timestamp": "Tue Sep 26 18:03:01 UTC 2017"}
        ],
        [
            {"location": [[
                {"latitude": 59.961158},
                {"longitude": 11.076016}
            ]]},
            {"altitude": 172},
            {"distance_km": 3.144},
            {"speed_kmh": 7.40783},
            {"timestamp": "Tue Sep 26 18:03:12 UTC 2017"}
        ],
        [
            {"location": [[
                {"latitude": 59.961004},
                {"longitude": 11.075858}
            ]]},
            {"altitude": 176},
            {"distance_km": 3.16324},
            {"speed_kmh": 7.77456},
            {"timestamp": "Tue Sep 26 18:03:22 UTC 2017"}
        ],
        [
            {"location": [[
                {"latitude": 59.960695},
                {"longitude": 11.075888}
            ]]},
            {"altitude": 174},
            {"distance_km": 3.1977},
            {"speed_kmh": 8.85478},
            {"timestamp": "Tue Sep 26 18:03:33 UTC 2017"}
        ],
        [
            {"location": [[
                {"latitude": 59.960608},
                {"longitude": 11.075795}
            ]]},
            {"altitude": 172},
            {"distance_km": 3.20872},
            {"speed_kmh": 8.56196},
            {"timestamp": "Tue Sep 26 18:03:39 UTC 2017"}
        ],
        [
            {"location": [[
                {"latitude": 59.960554},
                {"longitude": 11.075402}
            ]]},
            {"altitude": 168},
            {"distance_km": 3.23148},
            {"speed_kmh": 8.3523},
            {"timestamp": "Tue Sep 26 18:03:50 UTC 2017"}
        ],
        [
            {"location": [[
                {"latitude": 59.960676},
                {"longitude": 11.075119}
            ]]},
            {"altitude": 166},
            {"distance_km": 3.25237},
            {"speed_kmh": 7.33435},
            {"timestamp": "Tue Sep 26 18:04:00 UTC 2017"}
        ],
        [
            {"location": [[
                {"latitude": 59.96078},
                {"longitude": 11.074875}
            ]]},
            {"altitude": 162},
            {"distance_km": 3.27028},
            {"speed_kmh": 6.95869},
            {"timestamp": "Tue Sep 26 18:04:10 UTC 2017"}
        ],
        [
            {"location": [[
                {"latitude": 59.960924},
                {"longitude": 11.074688}
            ]]},
            {"altitude": 181},
            {"distance_km": 3.2894},
            {"speed_kmh": 6.41531},
            {"timestamp": "Tue Sep 26 18:04:23 UTC 2017"}
        ],
        [
            {"location": [[
                {"latitude": 59.961074},
                {"longitude": 11.07458}
            ]]},
            {"altitude": 169},
            {"distance_km": 3.30718},
            {"speed_kmh": 6.58675},
            {"timestamp": "Tue Sep 26 18:04:31 UTC 2017"}
        ],
        [
            {"location": [[
                {"latitude": 59.961225},
                {"longitude": 11.074565}
            ]]},
            {"altitude": 173},
            {"distance_km": 3.32402},
            {"speed_kmh": 7.32486},
            {"timestamp": "Tue Sep 26 18:04:38 UTC 2017"}
        ],
        [
            {"location": [[
                {"latitude": 59.961428},
                {"longitude": 11.074572}
            ]]},
            {"altitude": 172},
            {"distance_km": 3.34665},
            {"speed_kmh": 7.37197},
            {"timestamp": "Tue Sep 26 18:04:53 UTC 2017"}
        ],
        [
            {"location": [[
                {"latitude": 59.961719},
                {"longitude": 11.074706}
            ]]},
            {"altitude": 174},
            {"distance_km": 3.37988},
            {"speed_kmh": 7.35125},
            {"timestamp": "Tue Sep 26 18:05:08 UTC 2017"}
        ],
        [
            {"location": [[
                {"latitude": 59.962023},
                {"longitude": 11.074665}
            ]]},
            {"altitude": 168},
            {"distance_km": 3.4139},
            {"speed_kmh": 8.54118},
            {"timestamp": "Tue Sep 26 18:05:18 UTC 2017"}
        ],
        [
            {"location": [[
                {"latitude": 59.962239},
                {"longitude": 11.074551}
            ]]},
            {"altitude": 167},
            {"distance_km": 3.43878},
            {"speed_kmh": 10.4736},
            {"timestamp": "Tue Sep 26 18:05:26 UTC 2017"}
        ],
        [
            {"location": [[
                {"latitude": 59.962339},
                {"longitude": 11.074485}
            ]]},
            {"altitude": 170},
            {"distance_km": 3.45051},
            {"speed_kmh": 10.1624},
            {"timestamp": "Tue Sep 26 18:05:32 UTC 2017"}
        ],
        [
            {"location": [[
                {"latitude": 59.962428},
                {"longitude": 11.074402}
            ]]},
            {"altitude": 165},
            {"distance_km": 3.46139},
            {"speed_kmh": 7.4851},
            {"timestamp": "Tue Sep 26 18:05:42 UTC 2017"}
        ],
        [
            {"location": [[
                {"latitude": 59.962605},
                {"longitude": 11.073795}
            ]]},
            {"altitude": 156},
            {"distance_km": 3.50065},
            {"speed_kmh": 6.42582},
            {"timestamp": "Tue Sep 26 18:05:59 UTC 2017"}
        ],
        [
            {"location": [[
                {"latitude": 59.962587},
                {"longitude": 11.073648}
            ]]},
            {"altitude": 162},
            {"distance_km": 3.50912},
            {"timestamp": "Tue Sep 26 18:06:03 UTC 2017"}
        ],
        [
            {"location": [[
                {"latitude": 59.962543},
                {"longitude": 11.073541}
            ]]},
            {"altitude": 165},
            {"distance_km": 3.5326},
            {"timestamp": "Tue Sep 26 18:06:14 UTC 2017"}
        ],
        [
            {"location": [[
                {"latitude": 59.962417},
                {"longitude": 11.07312}
            ]]},
            {"altitude": 161},
            {"distance_km": 3.56005},
            {"speed_kmh": 5.62355},
            {"timestamp": "Tue Sep 26 18:06:29 UTC 2017"}
        ],
        [
            {"location": [[
                {"latitude": 59.96251},
                {"longitude": 11.072939}
            ]]},
            {"altitude": 152},
            {"distance_km": 3.57457},
            {"speed_kmh": 4.63288},
            {"timestamp": "Tue Sep 26 18:06:40 UTC 2017"}
        ],
        [
            {"location": [[
                {"latitude": 59.962713},
                {"longitude": 11.07286}
            ]]},
            {"altitude": 156},
            {"distance_km": 3.59756},
            {"speed_kmh": 6.09699},
            {"timestamp": "Tue Sep 26 18:06:52 UTC 2017"}
        ],
        [
            {"location": [[
                {"latitude": 59.962882},
                {"longitude": 11.072884}
            ]]},
            {"altitude": 153},
            {"distance_km": 3.61639},
            {"speed_kmh": 7.00969},
            {"timestamp": "Tue Sep 26 18:06:59 UTC 2017"}
        ],
        [
            {"location": [[
                {"latitude": 59.963057},
                {"longitude": 11.072882}
            ]]},
            {"altitude": 152},
            {"distance_km": 3.63596},
            {"speed_kmh": 7.65157},
            {"timestamp": "Tue Sep 26 18:07:10 UTC 2017"}
        ],
        [
            {"location": [[
                {"latitude": 59.963311},
                {"longitude": 11.072403}
            ]]},
            {"altitude": 153},
            {"distance_km": 3.67493},
            {"speed_kmh": 8.10272},
            {"timestamp": "Tue Sep 26 18:07:27 UTC 2017"}
        ],
        [
            {"location": [[
                {"latitude": 59.963387},
                {"longitude": 11.072289}
            ]]},
            {"altitude": 152},
            {"distance_km": 3.68551},
            {"timestamp": "Tue Sep 26 18:07:31 UTC 2017"}
        ],
        [
            {"location": [[
                {"latitude": 59.963411},
                {"longitude": 11.072213}
            ]]},
            {"altitude": 151},
            {"distance_km": 3.69052},
            {"timestamp": "Tue Sep 26 18:07:38 UTC 2017"}
        ],
        [
            {"location": [[
                {"latitude": 59.963274},
                {"longitude": 11.072257}
            ]]},
            {"altitude": 155},
            {"distance_km": 3.72147},
            {"speed_kmh": 4.5025},
            {"timestamp": "Tue Sep 26 18:08:18 UTC 2017"}
        ],
        [
            {"location": [[
                {"latitude": 59.963138},
                {"longitude": 11.072564}
            ]]},
            {"altitude": 159},
            {"distance_km": 3.74436},
            {"speed_kmh": 3.61663},
            {"timestamp": "Tue Sep 26 18:08:30 UTC 2017"}
        ],
        [
            {"location": [[
                {"latitude": 59.96295},
                {"longitude": 11.072671}
            ]]},
            {"altitude": 157},
            {"distance_km": 3.76608},
            {"speed_kmh": 4.76524},
            {"timestamp": "Tue Sep 26 18:08:43 UTC 2017"}
        ],
        [
            {"location": [[
                {"latitude": 59.962802},
                {"longitude": 11.072706}
            ]]},
            {"altitude": 158},
            {"distance_km": 3.78277},
            {"speed_kmh": 6.79709},
            {"timestamp": "Tue Sep 26 18:08:51 UTC 2017"}
        ],
        [
            {"location": [[
                {"latitude": 59.962616},
                {"longitude": 11.072764}
            ]]},
            {"altitude": 155},
            {"distance_km": 3.8037},
            {"speed_kmh": 8.09837},
            {"timestamp": "Tue Sep 26 18:08:58 UTC 2017"}
        ],
        [
            {"location": [[
                {"latitude": 59.962433},
                {"longitude": 11.072817}
            ]]},
            {"altitude": 162},
            {"distance_km": 3.82431},
            {"speed_kmh": 9.86077},
            {"timestamp": "Tue Sep 26 18:09:04 UTC 2017"}
        ],
        [
            {"location": [[
                {"latitude": 59.962354},
                {"longitude": 11.073149}
            ]]},
            {"altitude": 162},
            {"distance_km": 3.84481},
            {"speed_kmh": 10.0886},
            {"timestamp": "Tue Sep 26 18:09:13 UTC 2017"}
        ],
        [
            {"location": [[
                {"latitude": 59.962462},
                {"longitude": 11.073409}
            ]]},
            {"altitude": 161},
            {"distance_km": 3.86366},
            {"speed_kmh": 8.38563},
            {"timestamp": "Tue Sep 26 18:09:25 UTC 2017"}
        ],
        [
            {"location": [[
                {"latitude": 59.962574},
                {"longitude": 11.073485}
            ]]},
            {"altitude": 170},
            {"distance_km": 3.87678},
            {"speed_kmh": 6.36772},
            {"timestamp": "Tue Sep 26 18:09:34 UTC 2017"}
        ],
        [
            {"location": [[
                {"latitude": 59.962669},
                {"longitude": 11.073687}
            ]]},
            {"altitude": 163},
            {"distance_km": 3.8923},
            {"speed_kmh": 5.98884},
            {"timestamp": "Tue Sep 26 18:09:42 UTC 2017"}
        ],
        [
            {"location": [[
                {"latitude": 59.962602},
                {"longitude": 11.073978}
            ]]},
            {"altitude": 168},
            {"distance_km": 3.91022},
            {"speed_kmh": 5.63812},
            {"timestamp": "Tue Sep 26 18:09:56 UTC 2017"}
        ],
        [
            {"location": [[
                {"latitude": 59.962484},
                {"longitude": 11.074131}
            ]]},
            {"altitude": 170},
            {"distance_km": 3.92591},
            {"speed_kmh": 5.4457},
            {"timestamp": "Tue Sep 26 18:10:08 UTC 2017"}
        ],
        [
            {"location": [[
                {"latitude": 59.962215},
                {"longitude": 11.074316}
            ]]},
            {"altitude": 175},
            {"distance_km": 3.95765},
            {"speed_kmh": 5.8142},
            {"timestamp": "Tue Sep 26 18:10:22 UTC 2017"}
        ],
        [
            {"location": [[
                {"latitude": 59.962013},
                {"longitude": 11.074395}
            ]]},
            {"altitude": 176},
            {"distance_km": 3.98059},
            {"speed_kmh": 7.33686},
            {"timestamp": "Tue Sep 26 18:10:31 UTC 2017"}
        ],
        [
            {"location": [[
                {"latitude": 59.961801},
                {"longitude": 11.074449}
            ]]},
            {"altitude": 180},
            {"distance_km": 4.00438},
            {"speed_kmh": 8.63532},
            {"timestamp": "Tue Sep 26 18:10:41 UTC 2017"}
        ],
        [
            {"location": [[
                {"latitude": 59.961619},
                {"longitude": 11.07445}
            ]]},
            {"altitude": 171},
            {"distance_km": 4.02468},
            {"speed_kmh": 8.35081},
            {"timestamp": "Tue Sep 26 18:10:51 UTC 2017"}
        ],
        [
            {"location": [[
                {"latitude": 59.961257},
                {"longitude": 11.074325}
            ]]},
            {"altitude": 159},
            {"distance_km": 4.06564},
            {"speed_kmh": 8.18246},
            {"timestamp": "Tue Sep 26 18:11:08 UTC 2017"}
        ],
        [
            {"location": [[
                {"latitude": 59.961112},
                {"longitude": 11.074346}
            ]]},
            {"altitude": 164},
            {"distance_km": 4.08179},
            {"speed_kmh": 9.20025},
            {"timestamp": "Tue Sep 26 18:11:13 UTC 2017"}
        ],
        [
            {"location": [[
                {"latitude": 59.960947},
                {"longitude": 11.074409}
            ]]},
            {"altitude": 166},
            {"distance_km": 4.10049},
            {"speed_kmh": 9.57074},
            {"timestamp": "Tue Sep 26 18:11:21 UTC 2017"}
        ],
        [
            {"location": [[
                {"latitude": 59.960847},
                {"longitude": 11.074623}
            ]]},
            {"altitude": 158},
            {"distance_km": 4.11688},
            {"speed_kmh": 10.6111},
            {"timestamp": "Tue Sep 26 18:11:26 UTC 2017"}
        ],
        [
            {"location": [[
                {"latitude": 59.960723},
                {"longitude": 11.074824}
            ]]},
            {"altitude": 164},
            {"distance_km": 4.13461},
            {"speed_kmh": 9.7782},
            {"timestamp": "Tue Sep 26 18:11:33 UTC 2017"}
        ],
        [
            {"location": [[
                {"latitude": 59.960574},
                {"longitude": 11.074955}
            ]]},
            {"altitude": 161},
            {"distance_km": 4.15284},
            {"speed_kmh": 9.94147},
            {"timestamp": "Tue Sep 26 18:11:41 UTC 2017"}
        ],
        [
            {"location": [[
                {"latitude": 59.960425},
                {"longitude": 11.075363}
            ]]},
            {"altitude": 162},
            {"distance_km": 4.18101},
            {"speed_kmh": 9.5206},
            {"timestamp": "Tue Sep 26 18:11:50 UTC 2017"}
        ],
        [
            {"location": [[
                {"latitude": 59.96046},
                {"longitude": 11.07569}
            ]]},
            {"altitude": 157},
            {"distance_km": 4.1997},
            {"speed_kmh": 10.2737},
            {"timestamp": "Tue Sep 26 18:11:56 UTC 2017"}
        ],
        [
            {"location": [[
                {"latitude": 59.960544},
                {"longitude": 11.075854}
            ]]},
            {"altitude": 162},
            {"distance_km": 4.21275},
            {"speed_kmh": 10.3836},
            {"timestamp": "Tue Sep 26 18:12:01 UTC 2017"}
        ],
        [
            {"location": [[
                {"latitude": 59.960697},
                {"longitude": 11.075816}
            ]]},
            {"altitude": 159},
            {"distance_km": 4.22994},
            {"speed_kmh": 9.67556},
            {"timestamp": "Tue Sep 26 18:12:09 UTC 2017"}
        ],
        [
            {"location": [[
                {"latitude": 59.960934},
                {"longitude": 11.076062}
            ]]},
            {"altitude": 162},
            {"distance_km": 4.25976},
            {"speed_kmh": 8.7113},
            {"timestamp": "Tue Sep 26 18:12:21 UTC 2017"}
        ],
        [
            {"location": [[
                {"latitude": 59.961113},
                {"longitude": 11.076127}
            ]]},
            {"altitude": 160},
            {"distance_km": 4.27995},
            {"speed_kmh": 8.35235},
            {"timestamp": "Tue Sep 26 18:12:30 UTC 2017"}
        ],
        [
            {"location": [[
                {"latitude": 59.961254},
                {"longitude": 11.076262}
            ]]},
            {"altitude": 156},
            {"distance_km": 4.29738},
            {"speed_kmh": 8.49982},
            {"timestamp": "Tue Sep 26 18:12:37 UTC 2017"}
        ],
        [
            {"location": [[
                {"latitude": 59.961508},
                {"longitude": 11.076302}
            ]]},
            {"altitude": 160},
            {"distance_km": 4.32578},
            {"speed_kmh": 8.51042},
            {"timestamp": "Tue Sep 26 18:12:49 UTC 2017"}
        ],
        [
            {"location": [[
                {"latitude": 59.961694},
                {"longitude": 11.076297}
            ]]},
            {"altitude": 159},
            {"distance_km": 4.34655},
            {"speed_kmh": 8.55767},
            {"timestamp": "Tue Sep 26 18:12:58 UTC 2017"}
        ],
        [
            {"location": [[
                {"latitude": 59.961821},
                {"longitude": 11.076296}
            ]]},
            {"altitude": 151},
            {"distance_km": 4.36068},
            {"speed_kmh": 8.42216},
            {"timestamp": "Tue Sep 26 18:13:04 UTC 2017"}
        ],
        [
            {"location": [[
                {"latitude": 59.962084},
                {"longitude": 11.076223}
            ]]},
            {"altitude": 150},
            {"distance_km": 4.39029},
            {"speed_kmh": 8.82075},
            {"timestamp": "Tue Sep 26 18:13:15 UTC 2017"}
        ],
        [
            {"location": [[
                {"latitude": 59.962238},
                {"longitude": 11.076161}
            ]]},
            {"altitude": 151},
            {"distance_km": 4.40778},
            {"speed_kmh": 8.38497},
            {"timestamp": "Tue Sep 26 18:13:24 UTC 2017"}
        ],
        [
            {"location": [[
                {"latitude": 59.962449},
                {"longitude": 11.075709}
            ]]},
            {"altitude": 145},
            {"distance_km": 4.44229},
            {"speed_kmh": 9.69465},
            {"timestamp": "Tue Sep 26 18:13:34 UTC 2017"}
        ],
        [
            {"location": [[
                {"latitude": 59.962539},
                {"longitude": 11.075336}
            ]]},
            {"altitude": 145},
            {"distance_km": 4.4654},
            {"speed_kmh": 9.52003},
            {"timestamp": "Tue Sep 26 18:13:43 UTC 2017"}
        ],
        [
            {"location": [[
                {"latitude": 59.962628},
                {"longitude": 11.075044}
            ]]},
            {"altitude": 148},
            {"distance_km": 4.48444},
            {"speed_kmh": 9.73939},
            {"timestamp": "Tue Sep 26 18:13:52 UTC 2017"}
        ],
        [
            {"location": [[
                {"latitude": 59.962809},
                {"longitude": 11.074916}
            ]]},
            {"altitude": 158},
            {"distance_km": 4.50588},
            {"speed_kmh": 7.98362},
            {"timestamp": "Tue Sep 26 18:14:03 UTC 2017"}
        ],
        [
            {"location": [[
                {"latitude": 59.962923},
                {"longitude": 11.074831}
            ]]},
            {"altitude": 158},
            {"distance_km": 4.51947},
            {"speed_kmh": 7.5993},
            {"timestamp": "Tue Sep 26 18:14:09 UTC 2017"}
        ],
        [
            {"location": [[
                {"latitude": 59.963048},
                {"longitude": 11.074716}
            ]]},
            {"altitude": 158},
            {"distance_km": 4.53479},
            {"speed_kmh": 7.65484},
            {"timestamp": "Tue Sep 26 18:14:16 UTC 2017"}
        ],
        [
            {"location": [[
                {"latitude": 59.963263},
                {"longitude": 11.074354}
            ]]},
            {"altitude": 156},
            {"distance_km": 4.56613},
            {"speed_kmh": 9.4798},
            {"timestamp": "Tue Sep 26 18:14:25 UTC 2017"}
        ],
        [
            {"location": [[
                {"latitude": 59.963361},
                {"longitude": 11.074177}
            ]]},
            {"altitude": 158},
            {"distance_km": 4.58089},
            {"speed_kmh": 9.33605},
            {"timestamp": "Tue Sep 26 18:14:32 UTC 2017"}
        ],
        [
            {"location": [[
                {"latitude": 59.963553},
                {"longitude": 11.073869}
            ]]},
            {"altitude": 149},
            {"distance_km": 4.60831},
            {"speed_kmh": 11.4094},
            {"timestamp": "Tue Sep 26 18:14:39 UTC 2017"}
        ],
        [
            {"location": [[
                {"latitude": 59.963699},
                {"longitude": 11.073427}
            ]]},
            {"altitude": 150},
            {"distance_km": 4.6379},
            {"speed_kmh": 11.6721},
            {"timestamp": "Tue Sep 26 18:14:47 UTC 2017"}
        ],
        [
            {"location": [[
                {"latitude": 59.963837},
                {"longitude": 11.071875}
            ]]},
            {"altitude": 141},
            {"distance_km": 4.72592},
            {"timestamp": "Tue Sep 26 18:15:20 UTC 2017"}
        ],
        [
            {"location": [[
                {"latitude": 59.963836},
                {"longitude": 11.071466}
            ]]},
            {"altitude": 141},
            {"distance_km": 4.74877},
            {"timestamp": "Tue Sep 26 18:15:28 UTC 2017"}
        ],
        [
            {"location": [[
                {"latitude": 59.963778},
                {"longitude": 11.071063}
            ]]},
            {"altitude": 141},
            {"distance_km": 4.77221},
            {"speed_kmh": 9.61733},
            {"timestamp": "Tue Sep 26 18:15:37 UTC 2017"}
        ],
        [
            {"location": [[
                {"latitude": 59.963696},
                {"longitude": 11.070734}
            ]]},
            {"altitude": 144},
            {"distance_km": 4.79271},
            {"speed_kmh": 9.40828},
            {"timestamp": "Tue Sep 26 18:15:45 UTC 2017"}
        ],
        [
            {"location": [[
                {"latitude": 59.963205},
                {"longitude": 11.069117}
            ]]},
            {"altitude": 139},
            {"distance_km": 4.89831},
            {"timestamp": "Tue Sep 26 18:16:21 UTC 2017"}
        ],
        [
            {"location": [[
                {"latitude": 59.963204},
                {"longitude": 11.068648}
            ]]},
            {"altitude": 162},
            {"distance_km": 4.92448},
            {"timestamp": "Tue Sep 26 18:16:30 UTC 2017"}
        ],
        [
            {"location": [[
                {"latitude": 59.963179},
                {"longitude": 11.068157}
            ]]},
            {"altitude": 166},
            {"distance_km": 4.95206},
            {"speed_kmh": 10.3504},
            {"timestamp": "Tue Sep 26 18:16:40 UTC 2017"}
        ],
        [
            {"location": [[
                {"latitude": 59.963139},
                {"longitude": 11.067923}
            ]]},
            {"altitude": 167},
            {"distance_km": 4.96586},
            {"speed_kmh": 10.0886},
            {"timestamp": "Tue Sep 26 18:16:45 UTC 2017"}
        ],
        [
            {"location": [[
                {"latitude": 59.963047},
                {"longitude": 11.067637}
            ]]},
            {"altitude": 166},
            {"distance_km": 4.9849},
            {"speed_kmh": 9.70848},
            {"timestamp": "Tue Sep 26 18:16:53 UTC 2017"}
        ],
        [
            {"location": [[
                {"latitude": 59.962897},
                {"longitude": 11.067265}
            ]]},
            {"altitude": 166},
            {"distance_km": 5.01153},
            {"speed_kmh": 10.0587},
            {"timestamp": "Tue Sep 26 18:17:01 UTC 2017"}
        ],
        [
            {"location": [[
                {"latitude": 59.962767},
                {"longitude": 11.066978}
            ]]},
            {"altitude": 163},
            {"distance_km": 5.03311},
            {"speed_kmh": 10.0309},
            {"timestamp": "Tue Sep 26 18:17:09 UTC 2017"}
        ],
        [
            {"location": [[
                {"latitude": 59.962646},
                {"longitude": 11.066599}
            ]]},
            {"altitude": 166},
            {"distance_km": 5.05824},
            {"speed_kmh": 9.94608},
            {"timestamp": "Tue Sep 26 18:17:19 UTC 2017"}
        ],
        [
            {"location": [[
                {"latitude": 59.962489},
                {"longitude": 11.066195}
            ]]},
            {"altitude": 159},
            {"distance_km": 5.08677},
            {"speed_kmh": 9.66874},
            {"timestamp": "Tue Sep 26 18:17:29 UTC 2017"}
        ],
        [
            {"location": [[
                {"latitude": 59.962365},
                {"longitude": 11.065902}
            ]]},
            {"altitude": 159},
            {"distance_km": 5.10819},
            {"speed_kmh": 10.1112},
            {"timestamp": "Tue Sep 26 18:17:36 UTC 2017"}
        ],
        [
            {"location": [[
                {"latitude": 59.9622},
                {"longitude": 11.065563}
            ]]},
            {"altitude": 160},
            {"distance_km": 5.13458},
            {"speed_kmh": 11.0539},
            {"timestamp": "Tue Sep 26 18:17:44 UTC 2017"}
        ],
        [
            {"location": [[
                {"latitude": 59.962074},
                {"longitude": 11.065305}
            ]]},
            {"altitude": 159},
            {"distance_km": 5.15472},
            {"speed_kmh": 11.0835},
            {"timestamp": "Tue Sep 26 18:17:51 UTC 2017"}
        ],
        [
            {"location": [[
                {"latitude": 59.96193},
                {"longitude": 11.065056}
            ]]},
            {"altitude": 160},
            {"distance_km": 5.17599},
            {"speed_kmh": 10.543},
            {"timestamp": "Tue Sep 26 18:18:00 UTC 2017"}
        ],
        [
            {"location": [[
                {"latitude": 59.961745},
                {"longitude": 11.064759}
            ]]},
            {"altitude": 155},
            {"distance_km": 5.20241},
            {"speed_kmh": 9.82966},
            {"timestamp": "Tue Sep 26 18:18:09 UTC 2017"}
        ],
        [
            {"location": [[
                {"latitude": 59.961615},
                {"longitude": 11.064574}
            ]]},
            {"altitude": 155},
            {"distance_km": 5.22024},
            {"speed_kmh": 9.88548},
            {"timestamp": "Tue Sep 26 18:18:15 UTC 2017"}
        ],
        [
            {"location": [[
                {"latitude": 59.961483},
                {"longitude": 11.0644}
            ]]},
            {"altitude": 160},
            {"distance_km": 5.23785},
            {"speed_kmh": 10.2925},
            {"timestamp": "Tue Sep 26 18:18:21 UTC 2017"}
        ],
        [
            {"location": [[
                {"latitude": 59.961305},
                {"longitude": 11.064266}
            ]]},
            {"altitude": 156},
            {"distance_km": 5.25905},
            {"speed_kmh": 10.6437},
            {"timestamp": "Tue Sep 26 18:18:28 UTC 2017"}
        ],
        [
            {"location": [[
                {"latitude": 59.961061},
                {"longitude": 11.064287}
            ]]},
            {"altitude": 152},
            {"distance_km": 5.28621},
            {"speed_kmh": 10.7679},
            {"timestamp": "Tue Sep 26 18:18:37 UTC 2017"}
        ],
        [
            {"location": [[
                {"latitude": 59.960889},
                {"longitude": 11.06457}
            ]]},
            {"altitude": 150},
            {"distance_km": 5.31109},
            {"speed_kmh": 10.985},
            {"timestamp": "Tue Sep 26 18:18:45 UTC 2017"}
        ],
        [
            {"location": [[
                {"latitude": 59.960769},
                {"longitude": 11.064936}
            ]]},
            {"altitude": 150},
            {"distance_km": 5.33549},
            {"speed_kmh": 11.0402},
            {"timestamp": "Tue Sep 26 18:18:53 UTC 2017"}
        ],
        [
            {"location": [[
                {"latitude": 59.960696},
                {"longitude": 11.065168}
            ]]},
            {"altitude": 151},
            {"distance_km": 5.35079},
            {"speed_kmh": 10.845},
            {"timestamp": "Tue Sep 26 18:18:59 UTC 2017"}
        ],
        [
            {"location": [[
                {"latitude": 59.960588},
                {"longitude": 11.065526}
            ]]},
            {"altitude": 152},
            {"distance_km": 5.3742},
            {"speed_kmh": 10.7613},
            {"timestamp": "Tue Sep 26 18:19:06 UTC 2017"}
        ],
        [
            {"location": [[
                {"latitude": 59.960515},
                {"longitude": 11.065779}
            ]]},
            {"altitude": 150},
            {"distance_km": 5.3905},
            {"speed_kmh": 10.3639},
            {"timestamp": "Tue Sep 26 18:19:12 UTC 2017"}
        ],
        [
            {"location": [[
                {"latitude": 59.960407},
                {"longitude": 11.066116}
            ]]},
            {"altitude": 150},
            {"distance_km": 5.4128},
            {"speed_kmh": 9.90647},
            {"timestamp": "Tue Sep 26 18:19:21 UTC 2017"}
        ],
        [
            {"location": [[
                {"latitude": 59.960407},
                {"longitude": 11.066116}
            ]]},
            {"altitude": 150},
            {"distance_km": 5.4128},
            {"timestamp": "Tue Sep 26 18:19:27 UTC 2017"}
        ],
        [
            {"location": [[
                {"latitude": 59.960407},
                {"longitude": 11.066116}
            ]]},
            {"altitude": 150},
            {"distance_km": 5.4128},
            {"timestamp": "Tue Sep 26 18:19:28 UTC 2017"}
        ],
        [
            {"location": [[
                {"latitude": 59.960305},
                {"longitude": 11.066233}
            ]]},
            {"altitude": 148},
            {"distance_km": 5.43904},
            {"speed_kmh": 1.24709},
            {"timestamp": "Tue Sep 26 18:19:40 UTC 2017"}
        ],
        [
            {"location": [[
                {"latitude": 59.960228},
                {"longitude": 11.066266}
            ]]},
            {"altitude": 148},
            {"distance_km": 5.44786},
            {"speed_kmh": 4.64588},
            {"timestamp": "Tue Sep 26 18:19:43 UTC 2017"}
        ],
        [
            {"location": [[
                {"latitude": 59.960018},
                {"longitude": 11.066302}
            ]]},
            {"altitude": 149},
            {"distance_km": 5.47129},
            {"speed_kmh": 8.17599},
            {"timestamp": "Tue Sep 26 18:19:51 UTC 2017"}
        ],
        [
            {"location": [[
                {"latitude": 59.959893},
                {"longitude": 11.066315}
            ]]},
            {"altitude": 150},
            {"distance_km": 5.48522},
            {"speed_kmh": 10.2677},
            {"timestamp": "Tue Sep 26 18:19:56 UTC 2017"}
        ],
        [
            {"location": [[
                {"latitude": 59.959439},
                {"longitude": 11.067005}
            ]]},
            {"altitude": 143},
            {"distance_km": 5.54881},
            {"speed_kmh": 3.31902},
            {"timestamp": "Tue Sep 26 18:20:19 UTC 2017"}
        ],
        [
            {"location": [[
                {"latitude": 59.95944},
                {"longitude": 11.067374}
            ]]},
            {"altitude": 148},
            {"distance_km": 5.56946},
            {"speed_kmh": 6.84098},
            {"timestamp": "Tue Sep 26 18:20:26 UTC 2017"}
        ],
        [
            {"location": [[
                {"latitude": 59.959462},
                {"longitude": 11.067766}
            ]]},
            {"altitude": 144},
            {"distance_km": 5.59145},
            {"speed_kmh": 10.1536},
            {"timestamp": "Tue Sep 26 18:20:34 UTC 2017"}
        ],
        [
            {"location": [[
                {"latitude": 59.959466},
                {"longitude": 11.067906}
            ]]},
            {"altitude": 146},
            {"distance_km": 5.59934},
            {"speed_kmh": 9.98901},
            {"timestamp": "Tue Sep 26 18:20:37 UTC 2017"}
        ],
        [
            {"location": [[
                {"latitude": 59.959472},
                {"longitude": 11.06806}
            ]]},
            {"altitude": 145},
            {"distance_km": 5.60794},
            {"speed_kmh": 10.0109},
            {"timestamp": "Tue Sep 26 18:20:40 UTC 2017"}
        ],
        [
            {"location": [[
                {"latitude": 59.959482},
                {"longitude": 11.06822}
            ]]},
            {"altitude": 144},
            {"distance_km": 5.61697},
            {"speed_kmh": 10.1812},
            {"timestamp": "Tue Sep 26 18:20:43 UTC 2017"}
        ],
        [
            {"location": [[
                {"latitude": 59.959508},
                {"longitude": 11.068639}
            ]]},
            {"altitude": 145},
            {"distance_km": 5.64054},
            {"speed_kmh": 10.5738},
            {"timestamp": "Tue Sep 26 18:20:51 UTC 2017"}
        ],
        [
            {"location": [[
                {"latitude": 59.959527},
                {"longitude": 11.0689}
            ]]},
            {"altitude": 146},
            {"distance_km": 5.65523},
            {"speed_kmh": 10.5553},
            {"timestamp": "Tue Sep 26 18:20:56 UTC 2017"}
        ],
        [
            {"location": [[
                {"latitude": 59.959562},
                {"longitude": 11.06929}
            ]]},
            {"altitude": 144},
            {"distance_km": 5.67738},
            {"speed_kmh": 10.3954},
            {"timestamp": "Tue Sep 26 18:21:04 UTC 2017"}
        ],
        [
            {"location": [[
                {"latitude": 59.95958},
                {"longitude": 11.069439}
            ]]},
            {"altitude": 146},
            {"distance_km": 5.68598},
            {"speed_kmh": 10.2834},
            {"timestamp": "Tue Sep 26 18:21:07 UTC 2017"}
        ],
        [
            {"location": [[
                {"latitude": 59.959596},
                {"longitude": 11.069661}
            ]]},
            {"altitude": 146},
            {"distance_km": 5.69848},
            {"speed_kmh": 9.72335},
            {"timestamp": "Tue Sep 26 18:21:12 UTC 2017"}
        ],
        [
            {"location": [[
                {"latitude": 59.959636},
                {"longitude": 11.06998}
            ]]},
            {"altitude": 146},
            {"distance_km": 5.71688},
            {"speed_kmh": 9.584},
            {"timestamp": "Tue Sep 26 18:21:19 UTC 2017"}
        ],
        [
            {"location": [[
                {"latitude": 59.95966},
                {"longitude": 11.070195}
            ]]},
            {"altitude": 144},
            {"distance_km": 5.72914},
            {"speed_kmh": 9.08004},
            {"timestamp": "Tue Sep 26 18:21:24 UTC 2017"}
        ],
        [
            {"location": [[
                {"latitude": 59.959679},
                {"longitude": 11.070384}
            ]]},
            {"altitude": 145},
            {"distance_km": 5.73992},
            {"speed_kmh": 9.42643},
            {"timestamp": "Tue Sep 26 18:21:28 UTC 2017"}
        ],
        [
            {"location": [[
                {"latitude": 59.95972},
                {"longitude": 11.070778}
            ]]},
            {"altitude": 148},
            {"distance_km": 5.76244},
            {"speed_kmh": 9.5879},
            {"timestamp": "Tue Sep 26 18:21:36 UTC 2017"}
        ],
        [
            {"location": [[
                {"latitude": 59.959738},
                {"longitude": 11.070969}
            ]]},
            {"altitude": 148},
            {"distance_km": 5.77329},
            {"speed_kmh": 9.91081},
            {"timestamp": "Tue Sep 26 18:21:40 UTC 2017"}
        ],
        [
            {"location": [[
                {"latitude": 59.959777},
                {"longitude": 11.071365}
            ]]},
            {"altitude": 146},
            {"distance_km": 5.79585},
            {"speed_kmh": 9.60812},
            {"timestamp": "Tue Sep 26 18:21:49 UTC 2017"}
        ],
        [
            {"location": [[
                {"latitude": 59.959821},
                {"longitude": 11.071681}
            ]]},
            {"altitude": 141},
            {"distance_km": 5.81414},
            {"speed_kmh": 9.39819},
            {"timestamp": "Tue Sep 26 18:21:56 UTC 2017"}
        ],
        [
            {"location": [[
                {"latitude": 59.959842},
                {"longitude": 11.072006}
            ]]},
            {"altitude": 145},
            {"distance_km": 5.83245},
            {"speed_kmh": 9.28344},
            {"timestamp": "Tue Sep 26 18:22:03 UTC 2017"}
        ],
        [
            {"location": [[
                {"latitude": 59.959799},
                {"longitude": 11.072384}
            ]]},
            {"altitude": 146},
            {"distance_km": 5.85408},
            {"speed_kmh": 9.50287},
            {"timestamp": "Tue Sep 26 18:22:11 UTC 2017"}
        ],
        [
            {"location": [[
                {"latitude": 59.959742},
                {"longitude": 11.0728}
            ]]},
            {"altitude": 147},
            {"distance_km": 5.87818},
            {"speed_kmh": 9.59616},
            {"timestamp": "Tue Sep 26 18:22:20 UTC 2017"}
        ],
        [
            {"location": [[
                {"latitude": 59.959713},
                {"longitude": 11.073051}
            ]]},
            {"altitude": 150},
            {"distance_km": 5.89255},
            {"speed_kmh": 9.87977},
            {"timestamp": "Tue Sep 26 18:22:25 UTC 2017"}
        ],
        [
            {"location": [[
                {"latitude": 59.959577},
                {"longitude": 11.073294}
            ]]},
            {"altitude": 148},
            {"distance_km": 5.91299},
            {"speed_kmh": 9.1122},
            {"timestamp": "Tue Sep 26 18:22:35 UTC 2017"}
        ],
        [
            {"location": [[
                {"latitude": 59.959333},
                {"longitude": 11.07333}
            ]]},
            {"altitude": 147},
            {"distance_km": 5.94019},
            {"speed_kmh": 9.13691},
            {"timestamp": "Tue Sep 26 18:22:45 UTC 2017"}
        ],
        [
            {"location": [[
                {"latitude": 59.959122},
                {"longitude": 11.073358}
            ]]},
            {"altitude": 145},
            {"distance_km": 5.96373},
            {"speed_kmh": 9.26089},
            {"timestamp": "Tue Sep 26 18:22:53 UTC 2017"}
        ],
        [
            {"location": [[
                {"latitude": 59.959038},
                {"longitude": 11.073367}
            ]]},
            {"altitude": 143},
            {"distance_km": 5.9731},
            {"speed_kmh": 10.5459},
            {"timestamp": "Tue Sep 26 18:22:56 UTC 2017"}
        ],
        [
            {"location": [[
                {"latitude": 59.958906},
                {"longitude": 11.073372}
            ]]},
            {"altitude": 144},
            {"distance_km": 5.98785},
            {"speed_kmh": 10.8237},
            {"timestamp": "Tue Sep 26 18:23:01 UTC 2017"}
        ],
        [
            {"location": [[
                {"latitude": 59.958695},
                {"longitude": 11.073391}
            ]]},
            {"altitude": 145},
            {"distance_km": 6.01133},
            {"speed_kmh": 10.8037},
            {"timestamp": "Tue Sep 26 18:23:09 UTC 2017"}
        ],
        [
            {"location": [[
                {"latitude": 59.958471},
                {"longitude": 11.073394}
            ]]},
            {"altitude": 144},
            {"distance_km": 6.03635},
            {"speed_kmh": 10.8096},
            {"timestamp": "Tue Sep 26 18:23:17 UTC 2017"}
        ],
        [
            {"location": [[
                {"latitude": 59.958333},
                {"longitude": 11.073389}
            ]]},
            {"altitude": 145},
            {"distance_km": 6.05171},
            {"speed_kmh": 10.9578},
            {"timestamp": "Tue Sep 26 18:23:22 UTC 2017"}
        ],
        [
            {"location": [[
                {"latitude": 59.958106},
                {"longitude": 11.073384}
            ]]},
            {"altitude": 145},
            {"distance_km": 6.077},
            {"speed_kmh": 11.2148},
            {"timestamp": "Tue Sep 26 18:23:30 UTC 2017"}
        ],
        [
            {"location": [[
                {"latitude": 59.957888},
                {"longitude": 11.073263}
            ]]},
            {"altitude": 143},
            {"distance_km": 6.10215},
            {"speed_kmh": 11.2528},
            {"timestamp": "Tue Sep 26 18:23:38 UTC 2017"}
        ],
        [
            {"location": [[
                {"latitude": 59.957731},
                {"longitude": 11.073144}
            ]]},
            {"altitude": 144},
            {"distance_km": 6.12087},
            {"speed_kmh": 11.3176},
            {"timestamp": "Tue Sep 26 18:23:44 UTC 2017"}
        ],
        [
            {"location": [[
                {"latitude": 59.957598},
                {"longitude": 11.073038}
            ]]},
            {"altitude": 143},
            {"distance_km": 6.13683},
            {"speed_kmh": 11.3651},
            {"timestamp": "Tue Sep 26 18:23:49 UTC 2017"}
        ],
        [
            {"location": [[
                {"latitude": 59.957522},
                {"longitude": 11.072973}
            ]]},
            {"altitude": 143},
            {"distance_km": 6.1461},
            {"speed_kmh": 11.2698},
            {"timestamp": "Tue Sep 26 18:23:52 UTC 2017"}
        ],
        [
            {"location": [[
                {"latitude": 59.957338},
                {"longitude": 11.072842}
            ]]},
            {"altitude": 143},
            {"distance_km": 6.16785},
            {"speed_kmh": 11.2384},
            {"timestamp": "Tue Sep 26 18:23:59 UTC 2017"}
        ],
        [
            {"location": [[
                {"latitude": 59.957135},
                {"longitude": 11.072688}
            ]]},
            {"altitude": 144},
            {"distance_km": 6.19203},
            {"speed_kmh": 11.053},
            {"timestamp": "Tue Sep 26 18:24:07 UTC 2017"}
        ],
        [
            {"location": [[
                {"latitude": 59.957061},
                {"longitude": 11.072626}
            ]]},
            {"altitude": 143},
            {"distance_km": 6.20097},
            {"speed_kmh": 10.9368},
            {"timestamp": "Tue Sep 26 18:24:10 UTC 2017"}
        ],
        [
            {"location": [[
                {"latitude": 59.956983},
                {"longitude": 11.072568}
            ]]},
            {"altitude": 144},
            {"distance_km": 6.21028},
            {"speed_kmh": 10.9447},
            {"timestamp": "Tue Sep 26 18:24:13 UTC 2017"}
        ],
        [
            {"location": [[
                {"latitude": 59.956807},
                {"longitude": 11.072438}
            ]]},
            {"altitude": 145},
            {"distance_km": 6.23122},
            {"speed_kmh": 10.8858},
            {"timestamp": "Tue Sep 26 18:24:20 UTC 2017"}
        ],
        [
            {"location": [[
                {"latitude": 59.956661},
                {"longitude": 11.072318}
            ]]},
            {"altitude": 143},
            {"distance_km": 6.24874},
            {"speed_kmh": 10.642},
            {"timestamp": "Tue Sep 26 18:24:27 UTC 2017"}
        ],
        [
            {"location": [[
                {"latitude": 59.956538},
                {"longitude": 11.07223}
            ]]},
            {"altitude": 145},
            {"distance_km": 6.26329},
            {"speed_kmh": 10.4091},
            {"timestamp": "Tue Sep 26 18:24:32 UTC 2017"}
        ],
        [
            {"location": [[
                {"latitude": 59.956538},
                {"longitude": 11.07223}
            ]]},
            {"distance_km": 6.26329},
            {"timestamp": "Tue Sep 26 18:24:36 UTC 2017"}
        ],
        [
            {"location": [[
                {"latitude": 59.956538},
                {"longitude": 11.07223}
            ]]},
            {"distance_km": 6.26329},
            {"timestamp": "Tue Sep 26 18:24:43 UTC 2017"}
        ]
    ]}
]