[
    {"sport": "KAYAKING"},
    {"source": "INPUT_MANUAL_MOBILE"},
    {"created_date": "2018-07-22 18:26:50.0"},
    {"start_time": "2018-07-21 08:30:35.0"},
    {"end_time": "2018-07-21 13:30:35.0"},
    {"message": "Kajakktur på Vansjø med Tord og Elisabeth (20.-22. juli 2018)"},
    {"duration_s": 18000},
    {"distance_km": 0},
    {"calories_kcal": 1546},
    {"speed_avg_kmh": 0},
    {"hydration_l": 1.03444},
    {"points": [[
        {"distance_km": 0},
        {"timestamp": "Sat Jul 21 08:30:35 UTC 2018"}
    ]]}
]