[
    {"sport": "TREADMILL_RUNNING"},
    {"source": "INPUT_MANUAL_MOBILE"},
    {"created_date": "2019-09-09 14:01:26.0"},
    {"start_time": "2019-09-09 13:30:02.0"},
    {"end_time": "2019-09-09 14:00:02.0"},
    {"message": "6 min oppvarming (10 km/t)\n1 x 240/30  (12 km/t, øk 0.1 per 30 sek)\n2 x 120/30\n3 x 60/30\n6 x 30/15 (14.5, 15,  15.5,16 x3)"},
    {"duration_s": 1800},
    {"distance_km": 5.400000095367432},
    {"calories_kcal": 359},
    {"heart_rate_avg_bpm": 170},
    {"heart_rate_max_bpm": 190},
    {"speed_avg_kmh": 10.800000190734863},
    {"hydration_l": 0.154778},
    {"points": [[
        {"distance_km": 6.2},
        {"timestamp": "Mon Sep 09 13:30:02 UTC 2019"}
    ]]}
]