[
    {"sport": "TREADMILL_RUNNING"},
    {"source": "INPUT_MANUAL_MOBILE"},
    {"created_date": "2020-02-16 11:49:29.0"},
    {"start_time": "2020-02-16 11:15:14.0"},
    {"end_time": "2020-02-16 11:46:14.0"},
    {"message": "5x2/60 | 5x45/15 | 5x30/15"},
    {"duration_s": 1860},
    {"distance_km": 5.5},
    {"calories_kcal": 405},
    {"heart_rate_avg_bpm": 180},
    {"heart_rate_max_bpm": 192},
    {"speed_avg_kmh": 10.64516129032258},
    {"hydration_l": 0.159937},
    {"points": [[
        {"distance_km": 5.5},
        {"timestamp": "Sun Feb 16 11:15:14 UTC 2020"}
    ]]}
]