[
    {"sport": "TREADMILL_RUNNING"},
    {"source": "INPUT_MANUAL_MOBILE"},
    {"created_date": "2020-03-01 09:55:44.0"},
    {"start_time": "2020-03-01 09:00:24.0"},
    {"end_time": "2020-03-01 09:55:24.0"},
    {"message": "2 x 4/2\n3 x 3/1\n2 min\n4 x 60/30\n8 x 30/15"},
    {"duration_s": 3300},
    {"distance_km": 9.5},
    {"calories_kcal": 456},
    {"speed_avg_kmh": 10.363636363636363},
    {"hydration_l": 0.283759},
    {"points": [[
        {"distance_km": 9.5},
        {"timestamp": "Sun Mar 01 09:00:24 UTC 2020"}
    ]]}
]