[
    {"sport": "TREADMILL_RUNNING"},
    {"source": "INPUT_MANUAL_MOBILE"},
    {"created_date": "2020-02-09 11:49:12.0"},
    {"start_time": "2020-02-09 11:15:53.0"},
    {"end_time": "2020-02-09 11:48:53.0"},
    {"message": "5x2/60 | 5x45/15 | 5x30/15"},
    {"duration_s": 1980},
    {"distance_km": 6},
    {"calories_kcal": 274},
    {"speed_avg_kmh": 10.909090909090908},
    {"hydration_l": 0.170255},
    {"points": [[
        {"distance_km": 6},
        {"timestamp": "Sun Feb 09 11:15:53 UTC 2020"}
    ]]}
]