[
    {"sport": "CROSSFIT"},
    {"source": "INPUT_MANUAL_MOBILE"},
    {"created_date": "2015-01-26 15:09:53.0"},
    {"start_time": "2015-01-26 07:15:05.0"},
    {"end_time": "2015-01-26 08:45:05.0"},
    {"message": "Inkl. 30 minutter oppvarming på mølla"},
    {"duration_s": 5400},
    {"distance_km": 0},
    {"calories_kcal": 566},
    {"speed_avg_kmh": 0},
    {"hydration_l": 0.367866},
    {"points": [[
        {"distance_km": 0},
        {"timestamp": "Mon Jan 26 07:15:05 UTC 2015"}
    ]]}
]