[
    {"sport": "HIKING"},
    {"source": "INPUT_MANUAL_MOBILE"},
    {"created_date": "2015-08-09 21:04:35.0"},
    {"start_time": "2015-08-08 09:00:49.0"},
    {"end_time": "2015-08-08 16:00:49.0"},
    {"notes": "Fjelltur fra Finse stasjon til Krækkja turisthytte (10 timer)"},
    {"duration_s": 25200},
    {"distance_km": 0},
    {"calories_kcal": 2571},
    {"speed_avg_kmh": 0},
    {"hydration_l": 1.68778},
    {"points": [[
        {"distance_km": 0},
        {"timestamp": "Sat Aug 08 09:00:49 UTC 2015"}
    ]]}
]