[
    {"sport": "RUNNING"},
    {"source": "TRACK_MOBILE"},
    {"created_date": "2015-12-07 18:55:00.0"},
    {"start_time": "2015-12-07 18:06:05.0"},
    {"end_time": "2015-12-07 18:53:31.0"},
    {"duration_s": 2846},
    {"distance_km": 7.109745025634766},
    {"calories_kcal": 444},
    {"altitude_min_m": 86},
    {"altitude_max_m": 228},
    {"speed_avg_kmh": 8.993352808251988},
    {"speed_max_kmh": 16.7529},
    {"hydration_l": 0.27669},
    {"ascend_m": 197},
    {"descend_m": 201},
    {"points": [
        [
            {"location": [[
                {"latitude": 63.414178},
                {"longitude": 10.413939}
            ]]},
            {"distance_km": 0},
            {"timestamp": "Mon Dec 07 18:06:05 UTC 2015"}
        ],
        [
            {"location": [[
                {"latitude": 63.414178},
                {"longitude": 10.413939}
            ]]},
            {"altitude": 94},
            {"distance_km": 0},
            {"timestamp": "Mon Dec 07 18:06:05 UTC 2015"}
        ],
        [
            {"location": [[
                {"latitude": 63.414228},
                {"longitude": 10.414208}
            ]]},
            {"altitude": 96},
            {"distance_km": 0.02909},
            {"timestamp": "Mon Dec 07 18:06:16 UTC 2015"}
        ],
        [
            {"location": [[
                {"latitude": 63.414081},
                {"longitude": 10.414565}
            ]]},
            {"altitude": 97},
            {"distance_km": 0.053345},
            {"timestamp": "Mon Dec 07 18:06:31 UTC 2015"}
        ],
        [
            {"location": [[
                {"latitude": 63.413932},
                {"longitude": 10.414788}
            ]]},
            {"altitude": 98},
            {"distance_km": 0.073343},
            {"speed_kmh": 6.9533},
            {"timestamp": "Mon Dec 07 18:06:38 UTC 2015"}
        ],
        [
            {"location": [[
                {"latitude": 63.413766},
                {"longitude": 10.414985}
            ]]},
            {"altitude": 96},
            {"distance_km": 0.094265},
            {"speed_kmh": 8.14784},
            {"timestamp": "Mon Dec 07 18:06:47 UTC 2015"}
        ],
        [
            {"location": [[
                {"latitude": 63.413632},
                {"longitude": 10.415313}
            ]]},
            {"altitude": 95},
            {"distance_km": 0.116431},
            {"speed_kmh": 8.87574},
            {"timestamp": "Mon Dec 07 18:06:57 UTC 2015"}
        ],
        [
            {"location": [[
                {"latitude": 63.413618},
                {"longitude": 10.41561}
            ]]},
            {"altitude": 97},
            {"distance_km": 0.131351},
            {"speed_kmh": 8.43179},
            {"timestamp": "Mon Dec 07 18:07:03 UTC 2015"}
        ],
        [
            {"location": [[
                {"latitude": 63.4136},
                {"longitude": 10.41611}
            ]]},
            {"altitude": 105},
            {"distance_km": 0.156392},
            {"speed_kmh": 8.99041},
            {"timestamp": "Mon Dec 07 18:07:12 UTC 2015"}
        ],
        [
            {"location": [[
                {"latitude": 63.413593},
                {"longitude": 10.4164}
            ]]},
            {"altitude": 104},
            {"distance_km": 0.170923},
            {"speed_kmh": 9.80938},
            {"timestamp": "Mon Dec 07 18:07:17 UTC 2015"}
        ],
        [
            {"location": [[
                {"latitude": 63.413576},
                {"longitude": 10.416863}
            ]]},
            {"altitude": 105},
            {"distance_km": 0.194138},
            {"speed_kmh": 9.92172},
            {"timestamp": "Mon Dec 07 18:07:26 UTC 2015"}
        ],
        [
            {"location": [[
                {"latitude": 63.413593},
                {"longitude": 10.417334}
            ]]},
            {"altitude": 104},
            {"distance_km": 0.217707},
            {"speed_kmh": 9.15374},
            {"timestamp": "Mon Dec 07 18:07:37 UTC 2015"}
        ],
        [
            {"location": [[
                {"latitude": 63.413602},
                {"longitude": 10.417764}
            ]]},
            {"altitude": 104},
            {"distance_km": 0.23924},
            {"speed_kmh": 8.5368},
            {"timestamp": "Mon Dec 07 18:07:46 UTC 2015"}
        ],
        [
            {"location": [[
                {"latitude": 63.413644},
                {"longitude": 10.418229}
            ]]},
            {"altitude": 103},
            {"distance_km": 0.262921},
            {"speed_kmh": 8.28378},
            {"timestamp": "Mon Dec 07 18:07:56 UTC 2015"}
        ],
        [
            {"location": [[
                {"latitude": 63.413706},
                {"longitude": 10.418674}
            ]]},
            {"altitude": 103},
            {"distance_km": 0.286208},
            {"speed_kmh": 8.50683},
            {"timestamp": "Mon Dec 07 18:08:06 UTC 2015"}
        ],
        [
            {"location": [[
                {"latitude": 63.413743},
                {"longitude": 10.418994}
            ]]},
            {"altitude": 102},
            {"distance_km": 0.302715},
            {"speed_kmh": 8.4662},
            {"timestamp": "Mon Dec 07 18:08:13 UTC 2015"}
        ],
        [
            {"location": [[
                {"latitude": 63.413709},
                {"longitude": 10.419463}
            ]]},
            {"altitude": 105},
            {"distance_km": 0.326446},
            {"speed_kmh": 8.47252},
            {"timestamp": "Mon Dec 07 18:08:23 UTC 2015"}
        ],
        [
            {"location": [[
                {"latitude": 63.414108},
                {"longitude": 10.42119}
            ]]},
            {"altitude": 105},
            {"distance_km": 0.423464},
            {"speed_kmh": 2.9103},
            {"timestamp": "Mon Dec 07 18:09:03 UTC 2015"}
        ],
        [
            {"location": [[
                {"latitude": 63.414012},
                {"longitude": 10.421649}
            ]]},
            {"altitude": 103},
            {"distance_km": 0.448754},
            {"speed_kmh": 6.27416},
            {"timestamp": "Mon Dec 07 18:09:12 UTC 2015"}
        ],
        [
            {"location": [[
                {"latitude": 63.413983},
                {"longitude": 10.421987}
            ]]},
            {"altitude": 105},
            {"distance_km": 0.465922},
            {"speed_kmh": 9.22433},
            {"timestamp": "Mon Dec 07 18:09:19 UTC 2015"}
        ],
        [
            {"location": [[
                {"latitude": 63.413982},
                {"longitude": 10.422469}
            ]]},
            {"altitude": 109},
            {"distance_km": 0.490028},
            {"speed_kmh": 8.93717},
            {"timestamp": "Mon Dec 07 18:09:30 UTC 2015"}
        ],
        [
            {"location": [[
                {"latitude": 63.414065},
                {"longitude": 10.422924}
            ]]},
            {"altitude": 114},
            {"distance_km": 0.514566},
            {"speed_kmh": 8.85417},
            {"timestamp": "Mon Dec 07 18:09:39 UTC 2015"}
        ],
        [
            {"location": [[
                {"latitude": 63.414086},
                {"longitude": 10.423433}
            ]]},
            {"altitude": 120},
            {"distance_km": 0.540123},
            {"speed_kmh": 8.68088},
            {"timestamp": "Mon Dec 07 18:09:50 UTC 2015"}
        ],
        [
            {"location": [[
                {"latitude": 63.414022},
                {"longitude": 10.423782}
            ]]},
            {"altitude": 129},
            {"distance_km": 0.558945},
            {"speed_kmh": 7.94106},
            {"timestamp": "Mon Dec 07 18:10:02 UTC 2015"}
        ],
        [
            {"location": [[
                {"latitude": 63.41402},
                {"longitude": 10.424241}
            ]]},
            {"altitude": 130},
            {"distance_km": 0.581869},
            {"speed_kmh": 7.16258},
            {"timestamp": "Mon Dec 07 18:10:13 UTC 2015"}
        ],
        [
            {"location": [[
                {"latitude": 63.414077},
                {"longitude": 10.424637}
            ]]},
            {"altitude": 125},
            {"distance_km": 0.602648},
            {"speed_kmh": 7.144},
            {"timestamp": "Mon Dec 07 18:10:22 UTC 2015"}
        ],
        [
            {"location": [[
                {"latitude": 63.41406},
                {"longitude": 10.425019}
            ]]},
            {"altitude": 127},
            {"distance_km": 0.621812},
            {"speed_kmh": 7.5635},
            {"timestamp": "Mon Dec 07 18:10:32 UTC 2015"}
        ],
        [
            {"location": [[
                {"latitude": 63.414005},
                {"longitude": 10.425418}
            ]]},
            {"altitude": 125},
            {"distance_km": 0.642659},
            {"speed_kmh": 7.3329},
            {"timestamp": "Mon Dec 07 18:10:43 UTC 2015"}
        ],
        [
            {"location": [[
                {"latitude": 63.414008},
                {"longitude": 10.425619}
            ]]},
            {"altitude": 126},
            {"distance_km": 0.652719},
            {"speed_kmh": 6.08532},
            {"timestamp": "Mon Dec 07 18:10:51 UTC 2015"}
        ],
        [
            {"location": [[
                {"latitude": 63.414043},
                {"longitude": 10.426117}
            ]]},
            {"altitude": 128},
            {"distance_km": 0.677899},
            {"speed_kmh": 6.11753},
            {"timestamp": "Mon Dec 07 18:11:04 UTC 2015"}
        ],
        [
            {"location": [[
                {"latitude": 63.414067},
                {"longitude": 10.42666}
            ]]},
            {"altitude": 132},
            {"distance_km": 0.705166},
            {"speed_kmh": 6.57296},
            {"timestamp": "Mon Dec 07 18:11:16 UTC 2015"}
        ],
        [
            {"location": [[
                {"latitude": 63.414107},
                {"longitude": 10.427189}
            ]]},
            {"altitude": 133},
            {"distance_km": 0.731937},
            {"speed_kmh": 8.27438},
            {"timestamp": "Mon Dec 07 18:11:26 UTC 2015"}
        ],
        [
            {"location": [[
                {"latitude": 63.414056},
                {"longitude": 10.427678}
            ]]},
            {"altitude": 134},
            {"distance_km": 0.75702},
            {"speed_kmh": 8.25404},
            {"timestamp": "Mon Dec 07 18:11:39 UTC 2015"}
        ],
        [
            {"location": [[
                {"latitude": 63.413972},
                {"longitude": 10.42808}
            ]]},
            {"altitude": 140},
            {"distance_km": 0.779201},
            {"speed_kmh": 7.7486},
            {"timestamp": "Mon Dec 07 18:11:51 UTC 2015"}
        ],
        [
            {"location": [[
                {"latitude": 63.41391},
                {"longitude": 10.428397}
            ]]},
            {"altitude": 137},
            {"distance_km": 0.796473},
            {"speed_kmh": 7.12239},
            {"timestamp": "Mon Dec 07 18:11:59 UTC 2015"}
        ],
        [
            {"location": [[
                {"latitude": 63.413802},
                {"longitude": 10.428817}
            ]]},
            {"altitude": 142},
            {"distance_km": 0.820685},
            {"speed_kmh": 7.71492},
            {"timestamp": "Mon Dec 07 18:12:09 UTC 2015"}
        ],
        [
            {"location": [[
                {"latitude": 63.413738},
                {"longitude": 10.429063}
            ]]},
            {"altitude": 144},
            {"distance_km": 0.834881},
            {"speed_kmh": 7.38413},
            {"timestamp": "Mon Dec 07 18:12:18 UTC 2015"}
        ],
        [
            {"location": [[
                {"latitude": 63.41366},
                {"longitude": 10.429577}
            ]]},
            {"altitude": 144},
            {"distance_km": 0.861989},
            {"speed_kmh": 8.05211},
            {"timestamp": "Mon Dec 07 18:12:28 UTC 2015"}
        ],
        [
            {"location": [[
                {"latitude": 63.413585},
                {"longitude": 10.430022}
            ]]},
            {"altitude": 151},
            {"distance_km": 0.885705},
            {"speed_kmh": 8.30874},
            {"timestamp": "Mon Dec 07 18:12:37 UTC 2015"}
        ],
        [
            {"location": [[
                {"latitude": 63.413557},
                {"longitude": 10.430255}
            ]]},
            {"altitude": 151},
            {"distance_km": 0.897794},
            {"speed_kmh": 9.31617},
            {"timestamp": "Mon Dec 07 18:12:42 UTC 2015"}
        ],
        [
            {"location": [[
                {"latitude": 63.413511},
                {"longitude": 10.43073}
            ]]},
            {"altitude": 149},
            {"distance_km": 0.922083},
            {"speed_kmh": 8.97693},
            {"timestamp": "Mon Dec 07 18:12:52 UTC 2015"}
        ],
        [
            {"location": [[
                {"latitude": 63.413437},
                {"longitude": 10.431187}
            ]]},
            {"altitude": 153},
            {"distance_km": 0.946342},
            {"speed_kmh": 8.72419},
            {"timestamp": "Mon Dec 07 18:13:02 UTC 2015"}
        ],
        [
            {"location": [[
                {"latitude": 63.413382},
                {"longitude": 10.431653}
            ]]},
            {"altitude": 158},
            {"distance_km": 0.970403},
            {"speed_kmh": 9.0364},
            {"timestamp": "Mon Dec 07 18:13:11 UTC 2015"}
        ],
        [
            {"location": [[
                {"latitude": 63.413389},
                {"longitude": 10.432208}
            ]]},
            {"altitude": 152},
            {"distance_km": 0.998119},
            {"speed_kmh": 9.1439},
            {"timestamp": "Mon Dec 07 18:13:22 UTC 2015"}
        ],
        [
            {"location": [[
                {"latitude": 63.4132},
                {"longitude": 10.433605}
            ]]},
            {"altitude": 184},
            {"distance_km": 1.07099},
            {"speed_kmh": 2.36338},
            {"timestamp": "Mon Dec 07 18:13:59 UTC 2015"}
        ],
        [
            {"location": [[
                {"latitude": 63.413055},
                {"longitude": 10.434113}
            ]]},
            {"altitude": 158},
            {"distance_km": 1.10107},
            {"speed_kmh": 5.97227},
            {"timestamp": "Mon Dec 07 18:14:09 UTC 2015"}
        ],
        [
            {"location": [[
                {"latitude": 63.412901},
                {"longitude": 10.434357}
            ]]},
            {"altitude": 157},
            {"distance_km": 1.12222},
            {"speed_kmh": 8.79158},
            {"timestamp": "Mon Dec 07 18:14:18 UTC 2015"}
        ],
        [
            {"location": [[
                {"latitude": 63.412772},
                {"longitude": 10.434742}
            ]]},
            {"altitude": 158},
            {"distance_km": 1.14623},
            {"speed_kmh": 9.63232},
            {"timestamp": "Mon Dec 07 18:14:27 UTC 2015"}
        ],
        [
            {"location": [[
                {"latitude": 63.412705},
                {"longitude": 10.435096}
            ]]},
            {"altitude": 161},
            {"distance_km": 1.16541},
            {"speed_kmh": 9.31055},
            {"timestamp": "Mon Dec 07 18:14:34 UTC 2015"}
        ],
        [
            {"location": [[
                {"latitude": 63.412659},
                {"longitude": 10.435493}
            ]]},
            {"altitude": 160},
            {"distance_km": 1.18588},
            {"speed_kmh": 9.56005},
            {"timestamp": "Mon Dec 07 18:14:42 UTC 2015"}
        ],
        [
            {"location": [[
                {"latitude": 63.412616},
                {"longitude": 10.435792}
            ]]},
            {"altitude": 159},
            {"distance_km": 1.20157},
            {"speed_kmh": 9.49639},
            {"timestamp": "Mon Dec 07 18:14:48 UTC 2015"}
        ],
        [
            {"location": [[
                {"latitude": 63.412558},
                {"longitude": 10.43598}
            ]]},
            {"altitude": 159},
            {"distance_km": 1.21293},
            {"speed_kmh": 8.9367},
            {"timestamp": "Mon Dec 07 18:14:53 UTC 2015"}
        ],
        [
            {"location": [[
                {"latitude": 63.412376},
                {"longitude": 10.435975}
            ]]},
            {"altitude": 157},
            {"distance_km": 1.2333},
            {"speed_kmh": 8.92517},
            {"timestamp": "Mon Dec 07 18:15:01 UTC 2015"}
        ],
        [
            {"location": [[
                {"latitude": 63.412233},
                {"longitude": 10.436066}
            ]]},
            {"altitude": 158},
            {"distance_km": 1.24981},
            {"speed_kmh": 9.07121},
            {"timestamp": "Mon Dec 07 18:15:07 UTC 2015"}
        ],
        [
            {"location": [[
                {"latitude": 63.412036},
                {"longitude": 10.436383}
            ]]},
            {"altitude": 158},
            {"distance_km": 1.27695},
            {"speed_kmh": 9.309},
            {"timestamp": "Mon Dec 07 18:15:18 UTC 2015"}
        ],
        [
            {"location": [[
                {"latitude": 63.41206},
                {"longitude": 10.436792}
            ]]},
            {"altitude": 153},
            {"distance_km": 1.29757},
            {"speed_kmh": 9.78402},
            {"timestamp": "Mon Dec 07 18:15:25 UTC 2015"}
        ],
        [
            {"location": [[
                {"latitude": 63.412032},
                {"longitude": 10.437225}
            ]]},
            {"altitude": 156},
            {"distance_km": 1.31939},
            {"speed_kmh": 9.75284},
            {"timestamp": "Mon Dec 07 18:15:33 UTC 2015"}
        ],
        [
            {"location": [[
                {"latitude": 63.411972},
                {"longitude": 10.437741}
            ]]},
            {"altitude": 159},
            {"distance_km": 1.34605},
            {"speed_kmh": 10.0018},
            {"timestamp": "Mon Dec 07 18:15:43 UTC 2015"}
        ],
        [
            {"location": [[
                {"latitude": 63.411928},
                {"longitude": 10.438204}
            ]]},
            {"altitude": 161},
            {"distance_km": 1.36969},
            {"speed_kmh": 10.0174},
            {"timestamp": "Mon Dec 07 18:15:51 UTC 2015"}
        ],
        [
            {"location": [[
                {"latitude": 63.411909},
                {"longitude": 10.438371}
            ]]},
            {"altitude": 160},
            {"distance_km": 1.37831},
            {"speed_kmh": 10.2067},
            {"timestamp": "Mon Dec 07 18:15:54 UTC 2015"}
        ],
        [
            {"location": [[
                {"latitude": 63.411882},
                {"longitude": 10.438958}
            ]]},
            {"altitude": 163},
            {"distance_km": 1.40779},
            {"speed_kmh": 10.9264},
            {"timestamp": "Mon Dec 07 18:16:03 UTC 2015"}
        ],
        [
            {"location": [[
                {"latitude": 63.411905},
                {"longitude": 10.439391}
            ]]},
            {"altitude": 164},
            {"distance_km": 1.42955},
            {"speed_kmh": 11.1069},
            {"timestamp": "Mon Dec 07 18:16:10 UTC 2015"}
        ],
        [
            {"location": [[
                {"latitude": 63.411915},
                {"longitude": 10.439657}
            ]]},
            {"altitude": 163},
            {"distance_km": 1.4429},
            {"speed_kmh": 10.8626},
            {"timestamp": "Mon Dec 07 18:16:15 UTC 2015"}
        ],
        [
            {"location": [[
                {"latitude": 63.411878},
                {"longitude": 10.440167}
            ]]},
            {"altitude": 161},
            {"distance_km": 1.46871},
            {"speed_kmh": 10.027},
            {"timestamp": "Mon Dec 07 18:16:25 UTC 2015"}
        ],
        [
            {"location": [[
                {"latitude": 63.411887},
                {"longitude": 10.440445}
            ]]},
            {"altitude": 159},
            {"distance_km": 1.48264},
            {"speed_kmh": 9.08381},
            {"timestamp": "Mon Dec 07 18:16:31 UTC 2015"}
        ],
        [
            {"location": [[
                {"latitude": 63.411863},
                {"longitude": 10.441092}
            ]]},
            {"altitude": 161},
            {"distance_km": 1.51506},
            {"speed_kmh": 9.42052},
            {"timestamp": "Mon Dec 07 18:16:42 UTC 2015"}
        ],
        [
            {"location": [[
                {"latitude": 63.411692},
                {"longitude": 10.441548}
            ]]},
            {"altitude": 165},
            {"distance_km": 1.54472},
            {"speed_kmh": 9.88227},
            {"timestamp": "Mon Dec 07 18:16:52 UTC 2015"}
        ],
        [
            {"location": [[
                {"latitude": 63.411577},
                {"longitude": 10.44193}
            ]]},
            {"altitude": 166},
            {"distance_km": 1.56772},
            {"speed_kmh": 10.5466},
            {"timestamp": "Mon Dec 07 18:17:00 UTC 2015"}
        ],
        [
            {"location": [[
                {"latitude": 63.411466},
                {"longitude": 10.442299}
            ]]},
            {"altitude": 166},
            {"distance_km": 1.58995},
            {"speed_kmh": 10.3422},
            {"timestamp": "Mon Dec 07 18:17:08 UTC 2015"}
        ],
        [
            {"location": [[
                {"latitude": 63.411601},
                {"longitude": 10.442717}
            ]]},
            {"altitude": 157},
            {"distance_km": 1.6157},
            {"speed_kmh": 10.2181},
            {"timestamp": "Mon Dec 07 18:17:17 UTC 2015"}
        ],
        [
            {"location": [[
                {"latitude": 63.411674},
                {"longitude": 10.443037}
            ]]},
            {"altitude": 156},
            {"distance_km": 1.63358},
            {"speed_kmh": 9.83078},
            {"timestamp": "Mon Dec 07 18:17:24 UTC 2015"}
        ],
        [
            {"location": [[
                {"latitude": 63.41154},
                {"longitude": 10.443348}
            ]]},
            {"altitude": 156},
            {"distance_km": 1.65513},
            {"speed_kmh": 8.85035},
            {"timestamp": "Mon Dec 07 18:17:35 UTC 2015"}
        ],
        [
            {"location": [[
                {"latitude": 63.411422},
                {"longitude": 10.443801}
            ]]},
            {"altitude": 156},
            {"distance_km": 1.68127},
            {"speed_kmh": 8.89834},
            {"timestamp": "Mon Dec 07 18:17:44 UTC 2015"}
        ],
        [
            {"location": [[
                {"latitude": 63.411359},
                {"longitude": 10.444094}
            ]]},
            {"altitude": 153},
            {"distance_km": 1.69755},
            {"speed_kmh": 9.09329},
            {"timestamp": "Mon Dec 07 18:17:50 UTC 2015"}
        ],
        [
            {"location": [[
                {"latitude": 63.411292},
                {"longitude": 10.444411}
            ]]},
            {"altitude": 158},
            {"distance_km": 1.71507},
            {"speed_kmh": 9.74631},
            {"timestamp": "Mon Dec 07 18:17:57 UTC 2015"}
        ],
        [
            {"location": [[
                {"latitude": 63.411221},
                {"longitude": 10.444668}
            ]]},
            {"altitude": 164},
            {"distance_km": 1.73011},
            {"speed_kmh": 9.2676},
            {"timestamp": "Mon Dec 07 18:18:03 UTC 2015"}
        ],
        [
            {"location": [[
                {"latitude": 63.411149},
                {"longitude": 10.44502}
            ]]},
            {"altitude": 164},
            {"distance_km": 1.74948},
            {"speed_kmh": 8.59294},
            {"timestamp": "Mon Dec 07 18:18:12 UTC 2015"}
        ],
        [
            {"location": [[
                {"latitude": 63.410976},
                {"longitude": 10.445738}
            ]]},
            {"altitude": 163},
            {"distance_km": 1.79014},
            {"speed_kmh": 10.0244},
            {"timestamp": "Mon Dec 07 18:18:23 UTC 2015"}
        ],
        [
            {"location": [[
                {"latitude": 63.410866},
                {"longitude": 10.447688}
            ]]},
            {"altitude": 159},
            {"distance_km": 1.88832},
            {"speed_kmh": 3.02145},
            {"timestamp": "Mon Dec 07 18:19:02 UTC 2015"}
        ],
        [
            {"location": [[
                {"latitude": 63.410895},
                {"longitude": 10.448082}
            ]]},
            {"altitude": 168},
            {"distance_km": 1.90828},
            {"speed_kmh": 5.68257},
            {"timestamp": "Mon Dec 07 18:19:11 UTC 2015"}
        ],
        [
            {"location": [[
                {"latitude": 63.41091},
                {"longitude": 10.448568}
            ]]},
            {"altitude": 164},
            {"distance_km": 1.93264},
            {"speed_kmh": 8.33813},
            {"timestamp": "Mon Dec 07 18:19:22 UTC 2015"}
        ],
        [
            {"location": [[
                {"latitude": 63.41092},
                {"longitude": 10.449055}
            ]]},
            {"altitude": 160},
            {"distance_km": 1.95699},
            {"speed_kmh": 8.23988},
            {"timestamp": "Mon Dec 07 18:19:32 UTC 2015"}
        ],
        [
            {"location": [[
                {"latitude": 63.410934},
                {"longitude": 10.449348}
            ]]},
            {"altitude": 161},
            {"distance_km": 1.97169},
            {"speed_kmh": 8.51564},
            {"timestamp": "Mon Dec 07 18:19:38 UTC 2015"}
        ],
        [
            {"location": [[
                {"latitude": 63.410937},
                {"longitude": 10.449868}
            ]]},
            {"altitude": 160},
            {"distance_km": 1.99766},
            {"speed_kmh": 9.32696},
            {"timestamp": "Mon Dec 07 18:19:47 UTC 2015"}
        ],
        [
            {"location": [[
                {"latitude": 63.410941},
                {"longitude": 10.450407}
            ]]},
            {"altitude": 158},
            {"distance_km": 2.02459},
            {"speed_kmh": 9.99429},
            {"timestamp": "Mon Dec 07 18:19:56 UTC 2015"}
        ],
        [
            {"location": [[
                {"latitude": 63.41095},
                {"longitude": 10.450747}
            ]]},
            {"altitude": 157},
            {"distance_km": 2.04164},
            {"speed_kmh": 10.4582},
            {"timestamp": "Mon Dec 07 18:20:02 UTC 2015"}
        ],
        [
            {"location": [[
                {"latitude": 63.410959},
                {"longitude": 10.451189}
            ]]},
            {"altitude": 159},
            {"distance_km": 2.06374},
            {"speed_kmh": 10.3076},
            {"timestamp": "Mon Dec 07 18:20:10 UTC 2015"}
        ],
        [
            {"location": [[
                {"latitude": 63.410974},
                {"longitude": 10.451665}
            ]]},
            {"altitude": 158},
            {"distance_km": 2.08759},
            {"speed_kmh": 9.90112},
            {"timestamp": "Mon Dec 07 18:20:19 UTC 2015"}
        ],
        [
            {"location": [[
                {"latitude": 63.410977},
                {"longitude": 10.451841}
            ]]},
            {"altitude": 159},
            {"distance_km": 2.09637},
            {"speed_kmh": 10.0097},
            {"timestamp": "Mon Dec 07 18:20:22 UTC 2015"}
        ],
        [
            {"location": [[
                {"latitude": 63.410984},
                {"longitude": 10.452261}
            ]]},
            {"altitude": 165},
            {"distance_km": 2.11737},
            {"speed_kmh": 9.84009},
            {"timestamp": "Mon Dec 07 18:20:30 UTC 2015"}
        ],
        [
            {"location": [[
                {"latitude": 63.411},
                {"longitude": 10.452661}
            ]]},
            {"altitude": 167},
            {"distance_km": 2.13742},
            {"speed_kmh": 9.65841},
            {"timestamp": "Mon Dec 07 18:20:38 UTC 2015"}
        ],
        [
            {"location": [[
                {"latitude": 63.411016},
                {"longitude": 10.453174}
            ]]},
            {"altitude": 165},
            {"distance_km": 2.16314},
            {"speed_kmh": 9.5882},
            {"timestamp": "Mon Dec 07 18:20:47 UTC 2015"}
        ],
        [
            {"location": [[
                {"latitude": 63.411015},
                {"longitude": 10.453477}
            ]]},
            {"altitude": 165},
            {"distance_km": 2.17826},
            {"speed_kmh": 10.0591},
            {"timestamp": "Mon Dec 07 18:20:52 UTC 2015"}
        ],
        [
            {"location": [[
                {"latitude": 63.411021},
                {"longitude": 10.453936}
            ]]},
            {"altitude": 167},
            {"distance_km": 2.20122},
            {"speed_kmh": 10.5071},
            {"timestamp": "Mon Dec 07 18:21:00 UTC 2015"}
        ],
        [
            {"location": [[
                {"latitude": 63.411044},
                {"longitude": 10.454181}
            ]]},
            {"altitude": 164},
            {"distance_km": 2.21368},
            {"speed_kmh": 10.0535},
            {"timestamp": "Mon Dec 07 18:21:05 UTC 2015"}
        ],
        [
            {"location": [[
                {"latitude": 63.411077},
                {"longitude": 10.454688}
            ]]},
            {"altitude": 167},
            {"distance_km": 2.23928},
            {"speed_kmh": 9.51032},
            {"timestamp": "Mon Dec 07 18:21:15 UTC 2015"}
        ],
        [
            {"location": [[
                {"latitude": 63.411098},
                {"longitude": 10.455167}
            ]]},
            {"altitude": 170},
            {"distance_km": 2.26337},
            {"speed_kmh": 9.272},
            {"timestamp": "Mon Dec 07 18:21:24 UTC 2015"}
        ],
        [
            {"location": [[
                {"latitude": 63.411112},
                {"longitude": 10.455434}
            ]]},
            {"altitude": 170},
            {"distance_km": 2.27679},
            {"speed_kmh": 9.49422},
            {"timestamp": "Mon Dec 07 18:21:29 UTC 2015"}
        ],
        [
            {"location": [[
                {"latitude": 63.411162},
                {"longitude": 10.455885}
            ]]},
            {"altitude": 170},
            {"distance_km": 2.29996},
            {"speed_kmh": 9.50418},
            {"timestamp": "Mon Dec 07 18:21:38 UTC 2015"}
        ],
        [
            {"location": [[
                {"latitude": 63.41118},
                {"longitude": 10.456416}
            ]]},
            {"altitude": 168},
            {"distance_km": 2.32657},
            {"speed_kmh": 9.84993},
            {"timestamp": "Mon Dec 07 18:21:47 UTC 2015"}
        ],
        [
            {"location": [[
                {"latitude": 63.411222},
                {"longitude": 10.456921}
            ]]},
            {"altitude": 170},
            {"distance_km": 2.35225},
            {"speed_kmh": 9.72544},
            {"timestamp": "Mon Dec 07 18:21:57 UTC 2015"}
        ],
        [
            {"location": [[
                {"latitude": 63.41128},
                {"longitude": 10.457305}
            ]]},
            {"altitude": 169},
            {"distance_km": 2.37251},
            {"speed_kmh": 9.6617},
            {"timestamp": "Mon Dec 07 18:22:05 UTC 2015"}
        ],
        [
            {"location": [[
                {"latitude": 63.411324},
                {"longitude": 10.457796}
            ]]},
            {"altitude": 168},
            {"distance_km": 2.39752},
            {"speed_kmh": 9.12138},
            {"timestamp": "Mon Dec 07 18:22:15 UTC 2015"}
        ],
        [
            {"location": [[
                {"latitude": 63.411346},
                {"longitude": 10.458064}
            ]]},
            {"altitude": 170},
            {"distance_km": 2.41111},
            {"speed_kmh": 9.25104},
            {"timestamp": "Mon Dec 07 18:22:20 UTC 2015"}
        ],
        [
            {"location": [[
                {"latitude": 63.411367},
                {"longitude": 10.458489}
            ]]},
            {"altitude": 173},
            {"distance_km": 2.43249},
            {"speed_kmh": 9.45286},
            {"timestamp": "Mon Dec 07 18:22:28 UTC 2015"}
        ],
        [
            {"location": [[
                {"latitude": 63.411435},
                {"longitude": 10.458876}
            ]]},
            {"altitude": 175},
            {"distance_km": 2.45324},
            {"speed_kmh": 9.21393},
            {"timestamp": "Mon Dec 07 18:22:37 UTC 2015"}
        ],
        [
            {"location": [[
                {"latitude": 63.411456},
                {"longitude": 10.459175}
            ]]},
            {"altitude": 174},
            {"distance_km": 2.46836},
            {"speed_kmh": 8.99485},
            {"timestamp": "Mon Dec 07 18:22:43 UTC 2015"}
        ],
        [
            {"location": [[
                {"latitude": 63.411492},
                {"longitude": 10.459485}
            ]]},
            {"altitude": 170},
            {"distance_km": 2.48437},
            {"speed_kmh": 9.00499},
            {"timestamp": "Mon Dec 07 18:22:49 UTC 2015"}
        ],
        [
            {"location": [[
                {"latitude": 63.411552},
                {"longitude": 10.459819}
            ]]},
            {"altitude": 168},
            {"distance_km": 2.50234},
            {"speed_kmh": 8.91473},
            {"timestamp": "Mon Dec 07 18:22:57 UTC 2015"}
        ],
        [
            {"location": [[
                {"latitude": 63.411628},
                {"longitude": 10.460419}
            ]]},
            {"altitude": 170},
            {"distance_km": 2.53347},
            {"speed_kmh": 8.78547},
            {"timestamp": "Mon Dec 07 18:23:10 UTC 2015"}
        ],
        [
            {"location": [[
                {"latitude": 63.411678},
                {"longitude": 10.460893}
            ]]},
            {"altitude": 172},
            {"distance_km": 2.55782},
            {"speed_kmh": 8.46336},
            {"timestamp": "Mon Dec 07 18:23:20 UTC 2015"}
        ],
        [
            {"location": [[
                {"latitude": 63.41174},
                {"longitude": 10.461353}
            ]]},
            {"altitude": 176},
            {"distance_km": 2.58182},
            {"speed_kmh": 9.00712},
            {"timestamp": "Mon Dec 07 18:23:29 UTC 2015"}
        ],
        [
            {"location": [[
                {"latitude": 63.411985},
                {"longitude": 10.46328}
            ]]},
            {"altitude": 169},
            {"distance_km": 2.68187},
            {"timestamp": "Mon Dec 07 18:24:05 UTC 2015"}
        ],
        [
            {"location": [[
                {"latitude": 63.411937},
                {"longitude": 10.463669}
            ]]},
            {"altitude": 173},
            {"distance_km": 2.70202},
            {"timestamp": "Mon Dec 07 18:24:15 UTC 2015"}
        ],
        [
            {"location": [[
                {"latitude": 63.411892},
                {"longitude": 10.464175}
            ]]},
            {"altitude": 172},
            {"distance_km": 2.72779},
            {"speed_kmh": 8.56455},
            {"timestamp": "Mon Dec 07 18:24:26 UTC 2015"}
        ],
        [
            {"location": [[
                {"latitude": 63.411764},
                {"longitude": 10.464313}
            ]]},
            {"altitude": 177},
            {"distance_km": 2.74362},
            {"speed_kmh": 7.94391},
            {"timestamp": "Mon Dec 07 18:24:33 UTC 2015"}
        ],
        [
            {"location": [[
                {"latitude": 63.411639},
                {"longitude": 10.464361}
            ]]},
            {"altitude": 179},
            {"distance_km": 2.75778},
            {"speed_kmh": 8.35344},
            {"timestamp": "Mon Dec 07 18:24:39 UTC 2015"}
        ],
        [
            {"location": [[
                {"latitude": 63.411442},
                {"longitude": 10.464556}
            ]]},
            {"altitude": 178},
            {"distance_km": 2.78185},
            {"speed_kmh": 8.43073},
            {"timestamp": "Mon Dec 07 18:24:49 UTC 2015"}
        ],
        [
            {"location": [[
                {"latitude": 63.411423},
                {"longitude": 10.464833}
            ]]},
            {"altitude": 180},
            {"distance_km": 2.79587},
            {"speed_kmh": 8.51857},
            {"timestamp": "Mon Dec 07 18:24:55 UTC 2015"}
        ],
        [
            {"location": [[
                {"latitude": 63.411359},
                {"longitude": 10.465322}
            ]]},
            {"altitude": 186},
            {"distance_km": 2.82128},
            {"speed_kmh": 8.74303},
            {"timestamp": "Mon Dec 07 18:25:05 UTC 2015"}
        ],
        [
            {"location": [[
                {"latitude": 63.411306},
                {"longitude": 10.46576}
            ]]},
            {"altitude": 184},
            {"distance_km": 2.84395},
            {"speed_kmh": 8.87791},
            {"timestamp": "Mon Dec 07 18:25:14 UTC 2015"}
        ],
        [
            {"location": [[
                {"latitude": 63.411306},
                {"longitude": 10.46576}
            ]]},
            {"altitude": 184},
            {"distance_km": 2.84395},
            {"timestamp": "Mon Dec 07 18:25:19 UTC 2015"}
        ],
        [
            {"location": [[
                {"latitude": 63.411208},
                {"longitude": 10.46579}
            ]]},
            {"altitude": 187},
            {"distance_km": 2.8662},
            {"timestamp": "Mon Dec 07 18:25:22 UTC 2015"}
        ],
        [
            {"location": [[
                {"latitude": 63.411143},
                {"longitude": 10.466021}
            ]]},
            {"altitude": 189},
            {"distance_km": 2.87977},
            {"speed_kmh": 7.17612},
            {"timestamp": "Mon Dec 07 18:25:28 UTC 2015"}
        ],
        [
            {"location": [[
                {"latitude": 63.410974},
                {"longitude": 10.46625}
            ]]},
            {"altitude": 195},
            {"distance_km": 2.90184},
            {"speed_kmh": 9.82342},
            {"timestamp": "Mon Dec 07 18:25:38 UTC 2015"}
        ],
        [
            {"location": [[
                {"latitude": 63.410885},
                {"longitude": 10.466685}
            ]]},
            {"altitude": 197},
            {"distance_km": 2.92576},
            {"speed_kmh": 8.23133},
            {"timestamp": "Mon Dec 07 18:25:48 UTC 2015"}
        ],
        [
            {"location": [[
                {"latitude": 63.410805},
                {"longitude": 10.467093}
            ]]},
            {"altitude": 200},
            {"distance_km": 2.94798},
            {"speed_kmh": 8.18492},
            {"timestamp": "Mon Dec 07 18:25:58 UTC 2015"}
        ],
        [
            {"location": [[
                {"latitude": 63.410706},
                {"longitude": 10.467516}
            ]]},
            {"altitude": 196},
            {"distance_km": 2.97182},
            {"speed_kmh": 8.7156},
            {"timestamp": "Mon Dec 07 18:26:07 UTC 2015"}
        ],
        [
            {"location": [[
                {"latitude": 63.410626},
                {"longitude": 10.467913}
            ]]},
            {"altitude": 193},
            {"distance_km": 2.99357},
            {"speed_kmh": 9.10545},
            {"timestamp": "Mon Dec 07 18:26:15 UTC 2015"}
        ],
        [
            {"location": [[
                {"latitude": 63.410535},
                {"longitude": 10.468398}
            ]]},
            {"altitude": 189},
            {"distance_km": 3.01983},
            {"speed_kmh": 9.94464},
            {"timestamp": "Mon Dec 07 18:26:24 UTC 2015"}
        ],
        [
            {"location": [[
                {"latitude": 63.410483},
                {"longitude": 10.468714}
            ]]},
            {"altitude": 193},
            {"distance_km": 3.03665},
            {"speed_kmh": 9.64707},
            {"timestamp": "Mon Dec 07 18:26:31 UTC 2015"}
        ],
        [
            {"location": [[
                {"latitude": 63.410434},
                {"longitude": 10.469058}
            ]]},
            {"altitude": 192},
            {"distance_km": 3.0547},
            {"speed_kmh": 9.99638},
            {"timestamp": "Mon Dec 07 18:26:37 UTC 2015"}
        ],
        [
            {"location": [[
                {"latitude": 63.410377},
                {"longitude": 10.46951}
            ]]},
            {"altitude": 189},
            {"distance_km": 3.07813},
            {"speed_kmh": 10.0087},
            {"timestamp": "Mon Dec 07 18:26:45 UTC 2015"}
        ],
        [
            {"location": [[
                {"latitude": 63.410357},
                {"longitude": 10.469924}
            ]]},
            {"altitude": 186},
            {"distance_km": 3.09897},
            {"speed_kmh": 10.2544},
            {"timestamp": "Mon Dec 07 18:26:53 UTC 2015"}
        ],
        [
            {"location": [[
                {"latitude": 63.410328},
                {"longitude": 10.470242}
            ]]},
            {"altitude": 189},
            {"distance_km": 3.11516},
            {"speed_kmh": 9.87731},
            {"timestamp": "Mon Dec 07 18:26:59 UTC 2015"}
        ],
        [
            {"location": [[
                {"latitude": 63.410287},
                {"longitude": 10.470719}
            ]]},
            {"altitude": 188},
            {"distance_km": 3.13945},
            {"speed_kmh": 9.59866},
            {"timestamp": "Mon Dec 07 18:27:08 UTC 2015"}
        ],
        [
            {"location": [[
                {"latitude": 63.410276},
                {"longitude": 10.471126}
            ]]},
            {"altitude": 195},
            {"distance_km": 3.15983},
            {"speed_kmh": 9.19088},
            {"timestamp": "Mon Dec 07 18:27:17 UTC 2015"}
        ],
        [
            {"location": [[
                {"latitude": 63.410245},
                {"longitude": 10.471491}
            ]]},
            {"altitude": 199},
            {"distance_km": 3.17838},
            {"speed_kmh": 8.42947},
            {"timestamp": "Mon Dec 07 18:27:26 UTC 2015"}
        ],
        [
            {"location": [[
                {"latitude": 63.410201},
                {"longitude": 10.471848}
            ]]},
            {"altitude": 200},
            {"distance_km": 3.19686},
            {"speed_kmh": 7.65641},
            {"timestamp": "Mon Dec 07 18:27:35 UTC 2015"}
        ],
        [
            {"location": [[
                {"latitude": 63.410108},
                {"longitude": 10.472145}
            ]]},
            {"altitude": 198},
            {"distance_km": 3.21495},
            {"speed_kmh": 8.03738},
            {"timestamp": "Mon Dec 07 18:27:42 UTC 2015"}
        ],
        [
            {"location": [[
                {"latitude": 63.409988},
                {"longitude": 10.472197}
            ]]},
            {"altitude": 194},
            {"distance_km": 3.2286},
            {"speed_kmh": 8.29511},
            {"timestamp": "Mon Dec 07 18:27:48 UTC 2015"}
        ],
        [
            {"location": [[
                {"latitude": 63.409763},
                {"longitude": 10.472192}
            ]]},
            {"altitude": 197},
            {"distance_km": 3.25369},
            {"speed_kmh": 8.33813},
            {"timestamp": "Mon Dec 07 18:28:00 UTC 2015"}
        ],
        [
            {"location": [[
                {"latitude": 63.409588},
                {"longitude": 10.472154}
            ]]},
            {"altitude": 194},
            {"distance_km": 3.27322},
            {"speed_kmh": 7.58205},
            {"timestamp": "Mon Dec 07 18:28:10 UTC 2015"}
        ],
        [
            {"location": [[
                {"latitude": 63.409469},
                {"longitude": 10.472107}
            ]]},
            {"altitude": 194},
            {"distance_km": 3.28667},
            {"speed_kmh": 7.54241},
            {"timestamp": "Mon Dec 07 18:28:16 UTC 2015"}
        ],
        [
            {"location": [[
                {"latitude": 63.409257},
                {"longitude": 10.47198}
            ]]},
            {"altitude": 192},
            {"distance_km": 3.31114},
            {"speed_kmh": 8.29895},
            {"timestamp": "Mon Dec 07 18:28:25 UTC 2015"}
        ],
        [
            {"location": [[
                {"latitude": 63.4082},
                {"longitude": 10.471198}
            ]]},
            {"altitude": 189},
            {"distance_km": 3.43529},
            {"speed_kmh": 3.92015},
            {"timestamp": "Mon Dec 07 18:29:03 UTC 2015"}
        ],
        [
            {"location": [[
                {"latitude": 63.408054},
                {"longitude": 10.471239}
            ]]},
            {"altitude": 185},
            {"distance_km": 3.45174},
            {"speed_kmh": 6.38772},
            {"timestamp": "Mon Dec 07 18:29:11 UTC 2015"}
        ],
        [
            {"location": [[
                {"latitude": 63.407963},
                {"longitude": 10.471257}
            ]]},
            {"altitude": 189},
            {"distance_km": 3.46191},
            {"speed_kmh": 8.83026},
            {"timestamp": "Mon Dec 07 18:29:16 UTC 2015"}
        ],
        [
            {"location": [[
                {"latitude": 63.407774},
                {"longitude": 10.471275}
            ]]},
            {"altitude": 195},
            {"distance_km": 3.48298},
            {"speed_kmh": 7.20851},
            {"timestamp": "Mon Dec 07 18:29:27 UTC 2015"}
        ],
        [
            {"location": [[
                {"latitude": 63.407551},
                {"longitude": 10.471311}
            ]]},
            {"altitude": 195},
            {"distance_km": 3.50794},
            {"speed_kmh": 7.46347},
            {"timestamp": "Mon Dec 07 18:29:38 UTC 2015"}
        ],
        [
            {"location": [[
                {"latitude": 63.407336},
                {"longitude": 10.471238}
            ]]},
            {"altitude": 198},
            {"distance_km": 3.53214},
            {"speed_kmh": 7.92486},
            {"timestamp": "Mon Dec 07 18:29:48 UTC 2015"}
        ],
        [
            {"location": [[
                {"latitude": 63.4072},
                {"longitude": 10.47116}
            ]]},
            {"altitude": 198},
            {"distance_km": 3.54784},
            {"speed_kmh": 8.76619},
            {"timestamp": "Mon Dec 07 18:29:54 UTC 2015"}
        ],
        [
            {"location": [[
                {"latitude": 63.407085},
                {"longitude": 10.471053}
            ]]},
            {"altitude": 198},
            {"distance_km": 3.56174},
            {"speed_kmh": 8.82248},
            {"timestamp": "Mon Dec 07 18:30:00 UTC 2015"}
        ],
        [
            {"location": [[
                {"latitude": 63.406916},
                {"longitude": 10.470673}
            ]]},
            {"altitude": 203},
            {"distance_km": 3.58847},
            {"speed_kmh": 8.83476},
            {"timestamp": "Mon Dec 07 18:30:11 UTC 2015"}
        ],
        [
            {"location": [[
                {"latitude": 63.406808},
                {"longitude": 10.470339}
            ]]},
            {"altitude": 199},
            {"distance_km": 3.60901},
            {"speed_kmh": 8.433},
            {"timestamp": "Mon Dec 07 18:30:20 UTC 2015"}
        ],
        [
            {"location": [[
                {"latitude": 63.406735},
                {"longitude": 10.469897}
            ]]},
            {"altitude": 212},
            {"distance_km": 3.63258},
            {"speed_kmh": 8.01179},
            {"timestamp": "Mon Dec 07 18:30:32 UTC 2015"}
        ],
        [
            {"location": [[
                {"latitude": 63.406698},
                {"longitude": 10.469495}
            ]]},
            {"altitude": 214},
            {"distance_km": 3.65308},
            {"speed_kmh": 8.16878},
            {"timestamp": "Mon Dec 07 18:30:40 UTC 2015"}
        ],
        [
            {"location": [[
                {"latitude": 63.406605},
                {"longitude": 10.469116}
            ]]},
            {"altitude": 215},
            {"distance_km": 3.67465},
            {"speed_kmh": 8.30919},
            {"timestamp": "Mon Dec 07 18:30:49 UTC 2015"}
        ],
        [
            {"location": [[
                {"latitude": 63.406452},
                {"longitude": 10.468701}
            ]]},
            {"altitude": 211},
            {"distance_km": 3.70147},
            {"speed_kmh": 8.87569},
            {"timestamp": "Mon Dec 07 18:31:00 UTC 2015"}
        ],
        [
            {"location": [[
                {"latitude": 63.406318},
                {"longitude": 10.468355}
            ]]},
            {"altitude": 209},
            {"distance_km": 3.72432},
            {"speed_kmh": 8.85164},
            {"timestamp": "Mon Dec 07 18:31:09 UTC 2015"}
        ],
        [
            {"location": [[
                {"latitude": 63.406224},
                {"longitude": 10.468065}
            ]]},
            {"altitude": 210},
            {"distance_km": 3.74225},
            {"speed_kmh": 8.66259},
            {"timestamp": "Mon Dec 07 18:31:17 UTC 2015"}
        ],
        [
            {"location": [[
                {"latitude": 63.40619},
                {"longitude": 10.467961}
            ]]},
            {"altitude": 211},
            {"distance_km": 3.74866},
            {"speed_kmh": 6.69971},
            {"timestamp": "Mon Dec 07 18:31:25 UTC 2015"}
        ],
        [
            {"location": [[
                {"latitude": 63.406135},
                {"longitude": 10.467763}
            ]]},
            {"altitude": 211},
            {"distance_km": 3.76036},
            {"speed_kmh": 6.45502},
            {"timestamp": "Mon Dec 07 18:31:30 UTC 2015"}
        ],
        [
            {"location": [[
                {"latitude": 63.406079},
                {"longitude": 10.467578}
            ]]},
            {"altitude": 210},
            {"distance_km": 3.77144},
            {"speed_kmh": 5.42942},
            {"timestamp": "Mon Dec 07 18:31:38 UTC 2015"}
        ],
        [
            {"location": [[
                {"latitude": 63.40596},
                {"longitude": 10.466959}
            ]]},
            {"altitude": 212},
            {"distance_km": 3.80509},
            {"speed_kmh": 7.57466},
            {"timestamp": "Mon Dec 07 18:31:51 UTC 2015"}
        ],
        [
            {"location": [[
                {"latitude": 63.40591},
                {"longitude": 10.466629}
            ]]},
            {"altitude": 207},
            {"distance_km": 3.82252},
            {"speed_kmh": 8.25394},
            {"timestamp": "Mon Dec 07 18:31:57 UTC 2015"}
        ],
        [
            {"location": [[
                {"latitude": 63.405883},
                {"longitude": 10.466141}
            ]]},
            {"altitude": 208},
            {"distance_km": 3.8471},
            {"speed_kmh": 9.54041},
            {"timestamp": "Mon Dec 07 18:32:07 UTC 2015"}
        ],
        [
            {"location": [[
                {"latitude": 63.405841},
                {"longitude": 10.465706}
            ]]},
            {"altitude": 205},
            {"distance_km": 3.86935},
            {"speed_kmh": 9.10436},
            {"timestamp": "Mon Dec 07 18:32:17 UTC 2015"}
        ],
        [
            {"location": [[
                {"latitude": 63.405814},
                {"longitude": 10.465434}
            ]]},
            {"altitude": 204},
            {"distance_km": 3.88327},
            {"speed_kmh": 8.00848},
            {"timestamp": "Mon Dec 07 18:32:24 UTC 2015"}
        ],
        [
            {"location": [[
                {"latitude": 63.405759},
                {"longitude": 10.465136}
            ]]},
            {"altitude": 203},
            {"distance_km": 3.89937},
            {"speed_kmh": 7.46937},
            {"timestamp": "Mon Dec 07 18:32:32 UTC 2015"}
        ],
        [
            {"location": [[
                {"latitude": 63.405683},
                {"longitude": 10.464555}
            ]]},
            {"altitude": 209},
            {"distance_km": 3.92962},
            {"speed_kmh": 8.10149},
            {"timestamp": "Mon Dec 07 18:32:43 UTC 2015"}
        ],
        [
            {"location": [[
                {"latitude": 63.40564},
                {"longitude": 10.464226}
            ]]},
            {"altitude": 208},
            {"distance_km": 3.94675},
            {"speed_kmh": 9.13958},
            {"timestamp": "Mon Dec 07 18:32:49 UTC 2015"}
        ],
        [
            {"location": [[
                {"latitude": 63.405566},
                {"longitude": 10.463776}
            ]]},
            {"altitude": 207},
            {"distance_km": 3.97066},
            {"speed_kmh": 9.91718},
            {"timestamp": "Mon Dec 07 18:32:58 UTC 2015"}
        ],
        [
            {"location": [[
                {"latitude": 63.405499},
                {"longitude": 10.463396}
            ]]},
            {"altitude": 210},
            {"distance_km": 3.9911},
            {"speed_kmh": 9.67977},
            {"timestamp": "Mon Dec 07 18:33:06 UTC 2015"}
        ],
        [
            {"location": [[
                {"latitude": 63.405446},
                {"longitude": 10.463119}
            ]]},
            {"altitude": 210},
            {"distance_km": 4.00616},
            {"speed_kmh": 9.26475},
            {"timestamp": "Mon Dec 07 18:33:12 UTC 2015"}
        ],
        [
            {"location": [[
                {"latitude": 63.405353},
                {"longitude": 10.462677}
            ]]},
            {"altitude": 212},
            {"distance_km": 4.03055},
            {"speed_kmh": 9.00411},
            {"timestamp": "Mon Dec 07 18:33:22 UTC 2015"}
        ],
        [
            {"location": [[
                {"latitude": 63.405286},
                {"longitude": 10.462438}
            ]]},
            {"altitude": 212},
            {"distance_km": 4.0446},
            {"speed_kmh": 8.74793},
            {"timestamp": "Mon Dec 07 18:33:28 UTC 2015"}
        ],
        [
            {"location": [[
                {"latitude": 63.404999},
                {"longitude": 10.46069}
            ]]},
            {"altitude": 215},
            {"distance_km": 4.13764},
            {"speed_kmh": 3.10159},
            {"timestamp": "Mon Dec 07 18:34:04 UTC 2015"}
        ],
        [
            {"location": [[
                {"latitude": 63.404989},
                {"longitude": 10.460497}
            ]]},
            {"altitude": 216},
            {"distance_km": 4.14732},
            {"speed_kmh": 4.55275},
            {"timestamp": "Mon Dec 07 18:34:12 UTC 2015"}
        ],
        [
            {"location": [[
                {"latitude": 63.405119},
                {"longitude": 10.460075}
            ]]},
            {"altitude": 220},
            {"distance_km": 4.17289},
            {"speed_kmh": 7.95268},
            {"timestamp": "Mon Dec 07 18:34:21 UTC 2015"}
        ],
        [
            {"location": [[
                {"latitude": 63.405218},
                {"longitude": 10.459675}
            ]]},
            {"altitude": 228},
            {"distance_km": 4.19574},
            {"speed_kmh": 8.28467},
            {"timestamp": "Mon Dec 07 18:34:29 UTC 2015"}
        ],
        [
            {"location": [[
                {"latitude": 63.405261},
                {"longitude": 10.459316}
            ]]},
            {"altitude": 225},
            {"distance_km": 4.21429},
            {"speed_kmh": 10.5434},
            {"timestamp": "Mon Dec 07 18:34:35 UTC 2015"}
        ],
        [
            {"location": [[
                {"latitude": 63.405319},
                {"longitude": 10.458754}
            ]]},
            {"altitude": 225},
            {"distance_km": 4.24314},
            {"speed_kmh": 10.9951},
            {"timestamp": "Mon Dec 07 18:34:44 UTC 2015"}
        ],
        [
            {"location": [[
                {"latitude": 63.405378},
                {"longitude": 10.458191}
            ]]},
            {"altitude": 225},
            {"distance_km": 4.272},
            {"speed_kmh": 11.4107},
            {"timestamp": "Mon Dec 07 18:34:53 UTC 2015"}
        ],
        [
            {"location": [[
                {"latitude": 63.405407},
                {"longitude": 10.457774}
            ]]},
            {"altitude": 225},
            {"distance_km": 4.29309},
            {"speed_kmh": 11.3154},
            {"timestamp": "Mon Dec 07 18:35:00 UTC 2015"}
        ],
        [
            {"location": [[
                {"latitude": 63.405445},
                {"longitude": 10.457288}
            ]]},
            {"altitude": 223},
            {"distance_km": 4.31775},
            {"speed_kmh": 11.161},
            {"timestamp": "Mon Dec 07 18:35:08 UTC 2015"}
        ],
        [
            {"location": [[
                {"latitude": 63.405488},
                {"longitude": 10.45683}
            ]]},
            {"altitude": 221},
            {"distance_km": 4.34115},
            {"speed_kmh": 10.8225},
            {"timestamp": "Mon Dec 07 18:35:16 UTC 2015"}
        ],
        [
            {"location": [[
                {"latitude": 63.405581},
                {"longitude": 10.456327}
            ]]},
            {"altitude": 226},
            {"distance_km": 4.36834},
            {"speed_kmh": 10.8171},
            {"timestamp": "Mon Dec 07 18:35:25 UTC 2015"}
        ],
        [
            {"location": [[
                {"latitude": 63.405711},
                {"longitude": 10.455806}
            ]]},
            {"altitude": 225},
            {"distance_km": 4.39812},
            {"speed_kmh": 10.7105},
            {"timestamp": "Mon Dec 07 18:35:35 UTC 2015"}
        ],
        [
            {"location": [[
                {"latitude": 63.405749},
                {"longitude": 10.45552}
            ]]},
            {"altitude": 212},
            {"distance_km": 4.41303},
            {"speed_kmh": 10.1793},
            {"timestamp": "Mon Dec 07 18:35:41 UTC 2015"}
        ],
        [
            {"location": [[
                {"latitude": 63.405814},
                {"longitude": 10.455099}
            ]]},
            {"altitude": 206},
            {"distance_km": 4.43525},
            {"speed_kmh": 9.23922},
            {"timestamp": "Mon Dec 07 18:35:51 UTC 2015"}
        ],
        [
            {"location": [[
                {"latitude": 63.405856},
                {"longitude": 10.454727}
            ]]},
            {"altitude": 209},
            {"distance_km": 4.45445},
            {"speed_kmh": 8.52756},
            {"timestamp": "Mon Dec 07 18:35:59 UTC 2015"}
        ],
        [
            {"location": [[
                {"latitude": 63.405894},
                {"longitude": 10.454366}
            ]]},
            {"altitude": 208},
            {"distance_km": 4.47299},
            {"speed_kmh": 8.72633},
            {"timestamp": "Mon Dec 07 18:36:06 UTC 2015"}
        ],
        [
            {"location": [[
                {"latitude": 63.405918},
                {"longitude": 10.454062}
            ]]},
            {"altitude": 213},
            {"distance_km": 4.48838},
            {"speed_kmh": 8.10822},
            {"timestamp": "Mon Dec 07 18:36:15 UTC 2015"}
        ],
        [
            {"location": [[
                {"latitude": 63.405974},
                {"longitude": 10.453646}
            ]]},
            {"altitude": 207},
            {"distance_km": 4.51011},
            {"speed_kmh": 6.96686},
            {"timestamp": "Mon Dec 07 18:36:30 UTC 2015"}
        ],
        [
            {"location": [[
                {"latitude": 63.405991},
                {"longitude": 10.453159}
            ]]},
            {"altitude": 201},
            {"distance_km": 4.5345},
            {"speed_kmh": 5.61803},
            {"timestamp": "Mon Dec 07 18:36:46 UTC 2015"}
        ],
        [
            {"location": [[
                {"latitude": 63.406014},
                {"longitude": 10.452649}
            ]]},
            {"altitude": 202},
            {"distance_km": 4.56015},
            {"speed_kmh": 5.61937},
            {"timestamp": "Mon Dec 07 18:37:01 UTC 2015"}
        ],
        [
            {"location": [[
                {"latitude": 63.406037},
                {"longitude": 10.452261}
            ]]},
            {"altitude": 201},
            {"distance_km": 4.5797},
            {"speed_kmh": 5.68559},
            {"timestamp": "Mon Dec 07 18:37:14 UTC 2015"}
        ],
        [
            {"location": [[
                {"latitude": 63.406207},
                {"longitude": 10.451779}
            ]]},
            {"altitude": 205},
            {"distance_km": 4.61034},
            {"speed_kmh": 6.15529},
            {"timestamp": "Mon Dec 07 18:37:30 UTC 2015"}
        ],
        [
            {"location": [[
                {"latitude": 63.40635},
                {"longitude": 10.451701}
            ]]},
            {"altitude": 197},
            {"distance_km": 4.62673},
            {"speed_kmh": 5.74129},
            {"timestamp": "Mon Dec 07 18:37:42 UTC 2015"}
        ],
        [
            {"location": [[
                {"latitude": 63.406568},
                {"longitude": 10.45166}
            ]]},
            {"altitude": 188},
            {"distance_km": 4.65109},
            {"speed_kmh": 5.47565},
            {"timestamp": "Mon Dec 07 18:38:01 UTC 2015"}
        ],
        [
            {"location": [[
                {"latitude": 63.406765},
                {"longitude": 10.451642}
            ]]},
            {"altitude": 186},
            {"distance_km": 4.67311},
            {"speed_kmh": 4.93895},
            {"timestamp": "Mon Dec 07 18:38:16 UTC 2015"}
        ],
        [
            {"location": [[
                {"latitude": 63.406966},
                {"longitude": 10.451538}
            ]]},
            {"altitude": 183},
            {"distance_km": 4.69609},
            {"speed_kmh": 5.4221},
            {"timestamp": "Mon Dec 07 18:38:29 UTC 2015"}
        ],
        [
            {"location": [[
                {"latitude": 63.407483},
                {"longitude": 10.450609}
            ]]},
            {"altitude": 173},
            {"distance_km": 4.77009},
            {"speed_kmh": 2.53676},
            {"timestamp": "Mon Dec 07 18:39:04 UTC 2015"}
        ],
        [
            {"location": [[
                {"latitude": 63.4077},
                {"longitude": 10.450248}
            ]]},
            {"altitude": 173},
            {"distance_km": 4.80025},
            {"speed_kmh": 6.1518},
            {"timestamp": "Mon Dec 07 18:39:14 UTC 2015"}
        ],
        [
            {"location": [[
                {"latitude": 63.407898},
                {"longitude": 10.450007}
            ]]},
            {"altitude": 175},
            {"distance_km": 4.82541},
            {"speed_kmh": 9.51107},
            {"timestamp": "Mon Dec 07 18:39:23 UTC 2015"}
        ],
        [
            {"location": [[
                {"latitude": 63.407967},
                {"longitude": 10.449943}
            ]]},
            {"altitude": 171},
            {"distance_km": 4.83367},
            {"speed_kmh": 10.265},
            {"timestamp": "Mon Dec 07 18:39:26 UTC 2015"}
        ],
        [
            {"location": [[
                {"latitude": 63.40816},
                {"longitude": 10.449765}
            ]]},
            {"altitude": 168},
            {"distance_km": 4.85697},
            {"speed_kmh": 9.76094},
            {"timestamp": "Mon Dec 07 18:39:35 UTC 2015"}
        ],
        [
            {"location": [[
                {"latitude": 63.408336},
                {"longitude": 10.449582}
            ]]},
            {"altitude": 166},
            {"distance_km": 4.87862},
            {"speed_kmh": 10.1085},
            {"timestamp": "Mon Dec 07 18:39:42 UTC 2015"}
        ],
        [
            {"location": [[
                {"latitude": 63.408625},
                {"longitude": 10.449312}
            ]]},
            {"altitude": 171},
            {"distance_km": 4.91352},
            {"speed_kmh": 12.7927},
            {"timestamp": "Mon Dec 07 18:39:49 UTC 2015"}
        ],
        [
            {"location": [[
                {"latitude": 63.408903},
                {"longitude": 10.449013}
            ]]},
            {"altitude": 168},
            {"distance_km": 4.94793},
            {"speed_kmh": 15.587},
            {"timestamp": "Mon Dec 07 18:39:56 UTC 2015"}
        ],
        [
            {"location": [[
                {"latitude": 63.409103},
                {"longitude": 10.448818}
            ]]},
            {"altitude": 171},
            {"distance_km": 4.97229},
            {"speed_kmh": 16.7529},
            {"timestamp": "Mon Dec 07 18:40:02 UTC 2015"}
        ],
        [
            {"location": [[
                {"latitude": 63.409293},
                {"longitude": 10.44854}
            ]]},
            {"altitude": 172},
            {"distance_km": 4.99762},
            {"speed_kmh": 15.1149},
            {"timestamp": "Mon Dec 07 18:40:09 UTC 2015"}
        ],
        [
            {"location": [[
                {"latitude": 63.409471},
                {"longitude": 10.448325}
            ]]},
            {"altitude": 172},
            {"distance_km": 5.02021},
            {"speed_kmh": 12.2205},
            {"timestamp": "Mon Dec 07 18:40:18 UTC 2015"}
        ],
        [
            {"location": [[
                {"latitude": 63.40965},
                {"longitude": 10.44813}
            ]]},
            {"altitude": 169},
            {"distance_km": 5.04239},
            {"speed_kmh": 10.6724},
            {"timestamp": "Mon Dec 07 18:40:26 UTC 2015"}
        ],
        [
            {"location": [[
                {"latitude": 63.409791},
                {"longitude": 10.447995}
            ]]},
            {"altitude": 169},
            {"distance_km": 5.05948},
            {"speed_kmh": 9.74477},
            {"timestamp": "Mon Dec 07 18:40:32 UTC 2015"}
        ],
        [
            {"location": [[
                {"latitude": 63.409939},
                {"longitude": 10.447847}
            ]]},
            {"altitude": 169},
            {"distance_km": 5.07756},
            {"speed_kmh": 10.351},
            {"timestamp": "Mon Dec 07 18:40:38 UTC 2015"}
        ],
        [
            {"location": [[
                {"latitude": 63.410092},
                {"longitude": 10.447659}
            ]]},
            {"altitude": 164},
            {"distance_km": 5.09702},
            {"speed_kmh": 10.3618},
            {"timestamp": "Mon Dec 07 18:40:45 UTC 2015"}
        ],
        [
            {"location": [[
                {"latitude": 63.410166},
                {"longitude": 10.447538}
            ]]},
            {"altitude": 164},
            {"distance_km": 5.1073},
            {"speed_kmh": 10.0505},
            {"timestamp": "Mon Dec 07 18:40:49 UTC 2015"}
        ],
        [
            {"location": [[
                {"latitude": 63.410364},
                {"longitude": 10.447324}
            ]]},
            {"altitude": 160},
            {"distance_km": 5.13175},
            {"speed_kmh": 9.69371},
            {"timestamp": "Mon Dec 07 18:40:58 UTC 2015"}
        ],
        [
            {"location": [[
                {"latitude": 63.410525},
                {"longitude": 10.447074}
            ]]},
            {"altitude": 157},
            {"distance_km": 5.15363},
            {"speed_kmh": 9.2833},
            {"timestamp": "Mon Dec 07 18:41:07 UTC 2015"}
        ],
        [
            {"location": [[
                {"latitude": 63.41061},
                {"longitude": 10.446864}
            ]]},
            {"altitude": 159},
            {"distance_km": 5.1678},
            {"speed_kmh": 9.57385},
            {"timestamp": "Mon Dec 07 18:41:12 UTC 2015"}
        ],
        [
            {"location": [[
                {"latitude": 63.410734},
                {"longitude": 10.446503}
            ]]},
            {"altitude": 156},
            {"distance_km": 5.19047},
            {"speed_kmh": 9.34334},
            {"timestamp": "Mon Dec 07 18:41:21 UTC 2015"}
        ],
        [
            {"location": [[
                {"latitude": 63.410812},
                {"longitude": 10.446323}
            ]]},
            {"altitude": 155},
            {"distance_km": 5.20302},
            {"speed_kmh": 9.38042},
            {"timestamp": "Mon Dec 07 18:41:26 UTC 2015"}
        ],
        [
            {"location": [[
                {"latitude": 63.410931},
                {"longitude": 10.44589}
            ]]},
            {"altitude": 157},
            {"distance_km": 5.22838},
            {"speed_kmh": 9.807},
            {"timestamp": "Mon Dec 07 18:41:34 UTC 2015"}
        ],
        [
            {"location": [[
                {"latitude": 63.411006},
                {"longitude": 10.445524}
            ]]},
            {"altitude": 156},
            {"distance_km": 5.24851},
            {"speed_kmh": 10.7865},
            {"timestamp": "Mon Dec 07 18:41:40 UTC 2015"}
        ],
        [
            {"location": [[
                {"latitude": 63.411014},
                {"longitude": 10.445203}
            ]]},
            {"altitude": 157},
            {"distance_km": 5.26458},
            {"speed_kmh": 10.6112},
            {"timestamp": "Mon Dec 07 18:41:47 UTC 2015"}
        ],
        [
            {"location": [[
                {"latitude": 63.411197},
                {"longitude": 10.444684}
            ]]},
            {"altitude": 159},
            {"distance_km": 5.29751},
            {"speed_kmh": 10.7455},
            {"timestamp": "Mon Dec 07 18:41:57 UTC 2015"}
        ],
        [
            {"location": [[
                {"latitude": 63.411285},
                {"longitude": 10.444449}
            ]]},
            {"altitude": 164},
            {"distance_km": 5.31285},
            {"speed_kmh": 10.4126},
            {"timestamp": "Mon Dec 07 18:42:02 UTC 2015"}
        ],
        [
            {"location": [[
                {"latitude": 63.411349},
                {"longitude": 10.444305}
            ]]},
            {"altitude": 164},
            {"distance_km": 5.32304},
            {"speed_kmh": 11.5809},
            {"timestamp": "Mon Dec 07 18:42:05 UTC 2015"}
        ],
        [
            {"location": [[
                {"latitude": 63.411436},
                {"longitude": 10.443967}
            ]]},
            {"altitude": 164},
            {"distance_km": 5.34251},
            {"speed_kmh": 10.9927},
            {"timestamp": "Mon Dec 07 18:42:12 UTC 2015"}
        ],
        [
            {"location": [[
                {"latitude": 63.411569},
                {"longitude": 10.443474}
            ]]},
            {"altitude": 161},
            {"distance_km": 5.37119},
            {"speed_kmh": 10.7742},
            {"timestamp": "Mon Dec 07 18:42:22 UTC 2015"}
        ],
        [
            {"location": [[
                {"latitude": 63.411639},
                {"longitude": 10.443076}
            ]]},
            {"altitude": 157},
            {"distance_km": 5.39258},
            {"speed_kmh": 10.0302},
            {"timestamp": "Mon Dec 07 18:42:30 UTC 2015"}
        ],
        [
            {"location": [[
                {"latitude": 63.411681},
                {"longitude": 10.442676}
            ]]},
            {"altitude": 158},
            {"distance_km": 5.41309},
            {"speed_kmh": 9.40676},
            {"timestamp": "Mon Dec 07 18:42:39 UTC 2015"}
        ],
        [
            {"location": [[
                {"latitude": 63.41152},
                {"longitude": 10.442394}
            ]]},
            {"altitude": 163},
            {"distance_km": 5.43597},
            {"speed_kmh": 8.99737},
            {"timestamp": "Mon Dec 07 18:42:48 UTC 2015"}
        ],
        [
            {"location": [[
                {"latitude": 63.411637},
                {"longitude": 10.441992}
            ]]},
            {"altitude": 160},
            {"distance_km": 5.45991},
            {"speed_kmh": 8.97799},
            {"timestamp": "Mon Dec 07 18:42:57 UTC 2015"}
        ],
        [
            {"location": [[
                {"latitude": 63.41176},
                {"longitude": 10.441594}
            ]]},
            {"altitude": 158},
            {"distance_km": 5.48411},
            {"speed_kmh": 9.46807},
            {"timestamp": "Mon Dec 07 18:43:06 UTC 2015"}
        ],
        [
            {"location": [[
                {"latitude": 63.411838},
                {"longitude": 10.441228}
            ]]},
            {"altitude": 157},
            {"distance_km": 5.50431},
            {"speed_kmh": 9.11162},
            {"timestamp": "Mon Dec 07 18:43:15 UTC 2015"}
        ],
        [
            {"location": [[
                {"latitude": 63.411856},
                {"longitude": 10.440949}
            ]]},
            {"altitude": 159},
            {"distance_km": 5.51839},
            {"speed_kmh": 8.73595},
            {"timestamp": "Mon Dec 07 18:43:21 UTC 2015"}
        ],
        [
            {"location": [[
                {"latitude": 63.41189},
                {"longitude": 10.440519}
            ]]},
            {"altitude": 159},
            {"distance_km": 5.54025},
            {"speed_kmh": 8.42132},
            {"timestamp": "Mon Dec 07 18:43:30 UTC 2015"}
        ],
        [
            {"location": [[
                {"latitude": 63.411906},
                {"longitude": 10.438654}
            ]]},
            {"altitude": 162},
            {"distance_km": 5.63341},
            {"timestamp": "Mon Dec 07 18:44:07 UTC 2015"}
        ],
        [
            {"location": [[
                {"latitude": 63.411966},
                {"longitude": 10.438266}
            ]]},
            {"altitude": 158},
            {"distance_km": 5.65395},
            {"timestamp": "Mon Dec 07 18:44:15 UTC 2015"}
        ],
        [
            {"location": [[
                {"latitude": 63.411998},
                {"longitude": 10.437828}
            ]]},
            {"altitude": 153},
            {"distance_km": 5.67608},
            {"speed_kmh": 9.42165},
            {"timestamp": "Mon Dec 07 18:44:23 UTC 2015"}
        ],
        [
            {"location": [[
                {"latitude": 63.412037},
                {"longitude": 10.43742}
            ]]},
            {"altitude": 156},
            {"distance_km": 5.69697},
            {"speed_kmh": 9.53043},
            {"timestamp": "Mon Dec 07 18:44:31 UTC 2015"}
        ],
        [
            {"location": [[
                {"latitude": 63.41206},
                {"longitude": 10.436945}
            ]]},
            {"altitude": 155},
            {"distance_km": 5.72082},
            {"speed_kmh": 9.31445},
            {"timestamp": "Mon Dec 07 18:44:41 UTC 2015"}
        ],
        [
            {"location": [[
                {"latitude": 63.412081},
                {"longitude": 10.436452}
            ]]},
            {"altitude": 158},
            {"distance_km": 5.74558},
            {"speed_kmh": 8.96735},
            {"timestamp": "Mon Dec 07 18:44:51 UTC 2015"}
        ],
        [
            {"location": [[
                {"latitude": 63.412236},
                {"longitude": 10.436201}
            ]]},
            {"altitude": 154},
            {"distance_km": 5.7669},
            {"speed_kmh": 8.67737},
            {"timestamp": "Mon Dec 07 18:45:00 UTC 2015"}
        ],
        [
            {"location": [[
                {"latitude": 63.412431},
                {"longitude": 10.436095}
            ]]},
            {"altitude": 153},
            {"distance_km": 5.78929},
            {"speed_kmh": 8.7995},
            {"timestamp": "Mon Dec 07 18:45:09 UTC 2015"}
        ],
        [
            {"location": [[
                {"latitude": 63.412612},
                {"longitude": 10.435903}
            ]]},
            {"altitude": 150},
            {"distance_km": 5.81161},
            {"speed_kmh": 8.80096},
            {"timestamp": "Mon Dec 07 18:45:18 UTC 2015"}
        ],
        [
            {"location": [[
                {"latitude": 63.412708},
                {"longitude": 10.435423}
            ]]},
            {"altitude": 155},
            {"distance_km": 5.83785},
            {"speed_kmh": 8.82285},
            {"timestamp": "Mon Dec 07 18:45:29 UTC 2015"}
        ],
        [
            {"location": [[
                {"latitude": 63.412804},
                {"longitude": 10.434969}
            ]]},
            {"altitude": 156},
            {"distance_km": 5.86296},
            {"speed_kmh": 8.8508},
            {"timestamp": "Mon Dec 07 18:45:39 UTC 2015"}
        ],
        [
            {"location": [[
                {"latitude": 63.41292},
                {"longitude": 10.434573}
            ]]},
            {"altitude": 154},
            {"distance_km": 5.88658},
            {"speed_kmh": 9.02838},
            {"timestamp": "Mon Dec 07 18:45:48 UTC 2015"}
        ],
        [
            {"location": [[
                {"latitude": 63.413056},
                {"longitude": 10.434397}
            ]]},
            {"altitude": 155},
            {"distance_km": 5.90406},
            {"speed_kmh": 9.6581},
            {"timestamp": "Mon Dec 07 18:45:54 UTC 2015"}
        ],
        [
            {"location": [[
                {"latitude": 63.413214},
                {"longitude": 10.434186}
            ]]},
            {"altitude": 149},
            {"distance_km": 5.9246},
            {"speed_kmh": 9.72504},
            {"timestamp": "Mon Dec 07 18:46:02 UTC 2015"}
        ],
        [
            {"location": [[
                {"latitude": 63.413337},
                {"longitude": 10.433802}
            ]]},
            {"altitude": 152},
            {"distance_km": 5.94816},
            {"speed_kmh": 9.71456},
            {"timestamp": "Mon Dec 07 18:46:11 UTC 2015"}
        ],
        [
            {"location": [[
                {"latitude": 63.413379},
                {"longitude": 10.433524}
            ]]},
            {"altitude": 153},
            {"distance_km": 5.96285},
            {"speed_kmh": 9.16059},
            {"timestamp": "Mon Dec 07 18:46:17 UTC 2015"}
        ],
        [
            {"location": [[
                {"latitude": 63.413409},
                {"longitude": 10.433042}
            ]]},
            {"altitude": 157},
            {"distance_km": 5.98714},
            {"speed_kmh": 8.99341},
            {"timestamp": "Mon Dec 07 18:46:27 UTC 2015"}
        ],
        [
            {"location": [[
                {"latitude": 63.413407},
                {"longitude": 10.432417}
            ]]},
            {"altitude": 152},
            {"distance_km": 6.0184},
            {"speed_kmh": 8.9755},
            {"timestamp": "Mon Dec 07 18:46:39 UTC 2015"}
        ],
        [
            {"location": [[
                {"latitude": 63.413426},
                {"longitude": 10.431931}
            ]]},
            {"altitude": 148},
            {"distance_km": 6.04275},
            {"speed_kmh": 9.28727},
            {"timestamp": "Mon Dec 07 18:46:48 UTC 2015"}
        ],
        [
            {"location": [[
                {"latitude": 63.413483},
                {"longitude": 10.431436}
            ]]},
            {"altitude": 154},
            {"distance_km": 6.0683},
            {"speed_kmh": 9.78396},
            {"timestamp": "Mon Dec 07 18:46:57 UTC 2015"}
        ],
        [
            {"location": [[
                {"latitude": 63.413506},
                {"longitude": 10.431169}
            ]]},
            {"altitude": 155},
            {"distance_km": 6.08189},
            {"speed_kmh": 9.91547},
            {"timestamp": "Mon Dec 07 18:47:02 UTC 2015"}
        ],
        [
            {"location": [[
                {"latitude": 63.413577},
                {"longitude": 10.430748}
            ]]},
            {"altitude": 153},
            {"distance_km": 6.10432},
            {"speed_kmh": 9.66017},
            {"timestamp": "Mon Dec 07 18:47:11 UTC 2015"}
        ],
        [
            {"location": [[
                {"latitude": 63.413601},
                {"longitude": 10.430449}
            ]]},
            {"altitude": 154},
            {"distance_km": 6.11953},
            {"speed_kmh": 9.28614},
            {"timestamp": "Mon Dec 07 18:47:17 UTC 2015"}
        ],
        [
            {"location": [[
                {"latitude": 63.413646},
                {"longitude": 10.429974}
            ]]},
            {"altitude": 151},
            {"distance_km": 6.14375},
            {"speed_kmh": 9.26394},
            {"timestamp": "Mon Dec 07 18:47:26 UTC 2015"}
        ],
        [
            {"location": [[
                {"latitude": 63.413662},
                {"longitude": 10.429812}
            ]]},
            {"altitude": 152},
            {"distance_km": 6.15203},
            {"speed_kmh": 9.51325},
            {"timestamp": "Mon Dec 07 18:47:29 UTC 2015"}
        ],
        [
            {"location": [[
                {"latitude": 63.413709},
                {"longitude": 10.429336}
            ]]},
            {"altitude": 152},
            {"distance_km": 6.1764},
            {"speed_kmh": 9.74804},
            {"timestamp": "Mon Dec 07 18:47:38 UTC 2015"}
        ],
        [
            {"location": [[
                {"latitude": 63.413759},
                {"longitude": 10.429031}
            ]]},
            {"altitude": 146},
            {"distance_km": 6.19265},
            {"speed_kmh": 9.76164},
            {"timestamp": "Mon Dec 07 18:47:44 UTC 2015"}
        ],
        [
            {"location": [[
                {"latitude": 63.413873},
                {"longitude": 10.428676}
            ]]},
            {"altitude": 145},
            {"distance_km": 6.2144},
            {"speed_kmh": 9.78056},
            {"timestamp": "Mon Dec 07 18:47:52 UTC 2015"}
        ],
        [
            {"location": [[
                {"latitude": 63.413913},
                {"longitude": 10.4285}
            ]]},
            {"altitude": 147},
            {"distance_km": 6.22431},
            {"speed_kmh": 9.47971},
            {"timestamp": "Mon Dec 07 18:47:56 UTC 2015"}
        ],
        [
            {"location": [[
                {"latitude": 63.413992},
                {"longitude": 10.428196}
            ]]},
            {"altitude": 143},
            {"distance_km": 6.24183},
            {"speed_kmh": 8.5694},
            {"timestamp": "Mon Dec 07 18:48:05 UTC 2015"}
        ],
        [
            {"location": [[
                {"latitude": 63.414054},
                {"longitude": 10.427862}
            ]]},
            {"altitude": 142},
            {"distance_km": 6.2599},
            {"speed_kmh": 7.99931},
            {"timestamp": "Mon Dec 07 18:48:13 UTC 2015"}
        ],
        [
            {"location": [[
                {"latitude": 63.414106},
                {"longitude": 10.427397}
            ]]},
            {"altitude": 140},
            {"distance_km": 6.28385},
            {"speed_kmh": 8.24257},
            {"timestamp": "Mon Dec 07 18:48:22 UTC 2015"}
        ],
        [
            {"location": [[
                {"latitude": 63.414108},
                {"longitude": 10.427098}
            ]]},
            {"altitude": 138},
            {"distance_km": 6.29876},
            {"speed_kmh": 8.14281},
            {"timestamp": "Mon Dec 07 18:48:30 UTC 2015"}
        ],
        [
            {"location": [[
                {"latitude": 63.414087},
                {"longitude": 10.425423}
            ]]},
            {"altitude": 157},
            {"distance_km": 6.38248},
            {"timestamp": "Mon Dec 07 18:49:05 UTC 2015"}
        ],
        [
            {"location": [[
                {"latitude": 63.414112},
                {"longitude": 10.425367}
            ]]},
            {"altitude": 151},
            {"distance_km": 6.47293},
            {"timestamp": "Mon Dec 07 18:49:16 UTC 2015"}
        ],
        [
            {"location": [[
                {"latitude": 63.414137},
                {"longitude": 10.424681}
            ]]},
            {"altitude": 137},
            {"distance_km": 6.50731},
            {"speed_kmh": 6.04121},
            {"timestamp": "Mon Dec 07 18:49:31 UTC 2015"}
        ],
        [
            {"location": [[
                {"latitude": 63.414126},
                {"longitude": 10.424222}
            ]]},
            {"altitude": 129},
            {"distance_km": 6.53026},
            {"speed_kmh": 5.47604},
            {"timestamp": "Mon Dec 07 18:49:43 UTC 2015"}
        ],
        [
            {"location": [[
                {"latitude": 63.414146},
                {"longitude": 10.423624}
            ]]},
            {"altitude": 123},
            {"distance_km": 6.56022},
            {"speed_kmh": 7.44391},
            {"timestamp": "Mon Dec 07 18:49:58 UTC 2015"}
        ],
        [
            {"location": [[
                {"latitude": 63.414136},
                {"longitude": 10.423229}
            ]]},
            {"altitude": 125},
            {"distance_km": 6.57998},
            {"speed_kmh": 7.33302},
            {"timestamp": "Mon Dec 07 18:50:07 UTC 2015"}
        ],
        [
            {"location": [[
                {"latitude": 63.414075},
                {"longitude": 10.422429}
            ]]},
            {"altitude": 126},
            {"distance_km": 6.62053},
            {"speed_kmh": 8.7553},
            {"timestamp": "Mon Dec 07 18:50:20 UTC 2015"}
        ],
        [
            {"location": [[
                {"latitude": 63.414064},
                {"longitude": 10.421906}
            ]]},
            {"altitude": 125},
            {"distance_km": 6.6467},
            {"speed_kmh": 9.87025},
            {"timestamp": "Mon Dec 07 18:50:29 UTC 2015"}
        ],
        [
            {"location": [[
                {"latitude": 63.414081},
                {"longitude": 10.421443}
            ]]},
            {"altitude": 123},
            {"distance_km": 6.66989},
            {"speed_kmh": 10.7235},
            {"timestamp": "Mon Dec 07 18:50:37 UTC 2015"}
        ],
        [
            {"location": [[
                {"latitude": 63.413997},
                {"longitude": 10.421215}
            ]]},
            {"altitude": 120},
            {"distance_km": 6.68464},
            {"speed_kmh": 10.5368},
            {"timestamp": "Mon Dec 07 18:50:42 UTC 2015"}
        ],
        [
            {"location": [[
                {"latitude": 63.413913},
                {"longitude": 10.421006}
            ]]},
            {"altitude": 119},
            {"distance_km": 6.69866},
            {"speed_kmh": 10.3817},
            {"timestamp": "Mon Dec 07 18:50:47 UTC 2015"}
        ],
        [
            {"location": [[
                {"latitude": 63.413835},
                {"longitude": 10.420545}
            ]]},
            {"altitude": 113},
            {"distance_km": 6.72326},
            {"speed_kmh": 9.85337},
            {"timestamp": "Mon Dec 07 18:50:57 UTC 2015"}
        ],
        [
            {"location": [[
                {"latitude": 63.413759},
                {"longitude": 10.420071}
            ]]},
            {"altitude": 106},
            {"distance_km": 6.7484},
            {"speed_kmh": 9.66335},
            {"timestamp": "Mon Dec 07 18:51:06 UTC 2015"}
        ],
        [
            {"location": [[
                {"latitude": 63.413643},
                {"longitude": 10.419696}
            ]]},
            {"altitude": 101},
            {"distance_km": 6.77119},
            {"speed_kmh": 9.72406},
            {"timestamp": "Mon Dec 07 18:51:14 UTC 2015"}
        ],
        [
            {"location": [[
                {"latitude": 63.413697},
                {"longitude": 10.419472}
            ]]},
            {"altitude": 102},
            {"distance_km": 6.78387},
            {"speed_kmh": 9.3037},
            {"timestamp": "Mon Dec 07 18:51:20 UTC 2015"}
        ],
        [
            {"location": [[
                {"latitude": 63.413742},
                {"longitude": 10.419306}
            ]]},
            {"altitude": 100},
            {"distance_km": 6.79361},
            {"speed_kmh": 7.62536},
            {"timestamp": "Mon Dec 07 18:51:27 UTC 2015"}
        ],
        [
            {"location": [[
                {"latitude": 63.413633},
                {"longitude": 10.418588}
            ]]},
            {"altitude": 97},
            {"distance_km": 6.83146},
            {"speed_kmh": 7.04418},
            {"timestamp": "Mon Dec 07 18:51:43 UTC 2015"}
        ],
        [
            {"location": [[
                {"latitude": 63.413621},
                {"longitude": 10.418033}
            ]]},
            {"altitude": 99},
            {"distance_km": 6.85923},
            {"speed_kmh": 7.84204},
            {"timestamp": "Mon Dec 07 18:51:53 UTC 2015"}
        ],
        [
            {"location": [[
                {"latitude": 63.413627},
                {"longitude": 10.417626}
            ]]},
            {"altitude": 95},
            {"distance_km": 6.87955},
            {"speed_kmh": 9.64962},
            {"timestamp": "Mon Dec 07 18:52:00 UTC 2015"}
        ],
        [
            {"location": [[
                {"latitude": 63.41362},
                {"longitude": 10.417133}
            ]]},
            {"altitude": 97},
            {"distance_km": 6.9042},
            {"speed_kmh": 10.514},
            {"timestamp": "Mon Dec 07 18:52:08 UTC 2015"}
        ],
        [
            {"location": [[
                {"latitude": 63.413628},
                {"longitude": 10.416651}
            ]]},
            {"altitude": 92},
            {"distance_km": 6.92829},
            {"speed_kmh": 10.7967},
            {"timestamp": "Mon Dec 07 18:52:16 UTC 2015"}
        ],
        [
            {"location": [[
                {"latitude": 63.41364},
                {"longitude": 10.416473}
            ]]},
            {"altitude": 90},
            {"distance_km": 6.93729},
            {"speed_kmh": 10.9104},
            {"timestamp": "Mon Dec 07 18:52:19 UTC 2015"}
        ],
        [
            {"location": [[
                {"latitude": 63.413632},
                {"longitude": 10.416015}
            ]]},
            {"altitude": 91},
            {"distance_km": 6.96018},
            {"speed_kmh": 10.6452},
            {"timestamp": "Mon Dec 07 18:52:27 UTC 2015"}
        ],
        [
            {"location": [[
                {"latitude": 63.413641},
                {"longitude": 10.415578}
            ]]},
            {"altitude": 92},
            {"distance_km": 6.98207},
            {"speed_kmh": 10.3096},
            {"timestamp": "Mon Dec 07 18:52:35 UTC 2015"}
        ],
        [
            {"location": [[
                {"latitude": 63.413681},
                {"longitude": 10.415183}
            ]]},
            {"altitude": 89},
            {"distance_km": 7.00227},
            {"speed_kmh": 9.41165},
            {"timestamp": "Mon Dec 07 18:52:44 UTC 2015"}
        ],
        [
            {"location": [[
                {"latitude": 63.41385},
                {"longitude": 10.414984}
            ]]},
            {"altitude": 87},
            {"distance_km": 7.0236},
            {"speed_kmh": 9.17471},
            {"timestamp": "Mon Dec 07 18:52:52 UTC 2015"}
        ],
        [
            {"location": [[
                {"latitude": 63.413962},
                {"longitude": 10.414766}
            ]]},
            {"altitude": 86},
            {"distance_km": 7.04014},
            {"speed_kmh": 9.20196},
            {"timestamp": "Mon Dec 07 18:52:58 UTC 2015"}
        ],
        [
            {"location": [[
                {"latitude": 63.414127},
                {"longitude": 10.414411}
            ]]},
            {"altitude": 86},
            {"distance_km": 7.06568},
            {"speed_kmh": 9.57134},
            {"timestamp": "Mon Dec 07 18:53:08 UTC 2015"}
        ],
        [
            {"location": [[
                {"latitude": 63.414148},
                {"longitude": 10.414}
            ]]},
            {"altitude": 87},
            {"distance_km": 7.08634},
            {"speed_kmh": 9.12056},
            {"timestamp": "Mon Dec 07 18:53:17 UTC 2015"}
        ],
        [
            {"location": [[
                {"latitude": 63.414153},
                {"longitude": 10.413531}
            ]]},
            {"altitude": 90},
            {"distance_km": 7.10975},
            {"speed_kmh": 8.94208},
            {"timestamp": "Mon Dec 07 18:53:26 UTC 2015"}
        ],
        [
            {"location": [[
                {"latitude": 63.414153},
                {"longitude": 10.413531}
            ]]},
            {"distance_km": 7.10975},
            {"timestamp": "Mon Dec 07 18:53:31 UTC 2015"}
        ],
        [
            {"location": [[
                {"latitude": 63.414153},
                {"longitude": 10.413531}
            ]]},
            {"distance_km": 7.10975},
            {"timestamp": "Mon Dec 07 18:53:59 UTC 2015"}
        ]
    ]}
]