[
    {"sport": "RUNNING"},
    {"source": "TRACK_MOBILE"},
    {"created_date": "2016-08-23 13:44:14.0"},
    {"start_time": "2016-08-23 13:09:12.0"},
    {"end_time": "2016-08-23 13:40:36.0"},
    {"duration_s": 1883},
    {"distance_km": 5.105469226837158},
    {"calories_kcal": 317},
    {"altitude_min_m": 152},
    {"altitude_max_m": 190},
    {"speed_avg_kmh": 9.760854602556435},
    {"speed_max_kmh": 13.475},
    {"hydration_l": 0.195499},
    {"ascend_m": 54},
    {"descend_m": 61},
    {"points": [
        [
            {"location": [[
                {"latitude": 60.024088},
                {"longitude": 11.115121}
            ]]},
            {"distance_km": 0},
            {"timestamp": "Tue Aug 23 13:09:12 UTC 2016"}
        ],
        [
            {"location": [[
                {"latitude": 60.024088},
                {"longitude": 11.115121}
            ]]},
            {"altitude": 182},
            {"distance_km": 0},
            {"timestamp": "Tue Aug 23 13:09:13 UTC 2016"}
        ],
        [
            {"location": [[
                {"latitude": 60.024241},
                {"longitude": 11.115001}
            ]]},
            {"altitude": 182},
            {"distance_km": 0.036568},
            {"timestamp": "Tue Aug 23 13:09:44 UTC 2016"}
        ],
        [
            {"location": [[
                {"latitude": 60.024393},
                {"longitude": 11.114964}
            ]]},
            {"altitude": 183},
            {"distance_km": 0.053647},
            {"timestamp": "Tue Aug 23 13:09:50 UTC 2016"}
        ],
        [
            {"location": [[
                {"latitude": 60.024519},
                {"longitude": 11.114913}
            ]]},
            {"altitude": 183},
            {"distance_km": 0.06798},
            {"speed_kmh": 6.99202},
            {"timestamp": "Tue Aug 23 13:09:56 UTC 2016"}
        ],
        [
            {"location": [[
                {"latitude": 60.024641},
                {"longitude": 11.11485}
            ]]},
            {"altitude": 183},
            {"distance_km": 0.081975},
            {"speed_kmh": 9.64856},
            {"timestamp": "Tue Aug 23 13:10:01 UTC 2016"}
        ],
        [
            {"location": [[
                {"latitude": 60.024848},
                {"longitude": 11.114936}
            ]]},
            {"altitude": 182},
            {"distance_km": 0.105582},
            {"speed_kmh": 9.76718},
            {"timestamp": "Tue Aug 23 13:10:09 UTC 2016"}
        ],
        [
            {"location": [[
                {"latitude": 60.025063},
                {"longitude": 11.115076}
            ]]},
            {"altitude": 182},
            {"distance_km": 0.130733},
            {"speed_kmh": 11.2117},
            {"timestamp": "Tue Aug 23 13:10:16 UTC 2016"}
        ],
        [
            {"location": [[
                {"latitude": 60.025213},
                {"longitude": 11.115198}
            ]]},
            {"altitude": 176},
            {"distance_km": 0.14886},
            {"speed_kmh": 11.4719},
            {"timestamp": "Tue Aug 23 13:10:22 UTC 2016"}
        ],
        [
            {"location": [[
                {"latitude": 60.02541},
                {"longitude": 11.11533}
            ]]},
            {"altitude": 179},
            {"distance_km": 0.171995},
            {"speed_kmh": 11.9041},
            {"timestamp": "Tue Aug 23 13:10:29 UTC 2016"}
        ],
        [
            {"location": [[
                {"latitude": 60.025521},
                {"longitude": 11.115478}
            ]]},
            {"altitude": 177},
            {"distance_km": 0.186878},
            {"speed_kmh": 11.1632},
            {"timestamp": "Tue Aug 23 13:10:34 UTC 2016"}
        ],
        [
            {"location": [[
                {"latitude": 60.025668},
                {"longitude": 11.115703}
            ]]},
            {"altitude": 178},
            {"distance_km": 0.207516},
            {"speed_kmh": 11.0759},
            {"timestamp": "Tue Aug 23 13:10:41 UTC 2016"}
        ],
        [
            {"location": [[
                {"latitude": 60.025825},
                {"longitude": 11.115846}
            ]]},
            {"altitude": 186},
            {"distance_km": 0.226699},
            {"speed_kmh": 10.3984},
            {"timestamp": "Tue Aug 23 13:10:48 UTC 2016"}
        ],
        [
            {"location": [[
                {"latitude": 60.026027},
                {"longitude": 11.115862}
            ]]},
            {"altitude": 185},
            {"distance_km": 0.249261},
            {"speed_kmh": 9.83567},
            {"timestamp": "Tue Aug 23 13:10:57 UTC 2016"}
        ],
        [
            {"location": [[
                {"latitude": 60.026191},
                {"longitude": 11.115727}
            ]]},
            {"altitude": 185},
            {"distance_km": 0.268956},
            {"speed_kmh": 9.67467},
            {"timestamp": "Tue Aug 23 13:11:04 UTC 2016"}
        ],
        [
            {"location": [[
                {"latitude": 60.026336},
                {"longitude": 11.115753}
            ]]},
            {"altitude": 182},
            {"distance_km": 0.285164},
            {"speed_kmh": 9.62601},
            {"timestamp": "Tue Aug 23 13:11:10 UTC 2016"}
        ],
        [
            {"location": [[
                {"latitude": 60.026423},
                {"longitude": 11.115964}
            ]]},
            {"altitude": 182},
            {"distance_km": 0.300418},
            {"speed_kmh": 10.2763},
            {"timestamp": "Tue Aug 23 13:11:15 UTC 2016"}
        ],
        [
            {"location": [[
                {"latitude": 60.026351},
                {"longitude": 11.116268}
            ]]},
            {"altitude": 177},
            {"distance_km": 0.319136},
            {"speed_kmh": 9.70872},
            {"timestamp": "Tue Aug 23 13:11:23 UTC 2016"}
        ],
        [
            {"location": [[
                {"latitude": 60.026185},
                {"longitude": 11.116335}
            ]]},
            {"altitude": 178},
            {"distance_km": 0.338004},
            {"speed_kmh": 8.98322},
            {"timestamp": "Tue Aug 23 13:11:32 UTC 2016"}
        ],
        [
            {"location": [[
                {"latitude": 60.026185},
                {"longitude": 11.116335}
            ]]},
            {"altitude": 178},
            {"distance_km": 0.338004},
            {"timestamp": "Tue Aug 23 13:11:40 UTC 2016"}
        ],
        [
            {"location": [[
                {"latitude": 60.026185},
                {"longitude": 11.116335}
            ]]},
            {"altitude": 178},
            {"distance_km": 0.338004},
            {"timestamp": "Tue Aug 23 13:11:41 UTC 2016"}
        ],
        [
            {"location": [[
                {"latitude": 60.02645},
                {"longitude": 11.116134}
            ]]},
            {"altitude": 180},
            {"distance_km": 0.401109},
            {"speed_kmh": 6.3094},
            {"timestamp": "Tue Aug 23 13:11:47 UTC 2016"}
        ],
        [
            {"location": [[
                {"latitude": 60.026581},
                {"longitude": 11.116101}
            ]]},
            {"altitude": 182},
            {"distance_km": 0.415783},
            {"speed_kmh": 9.82768},
            {"timestamp": "Tue Aug 23 13:11:52 UTC 2016"}
        ],
        [
            {"location": [[
                {"latitude": 60.026768},
                {"longitude": 11.116031}
            ]]},
            {"altitude": 185},
            {"distance_km": 0.437056},
            {"speed_kmh": 13.475},
            {"timestamp": "Tue Aug 23 13:11:59 UTC 2016"}
        ],
        [
            {"location": [[
                {"latitude": 60.02698},
                {"longitude": 11.115957}
            ]]},
            {"altitude": 181},
            {"distance_km": 0.461023},
            {"speed_kmh": 10.7602},
            {"timestamp": "Tue Aug 23 13:12:07 UTC 2016"}
        ],
        [
            {"location": [[
                {"latitude": 60.027178},
                {"longitude": 11.115889}
            ]]},
            {"altitude": 180},
            {"distance_km": 0.483378},
            {"speed_kmh": 10.5956},
            {"timestamp": "Tue Aug 23 13:12:15 UTC 2016"}
        ],
        [
            {"location": [[
                {"latitude": 60.027406},
                {"longitude": 11.115837}
            ]]},
            {"altitude": 184},
            {"distance_km": 0.508991},
            {"speed_kmh": 10.363},
            {"timestamp": "Tue Aug 23 13:12:24 UTC 2016"}
        ],
        [
            {"location": [[
                {"latitude": 60.027597},
                {"longitude": 11.115897}
            ]]},
            {"altitude": 185},
            {"distance_km": 0.530503},
            {"speed_kmh": 10.4561},
            {"timestamp": "Tue Aug 23 13:12:31 UTC 2016"}
        ],
        [
            {"location": [[
                {"latitude": 60.027597},
                {"longitude": 11.115897}
            ]]},
            {"altitude": 185},
            {"distance_km": 0.530503},
            {"timestamp": "Tue Aug 23 13:12:37 UTC 2016"}
        ],
        [
            {"location": [[
                {"latitude": 60.027597},
                {"longitude": 11.115897}
            ]]},
            {"altitude": 185},
            {"distance_km": 0.530503},
            {"timestamp": "Tue Aug 23 13:12:39 UTC 2016"}
        ],
        [
            {"location": [[
                {"latitude": 60.027746},
                {"longitude": 11.116009}
            ]]},
            {"altitude": 186},
            {"distance_km": 0.565942},
            {"speed_kmh": 1.25123},
            {"timestamp": "Tue Aug 23 13:12:56 UTC 2016"}
        ],
        [
            {"location": [[
                {"latitude": 60.027961},
                {"longitude": 11.11592}
            ]]},
            {"altitude": 183},
            {"distance_km": 0.590428},
            {"speed_kmh": 5.44774},
            {"timestamp": "Tue Aug 23 13:13:03 UTC 2016"}
        ],
        [
            {"location": [[
                {"latitude": 60.028187},
                {"longitude": 11.115778}
            ]]},
            {"altitude": 179},
            {"distance_km": 0.616834},
            {"speed_kmh": 9.4126},
            {"timestamp": "Tue Aug 23 13:13:11 UTC 2016"}
        ],
        [
            {"location": [[
                {"latitude": 60.028277},
                {"longitude": 11.11573}
            ]]},
            {"altitude": 180},
            {"distance_km": 0.627147},
            {"speed_kmh": 12.277},
            {"timestamp": "Tue Aug 23 13:13:14 UTC 2016"}
        ],
        [
            {"location": [[
                {"latitude": 60.02851},
                {"longitude": 11.115551}
            ]]},
            {"altitude": 183},
            {"distance_km": 0.655018},
            {"speed_kmh": 12.2648},
            {"timestamp": "Tue Aug 23 13:13:22 UTC 2016"}
        ],
        [
            {"location": [[
                {"latitude": 60.0286},
                {"longitude": 11.115485}
            ]]},
            {"altitude": 182},
            {"distance_km": 0.665674},
            {"speed_kmh": 12.558},
            {"timestamp": "Tue Aug 23 13:13:25 UTC 2016"}
        ],
        [
            {"location": [[
                {"latitude": 60.02873},
                {"longitude": 11.115445}
            ]]},
            {"altitude": 183},
            {"distance_km": 0.680353},
            {"speed_kmh": 12.8418},
            {"timestamp": "Tue Aug 23 13:13:29 UTC 2016"}
        ],
        [
            {"location": [[
                {"latitude": 60.028949},
                {"longitude": 11.11537}
            ]]},
            {"altitude": 184},
            {"distance_km": 0.705087},
            {"speed_kmh": 12.9},
            {"timestamp": "Tue Aug 23 13:13:36 UTC 2016"}
        ],
        [
            {"location": [[
                {"latitude": 60.029074},
                {"longitude": 11.11533}
            ]]},
            {"altitude": 189},
            {"distance_km": 0.719205},
            {"speed_kmh": 12.8761},
            {"timestamp": "Tue Aug 23 13:13:40 UTC 2016"}
        ],
        [
            {"location": [[
                {"latitude": 60.029244},
                {"longitude": 11.115222}
            ]]},
            {"altitude": 190},
            {"distance_km": 0.739028},
            {"speed_kmh": 12.4407},
            {"timestamp": "Tue Aug 23 13:13:46 UTC 2016"}
        ],
        [
            {"location": [[
                {"latitude": 60.029442},
                {"longitude": 11.115078}
            ]]},
            {"altitude": 186},
            {"distance_km": 0.762577},
            {"speed_kmh": 11.731},
            {"timestamp": "Tue Aug 23 13:13:54 UTC 2016"}
        ],
        [
            {"location": [[
                {"latitude": 60.029557},
                {"longitude": 11.114986}
            ]]},
            {"altitude": 184},
            {"distance_km": 0.776329},
            {"speed_kmh": 10.7959},
            {"timestamp": "Tue Aug 23 13:13:59 UTC 2016"}
        ],
        [
            {"location": [[
                {"latitude": 60.029776},
                {"longitude": 11.114911}
            ]]},
            {"altitude": 181},
            {"distance_km": 0.801131},
            {"speed_kmh": 10.1385},
            {"timestamp": "Tue Aug 23 13:14:08 UTC 2016"}
        ],
        [
            {"location": [[
                {"latitude": 60.029973},
                {"longitude": 11.114938}
            ]]},
            {"altitude": 181},
            {"distance_km": 0.823128},
            {"speed_kmh": 10.3754},
            {"timestamp": "Tue Aug 23 13:14:15 UTC 2016"}
        ],
        [
            {"location": [[
                {"latitude": 60.030044},
                {"longitude": 11.114662}
            ]]},
            {"altitude": 180},
            {"distance_km": 0.840469},
            {"speed_kmh": 9.38907},
            {"timestamp": "Tue Aug 23 13:14:24 UTC 2016"}
        ],
        [
            {"location": [[
                {"latitude": 60.02994},
                {"longitude": 11.114209}
            ]]},
            {"altitude": 180},
            {"distance_km": 0.868243},
            {"speed_kmh": 9.41595},
            {"timestamp": "Tue Aug 23 13:14:34 UTC 2016"}
        ],
        [
            {"location": [[
                {"latitude": 60.029751},
                {"longitude": 11.113943}
            ]]},
            {"altitude": 176},
            {"distance_km": 0.893978},
            {"speed_kmh": 9.50646},
            {"timestamp": "Tue Aug 23 13:14:42 UTC 2016"}
        ],
        [
            {"location": [[
                {"latitude": 60.029583},
                {"longitude": 11.113808}
            ]]},
            {"altitude": 175},
            {"distance_km": 0.914186},
            {"speed_kmh": 11.2347},
            {"timestamp": "Tue Aug 23 13:14:48 UTC 2016"}
        ],
        [
            {"location": [[
                {"latitude": 60.02943},
                {"longitude": 11.1137}
            ]]},
            {"altitude": 172},
            {"distance_km": 0.932269},
            {"speed_kmh": 11.5172},
            {"timestamp": "Tue Aug 23 13:14:54 UTC 2016"}
        ],
        [
            {"location": [[
                {"latitude": 60.029206},
                {"longitude": 11.11352}
            ]]},
            {"altitude": 172},
            {"distance_km": 0.959205},
            {"speed_kmh": 11.6998},
            {"timestamp": "Tue Aug 23 13:15:02 UTC 2016"}
        ],
        [
            {"location": [[
                {"latitude": 60.029047},
                {"longitude": 11.113389}
            ]]},
            {"altitude": 173},
            {"distance_km": 0.978277},
            {"speed_kmh": 11.4733},
            {"timestamp": "Tue Aug 23 13:15:08 UTC 2016"}
        ],
        [
            {"location": [[
                {"latitude": 60.028839},
                {"longitude": 11.113176}
            ]]},
            {"altitude": 174},
            {"distance_km": 1.00438},
            {"speed_kmh": 11.7715},
            {"timestamp": "Tue Aug 23 13:15:16 UTC 2016"}
        ],
        [
            {"location": [[
                {"latitude": 60.028617},
                {"longitude": 11.112975}
            ]]},
            {"altitude": 173},
            {"distance_km": 1.03149},
            {"speed_kmh": 11.7945},
            {"timestamp": "Tue Aug 23 13:15:24 UTC 2016"}
        ],
        [
            {"location": [[
                {"latitude": 60.028451},
                {"longitude": 11.112821}
            ]]},
            {"altitude": 176},
            {"distance_km": 1.0519},
            {"speed_kmh": 12.0627},
            {"timestamp": "Tue Aug 23 13:15:30 UTC 2016"}
        ],
        [
            {"location": [[
                {"latitude": 60.028312},
                {"longitude": 11.112667}
            ]]},
            {"altitude": 174},
            {"distance_km": 1.06964},
            {"speed_kmh": 12.4061},
            {"timestamp": "Tue Aug 23 13:15:35 UTC 2016"}
        ],
        [
            {"location": [[
                {"latitude": 60.02812},
                {"longitude": 11.112488}
            ]]},
            {"altitude": 172},
            {"distance_km": 1.09319},
            {"speed_kmh": 12.3777},
            {"timestamp": "Tue Aug 23 13:15:42 UTC 2016"}
        ],
        [
            {"location": [[
                {"latitude": 60.027906},
                {"longitude": 11.112343}
            ]]},
            {"altitude": 169},
            {"distance_km": 1.11841},
            {"speed_kmh": 12.0791},
            {"timestamp": "Tue Aug 23 13:15:50 UTC 2016"}
        ],
        [
            {"location": [[
                {"latitude": 60.027719},
                {"longitude": 11.112185}
            ]]},
            {"altitude": 166},
            {"distance_km": 1.14104},
            {"speed_kmh": 11.6982},
            {"timestamp": "Tue Aug 23 13:15:57 UTC 2016"}
        ],
        [
            {"location": [[
                {"latitude": 60.027515},
                {"longitude": 11.111952}
            ]]},
            {"altitude": 162},
            {"distance_km": 1.16718},
            {"speed_kmh": 11.5817},
            {"timestamp": "Tue Aug 23 13:16:05 UTC 2016"}
        ],
        [
            {"location": [[
                {"latitude": 60.027312},
                {"longitude": 11.111758}
            ]]},
            {"altitude": 166},
            {"distance_km": 1.19227},
            {"speed_kmh": 11.564},
            {"timestamp": "Tue Aug 23 13:16:13 UTC 2016"}
        ],
        [
            {"location": [[
                {"latitude": 60.027175},
                {"longitude": 11.111648}
            ]]},
            {"altitude": 167},
            {"distance_km": 1.20872},
            {"speed_kmh": 11.6345},
            {"timestamp": "Tue Aug 23 13:16:18 UTC 2016"}
        ],
        [
            {"location": [[
                {"latitude": 60.026965},
                {"longitude": 11.111425}
            ]]},
            {"altitude": 170},
            {"distance_km": 1.23519},
            {"speed_kmh": 11.6838},
            {"timestamp": "Tue Aug 23 13:16:26 UTC 2016"}
        ],
        [
            {"location": [[
                {"latitude": 60.026783},
                {"longitude": 11.111173}
            ]]},
            {"altitude": 169},
            {"distance_km": 1.25986},
            {"speed_kmh": 11.617},
            {"timestamp": "Tue Aug 23 13:16:34 UTC 2016"}
        ],
        [
            {"location": [[
                {"latitude": 60.026603},
                {"longitude": 11.110763}
            ]]},
            {"altitude": 167},
            {"distance_km": 1.29032},
            {"speed_kmh": 12.2404},
            {"timestamp": "Tue Aug 23 13:16:42 UTC 2016"}
        ],
        [
            {"location": [[
                {"latitude": 60.026501},
                {"longitude": 11.110437}
            ]]},
            {"altitude": 168},
            {"distance_km": 1.31173},
            {"speed_kmh": 12.5514},
            {"timestamp": "Tue Aug 23 13:16:48 UTC 2016"}
        ],
        [
            {"location": [[
                {"latitude": 60.026404},
                {"longitude": 11.110125}
            ]]},
            {"altitude": 169},
            {"distance_km": 1.33218},
            {"speed_kmh": 12.9388},
            {"timestamp": "Tue Aug 23 13:16:54 UTC 2016"}
        ],
        [
            {"location": [[
                {"latitude": 60.026342},
                {"longitude": 11.109786}
            ]]},
            {"altitude": 170},
            {"distance_km": 1.35233},
            {"speed_kmh": 11.8225},
            {"timestamp": "Tue Aug 23 13:17:01 UTC 2016"}
        ],
        [
            {"location": [[
                {"latitude": 60.026197},
                {"longitude": 11.109476}
            ]]},
            {"altitude": 166},
            {"distance_km": 1.376},
            {"speed_kmh": 11.0938},
            {"timestamp": "Tue Aug 23 13:17:09 UTC 2016"}
        ],
        [
            {"location": [[
                {"latitude": 60.026109},
                {"longitude": 11.109336}
            ]]},
            {"altitude": 163},
            {"distance_km": 1.38855},
            {"speed_kmh": 10.7676},
            {"timestamp": "Tue Aug 23 13:17:13 UTC 2016"}
        ],
        [
            {"location": [[
                {"latitude": 60.025947},
                {"longitude": 11.109003}
            ]]},
            {"altitude": 164},
            {"distance_km": 1.41441},
            {"speed_kmh": 11.1944},
            {"timestamp": "Tue Aug 23 13:17:21 UTC 2016"}
        ],
        [
            {"location": [[
                {"latitude": 60.025813},
                {"longitude": 11.108574}
            ]]},
            {"altitude": 167},
            {"distance_km": 1.4426},
            {"speed_kmh": 11.3988},
            {"timestamp": "Tue Aug 23 13:17:30 UTC 2016"}
        ],
        [
            {"location": [[
                {"latitude": 60.025721},
                {"longitude": 11.108228}
            ]]},
            {"altitude": 166},
            {"distance_km": 1.46445},
            {"speed_kmh": 11.3846},
            {"timestamp": "Tue Aug 23 13:17:37 UTC 2016"}
        ],
        [
            {"location": [[
                {"latitude": 60.025588},
                {"longitude": 11.107841}
            ]]},
            {"altitude": 166},
            {"distance_km": 1.49064},
            {"speed_kmh": 10.9784},
            {"timestamp": "Tue Aug 23 13:17:46 UTC 2016"}
        ],
        [
            {"location": [[
                {"latitude": 60.025481},
                {"longitude": 11.107508}
            ]]},
            {"altitude": 168},
            {"distance_km": 1.51269},
            {"speed_kmh": 10.5486},
            {"timestamp": "Tue Aug 23 13:17:54 UTC 2016"}
        ],
        [
            {"location": [[
                {"latitude": 60.025468},
                {"longitude": 11.107172}
            ]]},
            {"altitude": 170},
            {"distance_km": 1.5315},
            {"speed_kmh": 9.62181},
            {"timestamp": "Tue Aug 23 13:18:02 UTC 2016"}
        ],
        [
            {"location": [[
                {"latitude": 60.02552},
                {"longitude": 11.106771}
            ]]},
            {"altitude": 172},
            {"distance_km": 1.55459},
            {"speed_kmh": 9.2275},
            {"timestamp": "Tue Aug 23 13:18:11 UTC 2016"}
        ],
        [
            {"location": [[
                {"latitude": 60.025368},
                {"longitude": 11.106491}
            ]]},
            {"altitude": 172},
            {"distance_km": 1.5776},
            {"speed_kmh": 9.3458},
            {"timestamp": "Tue Aug 23 13:18:19 UTC 2016"}
        ],
        [
            {"location": [[
                {"latitude": 60.025185},
                {"longitude": 11.106271}
            ]]},
            {"altitude": 168},
            {"distance_km": 1.60142},
            {"speed_kmh": 10.1032},
            {"timestamp": "Tue Aug 23 13:18:27 UTC 2016"}
        ],
        [
            {"location": [[
                {"latitude": 60.025057},
                {"longitude": 11.106092}
            ]]},
            {"altitude": 162},
            {"distance_km": 1.6188},
            {"speed_kmh": 10.499},
            {"timestamp": "Tue Aug 23 13:18:33 UTC 2016"}
        ],
        [
            {"location": [[
                {"latitude": 60.024972},
                {"longitude": 11.105755}
            ]]},
            {"altitude": 161},
            {"distance_km": 1.63982},
            {"speed_kmh": 9.85796},
            {"timestamp": "Tue Aug 23 13:18:42 UTC 2016"}
        ],
        [
            {"location": [[
                {"latitude": 60.024937},
                {"longitude": 11.105466}
            ]]},
            {"altitude": 161},
            {"distance_km": 1.65641},
            {"speed_kmh": 10.2554},
            {"timestamp": "Tue Aug 23 13:18:47 UTC 2016"}
        ],
        [
            {"location": [[
                {"latitude": 60.024937},
                {"longitude": 11.105046}
            ]]},
            {"altitude": 160},
            {"distance_km": 1.67983},
            {"speed_kmh": 10.2937},
            {"timestamp": "Tue Aug 23 13:18:55 UTC 2016"}
        ],
        [
            {"location": [[
                {"latitude": 60.024932},
                {"longitude": 11.104742}
            ]]},
            {"altitude": 163},
            {"distance_km": 1.69676},
            {"speed_kmh": 10.8764},
            {"timestamp": "Tue Aug 23 13:19:01 UTC 2016"}
        ],
        [
            {"location": [[
                {"latitude": 60.024929},
                {"longitude": 11.104459}
            ]]},
            {"altitude": 161},
            {"distance_km": 1.71256},
            {"speed_kmh": 10.0621},
            {"timestamp": "Tue Aug 23 13:19:07 UTC 2016"}
        ],
        [
            {"location": [[
                {"latitude": 60.024901},
                {"longitude": 11.104192}
            ]]},
            {"altitude": 160},
            {"distance_km": 1.72777},
            {"speed_kmh": 9.58833},
            {"timestamp": "Tue Aug 23 13:19:13 UTC 2016"}
        ],
        [
            {"location": [[
                {"latitude": 60.024844},
                {"longitude": 11.103835}
            ]]},
            {"altitude": 161},
            {"distance_km": 1.74868},
            {"speed_kmh": 8.98945},
            {"timestamp": "Tue Aug 23 13:19:22 UTC 2016"}
        ],
        [
            {"location": [[
                {"latitude": 60.024694},
                {"longitude": 11.103622}
            ]]},
            {"altitude": 159},
            {"distance_km": 1.76919},
            {"speed_kmh": 8.56395},
            {"timestamp": "Tue Aug 23 13:19:31 UTC 2016"}
        ],
        [
            {"location": [[
                {"latitude": 60.024607},
                {"longitude": 11.103394}
            ]]},
            {"altitude": 160},
            {"distance_km": 1.78518},
            {"speed_kmh": 8.26835},
            {"timestamp": "Tue Aug 23 13:19:38 UTC 2016"}
        ],
        [
            {"location": [[
                {"latitude": 60.024559},
                {"longitude": 11.103147}
            ]]},
            {"altitude": 158},
            {"distance_km": 1.79996},
            {"speed_kmh": 8.42871},
            {"timestamp": "Tue Aug 23 13:19:44 UTC 2016"}
        ],
        [
            {"location": [[
                {"latitude": 60.024422},
                {"longitude": 11.103373}
            ]]},
            {"altitude": 157},
            {"distance_km": 1.81971},
            {"speed_kmh": 8.32798},
            {"timestamp": "Tue Aug 23 13:19:53 UTC 2016"}
        ],
        [
            {"location": [[
                {"latitude": 60.024281},
                {"longitude": 11.10369}
            ]]},
            {"altitude": 157},
            {"distance_km": 1.84336},
            {"speed_kmh": 9.13394},
            {"timestamp": "Tue Aug 23 13:20:01 UTC 2016"}
        ],
        [
            {"location": [[
                {"latitude": 60.024197},
                {"longitude": 11.103911}
            ]]},
            {"altitude": 157},
            {"distance_km": 1.85888},
            {"speed_kmh": 9.90551},
            {"timestamp": "Tue Aug 23 13:20:06 UTC 2016"}
        ],
        [
            {"location": [[
                {"latitude": 60.024035},
                {"longitude": 11.104203}
            ]]},
            {"altitude": 160},
            {"distance_km": 1.88314},
            {"speed_kmh": 10.9112},
            {"timestamp": "Tue Aug 23 13:20:14 UTC 2016"}
        ],
        [
            {"location": [[
                {"latitude": 60.023905},
                {"longitude": 11.104563}
            ]]},
            {"altitude": 162},
            {"distance_km": 1.90787},
            {"speed_kmh": 11.0695},
            {"timestamp": "Tue Aug 23 13:20:22 UTC 2016"}
        ],
        [
            {"location": [[
                {"latitude": 60.023803},
                {"longitude": 11.105004}
            ]]},
            {"altitude": 161},
            {"distance_km": 1.935},
            {"speed_kmh": 10.9713},
            {"timestamp": "Tue Aug 23 13:20:31 UTC 2016"}
        ],
        [
            {"location": [[
                {"latitude": 60.02373},
                {"longitude": 11.105197}
            ]]},
            {"altitude": 163},
            {"distance_km": 1.94845},
            {"speed_kmh": 10.0216},
            {"timestamp": "Tue Aug 23 13:20:37 UTC 2016"}
        ],
        [
            {"location": [[
                {"latitude": 60.023615},
                {"longitude": 11.105482}
            ]]},
            {"altitude": 162},
            {"distance_km": 1.96889},
            {"speed_kmh": 9.37749},
            {"timestamp": "Tue Aug 23 13:20:45 UTC 2016"}
        ],
        [
            {"location": [[
                {"latitude": 60.023561},
                {"longitude": 11.105923}
            ]]},
            {"altitude": 160},
            {"distance_km": 1.99421},
            {"speed_kmh": 8.794},
            {"timestamp": "Tue Aug 23 13:20:55 UTC 2016"}
        ],
        [
            {"location": [[
                {"latitude": 60.023555},
                {"longitude": 11.106191}
            ]]},
            {"altitude": 162},
            {"distance_km": 2.00919},
            {"speed_kmh": 9.09879},
            {"timestamp": "Tue Aug 23 13:21:01 UTC 2016"}
        ],
        [
            {"location": [[
                {"latitude": 60.023559},
                {"longitude": 11.106419}
            ]]},
            {"altitude": 164},
            {"distance_km": 2.02189},
            {"speed_kmh": 8.57364},
            {"timestamp": "Tue Aug 23 13:21:07 UTC 2016"}
        ],
        [
            {"location": [[
                {"latitude": 60.023556},
                {"longitude": 11.106767}
            ]]},
            {"altitude": 164},
            {"distance_km": 2.0413},
            {"speed_kmh": 8.44689},
            {"timestamp": "Tue Aug 23 13:21:15 UTC 2016"}
        ],
        [
            {"location": [[
                {"latitude": 60.023545},
                {"longitude": 11.107038}
            ]]},
            {"altitude": 162},
            {"distance_km": 2.05649},
            {"speed_kmh": 8.49012},
            {"timestamp": "Tue Aug 23 13:21:21 UTC 2016"}
        ],
        [
            {"location": [[
                {"latitude": 60.023573},
                {"longitude": 11.10728}
            ]]},
            {"altitude": 160},
            {"distance_km": 2.07035},
            {"speed_kmh": 9.27369},
            {"timestamp": "Tue Aug 23 13:21:26 UTC 2016"}
        ],
        [
            {"location": [[
                {"latitude": 60.02359},
                {"longitude": 11.107654}
            ]]},
            {"altitude": 158},
            {"distance_km": 2.09125},
            {"speed_kmh": 9.93985},
            {"timestamp": "Tue Aug 23 13:21:33 UTC 2016"}
        ],
        [
            {"location": [[
                {"latitude": 60.02361},
                {"longitude": 11.108055}
            ]]},
            {"altitude": 159},
            {"distance_km": 2.11374},
            {"speed_kmh": 10.2821},
            {"timestamp": "Tue Aug 23 13:21:41 UTC 2016"}
        ],
        [
            {"location": [[
                {"latitude": 60.023617},
                {"longitude": 11.108424}
            ]]},
            {"altitude": 159},
            {"distance_km": 2.13431},
            {"speed_kmh": 10.0206},
            {"timestamp": "Tue Aug 23 13:21:49 UTC 2016"}
        ],
        [
            {"location": [[
                {"latitude": 60.023565},
                {"longitude": 11.108907}
            ]]},
            {"altitude": 164},
            {"distance_km": 2.1619},
            {"speed_kmh": 9.46842},
            {"timestamp": "Tue Aug 23 13:22:00 UTC 2016"}
        ],
        [
            {"location": [[
                {"latitude": 60.023506},
                {"longitude": 11.109228}
            ]]},
            {"altitude": 160},
            {"distance_km": 2.18098},
            {"speed_kmh": 8.9454},
            {"timestamp": "Tue Aug 23 13:22:08 UTC 2016"}
        ],
        [
            {"location": [[
                {"latitude": 60.023649},
                {"longitude": 11.109528}
            ]]},
            {"altitude": 159},
            {"distance_km": 2.20408},
            {"speed_kmh": 8.65994},
            {"timestamp": "Tue Aug 23 13:22:18 UTC 2016"}
        ],
        [
            {"location": [[
                {"latitude": 60.023805},
                {"longitude": 11.109702}
            ]]},
            {"altitude": 159},
            {"distance_km": 2.22402},
            {"speed_kmh": 9.6211},
            {"timestamp": "Tue Aug 23 13:22:24 UTC 2016"}
        ],
        [
            {"location": [[
                {"latitude": 60.023894},
                {"longitude": 11.109982}
            ]]},
            {"altitude": 161},
            {"distance_km": 2.24254},
            {"speed_kmh": 10.4616},
            {"timestamp": "Tue Aug 23 13:22:30 UTC 2016"}
        ],
        [
            {"location": [[
                {"latitude": 60.023837},
                {"longitude": 11.110362}
            ]]},
            {"altitude": 162},
            {"distance_km": 2.26465},
            {"speed_kmh": 11.4736},
            {"timestamp": "Tue Aug 23 13:22:37 UTC 2016"}
        ],
        [
            {"location": [[
                {"latitude": 60.023754},
                {"longitude": 11.110671}
            ]]},
            {"altitude": 164},
            {"distance_km": 2.28424},
            {"speed_kmh": 11.4045},
            {"timestamp": "Tue Aug 23 13:22:43 UTC 2016"}
        ],
        [
            {"location": [[
                {"latitude": 60.023665},
                {"longitude": 11.111069}
            ]]},
            {"altitude": 168},
            {"distance_km": 2.30856},
            {"speed_kmh": 11.3541},
            {"timestamp": "Tue Aug 23 13:22:51 UTC 2016"}
        ],
        [
            {"location": [[
                {"latitude": 60.02361},
                {"longitude": 11.111335}
            ]]},
            {"altitude": 169},
            {"distance_km": 2.32462},
            {"speed_kmh": 10.777},
            {"timestamp": "Tue Aug 23 13:22:57 UTC 2016"}
        ],
        [
            {"location": [[
                {"latitude": 60.023506},
                {"longitude": 11.111658}
            ]]},
            {"altitude": 169},
            {"distance_km": 2.34599},
            {"speed_kmh": 10.0419},
            {"timestamp": "Tue Aug 23 13:23:05 UTC 2016"}
        ],
        [
            {"location": [[
                {"latitude": 60.023432},
                {"longitude": 11.112036}
            ]]},
            {"altitude": 171},
            {"distance_km": 2.36864},
            {"speed_kmh": 9.82154},
            {"timestamp": "Tue Aug 23 13:23:13 UTC 2016"}
        ],
        [
            {"location": [[
                {"latitude": 60.023379},
                {"longitude": 11.112259}
            ]]},
            {"altitude": 172},
            {"distance_km": 2.38242},
            {"speed_kmh": 9.90819},
            {"timestamp": "Tue Aug 23 13:23:18 UTC 2016"}
        ],
        [
            {"location": [[
                {"latitude": 60.023259},
                {"longitude": 11.112653}
            ]]},
            {"altitude": 176},
            {"distance_km": 2.40812},
            {"speed_kmh": 9.81167},
            {"timestamp": "Tue Aug 23 13:23:28 UTC 2016"}
        ],
        [
            {"location": [[
                {"latitude": 60.023222},
                {"longitude": 11.11291}
            ]]},
            {"altitude": 177},
            {"distance_km": 2.42305},
            {"speed_kmh": 9.36666},
            {"timestamp": "Tue Aug 23 13:23:34 UTC 2016"}
        ],
        [
            {"location": [[
                {"latitude": 60.023312},
                {"longitude": 11.113316}
            ]]},
            {"altitude": 178},
            {"distance_km": 2.44778},
            {"speed_kmh": 9.36801},
            {"timestamp": "Tue Aug 23 13:23:43 UTC 2016"}
        ],
        [
            {"location": [[
                {"latitude": 60.023414},
                {"longitude": 11.113591}
            ]]},
            {"altitude": 173},
            {"distance_km": 2.46685},
            {"speed_kmh": 9.54592},
            {"timestamp": "Tue Aug 23 13:23:50 UTC 2016"}
        ],
        [
            {"location": [[
                {"latitude": 60.023535},
                {"longitude": 11.113989}
            ]]},
            {"altitude": 174},
            {"distance_km": 2.49282},
            {"speed_kmh": 10.0304},
            {"timestamp": "Tue Aug 23 13:23:59 UTC 2016"}
        ],
        [
            {"location": [[
                {"latitude": 60.023607},
                {"longitude": 11.114205}
            ]]},
            {"altitude": 174},
            {"distance_km": 2.50729},
            {"speed_kmh": 10.2033},
            {"timestamp": "Tue Aug 23 13:24:04 UTC 2016"}
        ],
        [
            {"location": [[
                {"latitude": 60.02369},
                {"longitude": 11.114594}
            ]]},
            {"altitude": 174},
            {"distance_km": 2.53084},
            {"speed_kmh": 10.4719},
            {"timestamp": "Tue Aug 23 13:24:12 UTC 2016"}
        ],
        [
            {"location": [[
                {"latitude": 60.023849},
                {"longitude": 11.114815}
            ]]},
            {"altitude": 172},
            {"distance_km": 2.55241},
            {"speed_kmh": 9.85976},
            {"timestamp": "Tue Aug 23 13:24:21 UTC 2016"}
        ],
        [
            {"location": [[
                {"latitude": 60.023969},
                {"longitude": 11.114791}
            ]]},
            {"altitude": 172},
            {"distance_km": 2.56594},
            {"speed_kmh": 8.43543},
            {"timestamp": "Tue Aug 23 13:24:29 UTC 2016"}
        ],
        [
            {"location": [[
                {"latitude": 60.024307},
                {"longitude": 11.1148}
            ]]},
            {"altitude": 171},
            {"distance_km": 2.60358},
            {"speed_kmh": 7.91435},
            {"timestamp": "Tue Aug 23 13:24:44 UTC 2016"}
        ],
        [
            {"location": [[
                {"latitude": 60.024451},
                {"longitude": 11.114801}
            ]]},
            {"altitude": 171},
            {"distance_km": 2.61956},
            {"speed_kmh": 8.25699},
            {"timestamp": "Tue Aug 23 13:24:50 UTC 2016"}
        ],
        [
            {"location": [[
                {"latitude": 60.02453},
                {"longitude": 11.114831}
            ]]},
            {"altitude": 170},
            {"distance_km": 2.62852},
            {"speed_kmh": 9.78919},
            {"timestamp": "Tue Aug 23 13:24:53 UTC 2016"}
        ],
        [
            {"location": [[
                {"latitude": 60.02469},
                {"longitude": 11.114915}
            ]]},
            {"altitude": 170},
            {"distance_km": 2.64699},
            {"speed_kmh": 11.2126},
            {"timestamp": "Tue Aug 23 13:24:58 UTC 2016"}
        ],
        [
            {"location": [[
                {"latitude": 60.024877},
                {"longitude": 11.115013}
            ]]},
            {"altitude": 176},
            {"distance_km": 2.66855},
            {"speed_kmh": 12.3243},
            {"timestamp": "Tue Aug 23 13:25:04 UTC 2016"}
        ],
        [
            {"location": [[
                {"latitude": 60.025071},
                {"longitude": 11.115106}
            ]]},
            {"altitude": 176},
            {"distance_km": 2.69076},
            {"speed_kmh": 12.553},
            {"timestamp": "Tue Aug 23 13:25:11 UTC 2016"}
        ],
        [
            {"location": [[
                {"latitude": 60.025202},
                {"longitude": 11.115175}
            ]]},
            {"altitude": 175},
            {"distance_km": 2.70588},
            {"speed_kmh": 11.7095},
            {"timestamp": "Tue Aug 23 13:25:16 UTC 2016"}
        ],
        [
            {"location": [[
                {"latitude": 60.025421},
                {"longitude": 11.115354}
            ]]},
            {"altitude": 175},
            {"distance_km": 2.73217},
            {"speed_kmh": 10.9241},
            {"timestamp": "Tue Aug 23 13:25:25 UTC 2016"}
        ],
        [
            {"location": [[
                {"latitude": 60.025546},
                {"longitude": 11.115536}
            ]]},
            {"altitude": 174},
            {"distance_km": 2.74942},
            {"speed_kmh": 10.5627},
            {"timestamp": "Tue Aug 23 13:25:31 UTC 2016"}
        ],
        [
            {"location": [[
                {"latitude": 60.025667},
                {"longitude": 11.115723}
            ]]},
            {"altitude": 178},
            {"distance_km": 2.76647},
            {"speed_kmh": 10.3821},
            {"timestamp": "Tue Aug 23 13:25:37 UTC 2016"}
        ],
        [
            {"location": [[
                {"latitude": 60.0258},
                {"longitude": 11.115941}
            ]]},
            {"altitude": 174},
            {"distance_km": 2.78563},
            {"speed_kmh": 9.73337},
            {"timestamp": "Tue Aug 23 13:25:45 UTC 2016"}
        ],
        [
            {"location": [[
                {"latitude": 60.026052},
                {"longitude": 11.115792}
            ]]},
            {"altitude": 171},
            {"distance_km": 2.81497},
            {"speed_kmh": 9.48704},
            {"timestamp": "Tue Aug 23 13:25:56 UTC 2016"}
        ],
        [
            {"location": [[
                {"latitude": 60.026258},
                {"longitude": 11.115731}
            ]]},
            {"altitude": 171},
            {"distance_km": 2.83812},
            {"speed_kmh": 9.54979},
            {"timestamp": "Tue Aug 23 13:26:04 UTC 2016"}
        ],
        [
            {"location": [[
                {"latitude": 60.026388},
                {"longitude": 11.116119}
            ]]},
            {"altitude": 170},
            {"distance_km": 2.86413},
            {"speed_kmh": 10.143},
            {"timestamp": "Tue Aug 23 13:26:13 UTC 2016"}
        ],
        [
            {"location": [[
                {"latitude": 60.026233},
                {"longitude": 11.11632}
            ]]},
            {"altitude": 169},
            {"distance_km": 2.88467},
            {"speed_kmh": 10.4617},
            {"timestamp": "Tue Aug 23 13:26:20 UTC 2016"}
        ],
        [
            {"location": [[
                {"latitude": 60.026109},
                {"longitude": 11.116242}
            ]]},
            {"altitude": 172},
            {"distance_km": 2.89919},
            {"speed_kmh": 8.57238},
            {"timestamp": "Tue Aug 23 13:26:31 UTC 2016"}
        ],
        [
            {"location": [[
                {"latitude": 60.026294},
                {"longitude": 11.116183}
            ]]},
            {"altitude": 175},
            {"distance_km": 2.9201},
            {"speed_kmh": 7.61342},
            {"timestamp": "Tue Aug 23 13:26:41 UTC 2016"}
        ],
        [
            {"location": [[
                {"latitude": 60.026619},
                {"longitude": 11.1161}
            ]]},
            {"altitude": 176},
            {"distance_km": 2.95654},
            {"speed_kmh": 7.73905},
            {"timestamp": "Tue Aug 23 13:26:53 UTC 2016"}
        ],
        [
            {"location": [[
                {"latitude": 60.026814},
                {"longitude": 11.116046}
            ]]},
            {"altitude": 178},
            {"distance_km": 2.9785},
            {"speed_kmh": 9.44677},
            {"timestamp": "Tue Aug 23 13:27:01 UTC 2016"}
        ],
        [
            {"location": [[
                {"latitude": 60.026986},
                {"longitude": 11.116005}
            ]]},
            {"altitude": 178},
            {"distance_km": 2.99785},
            {"speed_kmh": 10.2568},
            {"timestamp": "Tue Aug 23 13:27:08 UTC 2016"}
        ],
        [
            {"location": [[
                {"latitude": 60.027216},
                {"longitude": 11.11589}
            ]]},
            {"altitude": 178},
            {"distance_km": 3.02425},
            {"speed_kmh": 9.77964},
            {"timestamp": "Tue Aug 23 13:27:18 UTC 2016"}
        ],
        [
            {"location": [[
                {"latitude": 60.027416},
                {"longitude": 11.115859}
            ]]},
            {"altitude": 181},
            {"distance_km": 3.04657},
            {"speed_kmh": 9.83446},
            {"timestamp": "Tue Aug 23 13:27:26 UTC 2016"}
        ],
        [
            {"location": [[
                {"latitude": 60.027566},
                {"longitude": 11.115924}
            ]]},
            {"altitude": 183},
            {"distance_km": 3.06373},
            {"speed_kmh": 9.94795},
            {"timestamp": "Tue Aug 23 13:27:32 UTC 2016"}
        ],
        [
            {"location": [[
                {"latitude": 60.02766},
                {"longitude": 11.115978}
            ]]},
            {"altitude": 185},
            {"distance_km": 3.07457},
            {"speed_kmh": 10.0321},
            {"timestamp": "Tue Aug 23 13:27:36 UTC 2016"}
        ],
        [
            {"location": [[
                {"latitude": 60.027732},
                {"longitude": 11.116024}
            ]]},
            {"altitude": 183},
            {"distance_km": 3.08301},
            {"speed_kmh": 10.044},
            {"timestamp": "Tue Aug 23 13:27:39 UTC 2016"}
        ],
        [
            {"location": [[
                {"latitude": 60.027968},
                {"longitude": 11.115977}
            ]]},
            {"altitude": 179},
            {"distance_km": 3.10941},
            {"speed_kmh": 9.78256},
            {"timestamp": "Tue Aug 23 13:27:49 UTC 2016"}
        ],
        [
            {"location": [[
                {"latitude": 60.028084},
                {"longitude": 11.115885}
            ]]},
            {"altitude": 180},
            {"distance_km": 3.12338},
            {"speed_kmh": 9.87837},
            {"timestamp": "Tue Aug 23 13:27:54 UTC 2016"}
        ],
        [
            {"location": [[
                {"latitude": 60.028285},
                {"longitude": 11.115754}
            ]]},
            {"altitude": 176},
            {"distance_km": 3.14694},
            {"speed_kmh": 9.66246},
            {"timestamp": "Tue Aug 23 13:28:03 UTC 2016"}
        ],
        [
            {"location": [[
                {"latitude": 60.028494},
                {"longitude": 11.115624}
            ]]},
            {"altitude": 179},
            {"distance_km": 3.17127},
            {"speed_kmh": 9.73448},
            {"timestamp": "Tue Aug 23 13:28:12 UTC 2016"}
        ],
        [
            {"location": [[
                {"latitude": 60.028736},
                {"longitude": 11.115519}
            ]]},
            {"altitude": 174},
            {"distance_km": 3.19884},
            {"speed_kmh": 9.69723},
            {"timestamp": "Tue Aug 23 13:28:22 UTC 2016"}
        ],
        [
            {"location": [[
                {"latitude": 60.028846},
                {"longitude": 11.115449}
            ]]},
            {"altitude": 177},
            {"distance_km": 3.21177},
            {"speed_kmh": 9.65792},
            {"timestamp": "Tue Aug 23 13:28:27 UTC 2016"}
        ],
        [
            {"location": [[
                {"latitude": 60.029023},
                {"longitude": 11.115393}
            ]]},
            {"altitude": 180},
            {"distance_km": 3.23164},
            {"speed_kmh": 10.3872},
            {"timestamp": "Tue Aug 23 13:28:33 UTC 2016"}
        ],
        [
            {"location": [[
                {"latitude": 60.029188},
                {"longitude": 11.115293}
            ]]},
            {"altitude": 178},
            {"distance_km": 3.25096},
            {"speed_kmh": 10.3835},
            {"timestamp": "Tue Aug 23 13:28:40 UTC 2016"}
        ],
        [
            {"location": [[
                {"latitude": 60.029391},
                {"longitude": 11.115135}
            ]]},
            {"altitude": 176},
            {"distance_km": 3.27517},
            {"speed_kmh": 10.5096},
            {"timestamp": "Tue Aug 23 13:28:49 UTC 2016"}
        ],
        [
            {"location": [[
                {"latitude": 60.029539},
                {"longitude": 11.11509}
            ]]},
            {"altitude": 173},
            {"distance_km": 3.29185},
            {"speed_kmh": 9.39118},
            {"timestamp": "Tue Aug 23 13:28:56 UTC 2016"}
        ],
        [
            {"location": [[
                {"latitude": 60.029723},
                {"longitude": 11.115127}
            ]]},
            {"altitude": 169},
            {"distance_km": 3.31247},
            {"speed_kmh": 8.83976},
            {"timestamp": "Tue Aug 23 13:29:05 UTC 2016"}
        ],
        [
            {"location": [[
                {"latitude": 60.029866},
                {"longitude": 11.115093}
            ]]},
            {"altitude": 169},
            {"distance_km": 3.32851},
            {"speed_kmh": 8.81625},
            {"timestamp": "Tue Aug 23 13:29:11 UTC 2016"}
        ],
        [
            {"location": [[
                {"latitude": 60.030036},
                {"longitude": 11.114991}
            ]]},
            {"altitude": 171},
            {"distance_km": 3.3483},
            {"speed_kmh": 9.34772},
            {"timestamp": "Tue Aug 23 13:29:18 UTC 2016"}
        ],
        [
            {"location": [[
                {"latitude": 60.029924},
                {"longitude": 11.114634}
            ]]},
            {"altitude": 174},
            {"distance_km": 3.37182},
            {"speed_kmh": 9.41867},
            {"timestamp": "Tue Aug 23 13:29:28 UTC 2016"}
        ],
        [
            {"location": [[
                {"latitude": 60.029878},
                {"longitude": 11.114172}
            ]]},
            {"altitude": 175},
            {"distance_km": 3.3981},
            {"speed_kmh": 10.1534},
            {"timestamp": "Tue Aug 23 13:29:36 UTC 2016"}
        ],
        [
            {"location": [[
                {"latitude": 60.029769},
                {"longitude": 11.113921}
            ]]},
            {"altitude": 174},
            {"distance_km": 3.41659},
            {"speed_kmh": 9.93714},
            {"timestamp": "Tue Aug 23 13:29:43 UTC 2016"}
        ],
        [
            {"location": [[
                {"latitude": 60.029575},
                {"longitude": 11.113782}
            ]]},
            {"altitude": 174},
            {"distance_km": 3.4396},
            {"speed_kmh": 10.1796},
            {"timestamp": "Tue Aug 23 13:29:52 UTC 2016"}
        ],
        [
            {"location": [[
                {"latitude": 60.029393},
                {"longitude": 11.113656}
            ]]},
            {"altitude": 174},
            {"distance_km": 3.46101},
            {"speed_kmh": 9.90974},
            {"timestamp": "Tue Aug 23 13:29:59 UTC 2016"}
        ],
        [
            {"location": [[
                {"latitude": 60.029261},
                {"longitude": 11.113569}
            ]]},
            {"altitude": 172},
            {"distance_km": 3.47649},
            {"speed_kmh": 10.4548},
            {"timestamp": "Tue Aug 23 13:30:04 UTC 2016"}
        ],
        [
            {"location": [[
                {"latitude": 60.029116},
                {"longitude": 11.113468}
            ]]},
            {"altitude": 172},
            {"distance_km": 3.49361},
            {"speed_kmh": 10.8093},
            {"timestamp": "Tue Aug 23 13:30:10 UTC 2016"}
        ],
        [
            {"location": [[
                {"latitude": 60.028918},
                {"longitude": 11.113328}
            ]]},
            {"altitude": 170},
            {"distance_km": 3.51699},
            {"speed_kmh": 10.2542},
            {"timestamp": "Tue Aug 23 13:30:19 UTC 2016"}
        ],
        [
            {"location": [[
                {"latitude": 60.028655},
                {"longitude": 11.113126}
            ]]},
            {"altitude": 170},
            {"distance_km": 3.54837},
            {"speed_kmh": 9.96374},
            {"timestamp": "Tue Aug 23 13:30:30 UTC 2016"}
        ],
        [
            {"location": [[
                {"latitude": 60.028472},
                {"longitude": 11.112942}
            ]]},
            {"altitude": 169},
            {"distance_km": 3.57124},
            {"speed_kmh": 9.9712},
            {"timestamp": "Tue Aug 23 13:30:38 UTC 2016"}
        ],
        [
            {"location": [[
                {"latitude": 60.028291},
                {"longitude": 11.112775}
            ]]},
            {"altitude": 170},
            {"distance_km": 3.59341},
            {"speed_kmh": 10.6554},
            {"timestamp": "Tue Aug 23 13:30:45 UTC 2016"}
        ],
        [
            {"location": [[
                {"latitude": 60.028144},
                {"longitude": 11.112582}
            ]]},
            {"altitude": 166},
            {"distance_km": 3.61307},
            {"speed_kmh": 10.6023},
            {"timestamp": "Tue Aug 23 13:30:52 UTC 2016"}
        ],
        [
            {"location": [[
                {"latitude": 60.027923},
                {"longitude": 11.112352}
            ]]},
            {"altitude": 168},
            {"distance_km": 3.64078},
            {"speed_kmh": 10.4955},
            {"timestamp": "Tue Aug 23 13:31:02 UTC 2016"}
        ],
        [
            {"location": [[
                {"latitude": 60.0277},
                {"longitude": 11.112148}
            ]]},
            {"altitude": 167},
            {"distance_km": 3.66811},
            {"speed_kmh": 10.3387},
            {"timestamp": "Tue Aug 23 13:31:11 UTC 2016"}
        ],
        [
            {"location": [[
                {"latitude": 60.027509},
                {"longitude": 11.111975}
            ]]},
            {"altitude": 167},
            {"distance_km": 3.69155},
            {"speed_kmh": 10.4846},
            {"timestamp": "Tue Aug 23 13:31:19 UTC 2016"}
        ],
        [
            {"location": [[
                {"latitude": 60.027332},
                {"longitude": 11.11178}
            ]]},
            {"altitude": 166},
            {"distance_km": 3.71399},
            {"speed_kmh": 10.5264},
            {"timestamp": "Tue Aug 23 13:31:27 UTC 2016"}
        ],
        [
            {"location": [[
                {"latitude": 60.027225},
                {"longitude": 11.111646}
            ]]},
            {"altitude": 167},
            {"distance_km": 3.72807},
            {"speed_kmh": 10.2603},
            {"timestamp": "Tue Aug 23 13:31:32 UTC 2016"}
        ],
        [
            {"location": [[
                {"latitude": 60.027024},
                {"longitude": 11.111461}
            ]]},
            {"altitude": 167},
            {"distance_km": 3.75271},
            {"speed_kmh": 10.0305},
            {"timestamp": "Tue Aug 23 13:31:41 UTC 2016"}
        ],
        [
            {"location": [[
                {"latitude": 60.026874},
                {"longitude": 11.111321}
            ]]},
            {"altitude": 164},
            {"distance_km": 3.7712},
            {"speed_kmh": 9.82502},
            {"timestamp": "Tue Aug 23 13:31:48 UTC 2016"}
        ],
        [
            {"location": [[
                {"latitude": 60.026684},
                {"longitude": 11.110992}
            ]]},
            {"altitude": 164},
            {"distance_km": 3.79917},
            {"speed_kmh": 10.1826},
            {"timestamp": "Tue Aug 23 13:31:57 UTC 2016"}
        ],
        [
            {"location": [[
                {"latitude": 60.026527},
                {"longitude": 11.110746}
            ]]},
            {"altitude": 168},
            {"distance_km": 3.82145},
            {"speed_kmh": 10.7072},
            {"timestamp": "Tue Aug 23 13:32:04 UTC 2016"}
        ],
        [
            {"location": [[
                {"latitude": 60.026459},
                {"longitude": 11.11036}
            ]]},
            {"altitude": 171},
            {"distance_km": 3.84424},
            {"speed_kmh": 10.9737},
            {"timestamp": "Tue Aug 23 13:32:12 UTC 2016"}
        ],
        [
            {"location": [[
                {"latitude": 60.026416},
                {"longitude": 11.110123}
            ]]},
            {"altitude": 172},
            {"distance_km": 3.85828},
            {"speed_kmh": 10.6042},
            {"timestamp": "Tue Aug 23 13:32:17 UTC 2016"}
        ],
        [
            {"location": [[
                {"latitude": 60.026375},
                {"longitude": 11.109734}
            ]]},
            {"altitude": 173},
            {"distance_km": 3.88046},
            {"speed_kmh": 10.5922},
            {"timestamp": "Tue Aug 23 13:32:24 UTC 2016"}
        ],
        [
            {"location": [[
                {"latitude": 60.02626},
                {"longitude": 11.109452}
            ]]},
            {"altitude": 175},
            {"distance_km": 3.90071},
            {"speed_kmh": 10.636},
            {"timestamp": "Tue Aug 23 13:32:31 UTC 2016"}
        ],
        [
            {"location": [[
                {"latitude": 60.026165},
                {"longitude": 11.109206}
            ]]},
            {"altitude": 169},
            {"distance_km": 3.91807},
            {"speed_kmh": 10.74},
            {"timestamp": "Tue Aug 23 13:32:37 UTC 2016"}
        ],
        [
            {"location": [[
                {"latitude": 60.025976},
                {"longitude": 11.108949}
            ]]},
            {"altitude": 169},
            {"distance_km": 3.94354},
            {"speed_kmh": 10.3346},
            {"timestamp": "Tue Aug 23 13:32:46 UTC 2016"}
        ],
        [
            {"location": [[
                {"latitude": 60.025889},
                {"longitude": 11.108633}
            ]]},
            {"altitude": 170},
            {"distance_km": 3.96365},
            {"speed_kmh": 9.87938},
            {"timestamp": "Tue Aug 23 13:32:54 UTC 2016"}
        ],
        [
            {"location": [[
                {"latitude": 60.025758},
                {"longitude": 11.108279}
            ]]},
            {"altitude": 166},
            {"distance_km": 3.98819},
            {"speed_kmh": 9.67925},
            {"timestamp": "Tue Aug 23 13:33:03 UTC 2016"}
        ],
        [
            {"location": [[
                {"latitude": 60.025642},
                {"longitude": 11.107928}
            ]]},
            {"altitude": 165},
            {"distance_km": 4.01165},
            {"speed_kmh": 9.4173},
            {"timestamp": "Tue Aug 23 13:33:12 UTC 2016"}
        ],
        [
            {"location": [[
                {"latitude": 60.025552},
                {"longitude": 11.107749}
            ]]},
            {"altitude": 162},
            {"distance_km": 4.02578},
            {"speed_kmh": 9.22326},
            {"timestamp": "Tue Aug 23 13:33:18 UTC 2016"}
        ],
        [
            {"location": [[
                {"latitude": 60.025475},
                {"longitude": 11.107501}
            ]]},
            {"altitude": 161},
            {"distance_km": 4.04205},
            {"speed_kmh": 9.19296},
            {"timestamp": "Tue Aug 23 13:33:24 UTC 2016"}
        ],
        [
            {"location": [[
                {"latitude": 60.025461},
                {"longitude": 11.10728}
            ]]},
            {"altitude": 161},
            {"distance_km": 4.05446},
            {"speed_kmh": 9.05162},
            {"timestamp": "Tue Aug 23 13:33:29 UTC 2016"}
        ],
        [
            {"location": [[
                {"latitude": 60.02553},
                {"longitude": 11.106959}
            ]]},
            {"altitude": 164},
            {"distance_km": 4.07395},
            {"speed_kmh": 9.14896},
            {"timestamp": "Tue Aug 23 13:33:37 UTC 2016"}
        ],
        [
            {"location": [[
                {"latitude": 60.025461},
                {"longitude": 11.10672}
            ]]},
            {"altitude": 165},
            {"distance_km": 4.08934},
            {"speed_kmh": 8.98547},
            {"timestamp": "Tue Aug 23 13:33:43 UTC 2016"}
        ],
        [
            {"location": [[
                {"latitude": 60.025348},
                {"longitude": 11.106497}
            ]]},
            {"altitude": 163},
            {"distance_km": 4.10699},
            {"speed_kmh": 9.51714},
            {"timestamp": "Tue Aug 23 13:33:49 UTC 2016"}
        ],
        [
            {"location": [[
                {"latitude": 60.025189},
                {"longitude": 11.106364}
            ]]},
            {"altitude": 160},
            {"distance_km": 4.1262},
            {"speed_kmh": 9.88823},
            {"timestamp": "Tue Aug 23 13:33:56 UTC 2016"}
        ],
        [
            {"location": [[
                {"latitude": 60.02508},
                {"longitude": 11.106089}
            ]]},
            {"altitude": 158},
            {"distance_km": 4.14582},
            {"speed_kmh": 9.75805},
            {"timestamp": "Tue Aug 23 13:34:04 UTC 2016"}
        ],
        [
            {"location": [[
                {"latitude": 60.025021},
                {"longitude": 11.105725}
            ]]},
            {"altitude": 158},
            {"distance_km": 4.16714},
            {"speed_kmh": 9.43277},
            {"timestamp": "Tue Aug 23 13:34:12 UTC 2016"}
        ],
        [
            {"location": [[
                {"latitude": 60.025001},
                {"longitude": 11.105293}
            ]]},
            {"altitude": 161},
            {"distance_km": 4.19133},
            {"speed_kmh": 9.76394},
            {"timestamp": "Tue Aug 23 13:34:20 UTC 2016"}
        ],
        [
            {"location": [[
                {"latitude": 60.024987},
                {"longitude": 11.104906}
            ]]},
            {"altitude": 163},
            {"distance_km": 4.21293},
            {"speed_kmh": 10.0538},
            {"timestamp": "Tue Aug 23 13:34:28 UTC 2016"}
        ],
        [
            {"location": [[
                {"latitude": 60.024974},
                {"longitude": 11.104493}
            ]]},
            {"altitude": 166},
            {"distance_km": 4.236},
            {"speed_kmh": 10.3153},
            {"timestamp": "Tue Aug 23 13:34:36 UTC 2016"}
        ],
        [
            {"location": [[
                {"latitude": 60.02496},
                {"longitude": 11.104064}
            ]]},
            {"altitude": 163},
            {"distance_km": 4.25999},
            {"speed_kmh": 9.89489},
            {"timestamp": "Tue Aug 23 13:34:45 UTC 2016"}
        ],
        [
            {"location": [[
                {"latitude": 60.024827},
                {"longitude": 11.103761}
            ]]},
            {"altitude": 162},
            {"distance_km": 4.28249},
            {"speed_kmh": 9.68541},
            {"timestamp": "Tue Aug 23 13:34:54 UTC 2016"}
        ],
        [
            {"location": [[
                {"latitude": 60.024726},
                {"longitude": 11.103507}
            ]]},
            {"altitude": 161},
            {"distance_km": 4.30057},
            {"speed_kmh": 9.32555},
            {"timestamp": "Tue Aug 23 13:35:01 UTC 2016"}
        ],
        [
            {"location": [[
                {"latitude": 60.024662},
                {"longitude": 11.103123}
            ]]},
            {"altitude": 161},
            {"distance_km": 4.32312},
            {"speed_kmh": 9.13063},
            {"timestamp": "Tue Aug 23 13:35:10 UTC 2016"}
        ],
        [
            {"location": [[
                {"latitude": 60.024456},
                {"longitude": 11.103177}
            ]]},
            {"altitude": 165},
            {"distance_km": 4.3463},
            {"speed_kmh": 8.88781},
            {"timestamp": "Tue Aug 23 13:35:20 UTC 2016"}
        ],
        [
            {"location": [[
                {"latitude": 60.024379},
                {"longitude": 11.103452}
            ]]},
            {"altitude": 162},
            {"distance_km": 4.3639},
            {"speed_kmh": 9.30674},
            {"timestamp": "Tue Aug 23 13:35:26 UTC 2016"}
        ],
        [
            {"location": [[
                {"latitude": 60.024273},
                {"longitude": 11.10382}
            ]]},
            {"altitude": 161},
            {"distance_km": 4.38752},
            {"speed_kmh": 9.45379},
            {"timestamp": "Tue Aug 23 13:35:35 UTC 2016"}
        ],
        [
            {"location": [[
                {"latitude": 60.024198},
                {"longitude": 11.104002}
            ]]},
            {"altitude": 160},
            {"distance_km": 4.40073},
            {"speed_kmh": 9.83855},
            {"timestamp": "Tue Aug 23 13:35:40 UTC 2016"}
        ],
        [
            {"location": [[
                {"latitude": 60.024111},
                {"longitude": 11.104175}
            ]]},
            {"altitude": 156},
            {"distance_km": 4.41437},
            {"speed_kmh": 10.4076},
            {"timestamp": "Tue Aug 23 13:35:44 UTC 2016"}
        ],
        [
            {"location": [[
                {"latitude": 60.023985},
                {"longitude": 11.104488}
            ]]},
            {"altitude": 152},
            {"distance_km": 4.43682},
            {"speed_kmh": 11.1023},
            {"timestamp": "Tue Aug 23 13:35:51 UTC 2016"}
        ],
        [
            {"location": [[
                {"latitude": 60.023833},
                {"longitude": 11.10481}
            ]]},
            {"altitude": 154},
            {"distance_km": 4.46147},
            {"speed_kmh": 11.2215},
            {"timestamp": "Tue Aug 23 13:36:00 UTC 2016"}
        ],
        [
            {"location": [[
                {"latitude": 60.023762},
                {"longitude": 11.10514}
            ]]},
            {"altitude": 153},
            {"distance_km": 4.4815},
            {"speed_kmh": 9.80591},
            {"timestamp": "Tue Aug 23 13:36:09 UTC 2016"}
        ],
        [
            {"location": [[
                {"latitude": 60.02363},
                {"longitude": 11.105598}
            ]]},
            {"altitude": 153},
            {"distance_km": 4.51095},
            {"speed_kmh": 8.90422},
            {"timestamp": "Tue Aug 23 13:36:21 UTC 2016"}
        ],
        [
            {"location": [[
                {"latitude": 60.023549},
                {"longitude": 11.106108}
            ]]},
            {"altitude": 152},
            {"distance_km": 4.5408},
            {"speed_kmh": 8.87342},
            {"timestamp": "Tue Aug 23 13:36:32 UTC 2016"}
        ],
        [
            {"location": [[
                {"latitude": 60.023537},
                {"longitude": 11.106481}
            ]]},
            {"altitude": 152},
            {"distance_km": 4.56166},
            {"speed_kmh": 9.33101},
            {"timestamp": "Tue Aug 23 13:36:40 UTC 2016"}
        ],
        [
            {"location": [[
                {"latitude": 60.023515},
                {"longitude": 11.106714}
            ]]},
            {"altitude": 154},
            {"distance_km": 4.57485},
            {"speed_kmh": 9.54842},
            {"timestamp": "Tue Aug 23 13:36:45 UTC 2016"}
        ],
        [
            {"location": [[
                {"latitude": 60.023489},
                {"longitude": 11.107135}
            ]]},
            {"altitude": 156},
            {"distance_km": 4.59852},
            {"speed_kmh": 9.44758},
            {"timestamp": "Tue Aug 23 13:36:54 UTC 2016"}
        ],
        [
            {"location": [[
                {"latitude": 60.023558},
                {"longitude": 11.107551}
            ]]},
            {"altitude": 156},
            {"distance_km": 4.62297},
            {"speed_kmh": 9.58135},
            {"timestamp": "Tue Aug 23 13:37:03 UTC 2016"}
        ],
        [
            {"location": [[
                {"latitude": 60.023611},
                {"longitude": 11.107971}
            ]]},
            {"altitude": 160},
            {"distance_km": 4.6471},
            {"speed_kmh": 10.0357},
            {"timestamp": "Tue Aug 23 13:37:11 UTC 2016"}
        ],
        [
            {"location": [[
                {"latitude": 60.023641},
                {"longitude": 11.108351}
            ]]},
            {"altitude": 161},
            {"distance_km": 4.66859},
            {"speed_kmh": 9.74727},
            {"timestamp": "Tue Aug 23 13:37:20 UTC 2016"}
        ],
        [
            {"location": [[
                {"latitude": 60.023623},
                {"longitude": 11.108693}
            ]]},
            {"altitude": 159},
            {"distance_km": 4.68773},
            {"speed_kmh": 9.76403},
            {"timestamp": "Tue Aug 23 13:37:27 UTC 2016"}
        ],
        [
            {"location": [[
                {"latitude": 60.023527},
                {"longitude": 11.109154}
            ]]},
            {"altitude": 155},
            {"distance_km": 4.71559},
            {"speed_kmh": 9.48876},
            {"timestamp": "Tue Aug 23 13:37:37 UTC 2016"}
        ],
        [
            {"location": [[
                {"latitude": 60.02359},
                {"longitude": 11.109525}
            ]]},
            {"altitude": 159},
            {"distance_km": 4.73738},
            {"speed_kmh": 9.52897},
            {"timestamp": "Tue Aug 23 13:37:46 UTC 2016"}
        ],
        [
            {"location": [[
                {"latitude": 60.023737},
                {"longitude": 11.109701}
            ]]},
            {"altitude": 161},
            {"distance_km": 4.75652},
            {"speed_kmh": 8.80093},
            {"timestamp": "Tue Aug 23 13:37:55 UTC 2016"}
        ],
        [
            {"location": [[
                {"latitude": 60.023846},
                {"longitude": 11.110009}
            ]]},
            {"altitude": 158},
            {"distance_km": 4.77754},
            {"speed_kmh": 7.98046},
            {"timestamp": "Tue Aug 23 13:38:05 UTC 2016"}
        ],
        [
            {"location": [[
                {"latitude": 60.023776},
                {"longitude": 11.110396}
            ]]},
            {"altitude": 161},
            {"distance_km": 4.80048},
            {"speed_kmh": 7.82614},
            {"timestamp": "Tue Aug 23 13:38:15 UTC 2016"}
        ],
        [
            {"location": [[
                {"latitude": 60.023711},
                {"longitude": 11.110658}
            ]]},
            {"altitude": 165},
            {"distance_km": 4.81679},
            {"speed_kmh": 7.44922},
            {"timestamp": "Tue Aug 23 13:38:24 UTC 2016"}
        ],
        [
            {"location": [[
                {"latitude": 60.023645},
                {"longitude": 11.110978}
            ]]},
            {"altitude": 168},
            {"distance_km": 4.83609},
            {"speed_kmh": 6.85728},
            {"timestamp": "Tue Aug 23 13:38:36 UTC 2016"}
        ],
        [
            {"location": [[
                {"latitude": 60.023557},
                {"longitude": 11.111454}
            ]]},
            {"altitude": 174},
            {"distance_km": 4.86438},
            {"speed_kmh": 5.89143},
            {"timestamp": "Tue Aug 23 13:38:55 UTC 2016"}
        ],
        [
            {"location": [[
                {"latitude": 60.023481},
                {"longitude": 11.111772}
            ]]},
            {"altitude": 173},
            {"distance_km": 4.88403},
            {"speed_kmh": 5.68192},
            {"timestamp": "Tue Aug 23 13:39:07 UTC 2016"}
        ],
        [
            {"location": [[
                {"latitude": 60.023334},
                {"longitude": 11.112248}
            ]]},
            {"altitude": 173},
            {"distance_km": 4.91525},
            {"speed_kmh": 7.15762},
            {"timestamp": "Tue Aug 23 13:39:18 UTC 2016"}
        ],
        [
            {"location": [[
                {"latitude": 60.023228},
                {"longitude": 11.11262}
            ]]},
            {"altitude": 171},
            {"distance_km": 4.93909},
            {"speed_kmh": 8.54884},
            {"timestamp": "Tue Aug 23 13:39:27 UTC 2016"}
        ],
        [
            {"location": [[
                {"latitude": 60.023225},
                {"longitude": 11.113027}
            ]]},
            {"altitude": 170},
            {"distance_km": 4.9618},
            {"speed_kmh": 9.99114},
            {"timestamp": "Tue Aug 23 13:39:35 UTC 2016"}
        ],
        [
            {"location": [[
                {"latitude": 60.023297},
                {"longitude": 11.113461}
            ]]},
            {"altitude": 171},
            {"distance_km": 4.98728},
            {"speed_kmh": 9.98363},
            {"timestamp": "Tue Aug 23 13:39:44 UTC 2016"}
        ],
        [
            {"location": [[
                {"latitude": 60.02342},
                {"longitude": 11.113815}
            ]]},
            {"altitude": 171},
            {"distance_km": 5.01132},
            {"speed_kmh": 10.4092},
            {"timestamp": "Tue Aug 23 13:39:52 UTC 2016"}
        ],
        [
            {"location": [[
                {"latitude": 60.023527},
                {"longitude": 11.114038}
            ]]},
            {"altitude": 171},
            {"distance_km": 5.02855},
            {"speed_kmh": 10.4491},
            {"timestamp": "Tue Aug 23 13:39:58 UTC 2016"}
        ],
        [
            {"location": [[
                {"latitude": 60.023633},
                {"longitude": 11.114383}
            ]]},
            {"altitude": 173},
            {"distance_km": 5.05111},
            {"speed_kmh": 10.0586},
            {"timestamp": "Tue Aug 23 13:40:07 UTC 2016"}
        ],
        [
            {"location": [[
                {"latitude": 60.023748},
                {"longitude": 11.114737}
            ]]},
            {"altitude": 173},
            {"distance_km": 5.07464},
            {"speed_kmh": 9.98637},
            {"timestamp": "Tue Aug 23 13:40:15 UTC 2016"}
        ],
        [
            {"location": [[
                {"latitude": 60.023842},
                {"longitude": 11.114842}
            ]]},
            {"altitude": 175},
            {"distance_km": 5.08659},
            {"speed_kmh": 9.40462},
            {"timestamp": "Tue Aug 23 13:40:20 UTC 2016"}
        ],
        [
            {"location": [[
                {"latitude": 60.024004},
                {"longitude": 11.114937}
            ]]},
            {"altitude": 175},
            {"distance_km": 5.10547},
            {"speed_kmh": 9.2292},
            {"timestamp": "Tue Aug 23 13:40:28 UTC 2016"}
        ],
        [
            {"location": [[
                {"latitude": 60.024004},
                {"longitude": 11.114937}
            ]]},
            {"distance_km": 5.10547},
            {"timestamp": "Tue Aug 23 13:40:36 UTC 2016"}
        ],
        [
            {"location": [[
                {"latitude": 60.024004},
                {"longitude": 11.114937}
            ]]},
            {"distance_km": 5.10547},
            {"timestamp": "Tue Aug 23 13:46:40 UTC 2016"}
        ]
    ]}
]