[
    {"sport": "RUNNING"},
    {"source": "TRACK_MOBILE"},
    {"created_date": "2016-06-04 07:15:52.0"},
    {"start_time": "2016-06-04 06:33:50.0"},
    {"end_time": "2016-06-04 07:14:23.0"},
    {"duration_s": 2432},
    {"distance_km": 5.704312801361084},
    {"calories_kcal": 360},
    {"altitude_min_m": 40},
    {"altitude_max_m": 128},
    {"speed_avg_kmh": 8.443884080962132},
    {"speed_max_kmh": 12.136},
    {"hydration_l": 0.224615},
    {"ascend_m": 153},
    {"descend_m": 174},
    {"points": [
        [
            {"location": [[
                {"latitude": 63.414109},
                {"longitude": 10.413592}
            ]]},
            {"distance_km": 0},
            {"timestamp": "Sat Jun 04 06:33:50 UTC 2016"}
        ],
        [
            {"location": [[
                {"latitude": 63.414109},
                {"longitude": 10.413592}
            ]]},
            {"altitude": 104},
            {"distance_km": 0},
            {"timestamp": "Sat Jun 04 06:34:00 UTC 2016"}
        ],
        [
            {"location": [[
                {"latitude": 63.414011},
                {"longitude": 10.413322}
            ]]},
            {"altitude": 103},
            {"distance_km": 0.034666},
            {"speed_kmh": 1.73318},
            {"timestamp": "Sat Jun 04 06:34:12 UTC 2016"}
        ],
        [
            {"location": [[
                {"latitude": 63.413951},
                {"longitude": 10.412928}
            ]]},
            {"altitude": 100},
            {"distance_km": 0.055454},
            {"speed_kmh": 4.53094},
            {"timestamp": "Sat Jun 04 06:34:21 UTC 2016"}
        ],
        [
            {"location": [[
                {"latitude": 63.413881},
                {"longitude": 10.412567}
            ]]},
            {"altitude": 97},
            {"distance_km": 0.075084},
            {"speed_kmh": 8.4014},
            {"timestamp": "Sat Jun 04 06:34:27 UTC 2016"}
        ],
        [
            {"location": [[
                {"latitude": 63.413813},
                {"longitude": 10.412086}
            ]]},
            {"altitude": 98},
            {"distance_km": 0.100261},
            {"speed_kmh": 10.0263},
            {"timestamp": "Sat Jun 04 06:34:36 UTC 2016"}
        ],
        [
            {"location": [[
                {"latitude": 63.414033},
                {"longitude": 10.411855}
            ]]},
            {"altitude": 96},
            {"distance_km": 0.127358},
            {"speed_kmh": 10.4802},
            {"timestamp": "Sat Jun 04 06:34:46 UTC 2016"}
        ],
        [
            {"location": [[
                {"latitude": 63.414187},
                {"longitude": 10.411754}
            ]]},
            {"altitude": 94},
            {"distance_km": 0.14526},
            {"speed_kmh": 9.67818},
            {"timestamp": "Sat Jun 04 06:34:53 UTC 2016"}
        ],
        [
            {"location": [[
                {"latitude": 63.414419},
                {"longitude": 10.411698}
            ]]},
            {"altitude": 92},
            {"distance_km": 0.171197},
            {"speed_kmh": 9.43295},
            {"timestamp": "Sat Jun 04 06:35:03 UTC 2016"}
        ],
        [
            {"location": [[
                {"latitude": 63.41455},
                {"longitude": 10.411616}
            ]]},
            {"altitude": 90},
            {"distance_km": 0.186374},
            {"speed_kmh": 9.21667},
            {"timestamp": "Sat Jun 04 06:35:09 UTC 2016"}
        ],
        [
            {"location": [[
                {"latitude": 63.414669},
                {"longitude": 10.4115}
            ]]},
            {"altitude": 90},
            {"distance_km": 0.200892},
            {"speed_kmh": 9.05026},
            {"timestamp": "Sat Jun 04 06:35:15 UTC 2016"}
        ],
        [
            {"location": [[
                {"latitude": 63.414882},
                {"longitude": 10.411441}
            ]]},
            {"altitude": 93},
            {"distance_km": 0.224846},
            {"speed_kmh": 9.13131},
            {"timestamp": "Sat Jun 04 06:35:24 UTC 2016"}
        ],
        [
            {"location": [[
                {"latitude": 63.415075},
                {"longitude": 10.411418}
            ]]},
            {"altitude": 90},
            {"distance_km": 0.24635},
            {"speed_kmh": 9.32446},
            {"timestamp": "Sat Jun 04 06:35:32 UTC 2016"}
        ],
        [
            {"location": [[
                {"latitude": 63.415231},
                {"longitude": 10.411435}
            ]]},
            {"altitude": 94},
            {"distance_km": 0.263794},
            {"speed_kmh": 9.41308},
            {"timestamp": "Sat Jun 04 06:35:39 UTC 2016"}
        ],
        [
            {"location": [[
                {"latitude": 63.415421},
                {"longitude": 10.411427}
            ]]},
            {"altitude": 95},
            {"distance_km": 0.284965},
            {"speed_kmh": 9.39483},
            {"timestamp": "Sat Jun 04 06:35:47 UTC 2016"}
        ],
        [
            {"location": [[
                {"latitude": 63.415496},
                {"longitude": 10.411428}
            ]]},
            {"altitude": 96},
            {"distance_km": 0.293297},
            {"speed_kmh": 9.48817},
            {"timestamp": "Sat Jun 04 06:35:50 UTC 2016"}
        ],
        [
            {"location": [[
                {"latitude": 63.415699},
                {"longitude": 10.411496}
            ]]},
            {"altitude": 98},
            {"distance_km": 0.3162},
            {"speed_kmh": 9.5522},
            {"timestamp": "Sat Jun 04 06:35:59 UTC 2016"}
        ],
        [
            {"location": [[
                {"latitude": 63.415912},
                {"longitude": 10.411525}
            ]]},
            {"altitude": 103},
            {"distance_km": 0.339925},
            {"speed_kmh": 9.53964},
            {"timestamp": "Sat Jun 04 06:36:08 UTC 2016"}
        ],
        [
            {"location": [[
                {"latitude": 63.416137},
                {"longitude": 10.411576}
            ]]},
            {"altitude": 104},
            {"distance_km": 0.36519},
            {"speed_kmh": 9.58941},
            {"timestamp": "Sat Jun 04 06:36:17 UTC 2016"}
        ],
        [
            {"location": [[
                {"latitude": 63.416259},
                {"longitude": 10.411637}
            ]]},
            {"altitude": 102},
            {"distance_km": 0.379156},
            {"speed_kmh": 9.32707},
            {"timestamp": "Sat Jun 04 06:36:23 UTC 2016"}
        ],
        [
            {"location": [[
                {"latitude": 63.416394},
                {"longitude": 10.411645}
            ]]},
            {"altitude": 103},
            {"distance_km": 0.394166},
            {"speed_kmh": 9.16281},
            {"timestamp": "Sat Jun 04 06:36:29 UTC 2016"}
        ],
        [
            {"location": [[
                {"latitude": 63.416507},
                {"longitude": 10.411669}
            ]]},
            {"altitude": 99},
            {"distance_km": 0.406767},
            {"speed_kmh": 8.3123},
            {"timestamp": "Sat Jun 04 06:36:35 UTC 2016"}
        ],
        [
            {"location": [[
                {"latitude": 63.416682},
                {"longitude": 10.411794}
            ]]},
            {"altitude": 96},
            {"distance_km": 0.427305},
            {"speed_kmh": 7.76021},
            {"timestamp": "Sat Jun 04 06:36:46 UTC 2016"}
        ],
        [
            {"location": [[
                {"latitude": 63.416914},
                {"longitude": 10.411898}
            ]]},
            {"altitude": 106},
            {"distance_km": 0.453681},
            {"speed_kmh": 7.63776},
            {"timestamp": "Sat Jun 04 06:36:57 UTC 2016"}
        ],
        [
            {"location": [[
                {"latitude": 63.417084},
                {"longitude": 10.412038}
            ]]},
            {"altitude": 101},
            {"distance_km": 0.473839},
            {"speed_kmh": 8.14184},
            {"timestamp": "Sat Jun 04 06:37:05 UTC 2016"}
        ],
        [
            {"location": [[
                {"latitude": 63.417291},
                {"longitude": 10.412211}
            ]]},
            {"altitude": 104},
            {"distance_km": 0.498453},
            {"speed_kmh": 8.85414},
            {"timestamp": "Sat Jun 04 06:37:15 UTC 2016"}
        ],
        [
            {"location": [[
                {"latitude": 63.417499},
                {"longitude": 10.412349}
            ]]},
            {"altitude": 111},
            {"distance_km": 0.522701},
            {"speed_kmh": 8.8884},
            {"timestamp": "Sat Jun 04 06:37:25 UTC 2016"}
        ],
        [
            {"location": [[
                {"latitude": 63.417688},
                {"longitude": 10.4125}
            ]]},
            {"altitude": 117},
            {"distance_km": 0.545069},
            {"speed_kmh": 8.54917},
            {"timestamp": "Sat Jun 04 06:37:35 UTC 2016"}
        ],
        [
            {"location": [[
                {"latitude": 63.417816},
                {"longitude": 10.412604}
            ]]},
            {"altitude": 121},
            {"distance_km": 0.560294},
            {"speed_kmh": 8.63918},
            {"timestamp": "Sat Jun 04 06:37:41 UTC 2016"}
        ],
        [
            {"location": [[
                {"latitude": 63.417939},
                {"longitude": 10.412711}
            ]]},
            {"altitude": 123},
            {"distance_km": 0.575004},
            {"speed_kmh": 8.66944},
            {"timestamp": "Sat Jun 04 06:37:47 UTC 2016"}
        ],
        [
            {"location": [[
                {"latitude": 63.418126},
                {"longitude": 10.412868}
            ]]},
            {"altitude": 125},
            {"distance_km": 0.597266},
            {"speed_kmh": 8.95181},
            {"timestamp": "Sat Jun 04 06:37:56 UTC 2016"}
        ],
        [
            {"location": [[
                {"latitude": 63.418317},
                {"longitude": 10.413095}
            ]]},
            {"altitude": 125},
            {"distance_km": 0.621343},
            {"speed_kmh": 8.53557},
            {"timestamp": "Sat Jun 04 06:38:07 UTC 2016"}
        ],
        [
            {"location": [[
                {"latitude": 63.41839},
                {"longitude": 10.413351}
            ]]},
            {"altitude": 126},
            {"distance_km": 0.636533},
            {"speed_kmh": 7.41741},
            {"timestamp": "Sat Jun 04 06:38:17 UTC 2016"}
        ],
        [
            {"location": [[
                {"latitude": 63.418498},
                {"longitude": 10.413488}
            ]]},
            {"altitude": 128},
            {"distance_km": 0.650334},
            {"speed_kmh": 6.27974},
            {"timestamp": "Sat Jun 04 06:38:26 UTC 2016"}
        ],
        [
            {"location": [[
                {"latitude": 63.418688},
                {"longitude": 10.413196}
            ]]},
            {"altitude": 123},
            {"distance_km": 0.676136},
            {"speed_kmh": 7.11469},
            {"timestamp": "Sat Jun 04 06:38:35 UTC 2016"}
        ],
        [
            {"location": [[
                {"latitude": 63.418752},
                {"longitude": 10.413096}
            ]]},
            {"altitude": 122},
            {"distance_km": 0.684811},
            {"speed_kmh": 8.76324},
            {"timestamp": "Sat Jun 04 06:38:38 UTC 2016"}
        ],
        [
            {"location": [[
                {"latitude": 63.418845},
                {"longitude": 10.41299}
            ]]},
            {"altitude": 120},
            {"distance_km": 0.696422},
            {"speed_kmh": 10.4142},
            {"timestamp": "Sat Jun 04 06:38:42 UTC 2016"}
        ],
        [
            {"location": [[
                {"latitude": 63.418954},
                {"longitude": 10.412816}
            ]]},
            {"altitude": 120},
            {"distance_km": 0.711354},
            {"speed_kmh": 10.5323},
            {"timestamp": "Sat Jun 04 06:38:47 UTC 2016"}
        ],
        [
            {"location": [[
                {"latitude": 63.419117},
                {"longitude": 10.412616}
            ]]},
            {"altitude": 118},
            {"distance_km": 0.732143},
            {"speed_kmh": 10.6193},
            {"timestamp": "Sat Jun 04 06:38:54 UTC 2016"}
        ],
        [
            {"location": [[
                {"latitude": 63.419278},
                {"longitude": 10.41239}
            ]]},
            {"altitude": 114},
            {"distance_km": 0.753349},
            {"speed_kmh": 10.3226},
            {"timestamp": "Sat Jun 04 06:39:02 UTC 2016"}
        ],
        [
            {"location": [[
                {"latitude": 63.419468},
                {"longitude": 10.412126}
            ]]},
            {"altitude": 112},
            {"distance_km": 0.778256},
            {"speed_kmh": 10.0644},
            {"timestamp": "Sat Jun 04 06:39:11 UTC 2016"}
        ],
        [
            {"location": [[
                {"latitude": 63.419654},
                {"longitude": 10.411918}
            ]]},
            {"altitude": 112},
            {"distance_km": 0.8014},
            {"speed_kmh": 9.97814},
            {"timestamp": "Sat Jun 04 06:39:19 UTC 2016"}
        ],
        [
            {"location": [[
                {"latitude": 63.419819},
                {"longitude": 10.411811}
            ]]},
            {"altitude": 109},
            {"distance_km": 0.820617},
            {"speed_kmh": 10.0867},
            {"timestamp": "Sat Jun 04 06:39:26 UTC 2016"}
        ],
        [
            {"location": [[
                {"latitude": 63.42001},
                {"longitude": 10.411728}
            ]]},
            {"altitude": 110},
            {"distance_km": 0.842315},
            {"speed_kmh": 10.0206},
            {"timestamp": "Sat Jun 04 06:39:34 UTC 2016"}
        ],
        [
            {"location": [[
                {"latitude": 63.420208},
                {"longitude": 10.411775}
            ]]},
            {"altitude": 106},
            {"distance_km": 0.864518},
            {"speed_kmh": 9.50988},
            {"timestamp": "Sat Jun 04 06:39:43 UTC 2016"}
        ],
        [
            {"location": [[
                {"latitude": 63.420376},
                {"longitude": 10.411841}
            ]]},
            {"altitude": 108},
            {"distance_km": 0.883454},
            {"speed_kmh": 9.46082},
            {"timestamp": "Sat Jun 04 06:39:50 UTC 2016"}
        ],
        [
            {"location": [[
                {"latitude": 63.420532},
                {"longitude": 10.411911}
            ]]},
            {"altitude": 109},
            {"distance_km": 0.901221},
            {"speed_kmh": 9.75904},
            {"timestamp": "Sat Jun 04 06:39:56 UTC 2016"}
        ],
        [
            {"location": [[
                {"latitude": 63.420747},
                {"longitude": 10.412013}
            ]]},
            {"altitude": 103},
            {"distance_km": 0.925735},
            {"speed_kmh": 10.0666},
            {"timestamp": "Sat Jun 04 06:40:05 UTC 2016"}
        ],
        [
            {"location": [[
                {"latitude": 63.420929},
                {"longitude": 10.412105}
            ]]},
            {"altitude": 103},
            {"distance_km": 0.946555},
            {"speed_kmh": 9.93315},
            {"timestamp": "Sat Jun 04 06:40:13 UTC 2016"}
        ],
        [
            {"location": [[
                {"latitude": 63.421155},
                {"longitude": 10.412201}
            ]]},
            {"altitude": 100},
            {"distance_km": 0.972157},
            {"speed_kmh": 9.8049},
            {"timestamp": "Sat Jun 04 06:40:22 UTC 2016"}
        ],
        [
            {"location": [[
                {"latitude": 63.421378},
                {"longitude": 10.412284}
            ]]},
            {"altitude": 104},
            {"distance_km": 0.997359},
            {"speed_kmh": 9.89813},
            {"timestamp": "Sat Jun 04 06:40:31 UTC 2016"}
        ],
        [
            {"location": [[
                {"latitude": 63.421464},
                {"longitude": 10.41232}
            ]]},
            {"altitude": 107},
            {"distance_km": 1.00712},
            {"speed_kmh": 10.7001},
            {"timestamp": "Sat Jun 04 06:40:34 UTC 2016"}
        ],
        [
            {"location": [[
                {"latitude": 63.421551},
                {"longitude": 10.412351}
            ]]},
            {"altitude": 108},
            {"distance_km": 1.01691},
            {"speed_kmh": 11.1768},
            {"timestamp": "Sat Jun 04 06:40:37 UTC 2016"}
        ],
        [
            {"location": [[
                {"latitude": 63.421772},
                {"longitude": 10.41247}
            ]]},
            {"altitude": 107},
            {"distance_km": 1.04231},
            {"speed_kmh": 11.6267},
            {"timestamp": "Sat Jun 04 06:40:45 UTC 2016"}
        ],
        [
            {"location": [[
                {"latitude": 63.421909},
                {"longitude": 10.412516}
            ]]},
            {"altitude": 105},
            {"distance_km": 1.05771},
            {"speed_kmh": 11.4058},
            {"timestamp": "Sat Jun 04 06:40:50 UTC 2016"}
        ],
        [
            {"location": [[
                {"latitude": 63.422093},
                {"longitude": 10.412636}
            ]]},
            {"altitude": 99},
            {"distance_km": 1.07911},
            {"speed_kmh": 10.7169},
            {"timestamp": "Sat Jun 04 06:40:58 UTC 2016"}
        ],
        [
            {"location": [[
                {"latitude": 63.422244},
                {"longitude": 10.412722}
            ]]},
            {"altitude": 99},
            {"distance_km": 1.09649},
            {"speed_kmh": 10.3771},
            {"timestamp": "Sat Jun 04 06:41:04 UTC 2016"}
        ],
        [
            {"location": [[
                {"latitude": 63.42237},
                {"longitude": 10.412771}
            ]]},
            {"altitude": 97},
            {"distance_km": 1.11078},
            {"timestamp": "Sat Jun 04 06:41:09 UTC 2016"}
        ],
        [
            {"location": [[
                {"latitude": 63.422407},
                {"longitude": 10.412826}
            ]]},
            {"altitude": 95},
            {"distance_km": 1.11572},
            {"timestamp": "Sat Jun 04 06:41:15 UTC 2016"}
        ],
        [
            {"location": [[
                {"latitude": 63.422669},
                {"longitude": 10.412624}
            ]]},
            {"altitude": 100},
            {"distance_km": 1.17758},
            {"speed_kmh": 5.90819},
            {"timestamp": "Sat Jun 04 06:41:40 UTC 2016"}
        ],
        [
            {"location": [[
                {"latitude": 63.422852},
                {"longitude": 10.412515}
            ]]},
            {"altitude": 97},
            {"distance_km": 1.19861},
            {"speed_kmh": 6.67212},
            {"timestamp": "Sat Jun 04 06:41:46 UTC 2016"}
        ],
        [
            {"location": [[
                {"latitude": 63.422934},
                {"longitude": 10.412461}
            ]]},
            {"altitude": 97},
            {"distance_km": 1.20817},
            {"speed_kmh": 9.51654},
            {"timestamp": "Sat Jun 04 06:41:49 UTC 2016"}
        ],
        [
            {"location": [[
                {"latitude": 63.423024},
                {"longitude": 10.412415}
            ]]},
            {"altitude": 97},
            {"distance_km": 1.21842},
            {"speed_kmh": 12.136},
            {"timestamp": "Sat Jun 04 06:41:52 UTC 2016"}
        ],
        [
            {"location": [[
                {"latitude": 63.423127},
                {"longitude": 10.412346}
            ]]},
            {"altitude": 97},
            {"distance_km": 1.23047},
            {"speed_kmh": 11.5467},
            {"timestamp": "Sat Jun 04 06:41:56 UTC 2016"}
        ],
        [
            {"location": [[
                {"latitude": 63.423287},
                {"longitude": 10.412246}
            ]]},
            {"altitude": 97},
            {"distance_km": 1.24896},
            {"speed_kmh": 11.413},
            {"timestamp": "Sat Jun 04 06:42:02 UTC 2016"}
        ],
        [
            {"location": [[
                {"latitude": 63.423519},
                {"longitude": 10.412076}
            ]]},
            {"altitude": 96},
            {"distance_km": 1.27614},
            {"speed_kmh": 10.5728},
            {"timestamp": "Sat Jun 04 06:42:12 UTC 2016"}
        ],
        [
            {"location": [[
                {"latitude": 63.423691},
                {"longitude": 10.411977}
            ]]},
            {"altitude": 96},
            {"distance_km": 1.29598},
            {"speed_kmh": 10.9285},
            {"timestamp": "Sat Jun 04 06:42:18 UTC 2016"}
        ],
        [
            {"location": [[
                {"latitude": 63.423892},
                {"longitude": 10.41183}
            ]]},
            {"altitude": 93},
            {"distance_km": 1.31954},
            {"speed_kmh": 11.2699},
            {"timestamp": "Sat Jun 04 06:42:25 UTC 2016"}
        ],
        [
            {"location": [[
                {"latitude": 63.424028},
                {"longitude": 10.411605}
            ]]},
            {"altitude": 90},
            {"distance_km": 1.3384},
            {"speed_kmh": 11.7768},
            {"timestamp": "Sat Jun 04 06:42:31 UTC 2016"}
        ],
        [
            {"location": [[
                {"latitude": 63.424048},
                {"longitude": 10.411154}
            ]]},
            {"altitude": 92},
            {"distance_km": 1.36105},
            {"speed_kmh": 11.2082},
            {"timestamp": "Sat Jun 04 06:42:39 UTC 2016"}
        ],
        [
            {"location": [[
                {"latitude": 63.424069},
                {"longitude": 10.41083}
            ]]},
            {"altitude": 90},
            {"distance_km": 1.37739},
            {"speed_kmh": 11.0899},
            {"timestamp": "Sat Jun 04 06:42:44 UTC 2016"}
        ],
        [
            {"location": [[
                {"latitude": 63.424109},
                {"longitude": 10.410378}
            ]]},
            {"altitude": 89},
            {"distance_km": 1.4004},
            {"speed_kmh": 11.2636},
            {"timestamp": "Sat Jun 04 06:42:51 UTC 2016"}
        ],
        [
            {"location": [[
                {"latitude": 63.424169},
                {"longitude": 10.41007}
            ]]},
            {"altitude": 87},
            {"distance_km": 1.4172},
            {"speed_kmh": 11.2264},
            {"timestamp": "Sat Jun 04 06:42:57 UTC 2016"}
        ],
        [
            {"location": [[
                {"latitude": 63.424216},
                {"longitude": 10.409837}
            ]]},
            {"altitude": 86},
            {"distance_km": 1.42993},
            {"speed_kmh": 10.3562},
            {"timestamp": "Sat Jun 04 06:43:02 UTC 2016"}
        ],
        [
            {"location": [[
                {"latitude": 63.42437},
                {"longitude": 10.409408}
            ]]},
            {"altitude": 85},
            {"distance_km": 1.45739},
            {"speed_kmh": 10.0708},
            {"timestamp": "Sat Jun 04 06:43:11 UTC 2016"}
        ],
        [
            {"location": [[
                {"latitude": 63.424539},
                {"longitude": 10.409153}
            ]]},
            {"altitude": 80},
            {"distance_km": 1.4801},
            {"speed_kmh": 10.5991},
            {"timestamp": "Sat Jun 04 06:43:18 UTC 2016"}
        ],
        [
            {"location": [[
                {"latitude": 63.424723},
                {"longitude": 10.408907}
            ]]},
            {"altitude": 79},
            {"distance_km": 1.50404},
            {"speed_kmh": 11.1523},
            {"timestamp": "Sat Jun 04 06:43:26 UTC 2016"}
        ],
        [
            {"location": [[
                {"latitude": 63.424875},
                {"longitude": 10.408785}
            ]]},
            {"altitude": 78},
            {"distance_km": 1.52205},
            {"speed_kmh": 11.0895},
            {"timestamp": "Sat Jun 04 06:43:32 UTC 2016"}
        ],
        [
            {"location": [[
                {"latitude": 63.425073},
                {"longitude": 10.408641}
            ]]},
            {"altitude": 77},
            {"distance_km": 1.54523},
            {"speed_kmh": 11.1738},
            {"timestamp": "Sat Jun 04 06:43:39 UTC 2016"}
        ],
        [
            {"location": [[
                {"latitude": 63.425251},
                {"longitude": 10.408561}
            ]]},
            {"altitude": 75},
            {"distance_km": 1.56548},
            {"speed_kmh": 11.0414},
            {"timestamp": "Sat Jun 04 06:43:46 UTC 2016"}
        ],
        [
            {"location": [[
                {"latitude": 63.425492},
                {"longitude": 10.408334}
            ]]},
            {"altitude": 75},
            {"distance_km": 1.59469},
            {"speed_kmh": 10.951},
            {"timestamp": "Sat Jun 04 06:43:56 UTC 2016"}
        ],
        [
            {"location": [[
                {"latitude": 63.425585},
                {"longitude": 10.40809}
            ]]},
            {"altitude": 72},
            {"distance_km": 1.61064},
            {"speed_kmh": 10.805},
            {"timestamp": "Sat Jun 04 06:44:01 UTC 2016"}
        ],
        [
            {"location": [[
                {"latitude": 63.425647},
                {"longitude": 10.407879}
            ]]},
            {"altitude": 73},
            {"distance_km": 1.62325},
            {"speed_kmh": 11.1148},
            {"timestamp": "Sat Jun 04 06:44:05 UTC 2016"}
        ],
        [
            {"location": [[
                {"latitude": 63.425736},
                {"longitude": 10.407504}
            ]]},
            {"altitude": 70},
            {"distance_km": 1.64441},
            {"speed_kmh": 11.2359},
            {"timestamp": "Sat Jun 04 06:44:12 UTC 2016"}
        ],
        [
            {"location": [[
                {"latitude": 63.425841},
                {"longitude": 10.407014}
            ]]},
            {"altitude": 68},
            {"distance_km": 1.67156},
            {"speed_kmh": 11.0295},
            {"timestamp": "Sat Jun 04 06:44:21 UTC 2016"}
        ],
        [
            {"location": [[
                {"latitude": 63.425927},
                {"longitude": 10.406677}
            ]]},
            {"altitude": 70},
            {"distance_km": 1.69092},
            {"speed_kmh": 10.5662},
            {"timestamp": "Sat Jun 04 06:44:28 UTC 2016"}
        ],
        [
            {"location": [[
                {"latitude": 63.426035},
                {"longitude": 10.406181}
            ]]},
            {"altitude": 70},
            {"distance_km": 1.71848},
            {"speed_kmh": 10.6136},
            {"timestamp": "Sat Jun 04 06:44:37 UTC 2016"}
        ],
        [
            {"location": [[
                {"latitude": 63.42608},
                {"longitude": 10.405767}
            ]]},
            {"altitude": 68},
            {"distance_km": 1.73975},
            {"speed_kmh": 10.6269},
            {"timestamp": "Sat Jun 04 06:44:44 UTC 2016"}
        ],
        [
            {"location": [[
                {"latitude": 63.426135},
                {"longitude": 10.405305}
            ]]},
            {"altitude": 67},
            {"distance_km": 1.76359},
            {"speed_kmh": 10.8955},
            {"timestamp": "Sat Jun 04 06:44:52 UTC 2016"}
        ],
        [
            {"location": [[
                {"latitude": 63.426204},
                {"longitude": 10.404829}
            ]]},
            {"altitude": 68},
            {"distance_km": 1.78857},
            {"speed_kmh": 10.9674},
            {"timestamp": "Sat Jun 04 06:45:00 UTC 2016"}
        ],
        [
            {"location": [[
                {"latitude": 63.426244},
                {"longitude": 10.404545}
            ]]},
            {"altitude": 67},
            {"distance_km": 1.8035},
            {"speed_kmh": 10.9141},
            {"timestamp": "Sat Jun 04 06:45:05 UTC 2016"}
        ],
        [
            {"location": [[
                {"latitude": 63.426348},
                {"longitude": 10.40404}
            ]]},
            {"altitude": 64},
            {"distance_km": 1.8312},
            {"speed_kmh": 11.0216},
            {"timestamp": "Sat Jun 04 06:45:14 UTC 2016"}
        ],
        [
            {"location": [[
                {"latitude": 63.426484},
                {"longitude": 10.403679}
            ]]},
            {"altitude": 62},
            {"distance_km": 1.85479},
            {"speed_kmh": 10.8145},
            {"timestamp": "Sat Jun 04 06:45:22 UTC 2016"}
        ],
        [
            {"location": [[
                {"latitude": 63.426687},
                {"longitude": 10.403502}
            ]]},
            {"altitude": 59},
            {"distance_km": 1.87908},
            {"speed_kmh": 10.4611},
            {"timestamp": "Sat Jun 04 06:45:31 UTC 2016"}
        ],
        [
            {"location": [[
                {"latitude": 63.426934},
                {"longitude": 10.403348}
            ]]},
            {"altitude": 57},
            {"distance_km": 1.90765},
            {"speed_kmh": 10.2052},
            {"timestamp": "Sat Jun 04 06:45:41 UTC 2016"}
        ],
        [
            {"location": [[
                {"latitude": 63.427124},
                {"longitude": 10.403244}
            ]]},
            {"altitude": 52},
            {"distance_km": 1.92945},
            {"speed_kmh": 10.3909},
            {"timestamp": "Sat Jun 04 06:45:48 UTC 2016"}
        ],
        [
            {"location": [[
                {"latitude": 63.427333},
                {"longitude": 10.403163}
            ]]},
            {"altitude": 51},
            {"distance_km": 1.95308},
            {"speed_kmh": 10.7061},
            {"timestamp": "Sat Jun 04 06:45:56 UTC 2016"}
        ],
        [
            {"location": [[
                {"latitude": 63.427532},
                {"longitude": 10.40315}
            ]]},
            {"altitude": 49},
            {"distance_km": 1.97531},
            {"speed_kmh": 11.0738},
            {"timestamp": "Sat Jun 04 06:46:03 UTC 2016"}
        ],
        [
            {"location": [[
                {"latitude": 63.427673},
                {"longitude": 10.403173}
            ]]},
            {"altitude": 49},
            {"distance_km": 1.99104},
            {"speed_kmh": 11.1216},
            {"timestamp": "Sat Jun 04 06:46:08 UTC 2016"}
        ],
        [
            {"location": [[
                {"latitude": 63.427884},
                {"longitude": 10.40311}
            ]]},
            {"altitude": 52},
            {"distance_km": 2.01474},
            {"speed_kmh": 11.1478},
            {"timestamp": "Sat Jun 04 06:46:16 UTC 2016"}
        ],
        [
            {"location": [[
                {"latitude": 63.428068},
                {"longitude": 10.402871}
            ]]},
            {"altitude": 55},
            {"distance_km": 2.03851},
            {"speed_kmh": 10.4944},
            {"timestamp": "Sat Jun 04 06:46:25 UTC 2016"}
        ],
        [
            {"location": [[
                {"latitude": 63.428108},
                {"longitude": 10.402452}
            ]]},
            {"altitude": 57},
            {"distance_km": 2.05986},
            {"speed_kmh": 10.3751},
            {"timestamp": "Sat Jun 04 06:46:32 UTC 2016"}
        ],
        [
            {"location": [[
                {"latitude": 63.428159},
                {"longitude": 10.402072}
            ]]},
            {"altitude": 56},
            {"distance_km": 2.07965},
            {"speed_kmh": 10.189},
            {"timestamp": "Sat Jun 04 06:46:39 UTC 2016"}
        ],
        [
            {"location": [[
                {"latitude": 63.428219},
                {"longitude": 10.401581}
            ]]},
            {"altitude": 57},
            {"distance_km": 2.10508},
            {"speed_kmh": 10.4324},
            {"timestamp": "Sat Jun 04 06:46:48 UTC 2016"}
        ],
        [
            {"location": [[
                {"latitude": 63.428274},
                {"longitude": 10.401084}
            ]]},
            {"altitude": 55},
            {"distance_km": 2.13067},
            {"speed_kmh": 10.22},
            {"timestamp": "Sat Jun 04 06:46:57 UTC 2016"}
        ],
        [
            {"location": [[
                {"latitude": 63.428303},
                {"longitude": 10.400852}
            ]]},
            {"altitude": 57},
            {"distance_km": 2.14265},
            {"speed_kmh": 10.4272},
            {"timestamp": "Sat Jun 04 06:47:01 UTC 2016"}
        ],
        [
            {"location": [[
                {"latitude": 63.428337},
                {"longitude": 10.400412}
            ]]},
            {"altitude": 59},
            {"distance_km": 2.16496},
            {"speed_kmh": 9.70694},
            {"timestamp": "Sat Jun 04 06:47:11 UTC 2016"}
        ],
        [
            {"location": [[
                {"latitude": 63.428256},
                {"longitude": 10.400059}
            ]]},
            {"altitude": 62},
            {"distance_km": 2.18477},
            {"speed_kmh": 8.42604},
            {"timestamp": "Sat Jun 04 06:47:22 UTC 2016"}
        ],
        [
            {"location": [[
                {"latitude": 63.428073},
                {"longitude": 10.400023}
            ]]},
            {"altitude": 62},
            {"distance_km": 2.20524},
            {"speed_kmh": 8.34381},
            {"timestamp": "Sat Jun 04 06:47:29 UTC 2016"}
        ],
        [
            {"location": [[
                {"latitude": 63.427876},
                {"longitude": 10.39998}
            ]]},
            {"altitude": 61},
            {"distance_km": 2.22731},
            {"speed_kmh": 8.97673},
            {"timestamp": "Sat Jun 04 06:47:37 UTC 2016"}
        ],
        [
            {"location": [[
                {"latitude": 63.427706},
                {"longitude": 10.4001}
            ]]},
            {"altitude": 62},
            {"distance_km": 2.24722},
            {"speed_kmh": 9.47399},
            {"timestamp": "Sat Jun 04 06:47:46 UTC 2016"}
        ],
        [
            {"location": [[
                {"latitude": 63.427611},
                {"longitude": 10.400245}
            ]]},
            {"altitude": 61},
            {"distance_km": 2.26007},
            {"speed_kmh": 7.68186},
            {"timestamp": "Sat Jun 04 06:47:55 UTC 2016"}
        ],
        [
            {"location": [[
                {"latitude": 63.427418},
                {"longitude": 10.4002}
            ]]},
            {"altitude": 60},
            {"distance_km": 2.28167},
            {"speed_kmh": 8.07282},
            {"timestamp": "Sat Jun 04 06:48:02 UTC 2016"}
        ],
        [
            {"location": [[
                {"latitude": 63.427342},
                {"longitude": 10.400177}
            ]]},
            {"altitude": 59},
            {"distance_km": 2.29029},
            {"speed_kmh": 8.86055},
            {"timestamp": "Sat Jun 04 06:48:05 UTC 2016"}
        ],
        [
            {"location": [[
                {"latitude": 63.427168},
                {"longitude": 10.400179}
            ]]},
            {"altitude": 57},
            {"distance_km": 2.30969},
            {"speed_kmh": 10.4668},
            {"timestamp": "Sat Jun 04 06:48:12 UTC 2016"}
        ],
        [
            {"location": [[
                {"latitude": 63.426931},
                {"longitude": 10.400302}
            ]]},
            {"altitude": 56},
            {"distance_km": 2.33672},
            {"speed_kmh": 10.0142},
            {"timestamp": "Sat Jun 04 06:48:22 UTC 2016"}
        ],
        [
            {"location": [[
                {"latitude": 63.426745},
                {"longitude": 10.400361}
            ]]},
            {"altitude": 55},
            {"distance_km": 2.35767},
            {"speed_kmh": 9.71097},
            {"timestamp": "Sat Jun 04 06:48:30 UTC 2016"}
        ],
        [
            {"location": [[
                {"latitude": 63.426521},
                {"longitude": 10.400438}
            ]]},
            {"altitude": 56},
            {"distance_km": 2.38291},
            {"speed_kmh": 9.75799},
            {"timestamp": "Sat Jun 04 06:48:39 UTC 2016"}
        ],
        [
            {"location": [[
                {"latitude": 63.42638},
                {"longitude": 10.400355}
            ]]},
            {"altitude": 54},
            {"distance_km": 2.39918},
            {"speed_kmh": 10.4119},
            {"timestamp": "Sat Jun 04 06:48:44 UTC 2016"}
        ],
        [
            {"location": [[
                {"latitude": 63.426284},
                {"longitude": 10.400252}
            ]]},
            {"altitude": 53},
            {"distance_km": 2.41113},
            {"speed_kmh": 10.1337},
            {"timestamp": "Sat Jun 04 06:48:49 UTC 2016"}
        ],
        [
            {"location": [[
                {"latitude": 63.426065},
                {"longitude": 10.400005}
            ]]},
            {"altitude": 55},
            {"distance_km": 2.43847},
            {"speed_kmh": 10.4117},
            {"timestamp": "Sat Jun 04 06:48:58 UTC 2016"}
        ],
        [
            {"location": [[
                {"latitude": 63.425856},
                {"longitude": 10.399781}
            ]]},
            {"altitude": 52},
            {"distance_km": 2.46434},
            {"speed_kmh": 10.3938},
            {"timestamp": "Sat Jun 04 06:49:06 UTC 2016"}
        ],
        [
            {"location": [[
                {"latitude": 63.425732},
                {"longitude": 10.399642}
            ]]},
            {"altitude": 55},
            {"distance_km": 2.4797},
            {"speed_kmh": 11.2111},
            {"timestamp": "Sat Jun 04 06:49:11 UTC 2016"}
        ],
        [
            {"location": [[
                {"latitude": 63.425556},
                {"longitude": 10.399407}
            ]]},
            {"altitude": 48},
            {"distance_km": 2.50263},
            {"speed_kmh": 11.0037},
            {"timestamp": "Sat Jun 04 06:49:19 UTC 2016"}
        ],
        [
            {"location": [[
                {"latitude": 63.425402},
                {"longitude": 10.399064}
            ]]},
            {"altitude": 44},
            {"distance_km": 2.52691},
            {"speed_kmh": 10.3577},
            {"timestamp": "Sat Jun 04 06:49:28 UTC 2016"}
        ],
        [
            {"location": [[
                {"latitude": 63.425281},
                {"longitude": 10.39869}
            ]]},
            {"altitude": 41},
            {"distance_km": 2.54992},
            {"speed_kmh": 10.1281},
            {"timestamp": "Sat Jun 04 06:49:36 UTC 2016"}
        ],
        [
            {"location": [[
                {"latitude": 63.425173},
                {"longitude": 10.39832}
            ]]},
            {"altitude": 40},
            {"distance_km": 2.57193},
            {"speed_kmh": 10.4638},
            {"timestamp": "Sat Jun 04 06:49:43 UTC 2016"}
        ],
        [
            {"location": [[
                {"latitude": 63.425106},
                {"longitude": 10.397928}
            ]]},
            {"altitude": 40},
            {"distance_km": 2.5929},
            {"speed_kmh": 10.8199},
            {"timestamp": "Sat Jun 04 06:49:50 UTC 2016"}
        ],
        [
            {"location": [[
                {"latitude": 63.425054},
                {"longitude": 10.397442}
            ]]},
            {"altitude": 43},
            {"distance_km": 2.61784},
            {"speed_kmh": 11.1104},
            {"timestamp": "Sat Jun 04 06:49:58 UTC 2016"}
        ],
        [
            {"location": [[
                {"latitude": 63.425024},
                {"longitude": 10.396987}
            ]]},
            {"altitude": 46},
            {"distance_km": 2.64081},
            {"speed_kmh": 10.78},
            {"timestamp": "Sat Jun 04 06:50:06 UTC 2016"}
        ],
        [
            {"location": [[
                {"latitude": 63.425006},
                {"longitude": 10.396483}
            ]]},
            {"altitude": 47},
            {"distance_km": 2.66605},
            {"speed_kmh": 10.5517},
            {"timestamp": "Sat Jun 04 06:50:15 UTC 2016"}
        ],
        [
            {"location": [[
                {"latitude": 63.42499},
                {"longitude": 10.396057}
            ]]},
            {"altitude": 46},
            {"distance_km": 2.68743},
            {"speed_kmh": 10.4754},
            {"timestamp": "Sat Jun 04 06:50:22 UTC 2016"}
        ],
        [
            {"location": [[
                {"latitude": 63.424979},
                {"longitude": 10.395824}
            ]]},
            {"altitude": 49},
            {"distance_km": 2.69911},
            {"speed_kmh": 10.54},
            {"timestamp": "Sat Jun 04 06:50:26 UTC 2016"}
        ],
        [
            {"location": [[
                {"latitude": 63.424957},
                {"longitude": 10.39549}
            ]]},
            {"altitude": 48},
            {"distance_km": 2.71598},
            {"speed_kmh": 10.5455},
            {"timestamp": "Sat Jun 04 06:50:32 UTC 2016"}
        ],
        [
            {"location": [[
                {"latitude": 63.42496},
                {"longitude": 10.395153}
            ]]},
            {"altitude": 51},
            {"distance_km": 2.73279},
            {"speed_kmh": 10.2415},
            {"timestamp": "Sat Jun 04 06:50:38 UTC 2016"}
        ],
        [
            {"location": [[
                {"latitude": 63.424899},
                {"longitude": 10.394727}
            ]]},
            {"altitude": 50},
            {"distance_km": 2.75516},
            {"speed_kmh": 9.71517},
            {"timestamp": "Sat Jun 04 06:50:47 UTC 2016"}
        ],
        [
            {"location": [[
                {"latitude": 63.424763},
                {"longitude": 10.394398}
            ]]},
            {"altitude": 49},
            {"distance_km": 2.77752},
            {"speed_kmh": 9.69868},
            {"timestamp": "Sat Jun 04 06:50:55 UTC 2016"}
        ],
        [
            {"location": [[
                {"latitude": 63.424672},
                {"longitude": 10.394036}
            ]]},
            {"altitude": 50},
            {"distance_km": 2.79826},
            {"speed_kmh": 9.44802},
            {"timestamp": "Sat Jun 04 06:51:03 UTC 2016"}
        ],
        [
            {"location": [[
                {"latitude": 63.424669},
                {"longitude": 10.393544}
            ]]},
            {"altitude": 50},
            {"distance_km": 2.82283},
            {"speed_kmh": 10.1507},
            {"timestamp": "Sat Jun 04 06:51:11 UTC 2016"}
        ],
        [
            {"location": [[
                {"latitude": 63.424696},
                {"longitude": 10.393052}
            ]]},
            {"altitude": 50},
            {"distance_km": 2.84756},
            {"speed_kmh": 10.509},
            {"timestamp": "Sat Jun 04 06:51:19 UTC 2016"}
        ],
        [
            {"location": [[
                {"latitude": 63.424721},
                {"longitude": 10.392638}
            ]]},
            {"altitude": 50},
            {"distance_km": 2.86845},
            {"speed_kmh": 10.9749},
            {"timestamp": "Sat Jun 04 06:51:26 UTC 2016"}
        ],
        [
            {"location": [[
                {"latitude": 63.424725},
                {"longitude": 10.392184}
            ]]},
            {"altitude": 47},
            {"distance_km": 2.8911},
            {"speed_kmh": 10.6872},
            {"timestamp": "Sat Jun 04 06:51:34 UTC 2016"}
        ],
        [
            {"location": [[
                {"latitude": 63.424732},
                {"longitude": 10.391909}
            ]]},
            {"altitude": 50},
            {"distance_km": 2.90484},
            {"speed_kmh": 10.2724},
            {"timestamp": "Sat Jun 04 06:51:39 UTC 2016"}
        ],
        [
            {"location": [[
                {"latitude": 63.424767},
                {"longitude": 10.391424}
            ]]},
            {"altitude": 48},
            {"distance_km": 2.92937},
            {"speed_kmh": 9.96712},
            {"timestamp": "Sat Jun 04 06:51:48 UTC 2016"}
        ],
        [
            {"location": [[
                {"latitude": 63.424824},
                {"longitude": 10.39113}
            ]]},
            {"altitude": 48},
            {"distance_km": 2.94541},
            {"speed_kmh": 9.77886},
            {"timestamp": "Sat Jun 04 06:51:54 UTC 2016"}
        ],
        [
            {"location": [[
                {"latitude": 63.424926},
                {"longitude": 10.390739}
            ]]},
            {"altitude": 46},
            {"distance_km": 2.96795},
            {"speed_kmh": 9.85964},
            {"timestamp": "Sat Jun 04 06:52:02 UTC 2016"}
        ],
        [
            {"location": [[
                {"latitude": 63.425011},
                {"longitude": 10.390341}
            ]]},
            {"altitude": 46},
            {"distance_km": 2.99002},
            {"speed_kmh": 9.89881},
            {"timestamp": "Sat Jun 04 06:52:10 UTC 2016"}
        ],
        [
            {"location": [[
                {"latitude": 63.425122},
                {"longitude": 10.389991}
            ]]},
            {"altitude": 47},
            {"distance_km": 3.01142},
            {"speed_kmh": 9.5446},
            {"timestamp": "Sat Jun 04 06:52:19 UTC 2016"}
        ],
        [
            {"location": [[
                {"latitude": 63.425122},
                {"longitude": 10.389991}
            ]]},
            {"altitude": 47},
            {"distance_km": 3.01142},
            {"timestamp": "Sat Jun 04 06:52:24 UTC 2016"}
        ],
        [
            {"location": [[
                {"latitude": 63.425122},
                {"longitude": 10.389991}
            ]]},
            {"altitude": 47},
            {"distance_km": 3.01142},
            {"timestamp": "Sat Jun 04 06:52:26 UTC 2016"}
        ],
        [
            {"location": [[
                {"latitude": 63.425417},
                {"longitude": 10.389986}
            ]]},
            {"altitude": 57},
            {"distance_km": 3.07706},
            {"speed_kmh": 0.960648},
            {"timestamp": "Sat Jun 04 06:53:07 UTC 2016"}
        ],
        [
            {"location": [[
                {"latitude": 63.425587},
                {"longitude": 10.39001}
            ]]},
            {"altitude": 59},
            {"distance_km": 3.09608},
            {"speed_kmh": 2.71643},
            {"timestamp": "Sat Jun 04 06:53:20 UTC 2016"}
        ],
        [
            {"location": [[
                {"latitude": 63.425767},
                {"longitude": 10.38991}
            ]]},
            {"altitude": 63},
            {"distance_km": 3.1168},
            {"speed_kmh": 4.37343},
            {"timestamp": "Sat Jun 04 06:53:35 UTC 2016"}
        ],
        [
            {"location": [[
                {"latitude": 63.425983},
                {"longitude": 10.389813}
            ]]},
            {"altitude": 66},
            {"distance_km": 3.14129},
            {"speed_kmh": 5.04628},
            {"timestamp": "Sat Jun 04 06:53:53 UTC 2016"}
        ],
        [
            {"location": [[
                {"latitude": 63.426122},
                {"longitude": 10.389794}
            ]]},
            {"altitude": 64},
            {"distance_km": 3.15686},
            {"speed_kmh": 4.98805},
            {"timestamp": "Sat Jun 04 06:54:04 UTC 2016"}
        ],
        [
            {"location": [[
                {"latitude": 63.426339},
                {"longitude": 10.389725}
            ]]},
            {"altitude": 62},
            {"distance_km": 3.18127},
            {"speed_kmh": 5.2852},
            {"timestamp": "Sat Jun 04 06:54:19 UTC 2016"}
        ],
        [
            {"location": [[
                {"latitude": 63.426445},
                {"longitude": 10.389752}
            ]]},
            {"altitude": 62},
            {"distance_km": 3.19322},
            {"timestamp": "Sat Jun 04 06:54:28 UTC 2016"}
        ],
        [
            {"location": [[
                {"latitude": 63.42655},
                {"longitude": 10.389706}
            ]]},
            {"altitude": 61},
            {"distance_km": 3.22873},
            {"timestamp": "Sat Jun 04 06:54:41 UTC 2016"}
        ],
        [
            {"location": [[
                {"latitude": 63.426746},
                {"longitude": 10.389601}
            ]]},
            {"altitude": 63},
            {"distance_km": 3.25115},
            {"speed_kmh": 4.61463},
            {"timestamp": "Sat Jun 04 06:54:55 UTC 2016"}
        ],
        [
            {"location": [[
                {"latitude": 63.426858},
                {"longitude": 10.38955}
            ]]},
            {"altitude": 65},
            {"distance_km": 3.26386},
            {"speed_kmh": 4.92752},
            {"timestamp": "Sat Jun 04 06:55:03 UTC 2016"}
        ],
        [
            {"location": [[
                {"latitude": 63.426964},
                {"longitude": 10.389529}
            ]]},
            {"altitude": 65},
            {"distance_km": 3.27576},
            {"speed_kmh": 5.41527},
            {"timestamp": "Sat Jun 04 06:55:12 UTC 2016"}
        ],
        [
            {"location": [[
                {"latitude": 63.427192},
                {"longitude": 10.38946}
            ]]},
            {"altitude": 67},
            {"distance_km": 3.30144},
            {"speed_kmh": 5.54738},
            {"timestamp": "Sat Jun 04 06:55:27 UTC 2016"}
        ],
        [
            {"location": [[
                {"latitude": 63.427323},
                {"longitude": 10.38921}
            ]]},
            {"altitude": 66},
            {"distance_km": 3.32063},
            {"speed_kmh": 5.5594},
            {"timestamp": "Sat Jun 04 06:55:39 UTC 2016"}
        ],
        [
            {"location": [[
                {"latitude": 63.427307},
                {"longitude": 10.388468}
            ]]},
            {"altitude": 61},
            {"distance_km": 3.35775},
            {"speed_kmh": 6.94107},
            {"timestamp": "Sat Jun 04 06:55:54 UTC 2016"}
        ],
        [
            {"location": [[
                {"latitude": 63.427293},
                {"longitude": 10.387993}
            ]]},
            {"altitude": 60},
            {"distance_km": 3.38148},
            {"speed_kmh": 8.0531},
            {"timestamp": "Sat Jun 04 06:56:03 UTC 2016"}
        ],
        [
            {"location": [[
                {"latitude": 63.427318},
                {"longitude": 10.387515}
            ]]},
            {"altitude": 61},
            {"distance_km": 3.40552},
            {"speed_kmh": 9.33979},
            {"timestamp": "Sat Jun 04 06:56:12 UTC 2016"}
        ],
        [
            {"location": [[
                {"latitude": 63.427407},
                {"longitude": 10.387132}
            ]]},
            {"altitude": 61},
            {"distance_km": 3.42706},
            {"speed_kmh": 9.60094},
            {"timestamp": "Sat Jun 04 06:56:20 UTC 2016"}
        ],
        [
            {"location": [[
                {"latitude": 63.427512},
                {"longitude": 10.386776}
            ]]},
            {"altitude": 61},
            {"distance_km": 3.44836},
            {"speed_kmh": 10.0863},
            {"timestamp": "Sat Jun 04 06:56:27 UTC 2016"}
        ],
        [
            {"location": [[
                {"latitude": 63.427681},
                {"longitude": 10.386519}
            ]]},
            {"altitude": 62},
            {"distance_km": 3.47113},
            {"speed_kmh": 9.91988},
            {"timestamp": "Sat Jun 04 06:56:36 UTC 2016"}
        ],
        [
            {"location": [[
                {"latitude": 63.427835},
                {"longitude": 10.386308}
            ]]},
            {"altitude": 60},
            {"distance_km": 3.49133},
            {"speed_kmh": 9.72201},
            {"timestamp": "Sat Jun 04 06:56:44 UTC 2016"}
        ],
        [
            {"location": [[
                {"latitude": 63.427842},
                {"longitude": 10.38608}
            ]]},
            {"altitude": 60},
            {"distance_km": 3.50275},
            {"speed_kmh": 8.35114},
            {"timestamp": "Sat Jun 04 06:56:50 UTC 2016"}
        ],
        [
            {"location": [[
                {"latitude": 63.42789},
                {"longitude": 10.385743}
            ]]},
            {"altitude": 54},
            {"distance_km": 3.52042},
            {"speed_kmh": 7.66813},
            {"timestamp": "Sat Jun 04 06:56:59 UTC 2016"}
        ],
        [
            {"location": [[
                {"latitude": 63.428042},
                {"longitude": 10.385556}
            ]]},
            {"altitude": 51},
            {"distance_km": 3.53977},
            {"speed_kmh": 7.53829},
            {"timestamp": "Sat Jun 04 06:57:07 UTC 2016"}
        ],
        [
            {"location": [[
                {"latitude": 63.42809},
                {"longitude": 10.385272}
            ]]},
            {"altitude": 50},
            {"distance_km": 3.55491},
            {"speed_kmh": 7.53104},
            {"timestamp": "Sat Jun 04 06:57:15 UTC 2016"}
        ],
        [
            {"location": [[
                {"latitude": 63.42786},
                {"longitude": 10.38507}
            ]]},
            {"altitude": 48},
            {"distance_km": 3.58242},
            {"speed_kmh": 8.84224},
            {"timestamp": "Sat Jun 04 06:57:24 UTC 2016"}
        ],
        [
            {"location": [[
                {"latitude": 63.427704},
                {"longitude": 10.384792}
            ]]},
            {"altitude": 47},
            {"distance_km": 3.60473},
            {"speed_kmh": 8.9142},
            {"timestamp": "Sat Jun 04 06:57:33 UTC 2016"}
        ],
        [
            {"location": [[
                {"latitude": 63.427559},
                {"longitude": 10.384457}
            ]]},
            {"altitude": 49},
            {"distance_km": 3.62798},
            {"speed_kmh": 10.126},
            {"timestamp": "Sat Jun 04 06:57:41 UTC 2016"}
        ],
        [
            {"location": [[
                {"latitude": 63.427428},
                {"longitude": 10.384172}
            ]]},
            {"altitude": 52},
            {"distance_km": 3.64831},
            {"speed_kmh": 9.94688},
            {"timestamp": "Sat Jun 04 06:57:48 UTC 2016"}
        ],
        [
            {"location": [[
                {"latitude": 63.427273},
                {"longitude": 10.383814}
            ]]},
            {"altitude": 51},
            {"distance_km": 3.67318},
            {"speed_kmh": 10.2903},
            {"timestamp": "Sat Jun 04 06:57:57 UTC 2016"}
        ],
        [
            {"location": [[
                {"latitude": 63.427175},
                {"longitude": 10.383589}
            ]]},
            {"altitude": 51},
            {"distance_km": 3.68883},
            {"speed_kmh": 9.93276},
            {"timestamp": "Sat Jun 04 06:58:03 UTC 2016"}
        ],
        [
            {"location": [[
                {"latitude": 63.427072},
                {"longitude": 10.383342}
            ]]},
            {"altitude": 51},
            {"distance_km": 3.70567},
            {"speed_kmh": 9.33452},
            {"timestamp": "Sat Jun 04 06:58:10 UTC 2016"}
        ],
        [
            {"location": [[
                {"latitude": 63.426929},
                {"longitude": 10.383004}
            ]]},
            {"altitude": 52},
            {"distance_km": 3.7289},
            {"speed_kmh": 9.11328},
            {"timestamp": "Sat Jun 04 06:58:19 UTC 2016"}
        ],
        [
            {"location": [[
                {"latitude": 63.426848},
                {"longitude": 10.38283}
            ]]},
            {"altitude": 52},
            {"distance_km": 3.74141},
            {"speed_kmh": 8.9865},
            {"timestamp": "Sat Jun 04 06:58:24 UTC 2016"}
        ],
        [
            {"location": [[
                {"latitude": 63.42672},
                {"longitude": 10.382542}
            ]]},
            {"altitude": 52},
            {"distance_km": 3.76176},
            {"speed_kmh": 9.14816},
            {"timestamp": "Sat Jun 04 06:58:32 UTC 2016"}
        ],
        [
            {"location": [[
                {"latitude": 63.426586},
                {"longitude": 10.382337}
            ]]},
            {"altitude": 51},
            {"distance_km": 3.77985},
            {"speed_kmh": 8.22435},
            {"timestamp": "Sat Jun 04 06:58:42 UTC 2016"}
        ],
        [
            {"location": [[
                {"latitude": 63.426426},
                {"longitude": 10.382696}
            ]]},
            {"altitude": 51},
            {"distance_km": 3.80512},
            {"speed_kmh": 7.97809},
            {"timestamp": "Sat Jun 04 06:58:53 UTC 2016"}
        ],
        [
            {"location": [[
                {"latitude": 63.426304},
                {"longitude": 10.382966}
            ]]},
            {"altitude": 51},
            {"distance_km": 3.82428},
            {"speed_kmh": 7.22931},
            {"timestamp": "Sat Jun 04 06:59:03 UTC 2016"}
        ],
        [
            {"location": [[
                {"latitude": 63.426111},
                {"longitude": 10.383244}
            ]]},
            {"altitude": 53},
            {"distance_km": 3.84982},
            {"speed_kmh": 8.4615},
            {"timestamp": "Sat Jun 04 06:59:12 UTC 2016"}
        ],
        [
            {"location": [[
                {"latitude": 63.425915},
                {"longitude": 10.383536}
            ]]},
            {"altitude": 50},
            {"distance_km": 3.87611},
            {"speed_kmh": 8.85235},
            {"timestamp": "Sat Jun 04 06:59:22 UTC 2016"}
        ],
        [
            {"location": [[
                {"latitude": 63.425693},
                {"longitude": 10.383934}
            ]]},
            {"altitude": 49},
            {"distance_km": 3.90783},
            {"speed_kmh": 9.72854},
            {"timestamp": "Sat Jun 04 06:59:34 UTC 2016"}
        ],
        [
            {"location": [[
                {"latitude": 63.425538},
                {"longitude": 10.384314}
            ]]},
            {"altitude": 53},
            {"distance_km": 3.9335},
            {"speed_kmh": 8.89185},
            {"timestamp": "Sat Jun 04 06:59:46 UTC 2016"}
        ],
        [
            {"location": [[
                {"latitude": 63.425408},
                {"longitude": 10.38457}
            ]]},
            {"altitude": 55},
            {"distance_km": 3.95284},
            {"speed_kmh": 8.62657},
            {"timestamp": "Sat Jun 04 06:59:54 UTC 2016"}
        ],
        [
            {"location": [[
                {"latitude": 63.425214},
                {"longitude": 10.384932}
            ]]},
            {"altitude": 54},
            {"distance_km": 3.98101},
            {"speed_kmh": 8.52732},
            {"timestamp": "Sat Jun 04 07:00:05 UTC 2016"}
        ],
        [
            {"location": [[
                {"latitude": 63.42506},
                {"longitude": 10.385224}
            ]]},
            {"altitude": 52},
            {"distance_km": 4.00348},
            {"speed_kmh": 8.41859},
            {"timestamp": "Sat Jun 04 07:00:16 UTC 2016"}
        ],
        [
            {"location": [[
                {"latitude": 63.424944},
                {"longitude": 10.385428}
            ]]},
            {"altitude": 51},
            {"distance_km": 4.02005},
            {"speed_kmh": 8.3781},
            {"timestamp": "Sat Jun 04 07:00:23 UTC 2016"}
        ],
        [
            {"location": [[
                {"latitude": 63.424782},
                {"longitude": 10.385795}
            ]]},
            {"altitude": 53},
            {"distance_km": 4.04576},
            {"speed_kmh": 8.10502},
            {"timestamp": "Sat Jun 04 07:00:34 UTC 2016"}
        ],
        [
            {"location": [[
                {"latitude": 63.424629},
                {"longitude": 10.386075}
            ]]},
            {"altitude": 53},
            {"distance_km": 4.06776},
            {"speed_kmh": 8.94452},
            {"timestamp": "Sat Jun 04 07:00:42 UTC 2016"}
        ],
        [
            {"location": [[
                {"latitude": 63.424474},
                {"longitude": 10.386419}
            ]]},
            {"altitude": 51},
            {"distance_km": 4.09215},
            {"speed_kmh": 9.35753},
            {"timestamp": "Sat Jun 04 07:00:51 UTC 2016"}
        ],
        [
            {"location": [[
                {"latitude": 63.42441},
                {"longitude": 10.386624}
            ]]},
            {"altitude": 52},
            {"distance_km": 4.10463},
            {"speed_kmh": 9.54895},
            {"timestamp": "Sat Jun 04 07:00:56 UTC 2016"}
        ],
        [
            {"location": [[
                {"latitude": 63.424307},
                {"longitude": 10.386953}
            ]]},
            {"altitude": 52},
            {"distance_km": 4.12468},
            {"speed_kmh": 9.2559},
            {"timestamp": "Sat Jun 04 07:01:04 UTC 2016"}
        ],
        [
            {"location": [[
                {"latitude": 63.424212},
                {"longitude": 10.387347}
            ]]},
            {"altitude": 53},
            {"distance_km": 4.14699},
            {"speed_kmh": 9.34764},
            {"timestamp": "Sat Jun 04 07:01:12 UTC 2016"}
        ],
        [
            {"location": [[
                {"latitude": 63.42413},
                {"longitude": 10.387766}
            ]]},
            {"altitude": 54},
            {"distance_km": 4.16986},
            {"speed_kmh": 9.40187},
            {"timestamp": "Sat Jun 04 07:01:21 UTC 2016"}
        ],
        [
            {"location": [[
                {"latitude": 63.424035},
                {"longitude": 10.388187}
            ]]},
            {"altitude": 55},
            {"distance_km": 4.19334},
            {"speed_kmh": 9.52707},
            {"timestamp": "Sat Jun 04 07:01:30 UTC 2016"}
        ],
        [
            {"location": [[
                {"latitude": 63.423987},
                {"longitude": 10.388515}
            ]]},
            {"altitude": 57},
            {"distance_km": 4.21058},
            {"speed_kmh": 9.13908},
            {"timestamp": "Sat Jun 04 07:01:37 UTC 2016"}
        ],
        [
            {"location": [[
                {"latitude": 63.423921},
                {"longitude": 10.388787}
            ]]},
            {"altitude": 55},
            {"distance_km": 4.22602},
            {"speed_kmh": 9.17382},
            {"timestamp": "Sat Jun 04 07:01:43 UTC 2016"}
        ],
        [
            {"location": [[
                {"latitude": 63.423847},
                {"longitude": 10.389145}
            ]]},
            {"altitude": 59},
            {"distance_km": 4.24574},
            {"speed_kmh": 9.42167},
            {"timestamp": "Sat Jun 04 07:01:50 UTC 2016"}
        ],
        [
            {"location": [[
                {"latitude": 63.423787},
                {"longitude": 10.389476}
            ]]},
            {"altitude": 58},
            {"distance_km": 4.26356},
            {"speed_kmh": 8.60387},
            {"timestamp": "Sat Jun 04 07:02:00 UTC 2016"}
        ],
        [
            {"location": [[
                {"latitude": 63.423672},
                {"longitude": 10.390037}
            ]]},
            {"altitude": 60},
            {"distance_km": 4.29436},
            {"speed_kmh": 8.8784},
            {"timestamp": "Sat Jun 04 07:02:11 UTC 2016"}
        ],
        [
            {"location": [[
                {"latitude": 63.423638},
                {"longitude": 10.390252}
            ]]},
            {"altitude": 59},
            {"distance_km": 4.30574},
            {"speed_kmh": 8.91343},
            {"timestamp": "Sat Jun 04 07:02:15 UTC 2016"}
        ],
        [
            {"location": [[
                {"latitude": 63.423604},
                {"longitude": 10.390575}
            ]]},
            {"altitude": 57},
            {"distance_km": 4.32231},
            {"speed_kmh": 10.0915},
            {"timestamp": "Sat Jun 04 07:02:21 UTC 2016"}
        ],
        [
            {"location": [[
                {"latitude": 63.423566},
                {"longitude": 10.390888}
            ]]},
            {"altitude": 54},
            {"distance_km": 4.33849},
            {"speed_kmh": 9.96502},
            {"timestamp": "Sat Jun 04 07:02:27 UTC 2016"}
        ],
        [
            {"location": [[
                {"latitude": 63.423532},
                {"longitude": 10.391385}
            ]]},
            {"altitude": 57},
            {"distance_km": 4.36363},
            {"speed_kmh": 9.56838},
            {"timestamp": "Sat Jun 04 07:02:37 UTC 2016"}
        ],
        [
            {"location": [[
                {"latitude": 63.42348},
                {"longitude": 10.391784}
            ]]},
            {"altitude": 53},
            {"distance_km": 4.38434},
            {"speed_kmh": 9.34962},
            {"timestamp": "Sat Jun 04 07:02:45 UTC 2016"}
        ],
        [
            {"location": [[
                {"latitude": 63.423399},
                {"longitude": 10.392116}
            ]]},
            {"altitude": 50},
            {"distance_km": 4.40322},
            {"speed_kmh": 8.94453},
            {"timestamp": "Sat Jun 04 07:02:53 UTC 2016"}
        ],
        [
            {"location": [[
                {"latitude": 63.423336},
                {"longitude": 10.39265}
            ]]},
            {"altitude": 55},
            {"distance_km": 4.43085},
            {"speed_kmh": 7.99752},
            {"timestamp": "Sat Jun 04 07:03:09 UTC 2016"}
        ],
        [
            {"location": [[
                {"latitude": 63.423239},
                {"longitude": 10.392985}
            ]]},
            {"altitude": 55},
            {"distance_km": 4.45074},
            {"speed_kmh": 7.54604},
            {"timestamp": "Sat Jun 04 07:03:18 UTC 2016"}
        ],
        [
            {"location": [[
                {"latitude": 63.423158},
                {"longitude": 10.393378}
            ]]},
            {"altitude": 54},
            {"distance_km": 4.47236},
            {"speed_kmh": 7.59616},
            {"timestamp": "Sat Jun 04 07:03:27 UTC 2016"}
        ],
        [
            {"location": [[
                {"latitude": 63.423088},
                {"longitude": 10.393768}
            ]]},
            {"altitude": 54},
            {"distance_km": 4.49333},
            {"speed_kmh": 8.04378},
            {"timestamp": "Sat Jun 04 07:03:37 UTC 2016"}
        ],
        [
            {"location": [[
                {"latitude": 63.423036},
                {"longitude": 10.394122}
            ]]},
            {"altitude": 52},
            {"distance_km": 4.51195},
            {"speed_kmh": 8.57941},
            {"timestamp": "Sat Jun 04 07:03:44 UTC 2016"}
        ],
        [
            {"location": [[
                {"latitude": 63.422999},
                {"longitude": 10.394499}
            ]]},
            {"altitude": 53},
            {"distance_km": 4.53119},
            {"speed_kmh": 8.26075},
            {"timestamp": "Sat Jun 04 07:03:53 UTC 2016"}
        ],
        [
            {"location": [[
                {"latitude": 63.422901},
                {"longitude": 10.394905}
            ]]},
            {"altitude": 57},
            {"distance_km": 4.55425},
            {"speed_kmh": 8.27982},
            {"timestamp": "Sat Jun 04 07:04:04 UTC 2016"}
        ],
        [
            {"location": [[
                {"latitude": 63.42279},
                {"longitude": 10.395016}
            ]]},
            {"altitude": 60},
            {"distance_km": 4.56779},
            {"speed_kmh": 6.70993},
            {"timestamp": "Sat Jun 04 07:04:14 UTC 2016"}
        ],
        [
            {"location": [[
                {"latitude": 63.422775},
                {"longitude": 10.395485}
            ]]},
            {"altitude": 62},
            {"distance_km": 4.59129},
            {"speed_kmh": 6.73072},
            {"timestamp": "Sat Jun 04 07:04:25 UTC 2016"}
        ],
        [
            {"location": [[
                {"latitude": 63.422711},
                {"longitude": 10.395915}
            ]]},
            {"altitude": 61},
            {"distance_km": 4.61392},
            {"speed_kmh": 6.90898},
            {"timestamp": "Sat Jun 04 07:04:35 UTC 2016"}
        ],
        [
            {"location": [[
                {"latitude": 63.422639},
                {"longitude": 10.39638}
            ]]},
            {"altitude": 57},
            {"distance_km": 4.63847},
            {"speed_kmh": 8.24594},
            {"timestamp": "Sat Jun 04 07:04:45 UTC 2016"}
        ],
        [
            {"location": [[
                {"latitude": 63.422581},
                {"longitude": 10.396738}
            ]]},
            {"altitude": 61},
            {"distance_km": 4.65749},
            {"speed_kmh": 8.92423},
            {"timestamp": "Sat Jun 04 07:04:52 UTC 2016"}
        ],
        [
            {"location": [[
                {"latitude": 63.422562},
                {"longitude": 10.396996}
            ]]},
            {"altitude": 60},
            {"distance_km": 4.67055},
            {"speed_kmh": 9.28938},
            {"timestamp": "Sat Jun 04 07:04:57 UTC 2016"}
        ],
        [
            {"location": [[
                {"latitude": 63.422469},
                {"longitude": 10.39749}
            ]]},
            {"altitude": 62},
            {"distance_km": 4.69731},
            {"speed_kmh": 9.57688},
            {"timestamp": "Sat Jun 04 07:05:07 UTC 2016"}
        ],
        [
            {"location": [[
                {"latitude": 63.422386},
                {"longitude": 10.397926}
            ]]},
            {"altitude": 64},
            {"distance_km": 4.72101},
            {"speed_kmh": 9.16177},
            {"timestamp": "Sat Jun 04 07:05:17 UTC 2016"}
        ],
        [
            {"location": [[
                {"latitude": 63.422276},
                {"longitude": 10.39839}
            ]]},
            {"altitude": 61},
            {"distance_km": 4.74719},
            {"speed_kmh": 9.22197},
            {"timestamp": "Sat Jun 04 07:05:27 UTC 2016"}
        ],
        [
            {"location": [[
                {"latitude": 63.42223},
                {"longitude": 10.398882}
            ]]},
            {"altitude": 64},
            {"distance_km": 4.77228},
            {"speed_kmh": 8.99881},
            {"timestamp": "Sat Jun 04 07:05:37 UTC 2016"}
        ],
        [
            {"location": [[
                {"latitude": 63.422154},
                {"longitude": 10.399228}
            ]]},
            {"altitude": 66},
            {"distance_km": 4.79155},
            {"speed_kmh": 8.46526},
            {"timestamp": "Sat Jun 04 07:05:47 UTC 2016"}
        ],
        [
            {"location": [[
                {"latitude": 63.422012},
                {"longitude": 10.399769}
            ]]},
            {"altitude": 63},
            {"distance_km": 4.82282},
            {"speed_kmh": 7.53168},
            {"timestamp": "Sat Jun 04 07:06:04 UTC 2016"}
        ],
        [
            {"location": [[
                {"latitude": 63.421932},
                {"longitude": 10.400092}
            ]]},
            {"altitude": 63},
            {"distance_km": 4.8413},
            {"speed_kmh": 7.68649},
            {"timestamp": "Sat Jun 04 07:06:11 UTC 2016"}
        ],
        [
            {"location": [[
                {"latitude": 63.421828},
                {"longitude": 10.400461}
            ]]},
            {"altitude": 64},
            {"distance_km": 4.86306},
            {"speed_kmh": 8.63908},
            {"timestamp": "Sat Jun 04 07:06:19 UTC 2016"}
        ],
        [
            {"location": [[
                {"latitude": 63.421767},
                {"longitude": 10.400736}
            ]]},
            {"altitude": 66},
            {"distance_km": 4.8784},
            {"speed_kmh": 9.4989},
            {"timestamp": "Sat Jun 04 07:06:25 UTC 2016"}
        ],
        [
            {"location": [[
                {"latitude": 63.421635},
                {"longitude": 10.401236}
            ]]},
            {"altitude": 65},
            {"distance_km": 4.90738},
            {"speed_kmh": 9.49307},
            {"timestamp": "Sat Jun 04 07:06:36 UTC 2016"}
        ],
        [
            {"location": [[
                {"latitude": 63.421573},
                {"longitude": 10.401608}
            ]]},
            {"altitude": 65},
            {"distance_km": 4.92715},
            {"speed_kmh": 9.19413},
            {"timestamp": "Sat Jun 04 07:06:44 UTC 2016"}
        ],
        [
            {"location": [[
                {"latitude": 63.421464},
                {"longitude": 10.402059}
            ]]},
            {"altitude": 65},
            {"distance_km": 4.95278},
            {"speed_kmh": 9.20719},
            {"timestamp": "Sat Jun 04 07:06:54 UTC 2016"}
        ],
        [
            {"location": [[
                {"latitude": 63.421422},
                {"longitude": 10.402295}
            ]]},
            {"altitude": 67},
            {"distance_km": 4.96548},
            {"speed_kmh": 9.09074},
            {"timestamp": "Sat Jun 04 07:06:59 UTC 2016"}
        ],
        [
            {"location": [[
                {"latitude": 63.421389},
                {"longitude": 10.402581}
            ]]},
            {"altitude": 69},
            {"distance_km": 4.9802},
            {"speed_kmh": 9.0662},
            {"timestamp": "Sat Jun 04 07:07:05 UTC 2016"}
        ],
        [
            {"location": [[
                {"latitude": 63.42135},
                {"longitude": 10.402857}
            ]]},
            {"altitude": 68},
            {"distance_km": 4.99468},
            {"speed_kmh": 8.8803},
            {"timestamp": "Sat Jun 04 07:07:11 UTC 2016"}
        ],
        [
            {"location": [[
                {"latitude": 63.421304},
                {"longitude": 10.403247}
            ]]},
            {"altitude": 69},
            {"distance_km": 5.01482},
            {"speed_kmh": 8.51982},
            {"timestamp": "Sat Jun 04 07:07:20 UTC 2016"}
        ],
        [
            {"location": [[
                {"latitude": 63.421165},
                {"longitude": 10.403599}
            ]]},
            {"altitude": 68},
            {"distance_km": 5.03824},
            {"speed_kmh": 8.39042},
            {"timestamp": "Sat Jun 04 07:07:30 UTC 2016"}
        ],
        [
            {"location": [[
                {"latitude": 63.421018},
                {"longitude": 10.403896}
            ]]},
            {"altitude": 73},
            {"distance_km": 5.06034},
            {"speed_kmh": 8.44194},
            {"timestamp": "Sat Jun 04 07:07:39 UTC 2016"}
        ],
        [
            {"location": [[
                {"latitude": 63.420884},
                {"longitude": 10.404295}
            ]]},
            {"altitude": 70},
            {"distance_km": 5.08528},
            {"speed_kmh": 8.25033},
            {"timestamp": "Sat Jun 04 07:07:51 UTC 2016"}
        ],
        [
            {"location": [[
                {"latitude": 63.420726},
                {"longitude": 10.404612}
            ]]},
            {"altitude": 72},
            {"distance_km": 5.10895},
            {"speed_kmh": 8.01184},
            {"timestamp": "Sat Jun 04 07:08:02 UTC 2016"}
        ],
        [
            {"location": [[
                {"latitude": 63.420477},
                {"longitude": 10.404685}
            ]]},
            {"altitude": 76},
            {"distance_km": 5.13695},
            {"speed_kmh": 7.88043},
            {"timestamp": "Sat Jun 04 07:08:14 UTC 2016"}
        ],
        [
            {"location": [[
                {"latitude": 63.42033},
                {"longitude": 10.404865}
            ]]},
            {"altitude": 75},
            {"distance_km": 5.15559},
            {"speed_kmh": 8.17751},
            {"timestamp": "Sat Jun 04 07:08:22 UTC 2016"}
        ],
        [
            {"location": [[
                {"latitude": 63.420123},
                {"longitude": 10.404861}
            ]]},
            {"altitude": 78},
            {"distance_km": 5.17866},
            {"speed_kmh": 8.68095},
            {"timestamp": "Sat Jun 04 07:08:31 UTC 2016"}
        ],
        [
            {"location": [[
                {"latitude": 63.41988},
                {"longitude": 10.404809}
            ]]},
            {"altitude": 77},
            {"distance_km": 5.20593},
            {"speed_kmh": 8.84159},
            {"timestamp": "Sat Jun 04 07:08:42 UTC 2016"}
        ],
        [
            {"location": [[
                {"latitude": 63.419707},
                {"longitude": 10.40466}
            ]]},
            {"altitude": 72},
            {"distance_km": 5.22657},
            {"speed_kmh": 9.1481},
            {"timestamp": "Sat Jun 04 07:08:50 UTC 2016"}
        ],
        [
            {"location": [[
                {"latitude": 63.419479},
                {"longitude": 10.404595}
            ]]},
            {"altitude": 74},
            {"distance_km": 5.25215},
            {"speed_kmh": 9.4861},
            {"timestamp": "Sat Jun 04 07:08:59 UTC 2016"}
        ],
        [
            {"location": [[
                {"latitude": 63.419329},
                {"longitude": 10.404672}
            ]]},
            {"altitude": 70},
            {"distance_km": 5.26936},
            {"speed_kmh": 9.45604},
            {"timestamp": "Sat Jun 04 07:09:06 UTC 2016"}
        ],
        [
            {"location": [[
                {"latitude": 63.419155},
                {"longitude": 10.404866}
            ]]},
            {"altitude": 68},
            {"distance_km": 5.29103},
            {"speed_kmh": 9.24669},
            {"timestamp": "Sat Jun 04 07:09:15 UTC 2016"}
        ],
        [
            {"location": [[
                {"latitude": 63.418992},
                {"longitude": 10.405041}
            ]]},
            {"altitude": 81},
            {"distance_km": 5.3112},
            {"speed_kmh": 8.52556},
            {"timestamp": "Sat Jun 04 07:09:24 UTC 2016"}
        ],
        [
            {"location": [[
                {"latitude": 63.418757},
                {"longitude": 10.405288}
            ]]},
            {"altitude": 82},
            {"distance_km": 5.34012},
            {"speed_kmh": 8.47071},
            {"timestamp": "Sat Jun 04 07:09:36 UTC 2016"}
        ],
        [
            {"location": [[
                {"latitude": 63.418549},
                {"longitude": 10.405619}
            ]]},
            {"altitude": 72},
            {"distance_km": 5.36865},
            {"speed_kmh": 8.43803},
            {"timestamp": "Sat Jun 04 07:09:48 UTC 2016"}
        ],
        [
            {"location": [[
                {"latitude": 63.418475},
                {"longitude": 10.405756}
            ]]},
            {"altitude": 85},
            {"distance_km": 5.37935},
            {"speed_kmh": 7.88369},
            {"timestamp": "Sat Jun 04 07:09:54 UTC 2016"}
        ],
        [
            {"location": [[
                {"latitude": 63.418193},
                {"longitude": 10.405966}
            ]]},
            {"altitude": 85},
            {"distance_km": 5.41249},
            {"speed_kmh": 8.31022},
            {"timestamp": "Sat Jun 04 07:10:06 UTC 2016"}
        ],
        [
            {"location": [[
                {"latitude": 63.41808},
                {"longitude": 10.406103}
            ]]},
            {"altitude": 78},
            {"distance_km": 5.4268},
            {"speed_kmh": 8.8821},
            {"timestamp": "Sat Jun 04 07:10:11 UTC 2016"}
        ],
        [
            {"location": [[
                {"latitude": 63.417944},
                {"longitude": 10.406275}
            ]]},
            {"altitude": 70},
            {"distance_km": 5.44427},
            {"speed_kmh": 10.2388},
            {"timestamp": "Sat Jun 04 07:10:17 UTC 2016"}
        ],
        [
            {"location": [[
                {"latitude": 63.417735},
                {"longitude": 10.406454}
            ]]},
            {"altitude": 82},
            {"distance_km": 5.46915},
            {"speed_kmh": 10.6526},
            {"timestamp": "Sat Jun 04 07:10:25 UTC 2016"}
        ],
        [
            {"location": [[
                {"latitude": 63.417548},
                {"longitude": 10.40665}
            ]]},
            {"altitude": 77},
            {"distance_km": 5.49216},
            {"speed_kmh": 11.1302},
            {"timestamp": "Sat Jun 04 07:10:32 UTC 2016"}
        ],
        [
            {"location": [[
                {"latitude": 63.417386},
                {"longitude": 10.406828}
            ]]},
            {"altitude": 79},
            {"distance_km": 5.51228},
            {"speed_kmh": 11.1271},
            {"timestamp": "Sat Jun 04 07:10:39 UTC 2016"}
        ],
        [
            {"location": [[
                {"latitude": 63.417235},
                {"longitude": 10.40693}
            ]]},
            {"altitude": 72},
            {"distance_km": 5.52989},
            {"speed_kmh": 10.4097},
            {"timestamp": "Sat Jun 04 07:10:46 UTC 2016"}
        ],
        [
            {"location": [[
                {"latitude": 63.41703},
                {"longitude": 10.407088}
            ]]},
            {"altitude": 78},
            {"distance_km": 5.55406},
            {"speed_kmh": 9.14137},
            {"timestamp": "Sat Jun 04 07:10:57 UTC 2016"}
        ],
        [
            {"location": [[
                {"latitude": 63.416827},
                {"longitude": 10.407331}
            ]]},
            {"altitude": 76},
            {"distance_km": 5.57977},
            {"speed_kmh": 9.08185},
            {"timestamp": "Sat Jun 04 07:11:06 UTC 2016"}
        ],
        [
            {"location": [[
                {"latitude": 63.41668},
                {"longitude": 10.407431}
            ]]},
            {"altitude": 84},
            {"distance_km": 5.59695},
            {"speed_kmh": 10.1843},
            {"timestamp": "Sat Jun 04 07:11:11 UTC 2016"}
        ],
        [
            {"location": [[
                {"latitude": 63.416563},
                {"longitude": 10.407577}
            ]]},
            {"altitude": 72},
            {"distance_km": 5.61185},
            {"speed_kmh": 11.1294},
            {"timestamp": "Sat Jun 04 07:11:16 UTC 2016"}
        ],
        [
            {"location": [[
                {"latitude": 63.416472},
                {"longitude": 10.407659}
            ]]},
            {"altitude": 81},
            {"distance_km": 5.62281},
            {"speed_kmh": 10.2959},
            {"timestamp": "Sat Jun 04 07:11:21 UTC 2016"}
        ],
        [
            {"location": [[
                {"latitude": 63.416274},
                {"longitude": 10.40761}
            ]]},
            {"altitude": 87},
            {"distance_km": 5.64496},
            {"speed_kmh": 8.40541},
            {"timestamp": "Sat Jun 04 07:11:33 UTC 2016"}
        ],
        [
            {"location": [[
                {"latitude": 63.416062},
                {"longitude": 10.4075}
            ]]},
            {"altitude": 81},
            {"distance_km": 5.6692},
            {"speed_kmh": 8.45848},
            {"timestamp": "Sat Jun 04 07:11:41 UTC 2016"}
        ],
        [
            {"location": [[
                {"latitude": 63.415888},
                {"longitude": 10.407346}
            ]]},
            {"altitude": 69},
            {"distance_km": 5.69015},
            {"speed_kmh": 9.45193},
            {"timestamp": "Sat Jun 04 07:11:48 UTC 2016"}
        ],
        [
            {"location": [[
                {"latitude": 63.415761},
                {"longitude": 10.407365}
            ]]},
            {"altitude": 83},
            {"distance_km": 5.70431},
            {"speed_kmh": 9.86792},
            {"timestamp": "Sat Jun 04 07:11:55 UTC 2016"}
        ],
        [
            {"location": [[
                {"latitude": 63.415761},
                {"longitude": 10.407365}
            ]]},
            {"distance_km": 5.70431},
            {"timestamp": "Sat Jun 04 07:14:23 UTC 2016"}
        ],
        [
            {"location": [[
                {"latitude": 63.415761},
                {"longitude": 10.407365}
            ]]},
            {"distance_km": 5.70431},
            {"timestamp": "Sat Jun 04 07:14:26 UTC 2016"}
        ]
    ]}
]