[
    {"sport": "TREADMILL_RUNNING"},
    {"source": "INPUT_MANUAL_MOBILE"},
    {"created_date": "2016-02-22 17:30:07.0"},
    {"start_time": "2016-02-22 14:15:13.0"},
    {"end_time": "2016-02-22 15:00:13.0"},
    {"notes": "4x4-intervall"},
    {"duration_s": 2700},
    {"distance_km": 5.5},
    {"calories_kcal": 369},
    {"speed_avg_kmh": 7.333333333333333},
    {"hydration_l": 0.232166},
    {"points": [[
        {"distance_km": 5.5},
        {"timestamp": "Mon Feb 22 14:15:13 UTC 2016"}
    ]]}
]