[
    {"name": "2 x Gåshølet"},
    {"sport": "RUNNING"},
    {"source": "TRACK_MOBILE"},
    {"created_date": "2017-02-07 18:48:41.0"},
    {"start_time": "2017-02-07 18:16:23.0"},
    {"end_time": "2017-02-07 18:48:19.0"},
    {"duration_s": 1905},
    {"distance_km": 5.0336761474609375},
    {"calories_kcal": 315},
    {"altitude_min_m": 155},
    {"altitude_max_m": 184},
    {"speed_avg_kmh": 9.512458861343504},
    {"speed_max_kmh": 13.6006},
    {"hydration_l": 0.193961},
    {"ascend_m": 43},
    {"descend_m": 42},
    {"points": [
        [
            {"location": [[
                {"latitude": 60.024115},
                {"longitude": 11.115002}
            ]]},
            {"distance_km": 0},
            {"timestamp": "Tue Feb 07 18:16:23 UTC 2017"}
        ],
        [
            {"location": [[
                {"latitude": 60.024115},
                {"longitude": 11.115002}
            ]]},
            {"altitude": 172},
            {"distance_km": 0},
            {"timestamp": "Tue Feb 07 18:16:24 UTC 2017"}
        ],
        [
            {"location": [[
                {"latitude": 60.024257},
                {"longitude": 11.114798}
            ]]},
            {"altitude": 175},
            {"distance_km": 0.038999},
            {"timestamp": "Tue Feb 07 18:16:50 UTC 2017"}
        ],
        [
            {"location": [[
                {"latitude": 60.024339},
                {"longitude": 11.114797}
            ]]},
            {"altitude": 174},
            {"distance_km": 0.048086},
            {"timestamp": "Tue Feb 07 18:16:53 UTC 2017"}
        ],
        [
            {"location": [[
                {"latitude": 60.024576},
                {"longitude": 11.114811}
            ]]},
            {"altitude": 176},
            {"distance_km": 0.074574},
            {"speed_kmh": 8.46372},
            {"timestamp": "Tue Feb 07 18:17:01 UTC 2017"}
        ],
        [
            {"location": [[
                {"latitude": 60.024804},
                {"longitude": 11.114898}
            ]]},
            {"altitude": 178},
            {"distance_km": 0.100402},
            {"speed_kmh": 12.0022},
            {"timestamp": "Tue Feb 07 18:17:08 UTC 2017"}
        ],
        [
            {"location": [[
                {"latitude": 60.025039},
                {"longitude": 11.115037}
            ]]},
            {"altitude": 178},
            {"distance_km": 0.127659},
            {"speed_kmh": 13.0986},
            {"timestamp": "Tue Feb 07 18:17:15 UTC 2017"}
        ],
        [
            {"location": [[
                {"latitude": 60.025225},
                {"longitude": 11.115188}
            ]]},
            {"altitude": 176},
            {"distance_km": 0.15001},
            {"speed_kmh": 13.5773},
            {"timestamp": "Tue Feb 07 18:17:21 UTC 2017"}
        ],
        [
            {"location": [[
                {"latitude": 60.025373},
                {"longitude": 11.115342}
            ]]},
            {"altitude": 175},
            {"distance_km": 0.168599},
            {"speed_kmh": 13.6006},
            {"timestamp": "Tue Feb 07 18:17:26 UTC 2017"}
        ],
        [
            {"location": [[
                {"latitude": 60.025542},
                {"longitude": 11.115525}
            ]]},
            {"altitude": 176},
            {"distance_km": 0.190002},
            {"speed_kmh": 13.1844},
            {"timestamp": "Tue Feb 07 18:17:32 UTC 2017"}
        ],
        [
            {"location": [[
                {"latitude": 60.025718},
                {"longitude": 11.115746}
            ]]},
            {"altitude": 179},
            {"distance_km": 0.213249},
            {"speed_kmh": 12.7041},
            {"timestamp": "Tue Feb 07 18:17:39 UTC 2017"}
        ],
        [
            {"location": [[
                {"latitude": 60.025925},
                {"longitude": 11.115898}
            ]]},
            {"altitude": 183},
            {"distance_km": 0.237804},
            {"speed_kmh": 11.9451},
            {"timestamp": "Tue Feb 07 18:17:47 UTC 2017"}
        ],
        [
            {"location": [[
                {"latitude": 60.026114},
                {"longitude": 11.115782}
            ]]},
            {"altitude": 180},
            {"distance_km": 0.259881},
            {"speed_kmh": 12.0974},
            {"timestamp": "Tue Feb 07 18:17:53 UTC 2017"}
        ],
        [
            {"location": [[
                {"latitude": 60.026332},
                {"longitude": 11.115747}
            ]]},
            {"altitude": 178},
            {"distance_km": 0.284139},
            {"speed_kmh": 12.2702},
            {"timestamp": "Tue Feb 07 18:18:00 UTC 2017"}
        ],
        [
            {"location": [[
                {"latitude": 60.026415},
                {"longitude": 11.116033}
            ]]},
            {"altitude": 177},
            {"distance_km": 0.302634},
            {"speed_kmh": 12.2751},
            {"timestamp": "Tue Feb 07 18:18:06 UTC 2017"}
        ],
        [
            {"location": [[
                {"latitude": 60.026305},
                {"longitude": 11.116224}
            ]]},
            {"altitude": 177},
            {"distance_km": 0.318918},
            {"speed_kmh": 11.0923},
            {"timestamp": "Tue Feb 07 18:18:12 UTC 2017"}
        ],
        [
            {"location": [[
                {"latitude": 60.026135},
                {"longitude": 11.116221}
            ]]},
            {"altitude": 180},
            {"distance_km": 0.337848},
            {"speed_kmh": 9.47362},
            {"timestamp": "Tue Feb 07 18:18:21 UTC 2017"}
        ],
        [
            {"location": [[
                {"latitude": 60.026355},
                {"longitude": 11.116075}
            ]]},
            {"altitude": 180},
            {"distance_km": 0.363739},
            {"speed_kmh": 8.86958},
            {"timestamp": "Tue Feb 07 18:18:31 UTC 2017"}
        ],
        [
            {"location": [[
                {"latitude": 60.026432},
                {"longitude": 11.116055}
            ]]},
            {"altitude": 180},
            {"distance_km": 0.372314},
            {"speed_kmh": 9.07329},
            {"timestamp": "Tue Feb 07 18:18:34 UTC 2017"}
        ],
        [
            {"location": [[
                {"latitude": 60.026622},
                {"longitude": 11.115991}
            ]]},
            {"altitude": 180},
            {"distance_km": 0.393835},
            {"speed_kmh": 9.75854},
            {"timestamp": "Tue Feb 07 18:18:42 UTC 2017"}
        ],
        [
            {"location": [[
                {"latitude": 60.026834},
                {"longitude": 11.11592}
            ]]},
            {"altitude": 179},
            {"distance_km": 0.417741},
            {"speed_kmh": 9.84678},
            {"timestamp": "Tue Feb 07 18:18:51 UTC 2017"}
        ],
        [
            {"location": [[
                {"latitude": 60.026904},
                {"longitude": 11.115905}
            ]]},
            {"altitude": 178},
            {"distance_km": 0.4256},
            {"speed_kmh": 9.52496},
            {"timestamp": "Tue Feb 07 18:18:54 UTC 2017"}
        ],
        [
            {"location": [[
                {"latitude": 60.02711},
                {"longitude": 11.115872}
            ]]},
            {"altitude": 180},
            {"distance_km": 0.448651},
            {"speed_kmh": 9.38814},
            {"timestamp": "Tue Feb 07 18:19:03 UTC 2017"}
        ],
        [
            {"location": [[
                {"latitude": 60.027183},
                {"longitude": 11.115849}
            ]]},
            {"altitude": 180},
            {"distance_km": 0.456854},
            {"speed_kmh": 9.47046},
            {"timestamp": "Tue Feb 07 18:19:06 UTC 2017"}
        ],
        [
            {"location": [[
                {"latitude": 60.027261},
                {"longitude": 11.115823}
            ]]},
            {"altitude": 181},
            {"distance_km": 0.465633},
            {"speed_kmh": 9.87506},
            {"timestamp": "Tue Feb 07 18:19:09 UTC 2017"}
        ],
        [
            {"location": [[
                {"latitude": 60.02734},
                {"longitude": 11.115802}
            ]]},
            {"altitude": 181},
            {"distance_km": 0.474591},
            {"speed_kmh": 10.3838},
            {"timestamp": "Tue Feb 07 18:19:12 UTC 2017"}
        ],
        [
            {"location": [[
                {"latitude": 60.027422},
                {"longitude": 11.115789}
            ]]},
            {"altitude": 182},
            {"distance_km": 0.483744},
            {"speed_kmh": 10.7653},
            {"timestamp": "Tue Feb 07 18:19:15 UTC 2017"}
        ],
        [
            {"location": [[
                {"latitude": 60.027554},
                {"longitude": 11.115841}
            ]]},
            {"altitude": 182},
            {"distance_km": 0.498681},
            {"speed_kmh": 10.8235},
            {"timestamp": "Tue Feb 07 18:19:20 UTC 2017"}
        ],
        [
            {"location": [[
                {"latitude": 60.027747},
                {"longitude": 11.115976}
            ]]},
            {"altitude": 181},
            {"distance_km": 0.521474},
            {"speed_kmh": 10.6524},
            {"timestamp": "Tue Feb 07 18:19:28 UTC 2017"}
        ],
        [
            {"location": [[
                {"latitude": 60.027957},
                {"longitude": 11.115948}
            ]]},
            {"altitude": 180},
            {"distance_km": 0.544934},
            {"speed_kmh": 10.5138},
            {"timestamp": "Tue Feb 07 18:19:36 UTC 2017"}
        ],
        [
            {"location": [[
                {"latitude": 60.028137},
                {"longitude": 11.115845}
            ]]},
            {"altitude": 180},
            {"distance_km": 0.5658},
            {"speed_kmh": 10.5173},
            {"timestamp": "Tue Feb 07 18:19:43 UTC 2017"}
        ],
        [
            {"location": [[
                {"latitude": 60.028342},
                {"longitude": 11.115749}
            ]]},
            {"altitude": 179},
            {"distance_km": 0.589226},
            {"speed_kmh": 10.6124},
            {"timestamp": "Tue Feb 07 18:19:51 UTC 2017"}
        ],
        [
            {"location": [[
                {"latitude": 60.028419},
                {"longitude": 11.115711}
            ]]},
            {"altitude": 179},
            {"distance_km": 0.598075},
            {"speed_kmh": 10.6191},
            {"timestamp": "Tue Feb 07 18:19:54 UTC 2017"}
        ],
        [
            {"location": [[
                {"latitude": 60.028618},
                {"longitude": 11.115598}
            ]]},
            {"altitude": 179},
            {"distance_km": 0.621181},
            {"speed_kmh": 10.5047},
            {"timestamp": "Tue Feb 07 18:20:02 UTC 2017"}
        ],
        [
            {"location": [[
                {"latitude": 60.028823},
                {"longitude": 11.115464}
            ]]},
            {"altitude": 178},
            {"distance_km": 0.645183},
            {"speed_kmh": 10.593},
            {"timestamp": "Tue Feb 07 18:20:10 UTC 2017"}
        ],
        [
            {"location": [[
                {"latitude": 60.029007},
                {"longitude": 11.115341}
            ]]},
            {"altitude": 177},
            {"distance_km": 0.666826},
            {"speed_kmh": 10.7789},
            {"timestamp": "Tue Feb 07 18:20:17 UTC 2017"}
        ],
        [
            {"location": [[
                {"latitude": 60.029086},
                {"longitude": 11.115288}
            ]]},
            {"altitude": 177},
            {"distance_km": 0.676102},
            {"speed_kmh": 11.0316},
            {"timestamp": "Tue Feb 07 18:20:20 UTC 2017"}
        ],
        [
            {"location": [[
                {"latitude": 60.029164},
                {"longitude": 11.115245}
            ]]},
            {"altitude": 177},
            {"distance_km": 0.685108},
            {"speed_kmh": 10.9408},
            {"timestamp": "Tue Feb 07 18:20:23 UTC 2017"}
        ],
        [
            {"location": [[
                {"latitude": 60.029369},
                {"longitude": 11.115123}
            ]]},
            {"altitude": 178},
            {"distance_km": 0.708876},
            {"speed_kmh": 10.8142},
            {"timestamp": "Tue Feb 07 18:20:31 UTC 2017"}
        ],
        [
            {"location": [[
                {"latitude": 60.029561},
                {"longitude": 11.115014}
            ]]},
            {"altitude": 178},
            {"distance_km": 0.731174},
            {"speed_kmh": 10.4535},
            {"timestamp": "Tue Feb 07 18:20:39 UTC 2017"}
        ],
        [
            {"location": [[
                {"latitude": 60.029792},
                {"longitude": 11.114954}
            ]]},
            {"altitude": 178},
            {"distance_km": 0.757133},
            {"speed_kmh": 10.4029},
            {"timestamp": "Tue Feb 07 18:20:48 UTC 2017"}
        ],
        [
            {"location": [[
                {"latitude": 60.030001},
                {"longitude": 11.114952}
            ]]},
            {"altitude": 176},
            {"distance_km": 0.780411},
            {"speed_kmh": 10.3109},
            {"timestamp": "Tue Feb 07 18:20:56 UTC 2017"}
        ],
        [
            {"location": [[
                {"latitude": 60.030063},
                {"longitude": 11.114776}
            ]]},
            {"altitude": 174},
            {"distance_km": 0.792389},
            {"speed_kmh": 9.0104},
            {"timestamp": "Tue Feb 07 18:21:03 UTC 2017"}
        ],
        [
            {"location": [[
                {"latitude": 60.030063},
                {"longitude": 11.114776}
            ]]},
            {"altitude": 174},
            {"distance_km": 0.792389},
            {"timestamp": "Tue Feb 07 18:21:09 UTC 2017"}
        ],
        [
            {"location": [[
                {"latitude": 60.030011},
                {"longitude": 11.114608}
            ]]},
            {"altitude": 172},
            {"distance_km": 0.814503},
            {"timestamp": "Tue Feb 07 18:21:12 UTC 2017"}
        ],
        [
            {"location": [[
                {"latitude": 60.029911},
                {"longitude": 11.114183}
            ]]},
            {"altitude": 170},
            {"distance_km": 0.840667},
            {"speed_kmh": 8.91779},
            {"timestamp": "Tue Feb 07 18:21:19 UTC 2017"}
        ],
        [
            {"location": [[
                {"latitude": 60.029754},
                {"longitude": 11.113969}
            ]]},
            {"altitude": 170},
            {"distance_km": 0.861831},
            {"speed_kmh": 13.145},
            {"timestamp": "Tue Feb 07 18:21:25 UTC 2017"}
        ],
        [
            {"location": [[
                {"latitude": 60.029536},
                {"longitude": 11.113756}
            ]]},
            {"altitude": 169},
            {"distance_km": 0.888933},
            {"speed_kmh": 12.7836},
            {"timestamp": "Tue Feb 07 18:21:33 UTC 2017"}
        ],
        [
            {"location": [[
                {"latitude": 60.029452},
                {"longitude": 11.11368}
            ]]},
            {"altitude": 169},
            {"distance_km": 0.899217},
            {"speed_kmh": 12.4017},
            {"timestamp": "Tue Feb 07 18:21:36 UTC 2017"}
        ],
        [
            {"location": [[
                {"latitude": 60.029263},
                {"longitude": 11.113504}
            ]]},
            {"altitude": 169},
            {"distance_km": 0.922448},
            {"speed_kmh": 12.1616},
            {"timestamp": "Tue Feb 07 18:21:43 UTC 2017"}
        ],
        [
            {"location": [[
                {"latitude": 60.029183},
                {"longitude": 11.113436}
            ]]},
            {"altitude": 170},
            {"distance_km": 0.932094},
            {"speed_kmh": 11.9469},
            {"timestamp": "Tue Feb 07 18:21:46 UTC 2017"}
        ],
        [
            {"location": [[
                {"latitude": 60.029105},
                {"longitude": 11.113364}
            ]]},
            {"altitude": 170},
            {"distance_km": 0.941702},
            {"speed_kmh": 11.6887},
            {"timestamp": "Tue Feb 07 18:21:49 UTC 2017"}
        ],
        [
            {"location": [[
                {"latitude": 60.028912},
                {"longitude": 11.113192}
            ]]},
            {"altitude": 170},
            {"distance_km": 0.965223},
            {"speed_kmh": 11.7344},
            {"timestamp": "Tue Feb 07 18:21:56 UTC 2017"}
        ],
        [
            {"location": [[
                {"latitude": 60.028824},
                {"longitude": 11.113111}
            ]]},
            {"altitude": 169},
            {"distance_km": 0.976041},
            {"speed_kmh": 12.1986},
            {"timestamp": "Tue Feb 07 18:21:59 UTC 2017"}
        ],
        [
            {"location": [[
                {"latitude": 60.028742},
                {"longitude": 11.113036}
            ]]},
            {"altitude": 169},
            {"distance_km": 0.986032},
            {"speed_kmh": 12.3519},
            {"timestamp": "Tue Feb 07 18:22:02 UTC 2017"}
        ],
        [
            {"location": [[
                {"latitude": 60.028663},
                {"longitude": 11.112969}
            ]]},
            {"altitude": 170},
            {"distance_km": 0.995592},
            {"speed_kmh": 12.1559},
            {"timestamp": "Tue Feb 07 18:22:05 UTC 2017"}
        ],
        [
            {"location": [[
                {"latitude": 60.028588},
                {"longitude": 11.112899}
            ]]},
            {"altitude": 171},
            {"distance_km": 1.00487},
            {"speed_kmh": 11.5306},
            {"timestamp": "Tue Feb 07 18:22:08 UTC 2017"}
        ],
        [
            {"location": [[
                {"latitude": 60.028386},
                {"longitude": 11.112709}
            ]]},
            {"altitude": 170},
            {"distance_km": 1.0297},
            {"speed_kmh": 11.2589},
            {"timestamp": "Tue Feb 07 18:22:16 UTC 2017"}
        ],
        [
            {"location": [[
                {"latitude": 60.02819},
                {"longitude": 11.112525}
            ]]},
            {"altitude": 169},
            {"distance_km": 1.05384},
            {"speed_kmh": 11.0372},
            {"timestamp": "Tue Feb 07 18:22:24 UTC 2017"}
        ],
        [
            {"location": [[
                {"latitude": 60.02799},
                {"longitude": 11.112341}
            ]]},
            {"altitude": 169},
            {"distance_km": 1.07834},
            {"speed_kmh": 11.0211},
            {"timestamp": "Tue Feb 07 18:22:32 UTC 2017"}
        ],
        [
            {"location": [[
                {"latitude": 60.02778},
                {"longitude": 11.112151}
            ]]},
            {"altitude": 168},
            {"distance_km": 1.10409},
            {"speed_kmh": 11.1579},
            {"timestamp": "Tue Feb 07 18:22:40 UTC 2017"}
        ],
        [
            {"location": [[
                {"latitude": 60.027577},
                {"longitude": 11.111976}
            ]]},
            {"altitude": 168},
            {"distance_km": 1.12866},
            {"speed_kmh": 11.2288},
            {"timestamp": "Tue Feb 07 18:22:48 UTC 2017"}
        ],
        [
            {"location": [[
                {"latitude": 60.027343},
                {"longitude": 11.111745}
            ]]},
            {"altitude": 167},
            {"distance_km": 1.15771},
            {"speed_kmh": 11.0326},
            {"timestamp": "Tue Feb 07 18:22:58 UTC 2017"}
        ],
        [
            {"location": [[
                {"latitude": 60.027145},
                {"longitude": 11.111565}
            ]]},
            {"altitude": 165},
            {"distance_km": 1.18202},
            {"speed_kmh": 10.8198},
            {"timestamp": "Tue Feb 07 18:23:06 UTC 2017"}
        ],
        [
            {"location": [[
                {"latitude": 60.026934},
                {"longitude": 11.111325}
            ]]},
            {"altitude": 165},
            {"distance_km": 1.20901},
            {"speed_kmh": 10.7293},
            {"timestamp": "Tue Feb 07 18:23:15 UTC 2017"}
        ],
        [
            {"location": [[
                {"latitude": 60.026767},
                {"longitude": 11.111}
            ]]},
            {"altitude": 162},
            {"distance_km": 1.23496},
            {"speed_kmh": 11.1452},
            {"timestamp": "Tue Feb 07 18:23:23 UTC 2017"}
        ],
        [
            {"location": [[
                {"latitude": 60.026647},
                {"longitude": 11.110729}
            ]]},
            {"altitude": 161},
            {"distance_km": 1.25518},
            {"speed_kmh": 11.5377},
            {"timestamp": "Tue Feb 07 18:23:29 UTC 2017"}
        ],
        [
            {"location": [[
                {"latitude": 60.026504},
                {"longitude": 11.110402}
            ]]},
            {"altitude": 161},
            {"distance_km": 1.27941},
            {"speed_kmh": 12.0927},
            {"timestamp": "Tue Feb 07 18:23:36 UTC 2017"}
        ],
        [
            {"location": [[
                {"latitude": 60.026387},
                {"longitude": 11.110127}
            ]]},
            {"altitude": 162},
            {"distance_km": 1.29952},
            {"speed_kmh": 12.2103},
            {"timestamp": "Tue Feb 07 18:23:42 UTC 2017"}
        ],
        [
            {"location": [[
                {"latitude": 60.026209},
                {"longitude": 11.109731}
            ]]},
            {"altitude": 163},
            {"distance_km": 1.32919},
            {"speed_kmh": 12.1275},
            {"timestamp": "Tue Feb 07 18:23:51 UTC 2017"}
        ],
        [
            {"location": [[
                {"latitude": 60.026122},
                {"longitude": 11.109418}
            ]]},
            {"altitude": 164},
            {"distance_km": 1.34913},
            {"speed_kmh": 11.3964},
            {"timestamp": "Tue Feb 07 18:23:58 UTC 2017"}
        ],
        [
            {"location": [[
                {"latitude": 60.025965},
                {"longitude": 11.109031}
            ]]},
            {"altitude": 164},
            {"distance_km": 1.37692},
            {"speed_kmh": 10.7157},
            {"timestamp": "Tue Feb 07 18:24:08 UTC 2017"}
        ],
        [
            {"location": [[
                {"latitude": 60.025872},
                {"longitude": 11.10872}
            ]]},
            {"altitude": 166},
            {"distance_km": 1.39711},
            {"speed_kmh": 10.2168},
            {"timestamp": "Tue Feb 07 18:24:15 UTC 2017"}
        ],
        [
            {"location": [[
                {"latitude": 60.025784},
                {"longitude": 11.108399}
            ]]},
            {"altitude": 165},
            {"distance_km": 1.41753},
            {"speed_kmh": 9.85672},
            {"timestamp": "Tue Feb 07 18:24:23 UTC 2017"}
        ],
        [
            {"location": [[
                {"latitude": 60.025665},
                {"longitude": 11.108009}
            ]]},
            {"altitude": 159},
            {"distance_km": 1.44298},
            {"speed_kmh": 9.91464},
            {"timestamp": "Tue Feb 07 18:24:32 UTC 2017"}
        ],
        [
            {"location": [[
                {"latitude": 60.025544},
                {"longitude": 11.107636}
            ]]},
            {"altitude": 164},
            {"distance_km": 1.46774},
            {"speed_kmh": 10.1644},
            {"timestamp": "Tue Feb 07 18:24:40 UTC 2017"}
        ],
        [
            {"location": [[
                {"latitude": 60.02541},
                {"longitude": 11.107308}
            ]]},
            {"altitude": 164},
            {"distance_km": 1.49141},
            {"speed_kmh": 10.6579},
            {"timestamp": "Tue Feb 07 18:24:48 UTC 2017"}
        ],
        [
            {"location": [[
                {"latitude": 60.025267},
                {"longitude": 11.106998}
            ]]},
            {"altitude": 164},
            {"distance_km": 1.5149},
            {"speed_kmh": 10.3914},
            {"timestamp": "Tue Feb 07 18:24:57 UTC 2017"}
        ],
        [
            {"location": [[
                {"latitude": 60.025224},
                {"longitude": 11.106594}
            ]]},
            {"altitude": 164},
            {"distance_km": 1.53791},
            {"speed_kmh": 9.44676},
            {"timestamp": "Tue Feb 07 18:25:07 UTC 2017"}
        ],
        [
            {"location": [[
                {"latitude": 60.02516},
                {"longitude": 11.106366}
            ]]},
            {"altitude": 162},
            {"distance_km": 1.55246},
            {"speed_kmh": 9.38116},
            {"timestamp": "Tue Feb 07 18:25:12 UTC 2017"}
        ],
        [
            {"location": [[
                {"latitude": 60.025062},
                {"longitude": 11.105969}
            ]]},
            {"altitude": 166},
            {"distance_km": 1.57721},
            {"speed_kmh": 9.9683},
            {"timestamp": "Tue Feb 07 18:25:20 UTC 2017"}
        ],
        [
            {"location": [[
                {"latitude": 60.02498},
                {"longitude": 11.10556}
            ]]},
            {"altitude": 162},
            {"distance_km": 1.60173},
            {"speed_kmh": 10.8391},
            {"timestamp": "Tue Feb 07 18:25:28 UTC 2017"}
        ],
        [
            {"location": [[
                {"latitude": 60.024948},
                {"longitude": 11.105135}
            ]]},
            {"altitude": 162},
            {"distance_km": 1.62569},
            {"speed_kmh": 10.9862},
            {"timestamp": "Tue Feb 07 18:25:36 UTC 2017"}
        ],
        [
            {"location": [[
                {"latitude": 60.024943},
                {"longitude": 11.104977}
            ]]},
            {"altitude": 163},
            {"distance_km": 1.63454},
            {"speed_kmh": 10.8044},
            {"timestamp": "Tue Feb 07 18:25:39 UTC 2017"}
        ],
        [
            {"location": [[
                {"latitude": 60.024946},
                {"longitude": 11.104817}
            ]]},
            {"altitude": 163},
            {"distance_km": 1.64347},
            {"speed_kmh": 10.7443},
            {"timestamp": "Tue Feb 07 18:25:42 UTC 2017"}
        ],
        [
            {"location": [[
                {"latitude": 60.02494},
                {"longitude": 11.104405}
            ]]},
            {"altitude": 162},
            {"distance_km": 1.66646},
            {"speed_kmh": 10.5602},
            {"timestamp": "Tue Feb 07 18:25:50 UTC 2017"}
        ],
        [
            {"location": [[
                {"latitude": 60.024937},
                {"longitude": 11.104261}
            ]]},
            {"altitude": 162},
            {"distance_km": 1.67447},
            {"speed_kmh": 10.2232},
            {"timestamp": "Tue Feb 07 18:25:53 UTC 2017"}
        ],
        [
            {"location": [[
                {"latitude": 60.024923},
                {"longitude": 11.104122}
            ]]},
            {"altitude": 161},
            {"distance_km": 1.68236},
            {"speed_kmh": 9.80645},
            {"timestamp": "Tue Feb 07 18:25:56 UTC 2017"}
        ],
        [
            {"location": [[
                {"latitude": 60.024917},
                {"longitude": 11.10398}
            ]]},
            {"altitude": 160},
            {"distance_km": 1.69035},
            {"speed_kmh": 9.55117},
            {"timestamp": "Tue Feb 07 18:25:59 UTC 2017"}
        ],
        [
            {"location": [[
                {"latitude": 60.024908},
                {"longitude": 11.103789}
            ]]},
            {"altitude": 162},
            {"distance_km": 1.70104},
            {"speed_kmh": 8.91932},
            {"timestamp": "Tue Feb 07 18:26:04 UTC 2017"}
        ],
        [
            {"location": [[
                {"latitude": 60.024752},
                {"longitude": 11.103614}
            ]]},
            {"altitude": 159},
            {"distance_km": 1.72092},
            {"speed_kmh": 7.74784},
            {"timestamp": "Tue Feb 07 18:26:16 UTC 2017"}
        ],
        [
            {"location": [[
                {"latitude": 60.024605},
                {"longitude": 11.103139}
            ]]},
            {"altitude": 159},
            {"distance_km": 1.75208},
            {"speed_kmh": 9.22767},
            {"timestamp": "Tue Feb 07 18:26:24 UTC 2017"}
        ],
        [
            {"location": [[
                {"latitude": 60.024495},
                {"longitude": 11.102943}
            ]]},
            {"altitude": 160},
            {"distance_km": 1.76855},
            {"speed_kmh": 9.95556},
            {"timestamp": "Tue Feb 07 18:26:30 UTC 2017"}
        ],
        [
            {"location": [[
                {"latitude": 60.024381},
                {"longitude": 11.103246}
            ]]},
            {"altitude": 160},
            {"distance_km": 1.78967},
            {"speed_kmh": 11.1358},
            {"timestamp": "Tue Feb 07 18:26:38 UTC 2017"}
        ],
        [
            {"location": [[
                {"latitude": 60.024323},
                {"longitude": 11.103471}
            ]]},
            {"altitude": 164},
            {"distance_km": 1.80381},
            {"speed_kmh": 9.81344},
            {"timestamp": "Tue Feb 07 18:26:43 UTC 2017"}
        ],
        [
            {"location": [[
                {"latitude": 60.024195},
                {"longitude": 11.103838}
            ]]},
            {"altitude": 164},
            {"distance_km": 1.82873},
            {"speed_kmh": 9.86744},
            {"timestamp": "Tue Feb 07 18:26:52 UTC 2017"}
        ],
        [
            {"location": [[
                {"latitude": 60.024149},
                {"longitude": 11.103965}
            ]]},
            {"altitude": 164},
            {"distance_km": 1.83745},
            {"speed_kmh": 10.1804},
            {"timestamp": "Tue Feb 07 18:26:55 UTC 2017"}
        ],
        [
            {"location": [[
                {"latitude": 60.024016},
                {"longitude": 11.104304}
            ]]},
            {"altitude": 165},
            {"distance_km": 1.8615},
            {"speed_kmh": 10.4381},
            {"timestamp": "Tue Feb 07 18:27:03 UTC 2017"}
        ],
        [
            {"location": [[
                {"latitude": 60.023908},
                {"longitude": 11.104618}
            ]]},
            {"altitude": 165},
            {"distance_km": 1.88273},
            {"speed_kmh": 10.7284},
            {"timestamp": "Tue Feb 07 18:27:10 UTC 2017"}
        ],
        [
            {"location": [[
                {"latitude": 60.023853},
                {"longitude": 11.104805}
            ]]},
            {"altitude": 166},
            {"distance_km": 1.89483},
            {"speed_kmh": 10.8778},
            {"timestamp": "Tue Feb 07 18:27:14 UTC 2017"}
        ],
        [
            {"location": [[
                {"latitude": 60.02372},
                {"longitude": 11.10517}
            ]]},
            {"altitude": 163},
            {"distance_km": 1.91999},
            {"speed_kmh": 10.6228},
            {"timestamp": "Tue Feb 07 18:27:23 UTC 2017"}
        ],
        [
            {"location": [[
                {"latitude": 60.023614},
                {"longitude": 11.10551}
            ]]},
            {"altitude": 167},
            {"distance_km": 1.94234},
            {"speed_kmh": 9.96526},
            {"timestamp": "Tue Feb 07 18:27:32 UTC 2017"}
        ],
        [
            {"location": [[
                {"latitude": 60.023585},
                {"longitude": 11.105997}
            ]]},
            {"altitude": 167},
            {"distance_km": 1.96968},
            {"speed_kmh": 9.97948},
            {"timestamp": "Tue Feb 07 18:27:41 UTC 2017"}
        ],
        [
            {"location": [[
                {"latitude": 60.023554},
                {"longitude": 11.106468}
            ]]},
            {"altitude": 173},
            {"distance_km": 1.99619},
            {"speed_kmh": 10.1597},
            {"timestamp": "Tue Feb 07 18:27:50 UTC 2017"}
        ],
        [
            {"location": [[
                {"latitude": 60.023526},
                {"longitude": 11.106887}
            ]]},
            {"altitude": 176},
            {"distance_km": 2.01974},
            {"speed_kmh": 10.7134},
            {"timestamp": "Tue Feb 07 18:27:58 UTC 2017"}
        ],
        [
            {"location": [[
                {"latitude": 60.023519},
                {"longitude": 11.107261}
            ]]},
            {"altitude": 176},
            {"distance_km": 2.0406},
            {"speed_kmh": 10.1963},
            {"timestamp": "Tue Feb 07 18:28:06 UTC 2017"}
        ],
        [
            {"location": [[
                {"latitude": 60.023529},
                {"longitude": 11.107403}
            ]]},
            {"altitude": 176},
            {"distance_km": 2.04861},
            {"speed_kmh": 9.8676},
            {"timestamp": "Tue Feb 07 18:28:09 UTC 2017"}
        ],
        [
            {"location": [[
                {"latitude": 60.023571},
                {"longitude": 11.107799}
            ]]},
            {"altitude": 176},
            {"distance_km": 2.0712},
            {"speed_kmh": 9.33805},
            {"timestamp": "Tue Feb 07 18:28:18 UTC 2017"}
        ],
        [
            {"location": [[
                {"latitude": 60.023632},
                {"longitude": 11.108197}
            ]]},
            {"altitude": 177},
            {"distance_km": 2.09441},
            {"speed_kmh": 9.31472},
            {"timestamp": "Tue Feb 07 18:28:27 UTC 2017"}
        ],
        [
            {"location": [[
                {"latitude": 60.023649},
                {"longitude": 11.108585}
            ]]},
            {"altitude": 176},
            {"distance_km": 2.11613},
            {"speed_kmh": 9.00266},
            {"timestamp": "Tue Feb 07 18:28:36 UTC 2017"}
        ],
        [
            {"location": [[
                {"latitude": 60.023618},
                {"longitude": 11.108851}
            ]]},
            {"altitude": 175},
            {"distance_km": 2.13139},
            {"speed_kmh": 9.05013},
            {"timestamp": "Tue Feb 07 18:28:42 UTC 2017"}
        ],
        [
            {"location": [[
                {"latitude": 60.02356},
                {"longitude": 11.109161}
            ]]},
            {"altitude": 173},
            {"distance_km": 2.14985},
            {"speed_kmh": 8.71424},
            {"timestamp": "Tue Feb 07 18:28:50 UTC 2017"}
        ],
        [
            {"location": [[
                {"latitude": 60.02359},
                {"longitude": 11.109464}
            ]]},
            {"altitude": 170},
            {"distance_km": 2.16705},
            {"speed_kmh": 7.88434},
            {"timestamp": "Tue Feb 07 18:29:00 UTC 2017"}
        ],
        [
            {"location": [[
                {"latitude": 60.023716},
                {"longitude": 11.109593}
            ]]},
            {"altitude": 170},
            {"distance_km": 2.18283},
            {"speed_kmh": 6.29006},
            {"timestamp": "Tue Feb 07 18:29:13 UTC 2017"}
        ],
        [
            {"location": [[
                {"latitude": 60.023868},
                {"longitude": 11.109793}
            ]]},
            {"altitude": 174},
            {"distance_km": 2.20311},
            {"speed_kmh": 5.04216},
            {"timestamp": "Tue Feb 07 18:29:29 UTC 2017"}
        ],
        [
            {"location": [[
                {"latitude": 60.023888},
                {"longitude": 11.110096}
            ]]},
            {"altitude": 173},
            {"distance_km": 2.22017},
            {"speed_kmh": 4.55217},
            {"timestamp": "Tue Feb 07 18:29:42 UTC 2017"}
        ],
        [
            {"location": [[
                {"latitude": 60.023823},
                {"longitude": 11.110511}
            ]]},
            {"altitude": 174},
            {"distance_km": 2.24443},
            {"speed_kmh": 5.17548},
            {"timestamp": "Tue Feb 07 18:29:56 UTC 2017"}
        ],
        [
            {"location": [[
                {"latitude": 60.023756},
                {"longitude": 11.110805}
            ]]},
            {"altitude": 173},
            {"distance_km": 2.26246},
            {"speed_kmh": 6.73555},
            {"timestamp": "Tue Feb 07 18:30:03 UTC 2017"}
        ],
        [
            {"location": [[
                {"latitude": 60.023666},
                {"longitude": 11.111241}
            ]]},
            {"altitude": 173},
            {"distance_km": 2.28876},
            {"speed_kmh": 8.6758},
            {"timestamp": "Tue Feb 07 18:30:12 UTC 2017"}
        ],
        [
            {"location": [[
                {"latitude": 60.023636},
                {"longitude": 11.111389}
            ]]},
            {"altitude": 174},
            {"distance_km": 2.29766},
            {"speed_kmh": 10.1501},
            {"timestamp": "Tue Feb 07 18:30:15 UTC 2017"}
        ],
        [
            {"location": [[
                {"latitude": 60.023568},
                {"longitude": 11.111729}
            ]]},
            {"altitude": 175},
            {"distance_km": 2.31804},
            {"speed_kmh": 10.5606},
            {"timestamp": "Tue Feb 07 18:30:22 UTC 2017"}
        ],
        [
            {"location": [[
                {"latitude": 60.023501},
                {"longitude": 11.11203}
            ]]},
            {"altitude": 178},
            {"distance_km": 2.33639},
            {"speed_kmh": 10.7221},
            {"timestamp": "Tue Feb 07 18:30:28 UTC 2017"}
        ],
        [
            {"location": [[
                {"latitude": 60.023433},
                {"longitude": 11.112306}
            ]]},
            {"altitude": 178},
            {"distance_km": 2.35358},
            {"speed_kmh": 10.5945},
            {"timestamp": "Tue Feb 07 18:30:34 UTC 2017"}
        ],
        [
            {"location": [[
                {"latitude": 60.02332},
                {"longitude": 11.112722}
            ]]},
            {"altitude": 179},
            {"distance_km": 2.37998},
            {"speed_kmh": 10.6244},
            {"timestamp": "Tue Feb 07 18:30:43 UTC 2017"}
        ],
        [
            {"location": [[
                {"latitude": 60.023249},
                {"longitude": 11.1131}
            ]]},
            {"altitude": 175},
            {"distance_km": 2.40251},
            {"speed_kmh": 9.95217},
            {"timestamp": "Tue Feb 07 18:30:52 UTC 2017"}
        ],
        [
            {"location": [[
                {"latitude": 60.023276},
                {"longitude": 11.113325}
            ]]},
            {"altitude": 175},
            {"distance_km": 2.41539},
            {"speed_kmh": 9.10077},
            {"timestamp": "Tue Feb 07 18:30:58 UTC 2017"}
        ],
        [
            {"location": [[
                {"latitude": 60.023419},
                {"longitude": 11.113689}
            ]]},
            {"altitude": 173},
            {"distance_km": 2.44123},
            {"speed_kmh": 8.40057},
            {"timestamp": "Tue Feb 07 18:31:09 UTC 2017"}
        ],
        [
            {"location": [[
                {"latitude": 60.023582},
                {"longitude": 11.11403}
            ]]},
            {"altitude": 175},
            {"distance_km": 2.46755},
            {"speed_kmh": 8.55338},
            {"timestamp": "Tue Feb 07 18:31:19 UTC 2017"}
        ],
        [
            {"location": [[
                {"latitude": 60.023678},
                {"longitude": 11.114352}
            ]]},
            {"altitude": 177},
            {"distance_km": 2.48844},
            {"speed_kmh": 9.09414},
            {"timestamp": "Tue Feb 07 18:31:27 UTC 2017"}
        ],
        [
            {"location": [[
                {"latitude": 60.023801},
                {"longitude": 11.114746}
            ]]},
            {"altitude": 175},
            {"distance_km": 2.51438},
            {"speed_kmh": 9.11715},
            {"timestamp": "Tue Feb 07 18:31:38 UTC 2017"}
        ],
        [
            {"location": [[
                {"latitude": 60.023961},
                {"longitude": 11.114723}
            ]]},
            {"altitude": 174},
            {"distance_km": 2.53218},
            {"speed_kmh": 8.99714},
            {"timestamp": "Tue Feb 07 18:31:45 UTC 2017"}
        ],
        [
            {"location": [[
                {"latitude": 60.024163},
                {"longitude": 11.1147}
            ]]},
            {"altitude": 175},
            {"distance_km": 2.55472},
            {"speed_kmh": 8.87619},
            {"timestamp": "Tue Feb 07 18:31:54 UTC 2017"}
        ],
        [
            {"location": [[
                {"latitude": 60.024359},
                {"longitude": 11.114708}
            ]]},
            {"altitude": 173},
            {"distance_km": 2.57663},
            {"speed_kmh": 8.97506},
            {"timestamp": "Tue Feb 07 18:32:03 UTC 2017"}
        ],
        [
            {"location": [[
                {"latitude": 60.024512},
                {"longitude": 11.114723}
            ]]},
            {"altitude": 173},
            {"distance_km": 2.59371},
            {"speed_kmh": 8.8654},
            {"timestamp": "Tue Feb 07 18:32:10 UTC 2017"}
        ],
        [
            {"location": [[
                {"latitude": 60.024683},
                {"longitude": 11.114795}
            ]]},
            {"altitude": 172},
            {"distance_km": 2.61317},
            {"speed_kmh": 8.78999},
            {"timestamp": "Tue Feb 07 18:32:18 UTC 2017"}
        ],
        [
            {"location": [[
                {"latitude": 60.024822},
                {"longitude": 11.114889}
            ]]},
            {"altitude": 170},
            {"distance_km": 2.62946},
            {"speed_kmh": 9.05894},
            {"timestamp": "Tue Feb 07 18:32:24 UTC 2017"}
        ],
        [
            {"location": [[
                {"latitude": 60.025021},
                {"longitude": 11.115039}
            ]]},
            {"altitude": 171},
            {"distance_km": 2.65313},
            {"speed_kmh": 9.69415},
            {"timestamp": "Tue Feb 07 18:32:32 UTC 2017"}
        ],
        [
            {"location": [[
                {"latitude": 60.025099},
                {"longitude": 11.115094}
            ]]},
            {"altitude": 169},
            {"distance_km": 2.66237},
            {"speed_kmh": 10.52},
            {"timestamp": "Tue Feb 07 18:32:35 UTC 2017"}
        ],
        [
            {"location": [[
                {"latitude": 60.025174},
                {"longitude": 11.115157}
            ]]},
            {"altitude": 171},
            {"distance_km": 2.6715},
            {"speed_kmh": 10.9575},
            {"timestamp": "Tue Feb 07 18:32:38 UTC 2017"}
        ],
        [
            {"location": [[
                {"latitude": 60.02525},
                {"longitude": 11.115218}
            ]]},
            {"altitude": 172},
            {"distance_km": 2.68057},
            {"speed_kmh": 10.9673},
            {"timestamp": "Tue Feb 07 18:32:41 UTC 2017"}
        ],
        [
            {"location": [[
                {"latitude": 60.025323},
                {"longitude": 11.115286}
            ]]},
            {"altitude": 172},
            {"distance_km": 2.68955},
            {"speed_kmh": 10.8805},
            {"timestamp": "Tue Feb 07 18:32:44 UTC 2017"}
        ],
        [
            {"location": [[
                {"latitude": 60.025471},
                {"longitude": 11.115448}
            ]]},
            {"altitude": 173},
            {"distance_km": 2.70838},
            {"speed_kmh": 10.4312},
            {"timestamp": "Tue Feb 07 18:32:51 UTC 2017"}
        ],
        [
            {"location": [[
                {"latitude": 60.025656},
                {"longitude": 11.115682}
            ]]},
            {"altitude": 175},
            {"distance_km": 2.73279},
            {"speed_kmh": 10.109},
            {"timestamp": "Tue Feb 07 18:33:00 UTC 2017"}
        ],
        [
            {"location": [[
                {"latitude": 60.025852},
                {"longitude": 11.115898}
            ]]},
            {"altitude": 177},
            {"distance_km": 2.75773},
            {"speed_kmh": 9.45918},
            {"timestamp": "Tue Feb 07 18:33:10 UTC 2017"}
        ],
        [
            {"location": [[
                {"latitude": 60.02597},
                {"longitude": 11.115852}
            ]]},
            {"altitude": 173},
            {"distance_km": 2.7711},
            {"speed_kmh": 9.45686},
            {"timestamp": "Tue Feb 07 18:33:15 UTC 2017"}
        ],
        [
            {"location": [[
                {"latitude": 60.026158},
                {"longitude": 11.115743}
            ]]},
            {"altitude": 171},
            {"distance_km": 2.79286},
            {"speed_kmh": 9.46448},
            {"timestamp": "Tue Feb 07 18:33:23 UTC 2017"}
        ],
        [
            {"location": [[
                {"latitude": 60.026323},
                {"longitude": 11.115962}
            ]]},
            {"altitude": 173},
            {"distance_km": 2.81492},
            {"speed_kmh": 9.76227},
            {"timestamp": "Tue Feb 07 18:33:31 UTC 2017"}
        ],
        [
            {"location": [[
                {"latitude": 60.026281},
                {"longitude": 11.116282}
            ]]},
            {"altitude": 173},
            {"distance_km": 2.8334},
            {"speed_kmh": 8.77595},
            {"timestamp": "Tue Feb 07 18:33:41 UTC 2017"}
        ],
        [
            {"location": [[
                {"latitude": 60.026225},
                {"longitude": 11.116106}
            ]]},
            {"altitude": 176},
            {"distance_km": 2.84507},
            {"speed_kmh": 6.34318},
            {"timestamp": "Tue Feb 07 18:33:58 UTC 2017"}
        ],
        [
            {"location": [[
                {"latitude": 60.026546},
                {"longitude": 11.115997}
            ]]},
            {"altitude": 181},
            {"distance_km": 2.88138},
            {"speed_kmh": 6.3805},
            {"timestamp": "Tue Feb 07 18:34:11 UTC 2017"}
        ],
        [
            {"location": [[
                {"latitude": 60.026731},
                {"longitude": 11.115918}
            ]]},
            {"altitude": 184},
            {"distance_km": 2.90244},
            {"speed_kmh": 7.36295},
            {"timestamp": "Tue Feb 07 18:34:19 UTC 2017"}
        ],
        [
            {"location": [[
                {"latitude": 60.02693},
                {"longitude": 11.115897}
            ]]},
            {"altitude": 181},
            {"distance_km": 2.92462},
            {"speed_kmh": 9.49735},
            {"timestamp": "Tue Feb 07 18:34:28 UTC 2017"}
        ],
        [
            {"location": [[
                {"latitude": 60.027146},
                {"longitude": 11.115833}
            ]]},
            {"altitude": 184},
            {"distance_km": 2.94896},
            {"speed_kmh": 9.07665},
            {"timestamp": "Tue Feb 07 18:34:38 UTC 2017"}
        ],
        [
            {"location": [[
                {"latitude": 60.027258},
                {"longitude": 11.115784}
            ]]},
            {"altitude": 184},
            {"distance_km": 2.96178},
            {"speed_kmh": 8.89698},
            {"timestamp": "Tue Feb 07 18:34:43 UTC 2017"}
        ],
        [
            {"location": [[
                {"latitude": 60.027479},
                {"longitude": 11.115775}
            ]]},
            {"altitude": 184},
            {"distance_km": 2.98635},
            {"speed_kmh": 9.2469},
            {"timestamp": "Tue Feb 07 18:34:52 UTC 2017"}
        ],
        [
            {"location": [[
                {"latitude": 60.027587},
                {"longitude": 11.115863}
            ]]},
            {"altitude": 184},
            {"distance_km": 2.99941},
            {"speed_kmh": 9.46383},
            {"timestamp": "Tue Feb 07 18:34:57 UTC 2017"}
        ],
        [
            {"location": [[
                {"latitude": 60.02777},
                {"longitude": 11.116001}
            ]]},
            {"altitude": 184},
            {"distance_km": 3.0212},
            {"speed_kmh": 9.34949},
            {"timestamp": "Tue Feb 07 18:35:06 UTC 2017"}
        ],
        [
            {"location": [[
                {"latitude": 60.027999},
                {"longitude": 11.115911}
            ]]},
            {"altitude": 183},
            {"distance_km": 3.0471},
            {"speed_kmh": 9.13906},
            {"timestamp": "Tue Feb 07 18:35:16 UTC 2017"}
        ],
        [
            {"location": [[
                {"latitude": 60.028218},
                {"longitude": 11.115801}
            ]]},
            {"altitude": 178},
            {"distance_km": 3.07235},
            {"speed_kmh": 9.04268},
            {"timestamp": "Tue Feb 07 18:35:26 UTC 2017"}
        ],
        [
            {"location": [[
                {"latitude": 60.028433},
                {"longitude": 11.115677}
            ]]},
            {"altitude": 177},
            {"distance_km": 3.09727},
            {"speed_kmh": 9.10577},
            {"timestamp": "Tue Feb 07 18:35:36 UTC 2017"}
        ],
        [
            {"location": [[
                {"latitude": 60.028666},
                {"longitude": 11.115542}
            ]]},
            {"altitude": 175},
            {"distance_km": 3.12427},
            {"speed_kmh": 9.27834},
            {"timestamp": "Tue Feb 07 18:35:46 UTC 2017"}
        ],
        [
            {"location": [[
                {"latitude": 60.028846},
                {"longitude": 11.115437}
            ]]},
            {"altitude": 173},
            {"distance_km": 3.14514},
            {"speed_kmh": 9.81202},
            {"timestamp": "Tue Feb 07 18:35:53 UTC 2017"}
        ],
        [
            {"location": [[
                {"latitude": 60.028998},
                {"longitude": 11.115339}
            ]]},
            {"altitude": 172},
            {"distance_km": 3.16298},
            {"speed_kmh": 9.90064},
            {"timestamp": "Tue Feb 07 18:36:00 UTC 2017"}
        ],
        [
            {"location": [[
                {"latitude": 60.02918},
                {"longitude": 11.115233}
            ]]},
            {"altitude": 174},
            {"distance_km": 3.18403},
            {"speed_kmh": 9.76736},
            {"timestamp": "Tue Feb 07 18:36:08 UTC 2017"}
        ],
        [
            {"location": [[
                {"latitude": 60.029386},
                {"longitude": 11.115109}
            ]]},
            {"altitude": 176},
            {"distance_km": 3.20811},
            {"speed_kmh": 9.42649},
            {"timestamp": "Tue Feb 07 18:36:17 UTC 2017"}
        ],
        [
            {"location": [[
                {"latitude": 60.029453},
                {"longitude": 11.115065}
            ]]},
            {"altitude": 177},
            {"distance_km": 3.21595},
            {"speed_kmh": 9.49319},
            {"timestamp": "Tue Feb 07 18:36:20 UTC 2017"}
        ],
        [
            {"location": [[
                {"latitude": 60.029668},
                {"longitude": 11.114985}
            ]]},
            {"altitude": 175},
            {"distance_km": 3.24032},
            {"speed_kmh": 9.27953},
            {"timestamp": "Tue Feb 07 18:36:30 UTC 2017"}
        ],
        [
            {"location": [[
                {"latitude": 60.029869},
                {"longitude": 11.11497}
            ]]},
            {"altitude": 178},
            {"distance_km": 3.26264},
            {"speed_kmh": 9.02322},
            {"timestamp": "Tue Feb 07 18:36:39 UTC 2017"}
        ],
        [
            {"location": [[
                {"latitude": 60.030039},
                {"longitude": 11.114936}
            ]]},
            {"altitude": 177},
            {"distance_km": 3.28169},
            {"speed_kmh": 8.76093},
            {"timestamp": "Tue Feb 07 18:36:47 UTC 2017"}
        ],
        [
            {"location": [[
                {"latitude": 60.030047},
                {"longitude": 11.114751}
            ]]},
            {"altitude": 177},
            {"distance_km": 3.29204},
            {"speed_kmh": 7.38791},
            {"timestamp": "Tue Feb 07 18:36:55 UTC 2017"}
        ],
        [
            {"location": [[
                {"latitude": 60.029869},
                {"longitude": 11.114073}
            ]]},
            {"altitude": 176},
            {"distance_km": 3.33473},
            {"speed_kmh": 8.06641},
            {"timestamp": "Tue Feb 07 18:37:09 UTC 2017"}
        ],
        [
            {"location": [[
                {"latitude": 60.029668},
                {"longitude": 11.113835}
            ]]},
            {"altitude": 174},
            {"distance_km": 3.36075},
            {"speed_kmh": 9.08352},
            {"timestamp": "Tue Feb 07 18:37:17 UTC 2017"}
        ],
        [
            {"location": [[
                {"latitude": 60.029477},
                {"longitude": 11.113638}
            ]]},
            {"altitude": 172},
            {"distance_km": 3.38467},
            {"speed_kmh": 11.1525},
            {"timestamp": "Tue Feb 07 18:37:25 UTC 2017"}
        ],
        [
            {"location": [[
                {"latitude": 60.029407},
                {"longitude": 11.11357}
            ]]},
            {"altitude": 171},
            {"distance_km": 3.39337},
            {"speed_kmh": 10.9535},
            {"timestamp": "Tue Feb 07 18:37:28 UTC 2017"}
        ],
        [
            {"location": [[
                {"latitude": 60.029213},
                {"longitude": 11.113403}
            ]]},
            {"altitude": 169},
            {"distance_km": 3.41687},
            {"speed_kmh": 10.6123},
            {"timestamp": "Tue Feb 07 18:37:36 UTC 2017"}
        ],
        [
            {"location": [[
                {"latitude": 60.029142},
                {"longitude": 11.113349}
            ]]},
            {"altitude": 167},
            {"distance_km": 3.42536},
            {"speed_kmh": 10.3851},
            {"timestamp": "Tue Feb 07 18:37:39 UTC 2017"}
        ],
        [
            {"location": [[
                {"latitude": 60.028987},
                {"longitude": 11.113178}
            ]]},
            {"altitude": 167},
            {"distance_km": 3.44507},
            {"speed_kmh": 10.2994},
            {"timestamp": "Tue Feb 07 18:37:46 UTC 2017"}
        ],
        [
            {"location": [[
                {"latitude": 60.028759},
                {"longitude": 11.112979}
            ]]},
            {"altitude": 168},
            {"distance_km": 3.47283},
            {"speed_kmh": 10.4725},
            {"timestamp": "Tue Feb 07 18:37:55 UTC 2017"}
        ],
        [
            {"location": [[
                {"latitude": 60.028568},
                {"longitude": 11.112813}
            ]]},
            {"altitude": 166},
            {"distance_km": 3.49607},
            {"speed_kmh": 10.5496},
            {"timestamp": "Tue Feb 07 18:38:03 UTC 2017"}
        ],
        [
            {"location": [[
                {"latitude": 60.028345},
                {"longitude": 11.112637}
            ]]},
            {"altitude": 165},
            {"distance_km": 3.52271},
            {"speed_kmh": 10.7395},
            {"timestamp": "Tue Feb 07 18:38:12 UTC 2017"}
        ],
        [
            {"location": [[
                {"latitude": 60.028279},
                {"longitude": 11.112579}
            ]]},
            {"altitude": 166},
            {"distance_km": 3.5308},
            {"speed_kmh": 10.283},
            {"timestamp": "Tue Feb 07 18:38:15 UTC 2017"}
        ],
        [
            {"location": [[
                {"latitude": 60.028102},
                {"longitude": 11.112428}
            ]]},
            {"altitude": 166},
            {"distance_km": 3.55224},
            {"speed_kmh": 10.0269},
            {"timestamp": "Tue Feb 07 18:38:23 UTC 2017"}
        ],
        [
            {"location": [[
                {"latitude": 60.027992},
                {"longitude": 11.112325}
            ]]},
            {"altitude": 165},
            {"distance_km": 3.56576},
            {"speed_kmh": 9.69886},
            {"timestamp": "Tue Feb 07 18:38:28 UTC 2017"}
        ],
        [
            {"location": [[
                {"latitude": 60.027805},
                {"longitude": 11.112145}
            ]]},
            {"altitude": 164},
            {"distance_km": 3.58889},
            {"speed_kmh": 9.92736},
            {"timestamp": "Tue Feb 07 18:38:36 UTC 2017"}
        ],
        [
            {"location": [[
                {"latitude": 60.027613},
                {"longitude": 11.11197}
            ]]},
            {"altitude": 163},
            {"distance_km": 3.61234},
            {"speed_kmh": 10.2305},
            {"timestamp": "Tue Feb 07 18:38:44 UTC 2017"}
        ],
        [
            {"location": [[
                {"latitude": 60.027549},
                {"longitude": 11.111894}
            ]]},
            {"altitude": 163},
            {"distance_km": 3.62069},
            {"speed_kmh": 10.2696},
            {"timestamp": "Tue Feb 07 18:38:47 UTC 2017"}
        ],
        [
            {"location": [[
                {"latitude": 60.027344},
                {"longitude": 11.111693}
            ]]},
            {"altitude": 161},
            {"distance_km": 3.64614},
            {"speed_kmh": 10.2083},
            {"timestamp": "Tue Feb 07 18:38:56 UTC 2017"}
        ],
        [
            {"location": [[
                {"latitude": 60.027233},
                {"longitude": 11.111583}
            ]]},
            {"altitude": 160},
            {"distance_km": 3.65988},
            {"speed_kmh": 9.98798},
            {"timestamp": "Tue Feb 07 18:39:01 UTC 2017"}
        ],
        [
            {"location": [[
                {"latitude": 60.027054},
                {"longitude": 11.111435}
            ]]},
            {"altitude": 162},
            {"distance_km": 3.68151},
            {"speed_kmh": 9.94116},
            {"timestamp": "Tue Feb 07 18:39:09 UTC 2017"}
        ],
        [
            {"location": [[
                {"latitude": 60.026868},
                {"longitude": 11.111209}
            ]]},
            {"altitude": 159},
            {"distance_km": 3.70572},
            {"speed_kmh": 9.75251},
            {"timestamp": "Tue Feb 07 18:39:18 UTC 2017"}
        ],
        [
            {"location": [[
                {"latitude": 60.026715},
                {"longitude": 11.110909}
            ]]},
            {"altitude": 158},
            {"distance_km": 3.72967},
            {"speed_kmh": 9.66298},
            {"timestamp": "Tue Feb 07 18:39:27 UTC 2017"}
        ],
        [
            {"location": [[
                {"latitude": 60.026666},
                {"longitude": 11.110791}
            ]]},
            {"altitude": 160},
            {"distance_km": 3.73815},
            {"speed_kmh": 9.81199},
            {"timestamp": "Tue Feb 07 18:39:30 UTC 2017"}
        ],
        [
            {"location": [[
                {"latitude": 60.026526},
                {"longitude": 11.110482}
            ]]},
            {"altitude": 162},
            {"distance_km": 3.76146},
            {"speed_kmh": 9.6977},
            {"timestamp": "Tue Feb 07 18:39:39 UTC 2017"}
        ],
        [
            {"location": [[
                {"latitude": 60.026462},
                {"longitude": 11.110318}
            ]]},
            {"altitude": 163},
            {"distance_km": 3.77301},
            {"speed_kmh": 9.95623},
            {"timestamp": "Tue Feb 07 18:39:43 UTC 2017"}
        ],
        [
            {"location": [[
                {"latitude": 60.026389},
                {"longitude": 11.110113}
            ]]},
            {"altitude": 163},
            {"distance_km": 3.78704},
            {"speed_kmh": 9.94512},
            {"timestamp": "Tue Feb 07 18:39:48 UTC 2017"}
        ],
        [
            {"location": [[
                {"latitude": 60.026345},
                {"longitude": 11.109997}
            ]]},
            {"altitude": 161},
            {"distance_km": 3.79515},
            {"speed_kmh": 10.0751},
            {"timestamp": "Tue Feb 07 18:39:51 UTC 2017"}
        ],
        [
            {"location": [[
                {"latitude": 60.026237},
                {"longitude": 11.109712}
            ]]},
            {"altitude": 162},
            {"distance_km": 3.81511},
            {"speed_kmh": 10.0015},
            {"timestamp": "Tue Feb 07 18:39:58 UTC 2017"}
        ],
        [
            {"location": [[
                {"latitude": 60.026092},
                {"longitude": 11.109358}
            ]]},
            {"altitude": 163},
            {"distance_km": 3.84059},
            {"speed_kmh": 10.0592},
            {"timestamp": "Tue Feb 07 18:40:07 UTC 2017"}
        ],
        [
            {"location": [[
                {"latitude": 60.026009},
                {"longitude": 11.109145}
            ]]},
            {"altitude": 161},
            {"distance_km": 3.8557},
            {"speed_kmh": 10.4294},
            {"timestamp": "Tue Feb 07 18:40:12 UTC 2017"}
        ],
        [
            {"location": [[
                {"latitude": 60.02591},
                {"longitude": 11.108805}
            ]]},
            {"altitude": 163},
            {"distance_km": 3.8776},
            {"speed_kmh": 10.3011},
            {"timestamp": "Tue Feb 07 18:40:20 UTC 2017"}
        ],
        [
            {"location": [[
                {"latitude": 60.025802},
                {"longitude": 11.10849}
            ]]},
            {"altitude": 162},
            {"distance_km": 3.89888},
            {"speed_kmh": 10.094},
            {"timestamp": "Tue Feb 07 18:40:28 UTC 2017"}
        ],
        [
            {"location": [[
                {"latitude": 60.025726},
                {"longitude": 11.108254}
            ]]},
            {"altitude": 161},
            {"distance_km": 3.91453},
            {"speed_kmh": 9.61057},
            {"timestamp": "Tue Feb 07 18:40:34 UTC 2017"}
        ],
        [
            {"location": [[
                {"latitude": 60.025664},
                {"longitude": 11.108052}
            ]]},
            {"altitude": 160},
            {"distance_km": 3.92777},
            {"speed_kmh": 9.52287},
            {"timestamp": "Tue Feb 07 18:40:39 UTC 2017"}
        ],
        [
            {"location": [[
                {"latitude": 60.025547},
                {"longitude": 11.10769}
            ]]},
            {"altitude": 160},
            {"distance_km": 3.9518},
            {"speed_kmh": 9.5114},
            {"timestamp": "Tue Feb 07 18:40:48 UTC 2017"}
        ],
        [
            {"location": [[
                {"latitude": 60.02546},
                {"longitude": 11.107477}
            ]]},
            {"altitude": 158},
            {"distance_km": 3.96708},
            {"speed_kmh": 9.43296},
            {"timestamp": "Tue Feb 07 18:40:54 UTC 2017"}
        ],
        [
            {"location": [[
                {"latitude": 60.025394},
                {"longitude": 11.107317}
            ]]},
            {"altitude": 159},
            {"distance_km": 3.97865},
            {"speed_kmh": 9.73101},
            {"timestamp": "Tue Feb 07 18:40:58 UTC 2017"}
        ],
        [
            {"location": [[
                {"latitude": 60.025348},
                {"longitude": 11.107202}
            ]]},
            {"altitude": 160},
            {"distance_km": 3.98688},
            {"speed_kmh": 9.81029},
            {"timestamp": "Tue Feb 07 18:41:01 UTC 2017"}
        ],
        [
            {"location": [[
                {"latitude": 60.025222},
                {"longitude": 11.106917}
            ]]},
            {"altitude": 162},
            {"distance_km": 4.0081},
            {"speed_kmh": 9.91488},
            {"timestamp": "Tue Feb 07 18:41:09 UTC 2017"}
        ],
        [
            {"location": [[
                {"latitude": 60.025193},
                {"longitude": 11.106608}
            ]]},
            {"altitude": 162},
            {"distance_km": 4.0256},
            {"speed_kmh": 8.79391},
            {"timestamp": "Tue Feb 07 18:41:18 UTC 2017"}
        ],
        [
            {"location": [[
                {"latitude": 60.02515},
                {"longitude": 11.10635}
            ]]},
            {"altitude": 163},
            {"distance_km": 4.0408},
            {"speed_kmh": 8.51931},
            {"timestamp": "Tue Feb 07 18:41:24 UTC 2017"}
        ],
        [
            {"location": [[
                {"latitude": 60.025048},
                {"longitude": 11.106001}
            ]]},
            {"altitude": 162},
            {"distance_km": 4.06333},
            {"speed_kmh": 8.77073},
            {"timestamp": "Tue Feb 07 18:41:32 UTC 2017"}
        ],
        [
            {"location": [[
                {"latitude": 60.025012},
                {"longitude": 11.105823}
            ]]},
            {"altitude": 164},
            {"distance_km": 4.07401},
            {"speed_kmh": 9.61408},
            {"timestamp": "Tue Feb 07 18:41:36 UTC 2017"}
        ],
        [
            {"location": [[
                {"latitude": 60.024989},
                {"longitude": 11.105676}
            ]]},
            {"altitude": 163},
            {"distance_km": 4.08259},
            {"speed_kmh": 10.0404},
            {"timestamp": "Tue Feb 07 18:41:39 UTC 2017"}
        ],
        [
            {"location": [[
                {"latitude": 60.02496},
                {"longitude": 11.105297}
            ]]},
            {"altitude": 163},
            {"distance_km": 4.10399},
            {"speed_kmh": 10.3028},
            {"timestamp": "Tue Feb 07 18:41:46 UTC 2017"}
        ],
        [
            {"location": [[
                {"latitude": 60.024944},
                {"longitude": 11.105019}
            ]]},
            {"altitude": 162},
            {"distance_km": 4.11956},
            {"speed_kmh": 10.8388},
            {"timestamp": "Tue Feb 07 18:41:51 UTC 2017"}
        ],
        [
            {"location": [[
                {"latitude": 60.024921},
                {"longitude": 11.104665}
            ]]},
            {"altitude": 162},
            {"distance_km": 4.13947},
            {"speed_kmh": 10.8118},
            {"timestamp": "Tue Feb 07 18:41:58 UTC 2017"}
        ],
        [
            {"location": [[
                {"latitude": 60.024945},
                {"longitude": 11.104417}
            ]]},
            {"altitude": 160},
            {"distance_km": 4.15357},
            {"speed_kmh": 9.54259},
            {"timestamp": "Tue Feb 07 18:42:05 UTC 2017"}
        ],
        [
            {"location": [[
                {"latitude": 60.024896},
                {"longitude": 11.103849}
            ]]},
            {"altitude": 158},
            {"distance_km": 4.18571},
            {"speed_kmh": 9.04022},
            {"timestamp": "Tue Feb 07 18:42:17 UTC 2017"}
        ],
        [
            {"location": [[
                {"latitude": 60.024818},
                {"longitude": 11.103755}
            ]]},
            {"altitude": 159},
            {"distance_km": 4.19593},
            {"speed_kmh": 8.08389},
            {"timestamp": "Tue Feb 07 18:42:22 UTC 2017"}
        ],
        [
            {"location": [[
                {"latitude": 60.024684},
                {"longitude": 11.103252}
            ]]},
            {"altitude": 162},
            {"distance_km": 4.22769},
            {"speed_kmh": 9.12831},
            {"timestamp": "Tue Feb 07 18:42:33 UTC 2017"}
        ],
        [
            {"location": [[
                {"latitude": 60.024522},
                {"longitude": 11.102977}
            ]]},
            {"altitude": 161},
            {"distance_km": 4.25137},
            {"speed_kmh": 9.07359},
            {"timestamp": "Tue Feb 07 18:42:42 UTC 2017"}
        ],
        [
            {"location": [[
                {"latitude": 60.024377},
                {"longitude": 11.103364}
            ]]},
            {"altitude": 160},
            {"distance_km": 4.2783},
            {"speed_kmh": 9.56316},
            {"timestamp": "Tue Feb 07 18:42:53 UTC 2017"}
        ],
        [
            {"location": [[
                {"latitude": 60.024262},
                {"longitude": 11.103701}
            ]]},
            {"altitude": 163},
            {"distance_km": 4.30106},
            {"speed_kmh": 9.14691},
            {"timestamp": "Tue Feb 07 18:43:02 UTC 2017"}
        ],
        [
            {"location": [[
                {"latitude": 60.024163},
                {"longitude": 11.103933}
            ]]},
            {"altitude": 162},
            {"distance_km": 4.31799},
            {"speed_kmh": 9.36381},
            {"timestamp": "Tue Feb 07 18:43:08 UTC 2017"}
        ],
        [
            {"location": [[
                {"latitude": 60.024041},
                {"longitude": 11.104248}
            ]]},
            {"altitude": 161},
            {"distance_km": 4.34025},
            {"speed_kmh": 9.75906},
            {"timestamp": "Tue Feb 07 18:43:16 UTC 2017"}
        ],
        [
            {"location": [[
                {"latitude": 60.023923},
                {"longitude": 11.104605}
            ]]},
            {"altitude": 161},
            {"distance_km": 4.36409},
            {"speed_kmh": 10.2699},
            {"timestamp": "Tue Feb 07 18:43:24 UTC 2017"}
        ],
        [
            {"location": [[
                {"latitude": 60.023823},
                {"longitude": 11.104969}
            ]]},
            {"altitude": 160},
            {"distance_km": 4.38724},
            {"speed_kmh": 10.3851},
            {"timestamp": "Tue Feb 07 18:43:32 UTC 2017"}
        ],
        [
            {"location": [[
                {"latitude": 60.023732},
                {"longitude": 11.105218}
            ]]},
            {"altitude": 156},
            {"distance_km": 4.4045},
            {"speed_kmh": 9.6204},
            {"timestamp": "Tue Feb 07 18:43:40 UTC 2017"}
        ],
        [
            {"location": [[
                {"latitude": 60.023629},
                {"longitude": 11.105788}
            ]]},
            {"altitude": 155},
            {"distance_km": 4.43823},
            {"speed_kmh": 8.98202},
            {"timestamp": "Tue Feb 07 18:43:54 UTC 2017"}
        ],
        [
            {"location": [[
                {"latitude": 60.023592},
                {"longitude": 11.106272}
            ]]},
            {"altitude": 155},
            {"distance_km": 4.46553},
            {"speed_kmh": 8.75226},
            {"timestamp": "Tue Feb 07 18:44:04 UTC 2017"}
        ],
        [
            {"location": [[
                {"latitude": 60.023552},
                {"longitude": 11.106702}
            ]]},
            {"altitude": 159},
            {"distance_km": 4.48991},
            {"speed_kmh": 9.42455},
            {"timestamp": "Tue Feb 07 18:44:13 UTC 2017"}
        ],
        [
            {"location": [[
                {"latitude": 60.023539},
                {"longitude": 11.107038}
            ]]},
            {"altitude": 161},
            {"distance_km": 4.50874},
            {"speed_kmh": 9.75095},
            {"timestamp": "Tue Feb 07 18:44:20 UTC 2017"}
        ],
        [
            {"location": [[
                {"latitude": 60.02356},
                {"longitude": 11.107515}
            ]]},
            {"altitude": 164},
            {"distance_km": 4.5354},
            {"speed_kmh": 9.66663},
            {"timestamp": "Tue Feb 07 18:44:30 UTC 2017"}
        ],
        [
            {"location": [[
                {"latitude": 60.02361},
                {"longitude": 11.107872}
            ]]},
            {"altitude": 164},
            {"distance_km": 4.55611},
            {"speed_kmh": 9.19253},
            {"timestamp": "Tue Feb 07 18:44:39 UTC 2017"}
        ],
        [
            {"location": [[
                {"latitude": 60.023669},
                {"longitude": 11.10822}
            ]]},
            {"altitude": 164},
            {"distance_km": 4.57655},
            {"speed_kmh": 8.19454},
            {"timestamp": "Tue Feb 07 18:44:50 UTC 2017"}
        ],
        [
            {"location": [[
                {"latitude": 60.023654},
                {"longitude": 11.108515}
            ]]},
            {"altitude": 165},
            {"distance_km": 4.59312},
            {"speed_kmh": 7.48714},
            {"timestamp": "Tue Feb 07 18:44:58 UTC 2017"}
        ],
        [
            {"location": [[
                {"latitude": 60.023595},
                {"longitude": 11.108854}
            ]]},
            {"altitude": 168},
            {"distance_km": 4.61313},
            {"speed_kmh": 7.71697},
            {"timestamp": "Tue Feb 07 18:45:06 UTC 2017"}
        ],
        [
            {"location": [[
                {"latitude": 60.02354},
                {"longitude": 11.109262}
            ]]},
            {"altitude": 171},
            {"distance_km": 4.63669},
            {"speed_kmh": 8.62874},
            {"timestamp": "Tue Feb 07 18:45:15 UTC 2017"}
        ],
        [
            {"location": [[
                {"latitude": 60.023603},
                {"longitude": 11.109466}
            ]]},
            {"altitude": 170},
            {"distance_km": 4.65003},
            {"speed_kmh": 8.81351},
            {"timestamp": "Tue Feb 07 18:45:21 UTC 2017"}
        ],
        [
            {"location": [[
                {"latitude": 60.023695},
                {"longitude": 11.109559}
            ]]},
            {"altitude": 172},
            {"distance_km": 4.66155},
            {"speed_kmh": 7.34825},
            {"timestamp": "Tue Feb 07 18:45:30 UTC 2017"}
        ],
        [
            {"location": [[
                {"latitude": 60.023827},
                {"longitude": 11.109674}
            ]]},
            {"altitude": 173},
            {"distance_km": 4.67757},
            {"speed_kmh": 5.95173},
            {"timestamp": "Tue Feb 07 18:45:41 UTC 2017"}
        ],
        [
            {"location": [[
                {"latitude": 60.023899},
                {"longitude": 11.109927}
            ]]},
            {"altitude": 173},
            {"distance_km": 4.69384},
            {"speed_kmh": 4.5784},
            {"timestamp": "Tue Feb 07 18:45:56 UTC 2017"}
        ],
        [
            {"location": [[
                {"latitude": 60.023864},
                {"longitude": 11.110188}
            ]]},
            {"altitude": 172},
            {"distance_km": 4.70892},
            {"speed_kmh": 5.31891},
            {"timestamp": "Tue Feb 07 18:46:04 UTC 2017"}
        ],
        [
            {"location": [[
                {"latitude": 60.023791},
                {"longitude": 11.110615}
            ]]},
            {"altitude": 176},
            {"distance_km": 4.73407},
            {"speed_kmh": 7.31644},
            {"timestamp": "Tue Feb 07 18:46:12 UTC 2017"}
        ],
        [
            {"location": [[
                {"latitude": 60.023713},
                {"longitude": 11.111033}
            ]]},
            {"altitude": 177},
            {"distance_km": 4.75896},
            {"speed_kmh": 9.76651},
            {"timestamp": "Tue Feb 07 18:46:20 UTC 2017"}
        ],
        [
            {"location": [[
                {"latitude": 60.023639},
                {"longitude": 11.11138}
            ]]},
            {"altitude": 176},
            {"distance_km": 4.77996},
            {"speed_kmh": 10.6535},
            {"timestamp": "Tue Feb 07 18:46:28 UTC 2017"}
        ],
        [
            {"location": [[
                {"latitude": 60.023586},
                {"longitude": 11.111582}
            ]]},
            {"altitude": 175},
            {"distance_km": 4.79267},
            {"speed_kmh": 9.96536},
            {"timestamp": "Tue Feb 07 18:46:33 UTC 2017"}
        ],
        [
            {"location": [[
                {"latitude": 60.023528},
                {"longitude": 11.111832}
            ]]},
            {"altitude": 173},
            {"distance_km": 4.80806},
            {"speed_kmh": 9.29278},
            {"timestamp": "Tue Feb 07 18:46:39 UTC 2017"}
        ],
        [
            {"location": [[
                {"latitude": 60.02348},
                {"longitude": 11.112055}
            ]]},
            {"altitude": 175},
            {"distance_km": 4.82154},
            {"speed_kmh": 9.36502},
            {"timestamp": "Tue Feb 07 18:46:44 UTC 2017"}
        ],
        [
            {"location": [[
                {"latitude": 60.023373},
                {"longitude": 11.112436}
            ]]},
            {"altitude": 176},
            {"distance_km": 4.84591},
            {"speed_kmh": 9.55688},
            {"timestamp": "Tue Feb 07 18:46:53 UTC 2017"}
        ],
        [
            {"location": [[
                {"latitude": 60.02327},
                {"longitude": 11.112795}
            ]]},
            {"altitude": 175},
            {"distance_km": 4.869},
            {"speed_kmh": 9.54533},
            {"timestamp": "Tue Feb 07 18:47:02 UTC 2017"}
        ],
        [
            {"location": [[
                {"latitude": 60.023297},
                {"longitude": 11.113267}
            ]]},
            {"altitude": 177},
            {"distance_km": 4.89551},
            {"speed_kmh": 9.4945},
            {"timestamp": "Tue Feb 07 18:47:12 UTC 2017"}
        ],
        [
            {"location": [[
                {"latitude": 60.023415},
                {"longitude": 11.113532}
            ]]},
            {"altitude": 178},
            {"distance_km": 4.91523},
            {"speed_kmh": 9.64773},
            {"timestamp": "Tue Feb 07 18:47:19 UTC 2017"}
        ],
        [
            {"location": [[
                {"latitude": 60.023526},
                {"longitude": 11.113817}
            ]]},
            {"altitude": 179},
            {"distance_km": 4.93537},
            {"speed_kmh": 10.0366},
            {"timestamp": "Tue Feb 07 18:47:26 UTC 2017"}
        ],
        [
            {"location": [[
                {"latitude": 60.023634},
                {"longitude": 11.114132}
            ]]},
            {"altitude": 176},
            {"distance_km": 4.95664},
            {"speed_kmh": 10.0442},
            {"timestamp": "Tue Feb 07 18:47:34 UTC 2017"}
        ],
        [
            {"location": [[
                {"latitude": 60.0237},
                {"longitude": 11.114336}
            ]]},
            {"altitude": 175},
            {"distance_km": 4.97026},
            {"speed_kmh": 9.91271},
            {"timestamp": "Tue Feb 07 18:47:39 UTC 2017"}
        ],
        [
            {"location": [[
                {"latitude": 60.023797},
                {"longitude": 11.114683}
            ]]},
            {"altitude": 180},
            {"distance_km": 4.9924},
            {"speed_kmh": 9.39504},
            {"timestamp": "Tue Feb 07 18:47:48 UTC 2017"}
        ],
        [
            {"location": [[
                {"latitude": 60.024029},
                {"longitude": 11.114785}
            ]]},
            {"altitude": 179},
            {"distance_km": 5.01883},
            {"speed_kmh": 9.38684},
            {"timestamp": "Tue Feb 07 18:47:58 UTC 2017"}
        ],
        [
            {"location": [[
                {"latitude": 60.024101},
                {"longitude": 11.115009}
            ]]},
            {"altitude": 180},
            {"distance_km": 5.03368},
            {"speed_kmh": 8.67195},
            {"timestamp": "Tue Feb 07 18:48:05 UTC 2017"}
        ],
        [
            {"location": [[
                {"latitude": 60.024101},
                {"longitude": 11.115009}
            ]]},
            {"distance_km": 5.03368},
            {"timestamp": "Tue Feb 07 18:48:06 UTC 2017"}
        ],
        [
            {"location": [[
                {"latitude": 60.024101},
                {"longitude": 11.115009}
            ]]},
            {"distance_km": 5.03368},
            {"timestamp": "Tue Feb 07 18:48:17 UTC 2017"}
        ],
        [
            {"location": [[
                {"latitude": 60.024127},
                {"longitude": 11.115042}
            ]]},
            {"altitude": 183},
            {"distance_km": 5.03368},
            {"speed_kmh": 8.67195},
            {"timestamp": "Tue Feb 07 18:48:18 UTC 2017"}
        ],
        [
            {"location": [[
                {"latitude": 60.024127},
                {"longitude": 11.115042}
            ]]},
            {"distance_km": 5.03368},
            {"timestamp": "Tue Feb 07 18:48:19 UTC 2017"}
        ],
        [
            {"location": [[
                {"latitude": 60.024127},
                {"longitude": 11.115042}
            ]]},
            {"distance_km": 5.03368},
            {"timestamp": "Tue Feb 07 18:48:40 UTC 2017"}
        ]
    ]},
    {"routes": [[
        {"identifier": 868210237},
        {"name": "2 x Gåshølet"}
    ]]}
]