[
    {"sport": "TREADMILL_RUNNING"},
    {"source": "INPUT_MANUAL_MOBILE"},
    {"created_date": "2017-12-04 22:15:49.0"},
    {"start_time": "2017-12-04 22:14:43.0"},
    {"end_time": "2017-12-04 22:44:43.0"},
    {"notes": "Intervaller 4x4:\n13.5\n1/2*13.5+1/4*13 +1/4*12.5\n12.5\n11.0"},
    {"duration_s": 1800},
    {"distance_km": 5},
    {"calories_kcal": 247},
    {"speed_avg_kmh": 10},
    {"hydration_l": 0.154778},
    {"points": [[
        {"distance_km": 5},
        {"timestamp": "Mon Dec 04 22:14:43 UTC 2017"}
    ]]}
]