[
    {"name": "2 x Gåshølet"},
    {"sport": "RUNNING"},
    {"source": "TRACK_MOBILE"},
    {"created_date": "2017-02-24 17:58:05.0"},
    {"start_time": "2017-02-24 17:25:03.0"},
    {"end_time": "2017-02-24 17:56:36.0"},
    {"duration_s": 1893},
    {"distance_km": 5.008388996124268},
    {"calories_kcal": 314},
    {"altitude_min_m": 153},
    {"altitude_max_m": 187},
    {"speed_avg_kmh": 9.524670040172934},
    {"speed_max_kmh": 12.7084},
    {"hydration_l": 0.192944},
    {"ascend_m": 32},
    {"descend_m": 41},
    {"points": [
        [
            {"location": [[
                {"latitude": 60.024225},
                {"longitude": 11.114733}
            ]]},
            {"distance_km": 0},
            {"timestamp": "Fri Feb 24 17:25:03 UTC 2017"}
        ],
        [
            {"location": [[
                {"latitude": 60.024225},
                {"longitude": 11.114733}
            ]]},
            {"altitude": 180},
            {"distance_km": 0},
            {"timestamp": "Fri Feb 24 17:25:23 UTC 2017"}
        ],
        [
            {"location": [[
                {"latitude": 60.024344},
                {"longitude": 11.114752}
            ]]},
            {"altitude": 182},
            {"distance_km": 0.026615},
            {"speed_kmh": 3.19381},
            {"timestamp": "Fri Feb 24 17:25:28 UTC 2017"}
        ],
        [
            {"location": [[
                {"latitude": 60.024497},
                {"longitude": 11.114752}
            ]]},
            {"altitude": 182},
            {"distance_km": 0.04362},
            {"speed_kmh": 6.10894},
            {"timestamp": "Fri Feb 24 17:25:35 UTC 2017"}
        ],
        [
            {"location": [[
                {"latitude": 60.024628},
                {"longitude": 11.114774}
            ]]},
            {"altitude": 180},
            {"distance_km": 0.058309},
            {"speed_kmh": 9.04723},
            {"timestamp": "Fri Feb 24 17:25:41 UTC 2017"}
        ],
        [
            {"location": [[
                {"latitude": 60.024777},
                {"longitude": 11.114821}
            ]]},
            {"altitude": 180},
            {"distance_km": 0.075068},
            {"speed_kmh": 8.72309},
            {"timestamp": "Fri Feb 24 17:25:48 UTC 2017"}
        ],
        [
            {"location": [[
                {"latitude": 60.024972},
                {"longitude": 11.114937}
            ]]},
            {"altitude": 176},
            {"distance_km": 0.097785},
            {"speed_kmh": 8.83661},
            {"timestamp": "Fri Feb 24 17:25:57 UTC 2017"}
        ],
        [
            {"location": [[
                {"latitude": 60.025046},
                {"longitude": 11.114993}
            ]]},
            {"altitude": 176},
            {"distance_km": 0.106567},
            {"speed_kmh": 9.41584},
            {"timestamp": "Fri Feb 24 17:26:00 UTC 2017"}
        ],
        [
            {"location": [[
                {"latitude": 60.025119},
                {"longitude": 11.115053}
            ]]},
            {"altitude": 176},
            {"distance_km": 0.115296},
            {"speed_kmh": 10.0342},
            {"timestamp": "Fri Feb 24 17:26:03 UTC 2017"}
        ],
        [
            {"location": [[
                {"latitude": 60.025188},
                {"longitude": 11.115111}
            ]]},
            {"altitude": 174},
            {"distance_km": 0.123689},
            {"speed_kmh": 10.3516},
            {"timestamp": "Fri Feb 24 17:26:06 UTC 2017"}
        ],
        [
            {"location": [[
                {"latitude": 60.02529},
                {"longitude": 11.115199}
            ]]},
            {"altitude": 175},
            {"distance_km": 0.136085},
            {"speed_kmh": 10.5528},
            {"timestamp": "Fri Feb 24 17:26:10 UTC 2017"}
        ],
        [
            {"location": [[
                {"latitude": 60.025479},
                {"longitude": 11.115369}
            ]]},
            {"altitude": 179},
            {"distance_km": 0.159188},
            {"speed_kmh": 11.0254},
            {"timestamp": "Fri Feb 24 17:26:17 UTC 2017"}
        ],
        [
            {"location": [[
                {"latitude": 60.025664},
                {"longitude": 11.115566}
            ]]},
            {"altitude": 181},
            {"distance_km": 0.182482},
            {"speed_kmh": 11.6726},
            {"timestamp": "Fri Feb 24 17:26:24 UTC 2017"}
        ],
        [
            {"location": [[
                {"latitude": 60.025842},
                {"longitude": 11.115835}
            ]]},
            {"altitude": 181},
            {"distance_km": 0.207393},
            {"speed_kmh": 11.6966},
            {"timestamp": "Fri Feb 24 17:26:32 UTC 2017"}
        ],
        [
            {"location": [[
                {"latitude": 60.025978},
                {"longitude": 11.115847}
            ]]},
            {"altitude": 180},
            {"distance_km": 0.222575},
            {"speed_kmh": 11.3716},
            {"timestamp": "Fri Feb 24 17:26:37 UTC 2017"}
        ],
        [
            {"location": [[
                {"latitude": 60.02618},
                {"longitude": 11.115682}
            ]]},
            {"altitude": 177},
            {"distance_km": 0.246845},
            {"speed_kmh": 11.0165},
            {"timestamp": "Fri Feb 24 17:26:45 UTC 2017"}
        ],
        [
            {"location": [[
                {"latitude": 60.026411},
                {"longitude": 11.115878}
            ]]},
            {"altitude": 179},
            {"distance_km": 0.274809},
            {"speed_kmh": 11.009},
            {"timestamp": "Fri Feb 24 17:26:54 UTC 2017"}
        ],
        [
            {"location": [[
                {"latitude": 60.026434},
                {"longitude": 11.116326}
            ]]},
            {"altitude": 178},
            {"distance_km": 0.299958},
            {"speed_kmh": 11.6829},
            {"timestamp": "Fri Feb 24 17:27:01 UTC 2017"}
        ],
        [
            {"location": [[
                {"latitude": 60.026286},
                {"longitude": 11.116416}
            ]]},
            {"altitude": 180},
            {"distance_km": 0.317236},
            {"speed_kmh": 11.0028},
            {"timestamp": "Fri Feb 24 17:27:08 UTC 2017"}
        ],
        [
            {"location": [[
                {"latitude": 60.026284},
                {"longitude": 11.116124}
            ]]},
            {"altitude": 178},
            {"distance_km": 0.333527},
            {"speed_kmh": 9.04562},
            {"timestamp": "Fri Feb 24 17:27:19 UTC 2017"}
        ],
        [
            {"location": [[
                {"latitude": 60.026453},
                {"longitude": 11.116073}
            ]]},
            {"altitude": 180},
            {"distance_km": 0.352571},
            {"speed_kmh": 8.5423},
            {"timestamp": "Fri Feb 24 17:27:25 UTC 2017"}
        ],
        [
            {"location": [[
                {"latitude": 60.026597},
                {"longitude": 11.116025}
            ]]},
            {"altitude": 182},
            {"distance_km": 0.368796},
            {"speed_kmh": 9.47362},
            {"timestamp": "Fri Feb 24 17:27:30 UTC 2017"}
        ],
        [
            {"location": [[
                {"latitude": 60.026807},
                {"longitude": 11.115943}
            ]]},
            {"altitude": 183},
            {"distance_km": 0.392704},
            {"speed_kmh": 11.2877},
            {"timestamp": "Fri Feb 24 17:27:38 UTC 2017"}
        ],
        [
            {"location": [[
                {"latitude": 60.026885},
                {"longitude": 11.115926}
            ]]},
            {"altitude": 183},
            {"distance_km": 0.401374},
            {"speed_kmh": 10.9493},
            {"timestamp": "Fri Feb 24 17:27:41 UTC 2017"}
        ],
        [
            {"location": [[
                {"latitude": 60.027015},
                {"longitude": 11.115869}
            ]]},
            {"altitude": 184},
            {"distance_km": 0.416212},
            {"speed_kmh": 10.6217},
            {"timestamp": "Fri Feb 24 17:27:46 UTC 2017"}
        ],
        [
            {"location": [[
                {"latitude": 60.027122},
                {"longitude": 11.115838}
            ]]},
            {"altitude": 185},
            {"distance_km": 0.428294},
            {"speed_kmh": 10.6535},
            {"timestamp": "Fri Feb 24 17:27:50 UTC 2017"}
        ],
        [
            {"location": [[
                {"latitude": 60.027306},
                {"longitude": 11.115804}
            ]]},
            {"altitude": 187},
            {"distance_km": 0.448941},
            {"speed_kmh": 10.7245},
            {"timestamp": "Fri Feb 24 17:27:57 UTC 2017"}
        ],
        [
            {"location": [[
                {"latitude": 60.027515},
                {"longitude": 11.115829}
            ]]},
            {"altitude": 185},
            {"distance_km": 0.472192},
            {"speed_kmh": 10.6508},
            {"timestamp": "Fri Feb 24 17:28:05 UTC 2017"}
        ],
        [
            {"location": [[
                {"latitude": 60.027668},
                {"longitude": 11.115953}
            ]]},
            {"altitude": 184},
            {"distance_km": 0.490574},
            {"speed_kmh": 10.1774},
            {"timestamp": "Fri Feb 24 17:28:12 UTC 2017"}
        ],
        [
            {"location": [[
                {"latitude": 60.027743},
                {"longitude": 11.115995}
            ]]},
            {"altitude": 184},
            {"distance_km": 0.49925},
            {"speed_kmh": 10.0687},
            {"timestamp": "Fri Feb 24 17:28:15 UTC 2017"}
        ],
        [
            {"location": [[
                {"latitude": 60.027957},
                {"longitude": 11.115956}
            ]]},
            {"altitude": 181},
            {"distance_km": 0.523193},
            {"speed_kmh": 10.1834},
            {"timestamp": "Fri Feb 24 17:28:23 UTC 2017"}
        ],
        [
            {"location": [[
                {"latitude": 60.028235},
                {"longitude": 11.115844}
            ]]},
            {"altitude": 183},
            {"distance_km": 0.554806},
            {"speed_kmh": 10.8187},
            {"timestamp": "Fri Feb 24 17:28:33 UTC 2017"}
        ],
        [
            {"location": [[
                {"latitude": 60.028467},
                {"longitude": 11.115748}
            ]]},
            {"altitude": 183},
            {"distance_km": 0.581233},
            {"speed_kmh": 11.3534},
            {"timestamp": "Fri Feb 24 17:28:41 UTC 2017"}
        ],
        [
            {"location": [[
                {"latitude": 60.028663},
                {"longitude": 11.115597}
            ]]},
            {"altitude": 180},
            {"distance_km": 0.604602},
            {"speed_kmh": 11.2715},
            {"timestamp": "Fri Feb 24 17:28:49 UTC 2017"}
        ],
        [
            {"location": [[
                {"latitude": 60.028826},
                {"longitude": 11.115451}
            ]]},
            {"altitude": 182},
            {"distance_km": 0.624494},
            {"speed_kmh": 10.8945},
            {"timestamp": "Fri Feb 24 17:28:56 UTC 2017"}
        ],
        [
            {"location": [[
                {"latitude": 60.029003},
                {"longitude": 11.115335}
            ]]},
            {"altitude": 182},
            {"distance_km": 0.645301},
            {"speed_kmh": 10.4998},
            {"timestamp": "Fri Feb 24 17:29:03 UTC 2017"}
        ],
        [
            {"location": [[
                {"latitude": 60.02919},
                {"longitude": 11.115242}
            ]]},
            {"altitude": 182},
            {"distance_km": 0.666767},
            {"speed_kmh": 10.6553},
            {"timestamp": "Fri Feb 24 17:29:10 UTC 2017"}
        ],
        [
            {"location": [[
                {"latitude": 60.02927},
                {"longitude": 11.115206}
            ]]},
            {"altitude": 181},
            {"distance_km": 0.675896},
            {"speed_kmh": 10.898},
            {"timestamp": "Fri Feb 24 17:29:13 UTC 2017"}
        ],
        [
            {"location": [[
                {"latitude": 60.029346},
                {"longitude": 11.115168}
            ]]},
            {"altitude": 180},
            {"distance_km": 0.684588},
            {"speed_kmh": 10.801},
            {"timestamp": "Fri Feb 24 17:29:16 UTC 2017"}
        ],
        [
            {"location": [[
                {"latitude": 60.029491},
                {"longitude": 11.115068}
            ]]},
            {"altitude": 177},
            {"distance_km": 0.701678},
            {"speed_kmh": 10.5461},
            {"timestamp": "Fri Feb 24 17:29:22 UTC 2017"}
        ],
        [
            {"location": [[
                {"latitude": 60.029585},
                {"longitude": 11.115013}
            ]]},
            {"altitude": 176},
            {"distance_km": 0.712649},
            {"speed_kmh": 10.1903},
            {"timestamp": "Fri Feb 24 17:29:26 UTC 2017"}
        ],
        [
            {"location": [[
                {"latitude": 60.029805},
                {"longitude": 11.114977}
            ]]},
            {"altitude": 178},
            {"distance_km": 0.737246},
            {"speed_kmh": 10.4037},
            {"timestamp": "Fri Feb 24 17:29:34 UTC 2017"}
        ],
        [
            {"location": [[
                {"latitude": 60.030003},
                {"longitude": 11.114983}
            ]]},
            {"altitude": 177},
            {"distance_km": 0.7593},
            {"speed_kmh": 10.7602},
            {"timestamp": "Fri Feb 24 17:29:41 UTC 2017"}
        ],
        [
            {"location": [[
                {"latitude": 60.030057},
                {"longitude": 11.114813}
            ]]},
            {"altitude": 178},
            {"distance_km": 0.770491},
            {"speed_kmh": 9.14419},
            {"timestamp": "Fri Feb 24 17:29:49 UTC 2017"}
        ],
        [
            {"location": [[
                {"latitude": 60.029419},
                {"longitude": 11.113652}
            ]]},
            {"altitude": 176},
            {"distance_km": 0.866607},
            {"timestamp": "Fri Feb 24 17:30:24 UTC 2017"}
        ],
        [
            {"location": [[
                {"latitude": 60.02921},
                {"longitude": 11.113451}
            ]]},
            {"altitude": 170},
            {"distance_km": 0.892505},
            {"timestamp": "Fri Feb 24 17:30:32 UTC 2017"}
        ],
        [
            {"location": [[
                {"latitude": 60.02899},
                {"longitude": 11.113257}
            ]]},
            {"altitude": 168},
            {"distance_km": 0.919229},
            {"speed_kmh": 11.7725},
            {"timestamp": "Fri Feb 24 17:30:39 UTC 2017"}
        ],
        [
            {"location": [[
                {"latitude": 60.02882},
                {"longitude": 11.113104}
            ]]},
            {"altitude": 167},
            {"distance_km": 0.940045},
            {"speed_kmh": 12.6404},
            {"timestamp": "Fri Feb 24 17:30:45 UTC 2017"}
        ],
        [
            {"location": [[
                {"latitude": 60.028603},
                {"longitude": 11.112925}
            ]]},
            {"altitude": 165},
            {"distance_km": 0.966174},
            {"speed_kmh": 12.7084},
            {"timestamp": "Fri Feb 24 17:30:53 UTC 2017"}
        ],
        [
            {"location": [[
                {"latitude": 60.028425},
                {"longitude": 11.112747}
            ]]},
            {"altitude": 162},
            {"distance_km": 0.988332},
            {"speed_kmh": 11.88},
            {"timestamp": "Fri Feb 24 17:31:00 UTC 2017"}
        ],
        [
            {"location": [[
                {"latitude": 60.028228},
                {"longitude": 11.112572}
            ]]},
            {"altitude": 164},
            {"distance_km": 1.01233},
            {"speed_kmh": 11.3184},
            {"timestamp": "Fri Feb 24 17:31:08 UTC 2017"}
        ],
        [
            {"location": [[
                {"latitude": 60.028051},
                {"longitude": 11.112411}
            ]]},
            {"altitude": 162},
            {"distance_km": 1.03399},
            {"speed_kmh": 11.1118},
            {"timestamp": "Fri Feb 24 17:31:15 UTC 2017"}
        ],
        [
            {"location": [[
                {"latitude": 60.027928},
                {"longitude": 11.112299}
            ]]},
            {"altitude": 162},
            {"distance_km": 1.04906},
            {"speed_kmh": 10.9288},
            {"timestamp": "Fri Feb 24 17:31:20 UTC 2017"}
        ],
        [
            {"location": [[
                {"latitude": 60.027807},
                {"longitude": 11.112176}
            ]]},
            {"altitude": 161},
            {"distance_km": 1.06421},
            {"speed_kmh": 10.966},
            {"timestamp": "Fri Feb 24 17:31:25 UTC 2017"}
        ],
        [
            {"location": [[
                {"latitude": 60.027572},
                {"longitude": 11.111955}
            ]]},
            {"altitude": 162},
            {"distance_km": 1.09311},
            {"speed_kmh": 11.1048},
            {"timestamp": "Fri Feb 24 17:31:34 UTC 2017"}
        ],
        [
            {"location": [[
                {"latitude": 60.027408},
                {"longitude": 11.111779}
            ]]},
            {"altitude": 164},
            {"distance_km": 1.11388},
            {"speed_kmh": 11.6449},
            {"timestamp": "Fri Feb 24 17:31:40 UTC 2017"}
        ],
        [
            {"location": [[
                {"latitude": 60.027209},
                {"longitude": 11.1116}
            ]]},
            {"altitude": 163},
            {"distance_km": 1.13819},
            {"speed_kmh": 11.6472},
            {"timestamp": "Fri Feb 24 17:31:48 UTC 2017"}
        ],
        [
            {"location": [[
                {"latitude": 60.027002},
                {"longitude": 11.111403}
            ]]},
            {"altitude": 163},
            {"distance_km": 1.16371},
            {"speed_kmh": 11.6284},
            {"timestamp": "Fri Feb 24 17:31:56 UTC 2017"}
        ],
        [
            {"location": [[
                {"latitude": 60.02687},
                {"longitude": 11.111259}
            ]]},
            {"altitude": 165},
            {"distance_km": 1.1805},
            {"speed_kmh": 10.8344},
            {"timestamp": "Fri Feb 24 17:32:02 UTC 2017"}
        ],
        [
            {"location": [[
                {"latitude": 60.026672},
                {"longitude": 11.11091}
            ]]},
            {"altitude": 159},
            {"distance_km": 1.20988},
            {"speed_kmh": 10.7146},
            {"timestamp": "Fri Feb 24 17:32:12 UTC 2017"}
        ],
        [
            {"location": [[
                {"latitude": 60.026537},
                {"longitude": 11.110598}
            ]]},
            {"altitude": 159},
            {"distance_km": 1.23292},
            {"speed_kmh": 10.342},
            {"timestamp": "Fri Feb 24 17:32:20 UTC 2017"}
        ],
        [
            {"location": [[
                {"latitude": 60.026425},
                {"longitude": 11.110311}
            ]]},
            {"altitude": 160},
            {"distance_km": 1.25323},
            {"speed_kmh": 10.4628},
            {"timestamp": "Fri Feb 24 17:32:27 UTC 2017"}
        ],
        [
            {"location": [[
                {"latitude": 60.026349},
                {"longitude": 11.110109}
            ]]},
            {"altitude": 159},
            {"distance_km": 1.26732},
            {"speed_kmh": 10.3165},
            {"timestamp": "Fri Feb 24 17:32:32 UTC 2017"}
        ],
        [
            {"location": [[
                {"latitude": 60.026213},
                {"longitude": 11.109744}
            ]]},
            {"altitude": 159},
            {"distance_km": 1.29265},
            {"speed_kmh": 10.2362},
            {"timestamp": "Fri Feb 24 17:32:41 UTC 2017"}
        ],
        [
            {"location": [[
                {"latitude": 60.026098},
                {"longitude": 11.109441}
            ]]},
            {"altitude": 160},
            {"distance_km": 1.31385},
            {"speed_kmh": 10.391},
            {"timestamp": "Fri Feb 24 17:32:48 UTC 2017"}
        ],
        [
            {"location": [[
                {"latitude": 60.025975},
                {"longitude": 11.109102}
            ]]},
            {"altitude": 159},
            {"distance_km": 1.33724},
            {"speed_kmh": 10.5258},
            {"timestamp": "Fri Feb 24 17:32:56 UTC 2017"}
        ],
        [
            {"location": [[
                {"latitude": 60.025883},
                {"longitude": 11.108815}
            ]]},
            {"altitude": 158},
            {"distance_km": 1.35618},
            {"speed_kmh": 10.3934},
            {"timestamp": "Fri Feb 24 17:33:03 UTC 2017"}
        ],
        [
            {"location": [[
                {"latitude": 60.025805},
                {"longitude": 11.10855}
            ]]},
            {"altitude": 158},
            {"distance_km": 1.37334},
            {"speed_kmh": 10.188},
            {"timestamp": "Fri Feb 24 17:33:09 UTC 2017"}
        ],
        [
            {"location": [[
                {"latitude": 60.025723},
                {"longitude": 11.10826}
            ]]},
            {"altitude": 157},
            {"distance_km": 1.3919},
            {"speed_kmh": 10.3905},
            {"timestamp": "Fri Feb 24 17:33:15 UTC 2017"}
        ],
        [
            {"location": [[
                {"latitude": 60.025614},
                {"longitude": 11.107992}
            ]]},
            {"altitude": 154},
            {"distance_km": 1.41116},
            {"speed_kmh": 10.4425},
            {"timestamp": "Fri Feb 24 17:33:22 UTC 2017"}
        ],
        [
            {"location": [[
                {"latitude": 60.025489},
                {"longitude": 11.107618}
            ]]},
            {"altitude": 156},
            {"distance_km": 1.43628},
            {"speed_kmh": 10.3621},
            {"timestamp": "Fri Feb 24 17:33:31 UTC 2017"}
        ],
        [
            {"location": [[
                {"latitude": 60.025387},
                {"longitude": 11.107385}
            ]]},
            {"altitude": 156},
            {"distance_km": 1.45353},
            {"speed_kmh": 10.105},
            {"timestamp": "Fri Feb 24 17:33:37 UTC 2017"}
        ],
        [
            {"location": [[
                {"latitude": 60.025292},
                {"longitude": 11.107205}
            ]]},
            {"altitude": 154},
            {"distance_km": 1.46808},
            {"speed_kmh": 10.2948},
            {"timestamp": "Fri Feb 24 17:33:42 UTC 2017"}
        ],
        [
            {"location": [[
                {"latitude": 60.025184},
                {"longitude": 11.106951}
            ]]},
            {"altitude": 159},
            {"distance_km": 1.48669},
            {"speed_kmh": 10.1338},
            {"timestamp": "Fri Feb 24 17:33:49 UTC 2017"}
        ],
        [
            {"location": [[
                {"latitude": 60.025195},
                {"longitude": 11.106676}
            ]]},
            {"altitude": 159},
            {"distance_km": 1.50207},
            {"speed_kmh": 9.75321},
            {"timestamp": "Fri Feb 24 17:33:55 UTC 2017"}
        ],
        [
            {"location": [[
                {"latitude": 60.025119},
                {"longitude": 11.106265}
            ]]},
            {"altitude": 157},
            {"distance_km": 1.5265},
            {"speed_kmh": 9.52025},
            {"timestamp": "Fri Feb 24 17:34:04 UTC 2017"}
        ],
        [
            {"location": [[
                {"latitude": 60.024997},
                {"longitude": 11.105784}
            ]]},
            {"altitude": 155},
            {"distance_km": 1.55657},
            {"speed_kmh": 10.3433},
            {"timestamp": "Fri Feb 24 17:34:13 UTC 2017"}
        ],
        [
            {"location": [[
                {"latitude": 60.024949},
                {"longitude": 11.105507}
            ]]},
            {"altitude": 156},
            {"distance_km": 1.57291},
            {"speed_kmh": 10.533},
            {"timestamp": "Fri Feb 24 17:34:19 UTC 2017"}
        ],
        [
            {"location": [[
                {"latitude": 60.024945},
                {"longitude": 11.105209}
            ]]},
            {"altitude": 157},
            {"distance_km": 1.58951},
            {"speed_kmh": 10.5978},
            {"timestamp": "Fri Feb 24 17:34:25 UTC 2017"}
        ],
        [
            {"location": [[
                {"latitude": 60.024942},
                {"longitude": 11.105058}
            ]]},
            {"altitude": 157},
            {"distance_km": 1.59797},
            {"speed_kmh": 9.96245},
            {"timestamp": "Fri Feb 24 17:34:28 UTC 2017"}
        ],
        [
            {"location": [[
                {"latitude": 60.024939},
                {"longitude": 11.10465}
            ]]},
            {"altitude": 157},
            {"distance_km": 1.62071},
            {"speed_kmh": 10.1113},
            {"timestamp": "Fri Feb 24 17:34:36 UTC 2017"}
        ],
        [
            {"location": [[
                {"latitude": 60.024928},
                {"longitude": 11.1043}
            ]]},
            {"altitude": 157},
            {"distance_km": 1.64029},
            {"speed_kmh": 10.1457},
            {"timestamp": "Fri Feb 24 17:34:43 UTC 2017"}
        ],
        [
            {"location": [[
                {"latitude": 60.024922},
                {"longitude": 11.104156}
            ]]},
            {"altitude": 157},
            {"distance_km": 1.64829},
            {"speed_kmh": 9.97299},
            {"timestamp": "Fri Feb 24 17:34:46 UTC 2017"}
        ],
        [
            {"location": [[
                {"latitude": 60.024918},
                {"longitude": 11.104004}
            ]]},
            {"altitude": 158},
            {"distance_km": 1.6568},
            {"speed_kmh": 9.94883},
            {"timestamp": "Fri Feb 24 17:34:49 UTC 2017"}
        ],
        [
            {"location": [[
                {"latitude": 60.024845},
                {"longitude": 11.10375}
            ]]},
            {"altitude": 157},
            {"distance_km": 1.67314},
            {"speed_kmh": 9.04494},
            {"timestamp": "Fri Feb 24 17:34:57 UTC 2017"}
        ],
        [
            {"location": [[
                {"latitude": 60.024736},
                {"longitude": 11.103409}
            ]]},
            {"altitude": 156},
            {"distance_km": 1.6957},
            {"speed_kmh": 8.54423},
            {"timestamp": "Fri Feb 24 17:35:07 UTC 2017"}
        ],
        [
            {"location": [[
                {"latitude": 60.024613},
                {"longitude": 11.103047}
            ]]},
            {"altitude": 156},
            {"distance_km": 1.72012},
            {"speed_kmh": 8.82621},
            {"timestamp": "Fri Feb 24 17:35:15 UTC 2017"}
        ],
        [
            {"location": [[
                {"latitude": 60.024467},
                {"longitude": 11.103168}
            ]]},
            {"altitude": 154},
            {"distance_km": 1.73768},
            {"speed_kmh": 8.99764},
            {"timestamp": "Fri Feb 24 17:35:23 UTC 2017"}
        ],
        [
            {"location": [[
                {"latitude": 60.024355},
                {"longitude": 11.103513}
            ]]},
            {"altitude": 153},
            {"distance_km": 1.76063},
            {"speed_kmh": 9.36933},
            {"timestamp": "Fri Feb 24 17:35:32 UTC 2017"}
        ],
        [
            {"location": [[
                {"latitude": 60.024293},
                {"longitude": 11.103664}
            ]]},
            {"altitude": 155},
            {"distance_km": 1.77148},
            {"speed_kmh": 8.9521},
            {"timestamp": "Fri Feb 24 17:35:36 UTC 2017"}
        ],
        [
            {"location": [[
                {"latitude": 60.02416},
                {"longitude": 11.103958}
            ]]},
            {"altitude": 156},
            {"distance_km": 1.7936},
            {"speed_kmh": 9.64411},
            {"timestamp": "Fri Feb 24 17:35:44 UTC 2017"}
        ],
        [
            {"location": [[
                {"latitude": 60.024038},
                {"longitude": 11.104237}
            ]]},
            {"altitude": 157},
            {"distance_km": 1.81426},
            {"speed_kmh": 10.1013},
            {"timestamp": "Fri Feb 24 17:35:51 UTC 2017"}
        ],
        [
            {"location": [[
                {"latitude": 60.023919},
                {"longitude": 11.10458}
            ]]},
            {"altitude": 155},
            {"distance_km": 1.83756},
            {"speed_kmh": 10.3453},
            {"timestamp": "Fri Feb 24 17:35:59 UTC 2017"}
        ],
        [
            {"location": [[
                {"latitude": 60.023816},
                {"longitude": 11.104961}
            ]]},
            {"altitude": 156},
            {"distance_km": 1.86172},
            {"speed_kmh": 10.6594},
            {"timestamp": "Fri Feb 24 17:36:07 UTC 2017"}
        ],
        [
            {"location": [[
                {"latitude": 60.023719},
                {"longitude": 11.105203}
            ]]},
            {"altitude": 154},
            {"distance_km": 1.87898},
            {"speed_kmh": 10.0868},
            {"timestamp": "Fri Feb 24 17:36:14 UTC 2017"}
        ],
        [
            {"location": [[
                {"latitude": 60.02364},
                {"longitude": 11.105613}
            ]]},
            {"altitude": 157},
            {"distance_km": 1.90349},
            {"speed_kmh": 10.2619},
            {"timestamp": "Fri Feb 24 17:36:22 UTC 2017"}
        ],
        [
            {"location": [[
                {"latitude": 60.0236},
                {"longitude": 11.106091}
            ]]},
            {"altitude": 159},
            {"distance_km": 1.93048},
            {"speed_kmh": 10.2334},
            {"timestamp": "Fri Feb 24 17:36:31 UTC 2017"}
        ],
        [
            {"location": [[
                {"latitude": 60.023582},
                {"longitude": 11.106386}
            ]]},
            {"altitude": 160},
            {"distance_km": 1.94709},
            {"speed_kmh": 10.5937},
            {"timestamp": "Fri Feb 24 17:36:37 UTC 2017"}
        ],
        [
            {"location": [[
                {"latitude": 60.023563},
                {"longitude": 11.106761}
            ]]},
            {"altitude": 159},
            {"distance_km": 1.96806},
            {"speed_kmh": 10.0611},
            {"timestamp": "Fri Feb 24 17:36:45 UTC 2017"}
        ],
        [
            {"location": [[
                {"latitude": 60.023543},
                {"longitude": 11.107178}
            ]]},
            {"altitude": 159},
            {"distance_km": 1.99143},
            {"speed_kmh": 9.58214},
            {"timestamp": "Fri Feb 24 17:36:54 UTC 2017"}
        ],
        [
            {"location": [[
                {"latitude": 60.023554},
                {"longitude": 11.107316}
            ]]},
            {"altitude": 159},
            {"distance_km": 1.99922},
            {"speed_kmh": 9.38178},
            {"timestamp": "Fri Feb 24 17:36:57 UTC 2017"}
        ],
        [
            {"location": [[
                {"latitude": 60.02357},
                {"longitude": 11.107457}
            ]]},
            {"altitude": 159},
            {"distance_km": 2.00728},
            {"speed_kmh": 9.46012},
            {"timestamp": "Fri Feb 24 17:37:00 UTC 2017"}
        ],
        [
            {"location": [[
                {"latitude": 60.023617},
                {"longitude": 11.107892}
            ]]},
            {"altitude": 161},
            {"distance_km": 2.03213},
            {"speed_kmh": 9.31999},
            {"timestamp": "Fri Feb 24 17:37:10 UTC 2017"}
        ],
        [
            {"location": [[
                {"latitude": 60.023665},
                {"longitude": 11.108274}
            ]]},
            {"altitude": 162},
            {"distance_km": 2.05408},
            {"speed_kmh": 9.12666},
            {"timestamp": "Fri Feb 24 17:37:19 UTC 2017"}
        ],
        [
            {"location": [[
                {"latitude": 60.02363},
                {"longitude": 11.108683}
            ]]},
            {"altitude": 163},
            {"distance_km": 2.07721},
            {"speed_kmh": 8.68405},
            {"timestamp": "Fri Feb 24 17:37:29 UTC 2017"}
        ],
        [
            {"location": [[
                {"latitude": 60.023568},
                {"longitude": 11.109059}
            ]]},
            {"altitude": 164},
            {"distance_km": 2.0993},
            {"speed_kmh": 8.64196},
            {"timestamp": "Fri Feb 24 17:37:38 UTC 2017"}
        ],
        [
            {"location": [[
                {"latitude": 60.023603},
                {"longitude": 11.109467}
            ]]},
            {"altitude": 164},
            {"distance_km": 2.1224},
            {"speed_kmh": 8.49354},
            {"timestamp": "Fri Feb 24 17:37:48 UTC 2017"}
        ],
        [
            {"location": [[
                {"latitude": 60.023712},
                {"longitude": 11.109639}
            ]]},
            {"altitude": 165},
            {"distance_km": 2.13785},
            {"speed_kmh": 7.77636},
            {"timestamp": "Fri Feb 24 17:37:57 UTC 2017"}
        ],
        [
            {"location": [[
                {"latitude": 60.023795},
                {"longitude": 11.109722}
            ]]},
            {"altitude": 165},
            {"distance_km": 2.14821},
            {"speed_kmh": 6.21746},
            {"timestamp": "Fri Feb 24 17:38:06 UTC 2017"}
        ],
        [
            {"location": [[
                {"latitude": 60.023913},
                {"longitude": 11.109986}
            ]]},
            {"altitude": 168},
            {"distance_km": 2.16789},
            {"speed_kmh": 4.82976},
            {"timestamp": "Fri Feb 24 17:38:23 UTC 2017"}
        ],
        [
            {"location": [[
                {"latitude": 60.023859},
                {"longitude": 11.110444}
            ]]},
            {"altitude": 170},
            {"distance_km": 2.19412},
            {"speed_kmh": 4.51601},
            {"timestamp": "Fri Feb 24 17:38:41 UTC 2017"}
        ],
        [
            {"location": [[
                {"latitude": 60.023716},
                {"longitude": 11.111079}
            ]]},
            {"altitude": 170},
            {"distance_km": 2.23294},
            {"speed_kmh": 6.47272},
            {"timestamp": "Fri Feb 24 17:38:55 UTC 2017"}
        ],
        [
            {"location": [[
                {"latitude": 60.023668},
                {"longitude": 11.111287}
            ]]},
            {"altitude": 170},
            {"distance_km": 2.24575},
            {"speed_kmh": 8.15212},
            {"timestamp": "Fri Feb 24 17:39:00 UTC 2017"}
        ],
        [
            {"location": [[
                {"latitude": 60.023639},
                {"longitude": 11.11142}
            ]]},
            {"altitude": 171},
            {"distance_km": 2.25383},
            {"speed_kmh": 9.64519},
            {"timestamp": "Fri Feb 24 17:39:03 UTC 2017"}
        ],
        [
            {"location": [[
                {"latitude": 60.0236},
                {"longitude": 11.111595}
            ]]},
            {"altitude": 171},
            {"distance_km": 2.26448},
            {"speed_kmh": 9.49815},
            {"timestamp": "Fri Feb 24 17:39:07 UTC 2017"}
        ],
        [
            {"location": [[
                {"latitude": 60.023508},
                {"longitude": 11.111982}
            ]]},
            {"altitude": 172},
            {"distance_km": 2.28839},
            {"speed_kmh": 9.62024},
            {"timestamp": "Fri Feb 24 17:39:16 UTC 2017"}
        ],
        [
            {"location": [[
                {"latitude": 60.023476},
                {"longitude": 11.112113}
            ]]},
            {"altitude": 173},
            {"distance_km": 2.2965},
            {"speed_kmh": 9.61543},
            {"timestamp": "Fri Feb 24 17:39:19 UTC 2017"}
        ],
        [
            {"location": [[
                {"latitude": 60.023431},
                {"longitude": 11.112286}
            ]]},
            {"altitude": 173},
            {"distance_km": 2.30738},
            {"speed_kmh": 9.69183},
            {"timestamp": "Fri Feb 24 17:39:23 UTC 2017"}
        ],
        [
            {"location": [[
                {"latitude": 60.023396},
                {"longitude": 11.112413}
            ]]},
            {"altitude": 173},
            {"distance_km": 2.3155},
            {"speed_kmh": 9.72555},
            {"timestamp": "Fri Feb 24 17:39:26 UTC 2017"}
        ],
        [
            {"location": [[
                {"latitude": 60.0233},
                {"longitude": 11.112812}
            ]]},
            {"altitude": 172},
            {"distance_km": 2.34017},
            {"speed_kmh": 9.78805},
            {"timestamp": "Fri Feb 24 17:39:35 UTC 2017"}
        ],
        [
            {"location": [[
                {"latitude": 60.023328},
                {"longitude": 11.113226}
            ]]},
            {"altitude": 173},
            {"distance_km": 2.36346},
            {"speed_kmh": 9.62471},
            {"timestamp": "Fri Feb 24 17:39:44 UTC 2017"}
        ],
        [
            {"location": [[
                {"latitude": 60.023402},
                {"longitude": 11.113419}
            ]]},
            {"altitude": 174},
            {"distance_km": 2.37705},
            {"speed_kmh": 9.65412},
            {"timestamp": "Fri Feb 24 17:39:49 UTC 2017"}
        ],
        [
            {"location": [[
                {"latitude": 60.023542},
                {"longitude": 11.113772}
            ]]},
            {"altitude": 176},
            {"distance_km": 2.40217},
            {"speed_kmh": 9.70664},
            {"timestamp": "Fri Feb 24 17:39:58 UTC 2017"}
        ],
        [
            {"location": [[
                {"latitude": 60.023693},
                {"longitude": 11.114164}
            ]]},
            {"altitude": 177},
            {"distance_km": 2.42974},
            {"speed_kmh": 9.91447},
            {"timestamp": "Fri Feb 24 17:40:08 UTC 2017"}
        ],
        [
            {"location": [[
                {"latitude": 60.02375},
                {"longitude": 11.11438}
            ]]},
            {"altitude": 177},
            {"distance_km": 2.44333},
            {"speed_kmh": 9.9118},
            {"timestamp": "Fri Feb 24 17:40:13 UTC 2017"}
        ],
        [
            {"location": [[
                {"latitude": 60.023803},
                {"longitude": 11.114661}
            ]]},
            {"altitude": 177},
            {"distance_km": 2.46008},
            {"speed_kmh": 9.9117},
            {"timestamp": "Fri Feb 24 17:40:19 UTC 2017"}
        ],
        [
            {"location": [[
                {"latitude": 60.024009},
                {"longitude": 11.11476}
            ]]},
            {"altitude": 179},
            {"distance_km": 2.48371},
            {"speed_kmh": 9.75472},
            {"timestamp": "Fri Feb 24 17:40:28 UTC 2017"}
        ],
        [
            {"location": [[
                {"latitude": 60.024081},
                {"longitude": 11.114747}
            ]]},
            {"altitude": 179},
            {"distance_km": 2.4918},
            {"speed_kmh": 9.73709},
            {"timestamp": "Fri Feb 24 17:40:31 UTC 2017"}
        ],
        [
            {"location": [[
                {"latitude": 60.024151},
                {"longitude": 11.114743}
            ]]},
            {"altitude": 180},
            {"distance_km": 2.49952},
            {"speed_kmh": 9.4523},
            {"timestamp": "Fri Feb 24 17:40:34 UTC 2017"}
        ],
        [
            {"location": [[
                {"latitude": 60.024378},
                {"longitude": 11.11476}
            ]]},
            {"altitude": 181},
            {"distance_km": 2.52487},
            {"speed_kmh": 9.34509},
            {"timestamp": "Fri Feb 24 17:40:44 UTC 2017"}
        ],
        [
            {"location": [[
                {"latitude": 60.024566},
                {"longitude": 11.114769}
            ]]},
            {"altitude": 182},
            {"distance_km": 2.54586},
            {"speed_kmh": 9.25396},
            {"timestamp": "Fri Feb 24 17:40:52 UTC 2017"}
        ],
        [
            {"location": [[
                {"latitude": 60.024681},
                {"longitude": 11.114802}
            ]]},
            {"altitude": 181},
            {"distance_km": 2.55877},
            {"speed_kmh": 9.28657},
            {"timestamp": "Fri Feb 24 17:40:57 UTC 2017"}
        ],
        [
            {"location": [[
                {"latitude": 60.024914},
                {"longitude": 11.114921}
            ]]},
            {"altitude": 179},
            {"distance_km": 2.58558},
            {"speed_kmh": 9.82891},
            {"timestamp": "Fri Feb 24 17:41:06 UTC 2017"}
        ],
        [
            {"location": [[
                {"latitude": 60.024997},
                {"longitude": 11.114964}
            ]]},
            {"altitude": 179},
            {"distance_km": 2.59508},
            {"speed_kmh": 10.4703},
            {"timestamp": "Fri Feb 24 17:41:09 UTC 2017"}
        ],
        [
            {"location": [[
                {"latitude": 60.025172},
                {"longitude": 11.115074}
            ]]},
            {"altitude": 177},
            {"distance_km": 2.61559},
            {"speed_kmh": 10.8796},
            {"timestamp": "Fri Feb 24 17:41:16 UTC 2017"}
        ],
        [
            {"location": [[
                {"latitude": 60.025376},
                {"longitude": 11.115266}
            ]]},
            {"altitude": 177},
            {"distance_km": 2.64071},
            {"speed_kmh": 10.635},
            {"timestamp": "Fri Feb 24 17:41:25 UTC 2017"}
        ],
        [
            {"location": [[
                {"latitude": 60.025575},
                {"longitude": 11.115478}
            ]]},
            {"altitude": 178},
            {"distance_km": 2.66583},
            {"speed_kmh": 10.2118},
            {"timestamp": "Fri Feb 24 17:41:34 UTC 2017"}
        ],
        [
            {"location": [[
                {"latitude": 60.025753},
                {"longitude": 11.115701}
            ]]},
            {"altitude": 178},
            {"distance_km": 2.6892},
            {"speed_kmh": 9.81398},
            {"timestamp": "Fri Feb 24 17:41:43 UTC 2017"}
        ],
        [
            {"location": [[
                {"latitude": 60.025973},
                {"longitude": 11.115889}
            ]]},
            {"altitude": 178},
            {"distance_km": 2.71584},
            {"speed_kmh": 9.38283},
            {"timestamp": "Fri Feb 24 17:41:54 UTC 2017"}
        ],
        [
            {"location": [[
                {"latitude": 60.026161},
                {"longitude": 11.115745}
            ]]},
            {"altitude": 178},
            {"distance_km": 2.73829},
            {"speed_kmh": 9.01715},
            {"timestamp": "Fri Feb 24 17:42:03 UTC 2017"}
        ],
        [
            {"location": [[
                {"latitude": 60.026392},
                {"longitude": 11.115846}
            ]]},
            {"altitude": 177},
            {"distance_km": 2.76467},
            {"speed_kmh": 8.78689},
            {"timestamp": "Fri Feb 24 17:42:14 UTC 2017"}
        ],
        [
            {"location": [[
                {"latitude": 60.026373},
                {"longitude": 11.116139}
            ]]},
            {"altitude": 178},
            {"distance_km": 2.78116},
            {"speed_kmh": 8.057},
            {"timestamp": "Fri Feb 24 17:42:23 UTC 2017"}
        ],
        [
            {"location": [[
                {"latitude": 60.026225},
                {"longitude": 11.116234}
            ]]},
            {"altitude": 181},
            {"distance_km": 2.79846},
            {"speed_kmh": 8.04919},
            {"timestamp": "Fri Feb 24 17:42:30 UTC 2017"}
        ],
        [
            {"location": [[
                {"latitude": 60.026122},
                {"longitude": 11.116184}
            ]]},
            {"altitude": 180},
            {"distance_km": 2.81029},
            {"speed_kmh": 7.51239},
            {"timestamp": "Fri Feb 24 17:42:36 UTC 2017"}
        ],
        [
            {"location": [[
                {"latitude": 60.026309},
                {"longitude": 11.116076}
            ]]},
            {"altitude": 178},
            {"distance_km": 2.832},
            {"speed_kmh": 7.92904},
            {"timestamp": "Fri Feb 24 17:42:46 UTC 2017"}
        ],
        [
            {"location": [[
                {"latitude": 60.026535},
                {"longitude": 11.116044}
            ]]},
            {"altitude": 181},
            {"distance_km": 2.8572},
            {"speed_kmh": 8.32585},
            {"timestamp": "Fri Feb 24 17:42:55 UTC 2017"}
        ],
        [
            {"location": [[
                {"latitude": 60.026726},
                {"longitude": 11.115995}
            ]]},
            {"altitude": 182},
            {"distance_km": 2.87864},
            {"speed_kmh": 9.19021},
            {"timestamp": "Fri Feb 24 17:43:03 UTC 2017"}
        ],
        [
            {"location": [[
                {"latitude": 60.026923},
                {"longitude": 11.115952}
            ]]},
            {"altitude": 183},
            {"distance_km": 2.90069},
            {"speed_kmh": 9.88722},
            {"timestamp": "Fri Feb 24 17:43:11 UTC 2017"}
        ],
        [
            {"location": [[
                {"latitude": 60.027125},
                {"longitude": 11.115899}
            ]]},
            {"altitude": 185},
            {"distance_km": 2.9234},
            {"speed_kmh": 9.93228},
            {"timestamp": "Fri Feb 24 17:43:19 UTC 2017"}
        ],
        [
            {"location": [[
                {"latitude": 60.027304},
                {"longitude": 11.115859}
            ]]},
            {"altitude": 186},
            {"distance_km": 2.94346},
            {"speed_kmh": 10.133},
            {"timestamp": "Fri Feb 24 17:43:26 UTC 2017"}
        ],
        [
            {"location": [[
                {"latitude": 60.027519},
                {"longitude": 11.115896}
            ]]},
            {"altitude": 183},
            {"distance_km": 2.96753},
            {"speed_kmh": 9.74256},
            {"timestamp": "Fri Feb 24 17:43:36 UTC 2017"}
        ],
        [
            {"location": [[
                {"latitude": 60.027666},
                {"longitude": 11.115993}
            ]]},
            {"altitude": 181},
            {"distance_km": 2.9848},
            {"speed_kmh": 9.24124},
            {"timestamp": "Fri Feb 24 17:43:43 UTC 2017"}
        ],
        [
            {"location": [[
                {"latitude": 60.027899},
                {"longitude": 11.115986}
            ]]},
            {"altitude": 179},
            {"distance_km": 3.01077},
            {"speed_kmh": 8.95594},
            {"timestamp": "Fri Feb 24 17:43:53 UTC 2017"}
        ],
        [
            {"location": [[
                {"latitude": 60.028056},
                {"longitude": 11.115906}
            ]]},
            {"altitude": 179},
            {"distance_km": 3.02878},
            {"speed_kmh": 9.14584},
            {"timestamp": "Fri Feb 24 17:44:00 UTC 2017"}
        ],
        [
            {"location": [[
                {"latitude": 60.02828},
                {"longitude": 11.115793}
            ]]},
            {"altitude": 179},
            {"distance_km": 3.0545},
            {"speed_kmh": 9.67287},
            {"timestamp": "Fri Feb 24 17:44:09 UTC 2017"}
        ],
        [
            {"location": [[
                {"latitude": 60.028443},
                {"longitude": 11.115711}
            ]]},
            {"altitude": 177},
            {"distance_km": 3.07331},
            {"speed_kmh": 9.77305},
            {"timestamp": "Fri Feb 24 17:44:16 UTC 2017"}
        ],
        [
            {"location": [[
                {"latitude": 60.028642},
                {"longitude": 11.115593}
            ]]},
            {"altitude": 177},
            {"distance_km": 3.09641},
            {"speed_kmh": 10.1193},
            {"timestamp": "Fri Feb 24 17:44:24 UTC 2017"}
        ],
        [
            {"location": [[
                {"latitude": 60.028858},
                {"longitude": 11.115476}
            ]]},
            {"altitude": 180},
            {"distance_km": 3.12128},
            {"speed_kmh": 10.4157},
            {"timestamp": "Fri Feb 24 17:44:32 UTC 2017"}
        ],
        [
            {"location": [[
                {"latitude": 60.029034},
                {"longitude": 11.115369}
            ]]},
            {"altitude": 177},
            {"distance_km": 3.14185},
            {"speed_kmh": 10.6551},
            {"timestamp": "Fri Feb 24 17:44:39 UTC 2017"}
        ],
        [
            {"location": [[
                {"latitude": 60.029245},
                {"longitude": 11.115227}
            ]]},
            {"altitude": 175},
            {"distance_km": 3.16664},
            {"speed_kmh": 10.5712},
            {"timestamp": "Fri Feb 24 17:44:48 UTC 2017"}
        ],
        [
            {"location": [[
                {"latitude": 60.029347},
                {"longitude": 11.115157}
            ]]},
            {"altitude": 178},
            {"distance_km": 3.17869},
            {"speed_kmh": 10.4248},
            {"timestamp": "Fri Feb 24 17:44:52 UTC 2017"}
        ],
        [
            {"location": [[
                {"latitude": 60.029538},
                {"longitude": 11.11505}
            ]]},
            {"altitude": 178},
            {"distance_km": 3.20075},
            {"speed_kmh": 10.2789},
            {"timestamp": "Fri Feb 24 17:45:00 UTC 2017"}
        ],
        [
            {"location": [[
                {"latitude": 60.029756},
                {"longitude": 11.114983}
            ]]},
            {"altitude": 178},
            {"distance_km": 3.22534},
            {"speed_kmh": 10.1985},
            {"timestamp": "Fri Feb 24 17:45:09 UTC 2017"}
        ],
        [
            {"location": [[
                {"latitude": 60.029971},
                {"longitude": 11.114994}
            ]]},
            {"altitude": 181},
            {"distance_km": 3.24923},
            {"speed_kmh": 10.1603},
            {"timestamp": "Fri Feb 24 17:45:17 UTC 2017"}
        ],
        [
            {"location": [[
                {"latitude": 60.029997},
                {"longitude": 11.114778}
            ]]},
            {"altitude": 174},
            {"distance_km": 3.26165},
            {"speed_kmh": 8.20632},
            {"timestamp": "Fri Feb 24 17:45:28 UTC 2017"}
        ],
        [
            {"location": [[
                {"latitude": 60.029917},
                {"longitude": 11.11461}
            ]]},
            {"altitude": 171},
            {"distance_km": 3.27454},
            {"speed_kmh": 7.13348},
            {"timestamp": "Fri Feb 24 17:45:35 UTC 2017"}
        ],
        [
            {"location": [[
                {"latitude": 60.029897},
                {"longitude": 11.11417}
            ]]},
            {"altitude": 173},
            {"distance_km": 3.29913},
            {"speed_kmh": 7.78371},
            {"timestamp": "Fri Feb 24 17:45:42 UTC 2017"}
        ],
        [
            {"location": [[
                {"latitude": 60.029804},
                {"longitude": 11.113996}
            ]]},
            {"altitude": 173},
            {"distance_km": 3.31333},
            {"speed_kmh": 9.83108},
            {"timestamp": "Fri Feb 24 17:45:47 UTC 2017"}
        ],
        [
            {"location": [[
                {"latitude": 60.029737},
                {"longitude": 11.113914}
            ]]},
            {"altitude": 173},
            {"distance_km": 3.32207},
            {"speed_kmh": 11.1287},
            {"timestamp": "Fri Feb 24 17:45:50 UTC 2017"}
        ],
        [
            {"location": [[
                {"latitude": 60.029595},
                {"longitude": 11.113748}
            ]]},
            {"altitude": 175},
            {"distance_km": 3.34044},
            {"speed_kmh": 10.575},
            {"timestamp": "Fri Feb 24 17:45:56 UTC 2017"}
        ],
        [
            {"location": [[
                {"latitude": 60.029399},
                {"longitude": 11.113578}
            ]]},
            {"altitude": 176},
            {"distance_km": 3.36421},
            {"speed_kmh": 10.7368},
            {"timestamp": "Fri Feb 24 17:46:04 UTC 2017"}
        ],
        [
            {"location": [[
                {"latitude": 60.029181},
                {"longitude": 11.113383}
            ]]},
            {"altitude": 174},
            {"distance_km": 3.39085},
            {"speed_kmh": 10.7798},
            {"timestamp": "Fri Feb 24 17:46:13 UTC 2017"}
        ],
        [
            {"location": [[
                {"latitude": 60.028994},
                {"longitude": 11.113231}
            ]]},
            {"altitude": 175},
            {"distance_km": 3.41334},
            {"speed_kmh": 10.4892},
            {"timestamp": "Fri Feb 24 17:46:21 UTC 2017"}
        ],
        [
            {"location": [[
                {"latitude": 60.028849},
                {"longitude": 11.113109}
            ]]},
            {"altitude": 174},
            {"distance_km": 3.43078},
            {"speed_kmh": 10.4157},
            {"timestamp": "Fri Feb 24 17:46:27 UTC 2017"}
        ],
        [
            {"location": [[
                {"latitude": 60.02866},
                {"longitude": 11.112924}
            ]]},
            {"altitude": 171},
            {"distance_km": 3.45424},
            {"speed_kmh": 10.3821},
            {"timestamp": "Fri Feb 24 17:46:35 UTC 2017"}
        ],
        [
            {"location": [[
                {"latitude": 60.028455},
                {"longitude": 11.112738}
            ]]},
            {"altitude": 170},
            {"distance_km": 3.47937},
            {"speed_kmh": 10.3516},
            {"timestamp": "Fri Feb 24 17:46:44 UTC 2017"}
        ],
        [
            {"location": [[
                {"latitude": 60.028226},
                {"longitude": 11.11252}
            ]]},
            {"altitude": 170},
            {"distance_km": 3.50763},
            {"speed_kmh": 10.2596},
            {"timestamp": "Fri Feb 24 17:46:54 UTC 2017"}
        ],
        [
            {"location": [[
                {"latitude": 60.02807},
                {"longitude": 11.112399}
            ]]},
            {"altitude": 169},
            {"distance_km": 3.52626},
            {"speed_kmh": 9.94046},
            {"timestamp": "Fri Feb 24 17:47:01 UTC 2017"}
        ],
        [
            {"location": [[
                {"latitude": 60.027889},
                {"longitude": 11.112253}
            ]]},
            {"altitude": 168},
            {"distance_km": 3.54806},
            {"speed_kmh": 9.86357},
            {"timestamp": "Fri Feb 24 17:47:09 UTC 2017"}
        ],
        [
            {"location": [[
                {"latitude": 60.027707},
                {"longitude": 11.112074}
            ]]},
            {"altitude": 160},
            {"distance_km": 3.5706},
            {"speed_kmh": 9.46845},
            {"timestamp": "Fri Feb 24 17:47:18 UTC 2017"}
        ],
        [
            {"location": [[
                {"latitude": 60.027509},
                {"longitude": 11.111879}
            ]]},
            {"altitude": 162},
            {"distance_km": 3.59518},
            {"speed_kmh": 9.52511},
            {"timestamp": "Fri Feb 24 17:47:27 UTC 2017"}
        ],
        [
            {"location": [[
                {"latitude": 60.027298},
                {"longitude": 11.111696}
            ]]},
            {"altitude": 163},
            {"distance_km": 3.62085},
            {"speed_kmh": 9.71076},
            {"timestamp": "Fri Feb 24 17:47:36 UTC 2017"}
        ],
        [
            {"location": [[
                {"latitude": 60.027126},
                {"longitude": 11.11153}
            ]]},
            {"altitude": 166},
            {"distance_km": 3.64211},
            {"speed_kmh": 10.3445},
            {"timestamp": "Fri Feb 24 17:47:43 UTC 2017"}
        ],
        [
            {"location": [[
                {"latitude": 60.026992},
                {"longitude": 11.111385}
            ]]},
            {"altitude": 165},
            {"distance_km": 3.6591},
            {"speed_kmh": 10.495},
            {"timestamp": "Fri Feb 24 17:47:49 UTC 2017"}
        ],
        [
            {"location": [[
                {"latitude": 60.026925},
                {"longitude": 11.111315}
            ]]},
            {"altitude": 165},
            {"distance_km": 3.66751},
            {"speed_kmh": 10.3962},
            {"timestamp": "Fri Feb 24 17:47:52 UTC 2017"}
        ],
        [
            {"location": [[
                {"latitude": 60.026765},
                {"longitude": 11.111088}
            ]]},
            {"altitude": 164},
            {"distance_km": 3.68936},
            {"speed_kmh": 10.0282},
            {"timestamp": "Fri Feb 24 17:48:00 UTC 2017"}
        ],
        [
            {"location": [[
                {"latitude": 60.026619},
                {"longitude": 11.110775}
            ]]},
            {"altitude": 162},
            {"distance_km": 3.7132},
            {"speed_kmh": 9.81067},
            {"timestamp": "Fri Feb 24 17:48:09 UTC 2017"}
        ],
        [
            {"location": [[
                {"latitude": 60.026555},
                {"longitude": 11.110603}
            ]]},
            {"altitude": 161},
            {"distance_km": 3.72518},
            {"speed_kmh": 10.0497},
            {"timestamp": "Fri Feb 24 17:48:13 UTC 2017"}
        ],
        [
            {"location": [[
                {"latitude": 60.026473},
                {"longitude": 11.110357}
            ]]},
            {"altitude": 163},
            {"distance_km": 3.74167},
            {"speed_kmh": 10.074},
            {"timestamp": "Fri Feb 24 17:48:19 UTC 2017"}
        ],
        [
            {"location": [[
                {"latitude": 60.026385},
                {"longitude": 11.110104}
            ]]},
            {"altitude": 165},
            {"distance_km": 3.75881},
            {"speed_kmh": 9.50422},
            {"timestamp": "Fri Feb 24 17:48:27 UTC 2017"}
        ],
        [
            {"location": [[
                {"latitude": 60.026236},
                {"longitude": 11.109734}
            ]]},
            {"altitude": 161},
            {"distance_km": 3.78533},
            {"speed_kmh": 9.39736},
            {"timestamp": "Fri Feb 24 17:48:36 UTC 2017"}
        ],
        [
            {"location": [[
                {"latitude": 60.026145},
                {"longitude": 11.109498}
            ]]},
            {"altitude": 162},
            {"distance_km": 3.80195},
            {"speed_kmh": 9.42512},
            {"timestamp": "Fri Feb 24 17:48:42 UTC 2017"}
        ],
        [
            {"location": [[
                {"latitude": 60.026068},
                {"longitude": 11.109316}
            ]]},
            {"altitude": 161},
            {"distance_km": 3.81524},
            {"speed_kmh": 9.85858},
            {"timestamp": "Fri Feb 24 17:48:48 UTC 2017"}
        ],
        [
            {"location": [[
                {"latitude": 60.025943},
                {"longitude": 11.108973}
            ]]},
            {"altitude": 161},
            {"distance_km": 3.8389},
            {"speed_kmh": 9.6141},
            {"timestamp": "Fri Feb 24 17:48:56 UTC 2017"}
        ],
        [
            {"location": [[
                {"latitude": 60.025889},
                {"longitude": 11.108803}
            ]]},
            {"altitude": 161},
            {"distance_km": 3.85011},
            {"speed_kmh": 9.6479},
            {"timestamp": "Fri Feb 24 17:49:00 UTC 2017"}
        ],
        [
            {"location": [[
                {"latitude": 60.025825},
                {"longitude": 11.108601}
            ]]},
            {"altitude": 160},
            {"distance_km": 3.86339},
            {"speed_kmh": 9.79021},
            {"timestamp": "Fri Feb 24 17:49:05 UTC 2017"}
        ],
        [
            {"location": [[
                {"latitude": 60.025771},
                {"longitude": 11.108422}
            ]]},
            {"altitude": 159},
            {"distance_km": 3.87512},
            {"speed_kmh": 10.0651},
            {"timestamp": "Fri Feb 24 17:49:09 UTC 2017"}
        ],
        [
            {"location": [[
                {"latitude": 60.025665},
                {"longitude": 11.1081}
            ]]},
            {"altitude": 158},
            {"distance_km": 3.89657},
            {"speed_kmh": 9.91514},
            {"timestamp": "Fri Feb 24 17:49:17 UTC 2017"}
        ],
        [
            {"location": [[
                {"latitude": 60.025591},
                {"longitude": 11.10783}
            ]]},
            {"altitude": 161},
            {"distance_km": 3.91376},
            {"speed_kmh": 10.1737},
            {"timestamp": "Fri Feb 24 17:49:23 UTC 2017"}
        ],
        [
            {"location": [[
                {"latitude": 60.025495},
                {"longitude": 11.107594}
            ]]},
            {"altitude": 160},
            {"distance_km": 3.93067},
            {"speed_kmh": 9.99578},
            {"timestamp": "Fri Feb 24 17:49:29 UTC 2017"}
        ],
        [
            {"location": [[
                {"latitude": 60.025332},
                {"longitude": 11.107202}
            ]]},
            {"altitude": 159},
            {"distance_km": 3.95911},
            {"speed_kmh": 10.225},
            {"timestamp": "Fri Feb 24 17:49:39 UTC 2017"}
        ],
        [
            {"location": [[
                {"latitude": 60.025197},
                {"longitude": 11.106895}
            ]]},
            {"altitude": 161},
            {"distance_km": 3.98189},
            {"speed_kmh": 10.1664},
            {"timestamp": "Fri Feb 24 17:49:47 UTC 2017"}
        ],
        [
            {"location": [[
                {"latitude": 60.025185},
                {"longitude": 11.106474}
            ]]},
            {"altitude": 161},
            {"distance_km": 4.00541},
            {"speed_kmh": 9.41138},
            {"timestamp": "Fri Feb 24 17:49:58 UTC 2017"}
        ],
        [
            {"location": [[
                {"latitude": 60.025079},
                {"longitude": 11.106174}
            ]]},
            {"altitude": 157},
            {"distance_km": 4.02584},
            {"speed_kmh": 9.47194},
            {"timestamp": "Fri Feb 24 17:50:05 UTC 2017"}
        ],
        [
            {"location": [[
                {"latitude": 60.025016},
                {"longitude": 11.10584}
            ]]},
            {"altitude": 161},
            {"distance_km": 4.04577},
            {"speed_kmh": 9.46846},
            {"timestamp": "Fri Feb 24 17:50:12 UTC 2017"}
        ],
        [
            {"location": [[
                {"latitude": 60.024966},
                {"longitude": 11.105391}
            ]]},
            {"altitude": 162},
            {"distance_km": 4.07139},
            {"speed_kmh": 10.3266},
            {"timestamp": "Fri Feb 24 17:50:21 UTC 2017"}
        ],
        [
            {"location": [[
                {"latitude": 60.024942},
                {"longitude": 11.10513}
            ]]},
            {"altitude": 161},
            {"distance_km": 4.08617},
            {"speed_kmh": 10.3682},
            {"timestamp": "Fri Feb 24 17:50:26 UTC 2017"}
        ],
        [
            {"location": [[
                {"latitude": 60.024935},
                {"longitude": 11.104971}
            ]]},
            {"altitude": 164},
            {"distance_km": 4.0951},
            {"speed_kmh": 10.5665},
            {"timestamp": "Fri Feb 24 17:50:29 UTC 2017"}
        ],
        [
            {"location": [[
                {"latitude": 60.024935},
                {"longitude": 11.104816}
            ]]},
            {"altitude": 164},
            {"distance_km": 4.10376},
            {"speed_kmh": 10.5896},
            {"timestamp": "Fri Feb 24 17:50:32 UTC 2017"}
        ],
        [
            {"location": [[
                {"latitude": 60.02494},
                {"longitude": 11.104571}
            ]]},
            {"altitude": 163},
            {"distance_km": 4.11743},
            {"speed_kmh": 10.3207},
            {"timestamp": "Fri Feb 24 17:50:37 UTC 2017"}
        ],
        [
            {"location": [[
                {"latitude": 60.024938},
                {"longitude": 11.104191}
            ]]},
            {"altitude": 161},
            {"distance_km": 4.13858},
            {"speed_kmh": 9.5604},
            {"timestamp": "Fri Feb 24 17:50:46 UTC 2017"}
        ],
        [
            {"location": [[
                {"latitude": 60.024911},
                {"longitude": 11.103866}
            ]]},
            {"altitude": 160},
            {"distance_km": 4.15696},
            {"speed_kmh": 9.77044},
            {"timestamp": "Fri Feb 24 17:50:52 UTC 2017"}
        ],
        [
            {"location": [[
                {"latitude": 60.024773},
                {"longitude": 11.103693}
            ]]},
            {"altitude": 158},
            {"distance_km": 4.17513},
            {"speed_kmh": 9.60847},
            {"timestamp": "Fri Feb 24 17:50:59 UTC 2017"}
        ],
        [
            {"location": [[
                {"latitude": 60.0247},
                {"longitude": 11.103282}
            ]]},
            {"altitude": 155},
            {"distance_km": 4.19945},
            {"speed_kmh": 9.70247},
            {"timestamp": "Fri Feb 24 17:51:09 UTC 2017"}
        ],
        [
            {"location": [[
                {"latitude": 60.024519},
                {"longitude": 11.102992}
            ]]},
            {"altitude": 156},
            {"distance_km": 4.22522},
            {"speed_kmh": 9.12736},
            {"timestamp": "Fri Feb 24 17:51:19 UTC 2017"}
        ],
        [
            {"location": [[
                {"latitude": 60.02441},
                {"longitude": 11.103345}
            ]]},
            {"altitude": 155},
            {"distance_km": 4.24833},
            {"speed_kmh": 9.2951},
            {"timestamp": "Fri Feb 24 17:51:28 UTC 2017"}
        ],
        [
            {"location": [[
                {"latitude": 60.024287},
                {"longitude": 11.103654}
            ]]},
            {"altitude": 157},
            {"distance_km": 4.27041},
            {"speed_kmh": 9.47571},
            {"timestamp": "Fri Feb 24 17:51:36 UTC 2017"}
        ],
        [
            {"location": [[
                {"latitude": 60.024137},
                {"longitude": 11.104058}
            ]]},
            {"altitude": 157},
            {"distance_km": 4.29843},
            {"speed_kmh": 9.73937},
            {"timestamp": "Fri Feb 24 17:51:46 UTC 2017"}
        ],
        [
            {"location": [[
                {"latitude": 60.024},
                {"longitude": 11.104397}
            ]]},
            {"altitude": 159},
            {"distance_km": 4.32269},
            {"speed_kmh": 10.1045},
            {"timestamp": "Fri Feb 24 17:51:54 UTC 2017"}
        ],
        [
            {"location": [[
                {"latitude": 60.023928},
                {"longitude": 11.104619}
            ]]},
            {"altitude": 160},
            {"distance_km": 4.33747},
            {"speed_kmh": 10.4945},
            {"timestamp": "Fri Feb 24 17:51:59 UTC 2017"}
        ],
        [
            {"location": [[
                {"latitude": 60.02382},
                {"longitude": 11.105}
            ]]},
            {"altitude": 154},
            {"distance_km": 4.36192},
            {"speed_kmh": 10.4204},
            {"timestamp": "Fri Feb 24 17:52:08 UTC 2017"}
        ],
        [
            {"location": [[
                {"latitude": 60.023697},
                {"longitude": 11.105279}
            ]]},
            {"altitude": 153},
            {"distance_km": 4.38262},
            {"speed_kmh": 9.53819},
            {"timestamp": "Fri Feb 24 17:52:17 UTC 2017"}
        ],
        [
            {"location": [[
                {"latitude": 60.023664},
                {"longitude": 11.105525}
            ]]},
            {"altitude": 155},
            {"distance_km": 4.39679},
            {"speed_kmh": 9.44351},
            {"timestamp": "Fri Feb 24 17:52:22 UTC 2017"}
        ],
        [
            {"location": [[
                {"latitude": 60.023616},
                {"longitude": 11.105963}
            ]]},
            {"altitude": 159},
            {"distance_km": 4.42182},
            {"speed_kmh": 9.49137},
            {"timestamp": "Fri Feb 24 17:52:31 UTC 2017"}
        ],
        [
            {"location": [[
                {"latitude": 60.023588},
                {"longitude": 11.106339}
            ]]},
            {"altitude": 159},
            {"distance_km": 4.44299},
            {"speed_kmh": 9.89169},
            {"timestamp": "Fri Feb 24 17:52:39 UTC 2017"}
        ],
        [
            {"location": [[
                {"latitude": 60.023565},
                {"longitude": 11.106742}
            ]]},
            {"altitude": 159},
            {"distance_km": 4.46564},
            {"speed_kmh": 9.52639},
            {"timestamp": "Fri Feb 24 17:52:48 UTC 2017"}
        ],
        [
            {"location": [[
                {"latitude": 60.023549},
                {"longitude": 11.107089}
            ]]},
            {"altitude": 158},
            {"distance_km": 4.48506},
            {"speed_kmh": 9.10288},
            {"timestamp": "Fri Feb 24 17:52:56 UTC 2017"}
        ],
        [
            {"location": [[
                {"latitude": 60.023566},
                {"longitude": 11.107359}
            ]]},
            {"altitude": 159},
            {"distance_km": 4.50021},
            {"speed_kmh": 8.96458},
            {"timestamp": "Fri Feb 24 17:53:02 UTC 2017"}
        ],
        [
            {"location": [[
                {"latitude": 60.023604},
                {"longitude": 11.107773}
            ]]},
            {"altitude": 161},
            {"distance_km": 4.5237},
            {"speed_kmh": 9.06224},
            {"timestamp": "Fri Feb 24 17:53:11 UTC 2017"}
        ],
        [
            {"location": [[
                {"latitude": 60.02366},
                {"longitude": 11.108182}
            ]]},
            {"altitude": 163},
            {"distance_km": 4.54734},
            {"speed_kmh": 9.00196},
            {"timestamp": "Fri Feb 24 17:53:21 UTC 2017"}
        ],
        [
            {"location": [[
                {"latitude": 60.023648},
                {"longitude": 11.108579}
            ]]},
            {"altitude": 164},
            {"distance_km": 4.56952},
            {"speed_kmh": 8.93302},
            {"timestamp": "Fri Feb 24 17:53:30 UTC 2017"}
        ],
        [
            {"location": [[
                {"latitude": 60.023593},
                {"longitude": 11.108928}
            ]]},
            {"altitude": 165},
            {"distance_km": 4.58992},
            {"speed_kmh": 8.84511},
            {"timestamp": "Fri Feb 24 17:53:38 UTC 2017"}
        ],
        [
            {"location": [[
                {"latitude": 60.023565},
                {"longitude": 11.10931}
            ]]},
            {"altitude": 166},
            {"distance_km": 4.61142},
            {"speed_kmh": 8.87166},
            {"timestamp": "Fri Feb 24 17:53:47 UTC 2017"}
        ],
        [
            {"location": [[
                {"latitude": 60.02371},
                {"longitude": 11.109554}
            ]]},
            {"altitude": 165},
            {"distance_km": 4.63256},
            {"speed_kmh": 8.21428},
            {"timestamp": "Fri Feb 24 17:53:58 UTC 2017"}
        ],
        [
            {"location": [[
                {"latitude": 60.02392},
                {"longitude": 11.109731}
            ]]},
            {"altitude": 168},
            {"distance_km": 4.65792},
            {"speed_kmh": 7.21335},
            {"timestamp": "Fri Feb 24 17:54:13 UTC 2017"}
        ],
        [
            {"location": [[
                {"latitude": 60.023928},
                {"longitude": 11.110059}
            ]]},
            {"altitude": 169},
            {"distance_km": 4.67624},
            {"speed_kmh": 5.79972},
            {"timestamp": "Fri Feb 24 17:54:28 UTC 2017"}
        ],
        [
            {"location": [[
                {"latitude": 60.023815},
                {"longitude": 11.110602}
            ]]},
            {"altitude": 168},
            {"distance_km": 4.709},
            {"speed_kmh": 5.95866},
            {"timestamp": "Fri Feb 24 17:54:44 UTC 2017"}
        ],
        [
            {"location": [[
                {"latitude": 60.023753},
                {"longitude": 11.110826}
            ]]},
            {"altitude": 169},
            {"distance_km": 4.72329},
            {"speed_kmh": 7.34861},
            {"timestamp": "Fri Feb 24 17:54:49 UTC 2017"}
        ],
        [
            {"location": [[
                {"latitude": 60.023663},
                {"longitude": 11.111205}
            ]]},
            {"altitude": 171},
            {"distance_km": 4.74664},
            {"speed_kmh": 9.39757},
            {"timestamp": "Fri Feb 24 17:54:57 UTC 2017"}
        ],
        [
            {"location": [[
                {"latitude": 60.023622},
                {"longitude": 11.111399}
            ]]},
            {"altitude": 171},
            {"distance_km": 4.75844},
            {"speed_kmh": 10.4608},
            {"timestamp": "Fri Feb 24 17:55:01 UTC 2017"}
        ],
        [
            {"location": [[
                {"latitude": 60.023523},
                {"longitude": 11.111823}
            ]]},
            {"altitude": 173},
            {"distance_km": 4.78451},
            {"speed_kmh": 10.5149},
            {"timestamp": "Fri Feb 24 17:55:10 UTC 2017"}
        ],
        [
            {"location": [[
                {"latitude": 60.023463},
                {"longitude": 11.112068}
            ]]},
            {"altitude": 175},
            {"distance_km": 4.79969},
            {"speed_kmh": 10.6446},
            {"timestamp": "Fri Feb 24 17:55:15 UTC 2017"}
        ],
        [
            {"location": [[
                {"latitude": 60.023382},
                {"longitude": 11.112389}
            ]]},
            {"altitude": 175},
            {"distance_km": 4.81979},
            {"speed_kmh": 10.5699},
            {"timestamp": "Fri Feb 24 17:55:22 UTC 2017"}
        ],
        [
            {"location": [[
                {"latitude": 60.023302},
                {"longitude": 11.11267}
            ]]},
            {"altitude": 175},
            {"distance_km": 4.83778},
            {"speed_kmh": 10.1722},
            {"timestamp": "Fri Feb 24 17:55:29 UTC 2017"}
        ],
        [
            {"location": [[
                {"latitude": 60.023281},
                {"longitude": 11.112858}
            ]]},
            {"altitude": 174},
            {"distance_km": 4.84853},
            {"speed_kmh": 9.75555},
            {"timestamp": "Fri Feb 24 17:55:33 UTC 2017"}
        ],
        [
            {"location": [[
                {"latitude": 60.023294},
                {"longitude": 11.113111}
            ]]},
            {"altitude": 175},
            {"distance_km": 4.86273},
            {"speed_kmh": 9.709},
            {"timestamp": "Fri Feb 24 17:55:38 UTC 2017"}
        ],
        [
            {"location": [[
                {"latitude": 60.023405},
                {"longitude": 11.113466}
            ]]},
            {"altitude": 175},
            {"distance_km": 4.88605},
            {"speed_kmh": 10.127},
            {"timestamp": "Fri Feb 24 17:55:46 UTC 2017"}
        ],
        [
            {"location": [[
                {"latitude": 60.023536},
                {"longitude": 11.11384}
            ]]},
            {"altitude": 176},
            {"distance_km": 4.91149},
            {"speed_kmh": 10.6892},
            {"timestamp": "Fri Feb 24 17:55:54 UTC 2017"}
        ],
        [
            {"location": [[
                {"latitude": 60.023681},
                {"longitude": 11.114202}
            ]]},
            {"altitude": 175},
            {"distance_km": 4.93736},
            {"speed_kmh": 11.1949},
            {"timestamp": "Fri Feb 24 17:56:02 UTC 2017"}
        ],
        [
            {"location": [[
                {"latitude": 60.023739},
                {"longitude": 11.114403}
            ]]},
            {"altitude": 175},
            {"distance_km": 4.95031},
            {"speed_kmh": 11.589},
            {"timestamp": "Fri Feb 24 17:56:06 UTC 2017"}
        ],
        [
            {"location": [[
                {"latitude": 60.023774},
                {"longitude": 11.114568}
            ]]},
            {"altitude": 176},
            {"distance_km": 4.96029},
            {"speed_kmh": 11.7913},
            {"timestamp": "Fri Feb 24 17:56:09 UTC 2017"}
        ],
        [
            {"location": [[
                {"latitude": 60.02397},
                {"longitude": 11.11479}
            ]]},
            {"altitude": 176},
            {"distance_km": 4.98535},
            {"speed_kmh": 11.2319},
            {"timestamp": "Fri Feb 24 17:56:18 UTC 2017"}
        ],
        [
            {"location": [[
                {"latitude": 60.024091},
                {"longitude": 11.114965}
            ]]},
            {"altitude": 177},
            {"distance_km": 5.00205},
            {"speed_kmh": 10.1955},
            {"timestamp": "Fri Feb 24 17:56:25 UTC 2017"}
        ],
        [
            {"location": [[
                {"latitude": 60.024125},
                {"longitude": 11.115056}
            ]]},
            {"altitude": 178},
            {"distance_km": 5.00839},
            {"timestamp": "Fri Feb 24 17:56:28 UTC 2017"}
        ],
        [
            {"location": [[
                {"latitude": 60.024125},
                {"longitude": 11.115056}
            ]]},
            {"distance_km": 5.00839},
            {"timestamp": "Fri Feb 24 17:56:36 UTC 2017"}
        ],
        [
            {"location": [[
                {"latitude": 60.024125},
                {"longitude": 11.115056}
            ]]},
            {"distance_km": 5.00839},
            {"timestamp": "Fri Feb 24 17:56:40 UTC 2017"}
        ]
    ]},
    {"routes": [[
        {"identifier": 868210237},
        {"name": "2 x Gåshølet"}
    ]]}
]