[
    {"sport": "RUNNING"},
    {"source": "TRACK_MOBILE"},
    {"created_date": "2017-09-05 17:38:20.0"},
    {"start_time": "2017-09-05 16:17:32.0"},
    {"end_time": "2017-09-05 16:50:49.0"},
    {"duration_s": 1997},
    {"distance_km": 5.645386219024658},
    {"calories_kcal": 348},
    {"altitude_min_m": 136},
    {"altitude_max_m": 163},
    {"speed_avg_kmh": 10.176960635197181},
    {"speed_max_kmh": 12.1332},
    {"hydration_l": 0.213227},
    {"ascend_m": 48},
    {"descend_m": 41},
    {"points": [
        [
            {"location": [[
                {"latitude": 59.952931},
                {"longitude": 11.03797}
            ]]},
            {"distance_km": 0},
            {"timestamp": "Tue Sep 05 16:17:32 UTC 2017"}
        ],
        [
            {"location": [[
                {"latitude": 59.952931},
                {"longitude": 11.03797}
            ]]},
            {"altitude": 142},
            {"distance_km": 0},
            {"timestamp": "Tue Sep 05 16:17:33 UTC 2017"}
        ],
        [
            {"location": [[
                {"latitude": 59.953066},
                {"longitude": 11.037831}
            ]]},
            {"altitude": 141},
            {"distance_km": 0.033865},
            {"timestamp": "Tue Sep 05 16:17:47 UTC 2017"}
        ],
        [
            {"location": [[
                {"latitude": 59.953327},
                {"longitude": 11.037382}
            ]]},
            {"altitude": 142},
            {"distance_km": 0.072339},
            {"timestamp": "Tue Sep 05 16:18:00 UTC 2017"}
        ],
        [
            {"location": [[
                {"latitude": 59.953463},
                {"longitude": 11.037125}
            ]]},
            {"altitude": 143},
            {"distance_km": 0.093175},
            {"speed_kmh": 8.57942},
            {"timestamp": "Tue Sep 05 16:18:07 UTC 2017"}
        ],
        [
            {"location": [[
                {"latitude": 59.95365},
                {"longitude": 11.036644}
            ]]},
            {"altitude": 142},
            {"distance_km": 0.127165},
            {"speed_kmh": 11.2022},
            {"timestamp": "Tue Sep 05 16:18:17 UTC 2017"}
        ],
        [
            {"location": [[
                {"latitude": 59.953702},
                {"longitude": 11.03623}
            ]]},
            {"altitude": 141},
            {"distance_km": 0.151039},
            {"speed_kmh": 11.2262},
            {"timestamp": "Tue Sep 05 16:18:25 UTC 2017"}
        ],
        [
            {"location": [[
                {"latitude": 59.953713},
                {"longitude": 11.035951}
            ]]},
            {"altitude": 142},
            {"distance_km": 0.166661},
            {"speed_kmh": 11.3947},
            {"timestamp": "Tue Sep 05 16:18:30 UTC 2017"}
        ],
        [
            {"location": [[
                {"latitude": 59.953764},
                {"longitude": 11.035521}
            ]]},
            {"altitude": 142},
            {"distance_km": 0.191358},
            {"speed_kmh": 11.0287},
            {"timestamp": "Tue Sep 05 16:18:38 UTC 2017"}
        ],
        [
            {"location": [[
                {"latitude": 59.953871},
                {"longitude": 11.035072}
            ]]},
            {"altitude": 143},
            {"distance_km": 0.21917},
            {"speed_kmh": 11.1996},
            {"timestamp": "Tue Sep 05 16:18:47 UTC 2017"}
        ],
        [
            {"location": [[
                {"latitude": 59.953934},
                {"longitude": 11.034843}
            ]]},
            {"altitude": 140},
            {"distance_km": 0.233703},
            {"speed_kmh": 10.8886},
            {"timestamp": "Tue Sep 05 16:18:52 UTC 2017"}
        ],
        [
            {"location": [[
                {"latitude": 59.954038},
                {"longitude": 11.03437}
            ]]},
            {"altitude": 141},
            {"distance_km": 0.262595},
            {"speed_kmh": 10.6264},
            {"timestamp": "Tue Sep 05 16:19:02 UTC 2017"}
        ],
        [
            {"location": [[
                {"latitude": 59.954146},
                {"longitude": 11.03397}
            ]]},
            {"altitude": 146},
            {"distance_km": 0.28796},
            {"speed_kmh": 10.2694},
            {"timestamp": "Tue Sep 05 16:19:11 UTC 2017"}
        ],
        [
            {"location": [[
                {"latitude": 59.954283},
                {"longitude": 11.033611}
            ]]},
            {"altitude": 145},
            {"distance_km": 0.313194},
            {"speed_kmh": 10.6367},
            {"timestamp": "Tue Sep 05 16:19:19 UTC 2017"}
        ],
        [
            {"location": [[
                {"latitude": 59.954354},
                {"longitude": 11.033403}
            ]]},
            {"altitude": 143},
            {"distance_km": 0.327257},
            {"speed_kmh": 10.5589},
            {"timestamp": "Tue Sep 05 16:19:24 UTC 2017"}
        ],
        [
            {"location": [[
                {"latitude": 59.954443},
                {"longitude": 11.033152}
            ]]},
            {"altitude": 140},
            {"distance_km": 0.344376},
            {"speed_kmh": 10.5898},
            {"timestamp": "Tue Sep 05 16:19:30 UTC 2017"}
        ],
        [
            {"location": [[
                {"latitude": 59.954545},
                {"longitude": 11.032829}
            ]]},
            {"altitude": 142},
            {"distance_km": 0.365734},
            {"speed_kmh": 10.455},
            {"timestamp": "Tue Sep 05 16:19:37 UTC 2017"}
        ],
        [
            {"location": [[
                {"latitude": 59.954603},
                {"longitude": 11.032663}
            ]]},
            {"altitude": 144},
            {"distance_km": 0.377056},
            {"speed_kmh": 10.4782},
            {"timestamp": "Tue Sep 05 16:19:41 UTC 2017"}
        ],
        [
            {"location": [[
                {"latitude": 59.954777},
                {"longitude": 11.032303}
            ]]},
            {"altitude": 138},
            {"distance_km": 0.404957},
            {"speed_kmh": 10.4072},
            {"timestamp": "Tue Sep 05 16:19:51 UTC 2017"}
        ],
        [
            {"location": [[
                {"latitude": 59.954907},
                {"longitude": 11.032094}
            ]]},
            {"altitude": 140},
            {"distance_km": 0.423591},
            {"speed_kmh": 9.94236},
            {"timestamp": "Tue Sep 05 16:19:58 UTC 2017"}
        ],
        [
            {"location": [[
                {"latitude": 59.955037},
                {"longitude": 11.031977}
            ]]},
            {"altitude": 141},
            {"distance_km": 0.439479},
            {"speed_kmh": 9.7231},
            {"timestamp": "Tue Sep 05 16:20:04 UTC 2017"}
        ],
        [
            {"location": [[
                {"latitude": 59.955177},
                {"longitude": 11.031881}
            ]]},
            {"altitude": 143},
            {"distance_km": 0.455944},
            {"speed_kmh": 9.66985},
            {"timestamp": "Tue Sep 05 16:20:10 UTC 2017"}
        ],
        [
            {"location": [[
                {"latitude": 59.955241},
                {"longitude": 11.031827}
            ]]},
            {"altitude": 144},
            {"distance_km": 0.463718},
            {"speed_kmh": 9.58173},
            {"timestamp": "Tue Sep 05 16:20:13 UTC 2017"}
        ],
        [
            {"location": [[
                {"latitude": 59.955423},
                {"longitude": 11.031659}
            ]]},
            {"altitude": 143},
            {"distance_km": 0.486066},
            {"speed_kmh": 9.75374},
            {"timestamp": "Tue Sep 05 16:20:21 UTC 2017"}
        ],
        [
            {"location": [[
                {"latitude": 59.955512},
                {"longitude": 11.031568}
            ]]},
            {"altitude": 142},
            {"distance_km": 0.49718},
            {"speed_kmh": 9.78338},
            {"timestamp": "Tue Sep 05 16:20:25 UTC 2017"}
        ],
        [
            {"location": [[
                {"latitude": 59.955717},
                {"longitude": 11.031412}
            ]]},
            {"altitude": 143},
            {"distance_km": 0.521624},
            {"speed_kmh": 9.93966},
            {"timestamp": "Tue Sep 05 16:20:34 UTC 2017"}
        ],
        [
            {"location": [[
                {"latitude": 59.955864},
                {"longitude": 11.031302}
            ]]},
            {"altitude": 141},
            {"distance_km": 0.539111},
            {"speed_kmh": 10.0879},
            {"timestamp": "Tue Sep 05 16:20:40 UTC 2017"}
        ],
        [
            {"location": [[
                {"latitude": 59.956044},
                {"longitude": 11.031171}
            ]]},
            {"altitude": 142},
            {"distance_km": 0.560504},
            {"speed_kmh": 10.4272},
            {"timestamp": "Tue Sep 05 16:20:47 UTC 2017"}
        ],
        [
            {"location": [[
                {"latitude": 59.956246},
                {"longitude": 11.031002}
            ]]},
            {"altitude": 140},
            {"distance_km": 0.584845},
            {"speed_kmh": 10.8034},
            {"timestamp": "Tue Sep 05 16:20:55 UTC 2017"}
        ],
        [
            {"location": [[
                {"latitude": 59.95644},
                {"longitude": 11.030813}
            ]]},
            {"altitude": 142},
            {"distance_km": 0.608905},
            {"speed_kmh": 10.5184},
            {"timestamp": "Tue Sep 05 16:21:04 UTC 2017"}
        ],
        [
            {"location": [[
                {"latitude": 59.956657},
                {"longitude": 11.030596}
            ]]},
            {"altitude": 142},
            {"distance_km": 0.635977},
            {"speed_kmh": 10.1067},
            {"timestamp": "Tue Sep 05 16:21:14 UTC 2017"}
        ],
        [
            {"location": [[
                {"latitude": 59.956805},
                {"longitude": 11.030478}
            ]]},
            {"altitude": 145},
            {"distance_km": 0.653727},
            {"speed_kmh": 10.0184},
            {"timestamp": "Tue Sep 05 16:21:20 UTC 2017"}
        ],
        [
            {"location": [[
                {"latitude": 59.95693},
                {"longitude": 11.03036}
            ]]},
            {"altitude": 145},
            {"distance_km": 0.669157},
            {"speed_kmh": 10.5693},
            {"timestamp": "Tue Sep 05 16:21:25 UTC 2017"}
        ],
        [
            {"location": [[
                {"latitude": 59.957175},
                {"longitude": 11.029916}
            ]]},
            {"altitude": 145},
            {"distance_km": 0.706074},
            {"speed_kmh": 10.7009},
            {"timestamp": "Tue Sep 05 16:21:38 UTC 2017"}
        ],
        [
            {"location": [[
                {"latitude": 59.957411},
                {"longitude": 11.029923}
            ]]},
            {"altitude": 141},
            {"distance_km": 0.732296},
            {"speed_kmh": 10.6482},
            {"timestamp": "Tue Sep 05 16:21:47 UTC 2017"}
        ],
        [
            {"location": [[
                {"latitude": 59.957503},
                {"longitude": 11.029905}
            ]]},
            {"altitude": 143},
            {"distance_km": 0.742649},
            {"speed_kmh": 9.34167},
            {"timestamp": "Tue Sep 05 16:21:52 UTC 2017"}
        ],
        [
            {"location": [[
                {"latitude": 59.957781},
                {"longitude": 11.029867}
            ]]},
            {"altitude": 144},
            {"distance_km": 0.773687},
            {"speed_kmh": 8.84994},
            {"timestamp": "Tue Sep 05 16:22:05 UTC 2017"}
        ],
        [
            {"location": [[
                {"latitude": 59.958025},
                {"longitude": 11.029823}
            ]]},
            {"altitude": 143},
            {"distance_km": 0.801018},
            {"speed_kmh": 9.00565},
            {"timestamp": "Tue Sep 05 16:22:14 UTC 2017"}
        ],
        [
            {"location": [[
                {"latitude": 59.958167},
                {"longitude": 11.029765}
            ]]},
            {"altitude": 138},
            {"distance_km": 0.817108},
            {"speed_kmh": 10.4011},
            {"timestamp": "Tue Sep 05 16:22:19 UTC 2017"}
        ],
        [
            {"location": [[
                {"latitude": 59.958324},
                {"longitude": 11.029729}
            ]]},
            {"altitude": 139},
            {"distance_km": 0.83473},
            {"speed_kmh": 11.0268},
            {"timestamp": "Tue Sep 05 16:22:25 UTC 2017"}
        ],
        [
            {"location": [[
                {"latitude": 59.958497},
                {"longitude": 11.029706}
            ]]},
            {"altitude": 143},
            {"distance_km": 0.85406},
            {"speed_kmh": 10.6926},
            {"timestamp": "Tue Sep 05 16:22:32 UTC 2017"}
        ],
        [
            {"location": [[
                {"latitude": 59.958621},
                {"longitude": 11.02973}
            ]]},
            {"altitude": 141},
            {"distance_km": 0.8679},
            {"speed_kmh": 10.0978},
            {"timestamp": "Tue Sep 05 16:22:37 UTC 2017"}
        ],
        [
            {"location": [[
                {"latitude": 59.958881},
                {"longitude": 11.029811}
            ]]},
            {"altitude": 142},
            {"distance_km": 0.89721},
            {"speed_kmh": 10.0893},
            {"timestamp": "Tue Sep 05 16:22:47 UTC 2017"}
        ],
        [
            {"location": [[
                {"latitude": 59.959108},
                {"longitude": 11.02979}
            ]]},
            {"altitude": 141},
            {"distance_km": 0.922575},
            {"speed_kmh": 10.5856},
            {"timestamp": "Tue Sep 05 16:22:55 UTC 2017"}
        ],
        [
            {"location": [[
                {"latitude": 59.95926},
                {"longitude": 11.02979}
            ]]},
            {"altitude": 143},
            {"distance_km": 0.939506},
            {"speed_kmh": 10.7114},
            {"timestamp": "Tue Sep 05 16:23:01 UTC 2017"}
        ],
        [
            {"location": [[
                {"latitude": 59.959386},
                {"longitude": 11.029777}
            ]]},
            {"altitude": 144},
            {"distance_km": 0.953541},
            {"speed_kmh": 10.5639},
            {"timestamp": "Tue Sep 05 16:23:06 UTC 2017"}
        ],
        [
            {"location": [[
                {"latitude": 59.959622},
                {"longitude": 11.029717}
            ]]},
            {"altitude": 140},
            {"distance_km": 0.980021},
            {"speed_kmh": 10.2833},
            {"timestamp": "Tue Sep 05 16:23:15 UTC 2017"}
        ],
        [
            {"location": [[
                {"latitude": 59.959776},
                {"longitude": 11.029655}
            ]]},
            {"altitude": 142},
            {"distance_km": 0.997575},
            {"speed_kmh": 10.4545},
            {"timestamp": "Tue Sep 05 16:23:21 UTC 2017"}
        ],
        [
            {"location": [[
                {"latitude": 59.959918},
                {"longitude": 11.029541}
            ]]},
            {"altitude": 137},
            {"distance_km": 1.01462},
            {"speed_kmh": 10.4545},
            {"timestamp": "Tue Sep 05 16:23:27 UTC 2017"}
        ],
        [
            {"location": [[
                {"latitude": 59.960095},
                {"longitude": 11.029249}
            ]]},
            {"altitude": 143},
            {"distance_km": 1.04018},
            {"speed_kmh": 10.3658},
            {"timestamp": "Tue Sep 05 16:23:36 UTC 2017"}
        ],
        [
            {"location": [[
                {"latitude": 59.960206},
                {"longitude": 11.029116}
            ]]},
            {"altitude": 140},
            {"distance_km": 1.05461},
            {"speed_kmh": 10.1947},
            {"timestamp": "Tue Sep 05 16:23:41 UTC 2017"}
        ],
        [
            {"location": [[
                {"latitude": 59.960428},
                {"longitude": 11.029041}
            ]]},
            {"altitude": 144},
            {"distance_km": 1.07975},
            {"speed_kmh": 10.1896},
            {"timestamp": "Tue Sep 05 16:23:50 UTC 2017"}
        ],
        [
            {"location": [[
                {"latitude": 59.960564},
                {"longitude": 11.029035}
            ]]},
            {"altitude": 147},
            {"distance_km": 1.09485},
            {"speed_kmh": 10.3503},
            {"timestamp": "Tue Sep 05 16:23:55 UTC 2017"}
        ],
        [
            {"location": [[
                {"latitude": 59.960768},
                {"longitude": 11.029031}
            ]]},
            {"altitude": 147},
            {"distance_km": 1.11762},
            {"speed_kmh": 10.392},
            {"timestamp": "Tue Sep 05 16:24:03 UTC 2017"}
        ],
        [
            {"location": [[
                {"latitude": 59.961003},
                {"longitude": 11.029008}
            ]]},
            {"altitude": 144},
            {"distance_km": 1.14382},
            {"speed_kmh": 10.5268},
            {"timestamp": "Tue Sep 05 16:24:12 UTC 2017"}
        ],
        [
            {"location": [[
                {"latitude": 59.961148},
                {"longitude": 11.028988}
            ]]},
            {"altitude": 144},
            {"distance_km": 1.15996},
            {"speed_kmh": 10.7944},
            {"timestamp": "Tue Sep 05 16:24:17 UTC 2017"}
        ],
        [
            {"location": [[
                {"latitude": 59.961295},
                {"longitude": 11.02896}
            ]]},
            {"altitude": 145},
            {"distance_km": 1.17643},
            {"speed_kmh": 10.6608},
            {"timestamp": "Tue Sep 05 16:24:23 UTC 2017"}
        ],
        [
            {"location": [[
                {"latitude": 59.961535},
                {"longitude": 11.028915}
            ]]},
            {"altitude": 142},
            {"distance_km": 1.20327},
            {"speed_kmh": 10.7466},
            {"timestamp": "Tue Sep 05 16:24:32 UTC 2017"}
        ],
        [
            {"location": [[
                {"latitude": 59.961664},
                {"longitude": 11.028898}
            ]]},
            {"altitude": 141},
            {"distance_km": 1.21776},
            {"speed_kmh": 10.3389},
            {"timestamp": "Tue Sep 05 16:24:37 UTC 2017"}
        ],
        [
            {"location": [[
                {"latitude": 59.961896},
                {"longitude": 11.02892}
            ]]},
            {"altitude": 141},
            {"distance_km": 1.24357},
            {"speed_kmh": 10.4798},
            {"timestamp": "Tue Sep 05 16:24:46 UTC 2017"}
        ],
        [
            {"location": [[
                {"latitude": 59.96211},
                {"longitude": 11.029026}
            ]]},
            {"altitude": 142},
            {"distance_km": 1.26818},
            {"speed_kmh": 10.1899},
            {"timestamp": "Tue Sep 05 16:24:55 UTC 2017"}
        ],
        [
            {"location": [[
                {"latitude": 59.962313},
                {"longitude": 11.029261}
            ]]},
            {"altitude": 136},
            {"distance_km": 1.29436},
            {"speed_kmh": 10.2197},
            {"timestamp": "Tue Sep 05 16:25:04 UTC 2017"}
        ],
        [
            {"location": [[
                {"latitude": 59.962436},
                {"longitude": 11.029417}
            ]]},
            {"altitude": 138},
            {"distance_km": 1.31052},
            {"speed_kmh": 10.6494},
            {"timestamp": "Tue Sep 05 16:25:09 UTC 2017"}
        ],
        [
            {"location": [[
                {"latitude": 59.962641},
                {"longitude": 11.029687}
            ]]},
            {"altitude": 141},
            {"distance_km": 1.33794},
            {"speed_kmh": 11.0241},
            {"timestamp": "Tue Sep 05 16:25:18 UTC 2017"}
        ],
        [
            {"location": [[
                {"latitude": 59.962752},
                {"longitude": 11.029861}
            ]]},
            {"altitude": 145},
            {"distance_km": 1.35364},
            {"speed_kmh": 10.6583},
            {"timestamp": "Tue Sep 05 16:25:24 UTC 2017"}
        ],
        [
            {"location": [[
                {"latitude": 59.9629},
                {"longitude": 11.030131}
            ]]},
            {"altitude": 147},
            {"distance_km": 1.37604},
            {"speed_kmh": 10.1256},
            {"timestamp": "Tue Sep 05 16:25:32 UTC 2017"}
        ],
        [
            {"location": [[
                {"latitude": 59.963077},
                {"longitude": 11.030613}
            ]]},
            {"altitude": 144},
            {"distance_km": 1.40938},
            {"speed_kmh": 10.1277},
            {"timestamp": "Tue Sep 05 16:25:43 UTC 2017"}
        ],
        [
            {"location": [[
                {"latitude": 59.963169},
                {"longitude": 11.030787}
            ]]},
            {"altitude": 145},
            {"distance_km": 1.42347},
            {"speed_kmh": 10.3766},
            {"timestamp": "Tue Sep 05 16:25:48 UTC 2017"}
        ],
        [
            {"location": [[
                {"latitude": 59.963303},
                {"longitude": 11.031109}
            ]]},
            {"altitude": 144},
            {"distance_km": 1.44684},
            {"speed_kmh": 10.5507},
            {"timestamp": "Tue Sep 05 16:25:56 UTC 2017"}
        ],
        [
            {"location": [[
                {"latitude": 59.963358},
                {"longitude": 11.031236}
            ]]},
            {"altitude": 143},
            {"distance_km": 1.45625},
            {"speed_kmh": 10.6499},
            {"timestamp": "Tue Sep 05 16:25:59 UTC 2017"}
        ],
        [
            {"location": [[
                {"latitude": 59.963446},
                {"longitude": 11.031436}
            ]]},
            {"altitude": 138},
            {"distance_km": 1.47114},
            {"speed_kmh": 10.8369},
            {"timestamp": "Tue Sep 05 16:26:04 UTC 2017"}
        ],
        [
            {"location": [[
                {"latitude": 59.963577},
                {"longitude": 11.031744}
            ]]},
            {"altitude": 144},
            {"distance_km": 1.49369},
            {"speed_kmh": 10.7605},
            {"timestamp": "Tue Sep 05 16:26:12 UTC 2017"}
        ],
        [
            {"location": [[
                {"latitude": 59.963671},
                {"longitude": 11.031961}
            ]]},
            {"altitude": 141},
            {"distance_km": 1.50971},
            {"speed_kmh": 10.1393},
            {"timestamp": "Tue Sep 05 16:26:18 UTC 2017"}
        ],
        [
            {"location": [[
                {"latitude": 59.963862},
                {"longitude": 11.032194}
            ]]},
            {"altitude": 144},
            {"distance_km": 1.53465},
            {"speed_kmh": 9.8997},
            {"timestamp": "Tue Sep 05 16:26:27 UTC 2017"}
        ],
        [
            {"location": [[
                {"latitude": 59.964082},
                {"longitude": 11.032327}
            ]]},
            {"altitude": 142},
            {"distance_km": 1.56023},
            {"speed_kmh": 9.88573},
            {"timestamp": "Tue Sep 05 16:26:36 UTC 2017"}
        ],
        [
            {"location": [[
                {"latitude": 59.964227},
                {"longitude": 11.032063}
            ]]},
            {"altitude": 138},
            {"distance_km": 1.58208},
            {"speed_kmh": 10.0138},
            {"timestamp": "Tue Sep 05 16:26:44 UTC 2017"}
        ],
        [
            {"location": [[
                {"latitude": 59.964398},
                {"longitude": 11.031692}
            ]]},
            {"altitude": 141},
            {"distance_km": 1.61031},
            {"speed_kmh": 10.4571},
            {"timestamp": "Tue Sep 05 16:26:53 UTC 2017"}
        ],
        [
            {"location": [[
                {"latitude": 59.964522},
                {"longitude": 11.031481}
            ]]},
            {"altitude": 145},
            {"distance_km": 1.6284},
            {"speed_kmh": 10.662},
            {"timestamp": "Tue Sep 05 16:26:59 UTC 2017"}
        ],
        [
            {"location": [[
                {"latitude": 59.964635},
                {"longitude": 11.03132}
            ]]},
            {"altitude": 144},
            {"distance_km": 1.64392},
            {"speed_kmh": 10.4751},
            {"timestamp": "Tue Sep 05 16:27:05 UTC 2017"}
        ],
        [
            {"location": [[
                {"latitude": 59.964846},
                {"longitude": 11.031053}
            ]]},
            {"altitude": 145},
            {"distance_km": 1.67174},
            {"speed_kmh": 10.0536},
            {"timestamp": "Tue Sep 05 16:27:15 UTC 2017"}
        ],
        [
            {"location": [[
                {"latitude": 59.964979},
                {"longitude": 11.03093}
            ]]},
            {"altitude": 142},
            {"distance_km": 1.68811},
            {"speed_kmh": 9.22657},
            {"timestamp": "Tue Sep 05 16:27:22 UTC 2017"}
        ],
        [
            {"location": [[
                {"latitude": 59.965139},
                {"longitude": 11.030653}
            ]]},
            {"altitude": 145},
            {"distance_km": 1.7117},
            {"speed_kmh": 9.29941},
            {"timestamp": "Tue Sep 05 16:27:31 UTC 2017"}
        ],
        [
            {"location": [[
                {"latitude": 59.965314},
                {"longitude": 11.030458}
            ]]},
            {"altitude": 147},
            {"distance_km": 1.73407},
            {"speed_kmh": 9.30645},
            {"timestamp": "Tue Sep 05 16:27:39 UTC 2017"}
        ],
        [
            {"location": [[
                {"latitude": 59.965491},
                {"longitude": 11.030225}
            ]]},
            {"altitude": 146},
            {"distance_km": 1.75761},
            {"speed_kmh": 10.549},
            {"timestamp": "Tue Sep 05 16:27:46 UTC 2017"}
        ],
        [
            {"location": [[
                {"latitude": 59.965561},
                {"longitude": 11.030137}
            ]]},
            {"altitude": 146},
            {"distance_km": 1.76683},
            {"speed_kmh": 11.0793},
            {"timestamp": "Tue Sep 05 16:27:49 UTC 2017"}
        ],
        [
            {"location": [[
                {"latitude": 59.965743},
                {"longitude": 11.02988}
            ]]},
            {"altitude": 148},
            {"distance_km": 1.79168},
            {"speed_kmh": 11.4517},
            {"timestamp": "Tue Sep 05 16:27:57 UTC 2017"}
        ],
        [
            {"location": [[
                {"latitude": 59.965815},
                {"longitude": 11.029806}
            ]]},
            {"altitude": 146},
            {"distance_km": 1.80073},
            {"speed_kmh": 10.9839},
            {"timestamp": "Tue Sep 05 16:28:00 UTC 2017"}
        ],
        [
            {"location": [[
                {"latitude": 59.966016},
                {"longitude": 11.029642}
            ]]},
            {"altitude": 141},
            {"distance_km": 1.82491},
            {"speed_kmh": 10.9422},
            {"timestamp": "Tue Sep 05 16:28:08 UTC 2017"}
        ],
        [
            {"location": [[
                {"latitude": 59.966202},
                {"longitude": 11.029635}
            ]]},
            {"altitude": 146},
            {"distance_km": 1.84569},
            {"speed_kmh": 10.766},
            {"timestamp": "Tue Sep 05 16:28:15 UTC 2017"}
        ],
        [
            {"location": [[
                {"latitude": 59.966383},
                {"longitude": 11.029492}
            ]]},
            {"altitude": 146},
            {"distance_km": 1.86735},
            {"speed_kmh": 10.0857},
            {"timestamp": "Tue Sep 05 16:28:24 UTC 2017"}
        ],
        [
            {"location": [[
                {"latitude": 59.966543},
                {"longitude": 11.029345}
            ]]},
            {"altitude": 149},
            {"distance_km": 1.88694},
            {"speed_kmh": 9.80385},
            {"timestamp": "Tue Sep 05 16:28:31 UTC 2017"}
        ],
        [
            {"location": [[
                {"latitude": 59.966724},
                {"longitude": 11.029118}
            ]]},
            {"altitude": 143},
            {"distance_km": 1.91077},
            {"speed_kmh": 9.83175},
            {"timestamp": "Tue Sep 05 16:28:39 UTC 2017"}
        ],
        [
            {"location": [[
                {"latitude": 59.966877},
                {"longitude": 11.028888}
            ]]},
            {"altitude": 145},
            {"distance_km": 1.93211},
            {"speed_kmh": 10.5937},
            {"timestamp": "Tue Sep 05 16:28:46 UTC 2017"}
        ],
        [
            {"location": [[
                {"latitude": 59.967058},
                {"longitude": 11.028675}
            ]]},
            {"altitude": 146},
            {"distance_km": 1.95553},
            {"speed_kmh": 10.7495},
            {"timestamp": "Tue Sep 05 16:28:54 UTC 2017"}
        ],
        [
            {"location": [[
                {"latitude": 59.967122},
                {"longitude": 11.028593}
            ]]},
            {"altitude": 146},
            {"distance_km": 1.96398},
            {"speed_kmh": 10.5503},
            {"timestamp": "Tue Sep 05 16:28:57 UTC 2017"}
        ],
        [
            {"location": [[
                {"latitude": 59.967207},
                {"longitude": 11.028484}
            ]]},
            {"altitude": 145},
            {"distance_km": 1.97525},
            {"speed_kmh": 10.2522},
            {"timestamp": "Tue Sep 05 16:29:01 UTC 2017"}
        ],
        [
            {"location": [[
                {"latitude": 59.967366},
                {"longitude": 11.028224}
            ]]},
            {"altitude": 141},
            {"distance_km": 1.99814},
            {"speed_kmh": 10.1789},
            {"timestamp": "Tue Sep 05 16:29:09 UTC 2017"}
        ],
        [
            {"location": [[
                {"latitude": 59.967534},
                {"longitude": 11.028029}
            ]]},
            {"altitude": 145},
            {"distance_km": 2.01978},
            {"speed_kmh": 10.5072},
            {"timestamp": "Tue Sep 05 16:29:16 UTC 2017"}
        ],
        [
            {"location": [[
                {"latitude": 59.967695},
                {"longitude": 11.027846}
            ]]},
            {"altitude": 147},
            {"distance_km": 2.04049},
            {"speed_kmh": 10.7073},
            {"timestamp": "Tue Sep 05 16:29:23 UTC 2017"}
        ],
        [
            {"location": [[
                {"latitude": 59.96787},
                {"longitude": 11.027629}
            ]]},
            {"altitude": 148},
            {"distance_km": 2.06341},
            {"speed_kmh": 10.6981},
            {"timestamp": "Tue Sep 05 16:29:31 UTC 2017"}
        ],
        [
            {"location": [[
                {"latitude": 59.968051},
                {"longitude": 11.027354}
            ]]},
            {"altitude": 146},
            {"distance_km": 2.08879},
            {"speed_kmh": 10.3737},
            {"timestamp": "Tue Sep 05 16:29:40 UTC 2017"}
        ],
        [
            {"location": [[
                {"latitude": 59.968248},
                {"longitude": 11.027068}
            ]]},
            {"altitude": 146},
            {"distance_km": 2.11592},
            {"speed_kmh": 10.0709},
            {"timestamp": "Tue Sep 05 16:29:50 UTC 2017"}
        ],
        [
            {"location": [[
                {"latitude": 59.96849},
                {"longitude": 11.02676}
            ]]},
            {"altitude": 147},
            {"distance_km": 2.14791},
            {"speed_kmh": 10.1299},
            {"timestamp": "Tue Sep 05 16:30:01 UTC 2017"}
        ],
        [
            {"location": [[
                {"latitude": 59.968655},
                {"longitude": 11.026463}
            ]]},
            {"altitude": 148},
            {"distance_km": 2.17265},
            {"speed_kmh": 10.0441},
            {"timestamp": "Tue Sep 05 16:30:10 UTC 2017"}
        ],
        [
            {"location": [[
                {"latitude": 59.968707},
                {"longitude": 11.026304}
            ]]},
            {"altitude": 147},
            {"distance_km": 2.18328},
            {"speed_kmh": 9.98698},
            {"timestamp": "Tue Sep 05 16:30:14 UTC 2017"}
        ],
        [
            {"location": [[
                {"latitude": 59.968719},
                {"longitude": 11.026058}
            ]]},
            {"altitude": 147},
            {"distance_km": 2.1971},
            {"speed_kmh": 9.80346},
            {"timestamp": "Tue Sep 05 16:30:19 UTC 2017"}
        ],
        [
            {"location": [[
                {"latitude": 59.968651},
                {"longitude": 11.025627}
            ]]},
            {"altitude": 159},
            {"distance_km": 2.2223},
            {"speed_kmh": 9.0434},
            {"timestamp": "Tue Sep 05 16:30:31 UTC 2017"}
        ],
        [
            {"location": [[
                {"latitude": 59.968563},
                {"longitude": 11.0252}
            ]]},
            {"altitude": 163},
            {"distance_km": 2.2481},
            {"speed_kmh": 8.91171},
            {"timestamp": "Tue Sep 05 16:30:41 UTC 2017"}
        ],
        [
            {"location": [[
                {"latitude": 59.968481},
                {"longitude": 11.024657}
            ]]},
            {"altitude": 159},
            {"distance_km": 2.27976},
            {"speed_kmh": 8.76548},
            {"timestamp": "Tue Sep 05 16:30:53 UTC 2017"}
        ],
        [
            {"location": [[
                {"latitude": 59.968453},
                {"longitude": 11.024215}
            ]]},
            {"altitude": 160},
            {"distance_km": 2.30465},
            {"speed_kmh": 8.94966},
            {"timestamp": "Tue Sep 05 16:31:04 UTC 2017"}
        ],
        [
            {"location": [[
                {"latitude": 59.9684},
                {"longitude": 11.023717}
            ]]},
            {"altitude": 162},
            {"distance_km": 2.3331},
            {"speed_kmh": 10.1548},
            {"timestamp": "Tue Sep 05 16:31:12 UTC 2017"}
        ],
        [
            {"location": [[
                {"latitude": 59.968347},
                {"longitude": 11.023306}
            ]]},
            {"altitude": 160},
            {"distance_km": 2.35682},
            {"speed_kmh": 10.5279},
            {"timestamp": "Tue Sep 05 16:31:20 UTC 2017"}
        ],
        [
            {"location": [[
                {"latitude": 59.968239},
                {"longitude": 11.022976}
            ]]},
            {"altitude": 163},
            {"distance_km": 2.37876},
            {"speed_kmh": 11.112},
            {"timestamp": "Tue Sep 05 16:31:28 UTC 2017"}
        ],
        [
            {"location": [[
                {"latitude": 59.968223},
                {"longitude": 11.022547}
            ]]},
            {"altitude": 159},
            {"distance_km": 2.40281},
            {"speed_kmh": 10.4512},
            {"timestamp": "Tue Sep 05 16:31:36 UTC 2017"}
        ],
        [
            {"location": [[
                {"latitude": 59.968135},
                {"longitude": 11.022068}
            ]]},
            {"altitude": 158},
            {"distance_km": 2.43126},
            {"speed_kmh": 10.699},
            {"timestamp": "Tue Sep 05 16:31:45 UTC 2017"}
        ],
        [
            {"location": [[
                {"latitude": 59.968153},
                {"longitude": 11.021607}
            ]]},
            {"altitude": 158},
            {"distance_km": 2.45709},
            {"speed_kmh": 11.2825},
            {"timestamp": "Tue Sep 05 16:31:53 UTC 2017"}
        ],
        [
            {"location": [[
                {"latitude": 59.968093},
                {"longitude": 11.021339}
            ]]},
            {"altitude": 155},
            {"distance_km": 2.47353},
            {"speed_kmh": 11.6182},
            {"timestamp": "Tue Sep 05 16:31:58 UTC 2017"}
        ],
        [
            {"location": [[
                {"latitude": 59.968097},
                {"longitude": 11.02088}
            ]]},
            {"altitude": 150},
            {"distance_km": 2.49917},
            {"speed_kmh": 11.6621},
            {"timestamp": "Tue Sep 05 16:32:06 UTC 2017"}
        ],
        [
            {"location": [[
                {"latitude": 59.968183},
                {"longitude": 11.020505}
            ]]},
            {"altitude": 152},
            {"distance_km": 2.52216},
            {"speed_kmh": 10.8461},
            {"timestamp": "Tue Sep 05 16:32:15 UTC 2017"}
        ],
        [
            {"location": [[
                {"latitude": 59.968382},
                {"longitude": 11.020143}
            ]]},
            {"altitude": 150},
            {"distance_km": 2.5522},
            {"speed_kmh": 10.5128},
            {"timestamp": "Tue Sep 05 16:32:25 UTC 2017"}
        ],
        [
            {"location": [[
                {"latitude": 59.968468},
                {"longitude": 11.019906}
            ]]},
            {"altitude": 150},
            {"distance_km": 2.56854},
            {"speed_kmh": 9.12372},
            {"timestamp": "Tue Sep 05 16:32:33 UTC 2017"}
        ],
        [
            {"location": [[
                {"latitude": 59.968556},
                {"longitude": 11.019629}
            ]]},
            {"altitude": 157},
            {"distance_km": 2.58686},
            {"speed_kmh": 8.49051},
            {"timestamp": "Tue Sep 05 16:32:42 UTC 2017"}
        ],
        [
            {"location": [[
                {"latitude": 59.968726},
                {"longitude": 11.01907}
            ]]},
            {"altitude": 155},
            {"distance_km": 2.62342},
            {"speed_kmh": 9.28447},
            {"timestamp": "Tue Sep 05 16:32:52 UTC 2017"}
        ],
        [
            {"location": [[
                {"latitude": 59.968733},
                {"longitude": 11.018758}
            ]]},
            {"altitude": 158},
            {"distance_km": 2.64084},
            {"speed_kmh": 10.3248},
            {"timestamp": "Tue Sep 05 16:32:58 UTC 2017"}
        ],
        [
            {"location": [[
                {"latitude": 59.968712},
                {"longitude": 11.018541}
            ]]},
            {"altitude": 155},
            {"distance_km": 2.65316},
            {"speed_kmh": 11.5511},
            {"timestamp": "Tue Sep 05 16:33:02 UTC 2017"}
        ],
        [
            {"location": [[
                {"latitude": 59.968606},
                {"longitude": 11.018203}
            ]]},
            {"altitude": 153},
            {"distance_km": 2.67546},
            {"speed_kmh": 10.9931},
            {"timestamp": "Tue Sep 05 16:33:09 UTC 2017"}
        ],
        [
            {"location": [[
                {"latitude": 59.968505},
                {"longitude": 11.017904}
            ]]},
            {"altitude": 156},
            {"distance_km": 2.69557},
            {"speed_kmh": 11.5321},
            {"timestamp": "Tue Sep 05 16:33:15 UTC 2017"}
        ],
        [
            {"location": [[
                {"latitude": 59.96842},
                {"longitude": 11.017747}
            ]]},
            {"altitude": 157},
            {"distance_km": 2.70844},
            {"speed_kmh": 10.9516},
            {"timestamp": "Tue Sep 05 16:33:20 UTC 2017"}
        ],
        [
            {"location": [[
                {"latitude": 59.968345},
                {"longitude": 11.017642}
            ]]},
            {"altitude": 149},
            {"distance_km": 2.71873},
            {"speed_kmh": 10.1971},
            {"timestamp": "Tue Sep 05 16:33:24 UTC 2017"}
        ],
        [
            {"location": [[
                {"latitude": 59.968145},
                {"longitude": 11.017291}
            ]]},
            {"altitude": 142},
            {"distance_km": 2.74835},
            {"speed_kmh": 9.72971},
            {"timestamp": "Tue Sep 05 16:33:34 UTC 2017"}
        ],
        [
            {"location": [[
                {"latitude": 59.968014},
                {"longitude": 11.017118}
            ]]},
            {"altitude": 142},
            {"distance_km": 2.76592},
            {"speed_kmh": 10.8398},
            {"timestamp": "Tue Sep 05 16:33:39 UTC 2017"}
        ],
        [
            {"location": [[
                {"latitude": 59.967819},
                {"longitude": 11.017024}
            ]]},
            {"altitude": 147},
            {"distance_km": 2.78826},
            {"speed_kmh": 11.1098},
            {"timestamp": "Tue Sep 05 16:33:47 UTC 2017"}
        ],
        [
            {"location": [[
                {"latitude": 59.967669},
                {"longitude": 11.017072}
            ]]},
            {"altitude": 156},
            {"distance_km": 2.80517},
            {"speed_kmh": 9.40053},
            {"timestamp": "Tue Sep 05 16:33:58 UTC 2017"}
        ],
        [
            {"location": [[
                {"latitude": 59.967366},
                {"longitude": 11.0174}
            ]]},
            {"altitude": 147},
            {"distance_km": 2.84352},
            {"speed_kmh": 8.73979},
            {"timestamp": "Tue Sep 05 16:34:11 UTC 2017"}
        ],
        [
            {"location": [[
                {"latitude": 59.967201},
                {"longitude": 11.01764}
            ]]},
            {"altitude": 150},
            {"distance_km": 2.8663},
            {"speed_kmh": 8.80633},
            {"timestamp": "Tue Sep 05 16:34:19 UTC 2017"}
        ],
        [
            {"location": [[
                {"latitude": 59.967051},
                {"longitude": 11.017747}
            ]]},
            {"altitude": 153},
            {"distance_km": 2.884},
            {"speed_kmh": 10.4997},
            {"timestamp": "Tue Sep 05 16:34:25 UTC 2017"}
        ],
        [
            {"location": [[
                {"latitude": 59.966966},
                {"longitude": 11.017839}
            ]]},
            {"altitude": 153},
            {"distance_km": 2.89484},
            {"speed_kmh": 10.2141},
            {"timestamp": "Tue Sep 05 16:34:29 UTC 2017"}
        ],
        [
            {"location": [[
                {"latitude": 59.966725},
                {"longitude": 11.01802}
            ]]},
            {"altitude": 154},
            {"distance_km": 2.92349},
            {"speed_kmh": 9.9156},
            {"timestamp": "Tue Sep 05 16:34:40 UTC 2017"}
        ],
        [
            {"location": [[
                {"latitude": 59.966604},
                {"longitude": 11.018206}
            ]]},
            {"altitude": 152},
            {"distance_km": 2.94053},
            {"speed_kmh": 9.78352},
            {"timestamp": "Tue Sep 05 16:34:46 UTC 2017"}
        ],
        [
            {"location": [[
                {"latitude": 59.966539},
                {"longitude": 11.018309}
            ]]},
            {"altitude": 154},
            {"distance_km": 2.94979},
            {"speed_kmh": 10.2385},
            {"timestamp": "Tue Sep 05 16:34:49 UTC 2017"}
        ],
        [
            {"location": [[
                {"latitude": 59.966459},
                {"longitude": 11.018495}
            ]]},
            {"altitude": 158},
            {"distance_km": 2.96345},
            {"speed_kmh": 10.3909},
            {"timestamp": "Tue Sep 05 16:34:54 UTC 2017"}
        ],
        [
            {"location": [[
                {"latitude": 59.966366},
                {"longitude": 11.018927}
            ]]},
            {"altitude": 150},
            {"distance_km": 2.98972},
            {"speed_kmh": 10.4773},
            {"timestamp": "Tue Sep 05 16:35:03 UTC 2017"}
        ],
        [
            {"location": [[
                {"latitude": 59.966231},
                {"longitude": 11.019254}
            ]]},
            {"altitude": 149},
            {"distance_km": 3.01339},
            {"speed_kmh": 9.93297},
            {"timestamp": "Tue Sep 05 16:35:12 UTC 2017"}
        ],
        [
            {"location": [[
                {"latitude": 59.96606},
                {"longitude": 11.019579}
            ]]},
            {"altitude": 146},
            {"distance_km": 3.03968},
            {"speed_kmh": 10.6032},
            {"timestamp": "Tue Sep 05 16:35:20 UTC 2017"}
        ],
        [
            {"location": [[
                {"latitude": 59.965941},
                {"longitude": 11.019781}
            ]]},
            {"altitude": 140},
            {"distance_km": 3.05709},
            {"speed_kmh": 11.2851},
            {"timestamp": "Tue Sep 05 16:35:25 UTC 2017"}
        ],
        [
            {"location": [[
                {"latitude": 59.965784},
                {"longitude": 11.02006}
            ]]},
            {"altitude": 140},
            {"distance_km": 3.08047},
            {"speed_kmh": 12.1332},
            {"timestamp": "Tue Sep 05 16:35:32 UTC 2017"}
        ],
        [
            {"location": [[
                {"latitude": 59.965659},
                {"longitude": 11.020245}
            ]]},
            {"altitude": 140},
            {"distance_km": 3.09787},
            {"speed_kmh": 11.6645},
            {"timestamp": "Tue Sep 05 16:35:38 UTC 2017"}
        ],
        [
            {"location": [[
                {"latitude": 59.965443},
                {"longitude": 11.020474}
            ]]},
            {"altitude": 142},
            {"distance_km": 3.12509},
            {"speed_kmh": 11.1107},
            {"timestamp": "Tue Sep 05 16:35:47 UTC 2017"}
        ],
        [
            {"location": [[
                {"latitude": 59.965243},
                {"longitude": 11.020695}
            ]]},
            {"altitude": 139},
            {"distance_km": 3.15054},
            {"speed_kmh": 10.5023},
            {"timestamp": "Tue Sep 05 16:35:56 UTC 2017"}
        ],
        [
            {"location": [[
                {"latitude": 59.965108},
                {"longitude": 11.020834}
            ]]},
            {"altitude": 140},
            {"distance_km": 3.1675},
            {"speed_kmh": 10.4019},
            {"timestamp": "Tue Sep 05 16:36:02 UTC 2017"}
        ],
        [
            {"location": [[
                {"latitude": 59.964872},
                {"longitude": 11.020932}
            ]]},
            {"altitude": 144},
            {"distance_km": 3.19442},
            {"speed_kmh": 9.72286},
            {"timestamp": "Tue Sep 05 16:36:13 UTC 2017"}
        ],
        [
            {"location": [[
                {"latitude": 59.964663},
                {"longitude": 11.020634}
            ]]},
            {"altitude": 144},
            {"distance_km": 3.22303},
            {"speed_kmh": 9.18354},
            {"timestamp": "Tue Sep 05 16:36:25 UTC 2017"}
        ],
        [
            {"location": [[
                {"latitude": 59.964582},
                {"longitude": 11.020324}
            ]]},
            {"altitude": 148},
            {"distance_km": 3.24254},
            {"speed_kmh": 8.39831},
            {"timestamp": "Tue Sep 05 16:36:34 UTC 2017"}
        ],
        [
            {"location": [[
                {"latitude": 59.964326},
                {"longitude": 11.020086}
            ]]},
            {"altitude": 149},
            {"distance_km": 3.27404},
            {"speed_kmh": 9.28557},
            {"timestamp": "Tue Sep 05 16:36:44 UTC 2017"}
        ],
        [
            {"location": [[
                {"latitude": 59.964224},
                {"longitude": 11.02007}
            ]]},
            {"altitude": 151},
            {"distance_km": 3.28541},
            {"speed_kmh": 8.69909},
            {"timestamp": "Tue Sep 05 16:36:50 UTC 2017"}
        ],
        [
            {"location": [[
                {"latitude": 59.964102},
                {"longitude": 11.020028}
            ]]},
            {"altitude": 150},
            {"distance_km": 3.29926},
            {"speed_kmh": 9.34609},
            {"timestamp": "Tue Sep 05 16:36:55 UTC 2017"}
        ],
        [
            {"location": [[
                {"latitude": 59.963889},
                {"longitude": 11.019977}
            ]]},
            {"altitude": 155},
            {"distance_km": 3.32314},
            {"speed_kmh": 9.14928},
            {"timestamp": "Tue Sep 05 16:37:03 UTC 2017"}
        ],
        [
            {"location": [[
                {"latitude": 59.963693},
                {"longitude": 11.020003}
            ]]},
            {"altitude": 144},
            {"distance_km": 3.34507},
            {"speed_kmh": 10.6272},
            {"timestamp": "Tue Sep 05 16:37:10 UTC 2017"}
        ],
        [
            {"location": [[
                {"latitude": 59.963556},
                {"longitude": 11.020009}
            ]]},
            {"altitude": 143},
            {"distance_km": 3.36033},
            {"speed_kmh": 10.9886},
            {"timestamp": "Tue Sep 05 16:37:15 UTC 2017"}
        ],
        [
            {"location": [[
                {"latitude": 59.963373},
                {"longitude": 11.020039}
            ]]},
            {"altitude": 150},
            {"distance_km": 3.38075},
            {"speed_kmh": 10.8572},
            {"timestamp": "Tue Sep 05 16:37:22 UTC 2017"}
        ],
        [
            {"location": [[
                {"latitude": 59.963116},
                {"longitude": 11.020007}
            ]]},
            {"altitude": 149},
            {"distance_km": 3.40939},
            {"speed_kmh": 10.9575},
            {"timestamp": "Tue Sep 05 16:37:31 UTC 2017"}
        ],
        [
            {"location": [[
                {"latitude": 59.963026},
                {"longitude": 11.020022}
            ]]},
            {"altitude": 147},
            {"distance_km": 3.41955},
            {"speed_kmh": 11.273},
            {"timestamp": "Tue Sep 05 16:37:34 UTC 2017"}
        ],
        [
            {"location": [[
                {"latitude": 59.962775},
                {"longitude": 11.02007}
            ]]},
            {"altitude": 143},
            {"distance_km": 3.44764},
            {"speed_kmh": 11.5261},
            {"timestamp": "Tue Sep 05 16:37:43 UTC 2017"}
        ],
        [
            {"location": [[
                {"latitude": 59.962568},
                {"longitude": 11.020075}
            ]]},
            {"altitude": 141},
            {"distance_km": 3.47069},
            {"speed_kmh": 11.1217},
            {"timestamp": "Tue Sep 05 16:37:51 UTC 2017"}
        ],
        [
            {"location": [[
                {"latitude": 59.96237},
                {"longitude": 11.020058}
            ]]},
            {"altitude": 140},
            {"distance_km": 3.49277},
            {"speed_kmh": 10.5264},
            {"timestamp": "Tue Sep 05 16:37:59 UTC 2017"}
        ],
        [
            {"location": [[
                {"latitude": 59.962148},
                {"longitude": 11.020032}
            ]]},
            {"altitude": 141},
            {"distance_km": 3.51749},
            {"speed_kmh": 10.4813},
            {"timestamp": "Tue Sep 05 16:38:07 UTC 2017"}
        ],
        [
            {"location": [[
                {"latitude": 59.96201},
                {"longitude": 11.02005}
            ]]},
            {"altitude": 139},
            {"distance_km": 3.53287},
            {"speed_kmh": 10.6887},
            {"timestamp": "Tue Sep 05 16:38:12 UTC 2017"}
        ],
        [
            {"location": [[
                {"latitude": 59.961792},
                {"longitude": 11.020117}
            ]]},
            {"altitude": 144},
            {"distance_km": 3.55746},
            {"speed_kmh": 10.6621},
            {"timestamp": "Tue Sep 05 16:38:21 UTC 2017"}
        ],
        [
            {"location": [[
                {"latitude": 59.961593},
                {"longitude": 11.02013}
            ]]},
            {"altitude": 143},
            {"distance_km": 3.57969},
            {"speed_kmh": 10.2862},
            {"timestamp": "Tue Sep 05 16:38:29 UTC 2017"}
        ],
        [
            {"location": [[
                {"latitude": 59.961383},
                {"longitude": 11.020224}
            ]]},
            {"altitude": 143},
            {"distance_km": 3.60368},
            {"speed_kmh": 10.2288},
            {"timestamp": "Tue Sep 05 16:38:37 UTC 2017"}
        ],
        [
            {"location": [[
                {"latitude": 59.961281},
                {"longitude": 11.020284}
            ]]},
            {"altitude": 141},
            {"distance_km": 3.61552},
            {"speed_kmh": 10.4855},
            {"timestamp": "Tue Sep 05 16:38:41 UTC 2017"}
        ],
        [
            {"location": [[
                {"latitude": 59.96118},
                {"longitude": 11.020345}
            ]]},
            {"altitude": 140},
            {"distance_km": 3.62726},
            {"speed_kmh": 10.6483},
            {"timestamp": "Tue Sep 05 16:38:45 UTC 2017"}
        ],
        [
            {"location": [[
                {"latitude": 59.960968},
                {"longitude": 11.020497}
            ]]},
            {"altitude": 141},
            {"distance_km": 3.65236},
            {"speed_kmh": 10.3999},
            {"timestamp": "Tue Sep 05 16:38:54 UTC 2017"}
        ],
        [
            {"location": [[
                {"latitude": 59.96073},
                {"longitude": 11.0206}
            ]]},
            {"altitude": 139},
            {"distance_km": 3.67954},
            {"speed_kmh": 10.4714},
            {"timestamp": "Tue Sep 05 16:39:03 UTC 2017"}
        ],
        [
            {"location": [[
                {"latitude": 59.960509},
                {"longitude": 11.020712}
            ]]},
            {"altitude": 140},
            {"distance_km": 3.70488},
            {"speed_kmh": 10.3583},
            {"timestamp": "Tue Sep 05 16:39:12 UTC 2017"}
        ],
        [
            {"location": [[
                {"latitude": 59.960298},
                {"longitude": 11.020842}
            ]]},
            {"altitude": 136},
            {"distance_km": 3.72954},
            {"speed_kmh": 10.2973},
            {"timestamp": "Tue Sep 05 16:39:21 UTC 2017"}
        ],
        [
            {"location": [[
                {"latitude": 59.960177},
                {"longitude": 11.020893}
            ]]},
            {"altitude": 138},
            {"distance_km": 3.74323},
            {"speed_kmh": 9.95613},
            {"timestamp": "Tue Sep 05 16:39:26 UTC 2017"}
        ],
        [
            {"location": [[
                {"latitude": 59.959947},
                {"longitude": 11.021063}
            ]]},
            {"altitude": 141},
            {"distance_km": 3.77057},
            {"speed_kmh": 9.85512},
            {"timestamp": "Tue Sep 05 16:39:36 UTC 2017"}
        ],
        [
            {"location": [[
                {"latitude": 59.959809},
                {"longitude": 11.021123}
            ]]},
            {"altitude": 142},
            {"distance_km": 3.78635},
            {"speed_kmh": 9.72065},
            {"timestamp": "Tue Sep 05 16:39:42 UTC 2017"}
        ],
        [
            {"location": [[
                {"latitude": 59.959691},
                {"longitude": 11.021216}
            ]]},
            {"altitude": 141},
            {"distance_km": 3.80047},
            {"speed_kmh": 9.82546},
            {"timestamp": "Tue Sep 05 16:39:47 UTC 2017"}
        ],
        [
            {"location": [[
                {"latitude": 59.95958},
                {"longitude": 11.021288}
            ]]},
            {"altitude": 144},
            {"distance_km": 3.81353},
            {"speed_kmh": 9.67826},
            {"timestamp": "Tue Sep 05 16:39:52 UTC 2017"}
        ],
        [
            {"location": [[
                {"latitude": 59.959435},
                {"longitude": 11.021351}
            ]]},
            {"altitude": 146},
            {"distance_km": 3.83003},
            {"speed_kmh": 9.82367},
            {"timestamp": "Tue Sep 05 16:39:58 UTC 2017"}
        ],
        [
            {"location": [[
                {"latitude": 59.959237},
                {"longitude": 11.021421}
            ]]},
            {"altitude": 146},
            {"distance_km": 3.8524},
            {"speed_kmh": 9.79261},
            {"timestamp": "Tue Sep 05 16:40:06 UTC 2017"}
        ],
        [
            {"location": [[
                {"latitude": 59.959042},
                {"longitude": 11.021456}
            ]]},
            {"altitude": 146},
            {"distance_km": 3.87423},
            {"speed_kmh": 9.92476},
            {"timestamp": "Tue Sep 05 16:40:14 UTC 2017"}
        ],
        [
            {"location": [[
                {"latitude": 59.95883},
                {"longitude": 11.021376}
            ]]},
            {"altitude": 150},
            {"distance_km": 3.89831},
            {"speed_kmh": 9.8398},
            {"timestamp": "Tue Sep 05 16:40:23 UTC 2017"}
        ],
        [
            {"location": [[
                {"latitude": 59.958608},
                {"longitude": 11.02114}
            ]]},
            {"altitude": 150},
            {"distance_km": 3.92629},
            {"speed_kmh": 9.83488},
            {"timestamp": "Tue Sep 05 16:40:33 UTC 2017"}
        ],
        [
            {"location": [[
                {"latitude": 59.958451},
                {"longitude": 11.020846}
            ]]},
            {"altitude": 150},
            {"distance_km": 3.95032},
            {"speed_kmh": 9.76703},
            {"timestamp": "Tue Sep 05 16:40:42 UTC 2017"}
        ],
        [
            {"location": [[
                {"latitude": 59.958381},
                {"longitude": 11.020416}
            ]]},
            {"altitude": 149},
            {"distance_km": 3.97554},
            {"speed_kmh": 9.9125},
            {"timestamp": "Tue Sep 05 16:40:51 UTC 2017"}
        ],
        [
            {"location": [[
                {"latitude": 59.958369},
                {"longitude": 11.020027}
            ]]},
            {"altitude": 151},
            {"distance_km": 3.99733},
            {"speed_kmh": 9.84235},
            {"timestamp": "Tue Sep 05 16:40:59 UTC 2017"}
        ],
        [
            {"location": [[
                {"latitude": 59.95837},
                {"longitude": 11.019733}
            ]]},
            {"altitude": 149},
            {"distance_km": 4.01374},
            {"speed_kmh": 9.90651},
            {"timestamp": "Tue Sep 05 16:41:05 UTC 2017"}
        ],
        [
            {"location": [[
                {"latitude": 59.958373},
                {"longitude": 11.019318}
            ]]},
            {"altitude": 152},
            {"distance_km": 4.03698},
            {"speed_kmh": 9.34177},
            {"timestamp": "Tue Sep 05 16:41:15 UTC 2017"}
        ],
        [
            {"location": [[
                {"latitude": 59.9584},
                {"longitude": 11.018827}
            ]]},
            {"altitude": 154},
            {"distance_km": 4.06455},
            {"speed_kmh": 9.06952},
            {"timestamp": "Tue Sep 05 16:41:26 UTC 2017"}
        ],
        [
            {"location": [[
                {"latitude": 59.958396},
                {"longitude": 11.018492}
            ]]},
            {"altitude": 152},
            {"distance_km": 4.08327},
            {"speed_kmh": 9.05374},
            {"timestamp": "Tue Sep 05 16:41:33 UTC 2017"}
        ],
        [
            {"location": [[
                {"latitude": 59.958403},
                {"longitude": 11.018302}
            ]]},
            {"altitude": 154},
            {"distance_km": 4.09392},
            {"speed_kmh": 9.37722},
            {"timestamp": "Tue Sep 05 16:41:37 UTC 2017"}
        ],
        [
            {"location": [[
                {"latitude": 59.958406},
                {"longitude": 11.017838}
            ]]},
            {"altitude": 154},
            {"distance_km": 4.11984},
            {"speed_kmh": 9.48162},
            {"timestamp": "Tue Sep 05 16:41:47 UTC 2017"}
        ],
        [
            {"location": [[
                {"latitude": 59.958372},
                {"longitude": 11.017411}
            ]]},
            {"altitude": 154},
            {"distance_km": 4.14399},
            {"speed_kmh": 9.13228},
            {"timestamp": "Tue Sep 05 16:41:57 UTC 2017"}
        ],
        [
            {"location": [[
                {"latitude": 59.95831},
                {"longitude": 11.017072}
            ]]},
            {"altitude": 160},
            {"distance_km": 4.16418},
            {"speed_kmh": 9.04116},
            {"timestamp": "Tue Sep 05 16:42:05 UTC 2017"}
        ],
        [
            {"location": [[
                {"latitude": 59.958221},
                {"longitude": 11.016825}
            ]]},
            {"altitude": 158},
            {"distance_km": 4.18116},
            {"speed_kmh": 9.32318},
            {"timestamp": "Tue Sep 05 16:42:11 UTC 2017"}
        ],
        [
            {"location": [[
                {"latitude": 59.958071},
                {"longitude": 11.016636}
            ]]},
            {"altitude": 160},
            {"distance_km": 4.20089},
            {"speed_kmh": 9.38541},
            {"timestamp": "Tue Sep 05 16:42:19 UTC 2017"}
        ],
        [
            {"location": [[
                {"latitude": 59.957898},
                {"longitude": 11.016565}
            ]]},
            {"altitude": 161},
            {"distance_km": 4.22064},
            {"speed_kmh": 8.99129},
            {"timestamp": "Tue Sep 05 16:42:28 UTC 2017"}
        ],
        [
            {"location": [[
                {"latitude": 59.95774},
                {"longitude": 11.016397}
            ]]},
            {"altitude": 159},
            {"distance_km": 4.24052},
            {"speed_kmh": 8.57438},
            {"timestamp": "Tue Sep 05 16:42:36 UTC 2017"}
        ],
        [
            {"location": [[
                {"latitude": 59.95758},
                {"longitude": 11.016243}
            ]]},
            {"altitude": 161},
            {"distance_km": 4.26035},
            {"speed_kmh": 8.58698},
            {"timestamp": "Tue Sep 05 16:42:44 UTC 2017"}
        ],
        [
            {"location": [[
                {"latitude": 59.957372},
                {"longitude": 11.016267}
            ]]},
            {"altitude": 160},
            {"distance_km": 4.28358},
            {"speed_kmh": 9.0514},
            {"timestamp": "Tue Sep 05 16:42:53 UTC 2017"}
        ],
        [
            {"location": [[
                {"latitude": 59.95731},
                {"longitude": 11.016496}
            ]]},
            {"altitude": 159},
            {"distance_km": 4.29808},
            {"speed_kmh": 9.53046},
            {"timestamp": "Tue Sep 05 16:42:58 UTC 2017"}
        ],
        [
            {"location": [[
                {"latitude": 59.95714},
                {"longitude": 11.016707}
            ]]},
            {"altitude": 160},
            {"distance_km": 4.32035},
            {"speed_kmh": 9.52742},
            {"timestamp": "Tue Sep 05 16:43:07 UTC 2017"}
        ],
        [
            {"location": [[
                {"latitude": 59.957262},
                {"longitude": 11.017133}
            ]]},
            {"altitude": 161},
            {"distance_km": 4.34773},
            {"speed_kmh": 9.72386},
            {"timestamp": "Tue Sep 05 16:43:17 UTC 2017"}
        ],
        [
            {"location": [[
                {"latitude": 59.957309},
                {"longitude": 11.017471}
            ]]},
            {"altitude": 155},
            {"distance_km": 4.36735},
            {"speed_kmh": 9.63008},
            {"timestamp": "Tue Sep 05 16:43:24 UTC 2017"}
        ],
        [
            {"location": [[
                {"latitude": 59.957276},
                {"longitude": 11.017808}
            ]]},
            {"altitude": 157},
            {"distance_km": 4.38657},
            {"speed_kmh": 9.95134},
            {"timestamp": "Tue Sep 05 16:43:31 UTC 2017"}
        ],
        [
            {"location": [[
                {"latitude": 59.957173},
                {"longitude": 11.018196}
            ]]},
            {"altitude": 156},
            {"distance_km": 4.41109},
            {"speed_kmh": 9.92486},
            {"timestamp": "Tue Sep 05 16:43:40 UTC 2017"}
        ],
        [
            {"location": [[
                {"latitude": 59.957081},
                {"longitude": 11.018575}
            ]]},
            {"altitude": 156},
            {"distance_km": 4.43459},
            {"speed_kmh": 10.0759},
            {"timestamp": "Tue Sep 05 16:43:48 UTC 2017"}
        ],
        [
            {"location": [[
                {"latitude": 59.957005},
                {"longitude": 11.018988}
            ]]},
            {"altitude": 155},
            {"distance_km": 4.45921},
            {"speed_kmh": 10.4888},
            {"timestamp": "Tue Sep 05 16:43:56 UTC 2017"}
        ],
        [
            {"location": [[
                {"latitude": 59.956943},
                {"longitude": 11.019354}
            ]]},
            {"altitude": 155},
            {"distance_km": 4.48076},
            {"speed_kmh": 10.9053},
            {"timestamp": "Tue Sep 05 16:44:03 UTC 2017"}
        ],
        [
            {"location": [[
                {"latitude": 59.956864},
                {"longitude": 11.01974}
            ]]},
            {"altitude": 157},
            {"distance_km": 4.50407},
            {"speed_kmh": 10.4892},
            {"timestamp": "Tue Sep 05 16:44:12 UTC 2017"}
        ],
        [
            {"location": [[
                {"latitude": 59.956846},
                {"longitude": 11.020229}
            ]]},
            {"altitude": 159},
            {"distance_km": 4.53146},
            {"speed_kmh": 10.0862},
            {"timestamp": "Tue Sep 05 16:44:22 UTC 2017"}
        ],
        [
            {"location": [[
                {"latitude": 59.956781},
                {"longitude": 11.020707}
            ]]},
            {"altitude": 154},
            {"distance_km": 4.5591},
            {"speed_kmh": 10.0859},
            {"timestamp": "Tue Sep 05 16:44:31 UTC 2017"}
        ],
        [
            {"location": [[
                {"latitude": 59.956705},
                {"longitude": 11.021111}
            ]]},
            {"altitude": 159},
            {"distance_km": 4.58322},
            {"speed_kmh": 11.1679},
            {"timestamp": "Tue Sep 05 16:44:38 UTC 2017"}
        ],
        [
            {"location": [[
                {"latitude": 59.956693},
                {"longitude": 11.021491}
            ]]},
            {"altitude": 161},
            {"distance_km": 4.60451},
            {"speed_kmh": 11.0294},
            {"timestamp": "Tue Sep 05 16:44:46 UTC 2017"}
        ],
        [
            {"location": [[
                {"latitude": 59.956663},
                {"longitude": 11.02176}
            ]]},
            {"altitude": 162},
            {"distance_km": 4.61989},
            {"speed_kmh": 11.0353},
            {"timestamp": "Tue Sep 05 16:44:51 UTC 2017"}
        ],
        [
            {"location": [[
                {"latitude": 59.956625},
                {"longitude": 11.022338}
            ]]},
            {"altitude": 154},
            {"distance_km": 4.65247},
            {"speed_kmh": 10.7565},
            {"timestamp": "Tue Sep 05 16:45:01 UTC 2017"}
        ],
        [
            {"location": [[
                {"latitude": 59.956629},
                {"longitude": 11.022718}
            ]]},
            {"altitude": 156},
            {"distance_km": 4.67373},
            {"speed_kmh": 11.8513},
            {"timestamp": "Tue Sep 05 16:45:07 UTC 2017"}
        ],
        [
            {"location": [[
                {"latitude": 59.956645},
                {"longitude": 11.023121}
            ]]},
            {"altitude": 159},
            {"distance_km": 4.69629},
            {"speed_kmh": 11.1659},
            {"timestamp": "Tue Sep 05 16:45:16 UTC 2017"}
        ],
        [
            {"location": [[
                {"latitude": 59.9567},
                {"longitude": 11.023563}
            ]]},
            {"altitude": 160},
            {"distance_km": 4.72172},
            {"speed_kmh": 11.0861},
            {"timestamp": "Tue Sep 05 16:45:24 UTC 2017"}
        ],
        [
            {"location": [[
                {"latitude": 59.956699},
                {"longitude": 11.023954}
            ]]},
            {"altitude": 157},
            {"distance_km": 4.74361},
            {"speed_kmh": 11.2078},
            {"timestamp": "Tue Sep 05 16:45:30 UTC 2017"}
        ],
        [
            {"location": [[
                {"latitude": 59.956707},
                {"longitude": 11.024229}
            ]]},
            {"altitude": 153},
            {"distance_km": 4.75898},
            {"speed_kmh": 11.8893},
            {"timestamp": "Tue Sep 05 16:45:35 UTC 2017"}
        ],
        [
            {"location": [[
                {"latitude": 59.956715},
                {"longitude": 11.024386}
            ]]},
            {"altitude": 154},
            {"distance_km": 4.76778},
            {"speed_kmh": 11.6953},
            {"timestamp": "Tue Sep 05 16:45:38 UTC 2017"}
        ],
        [
            {"location": [[
                {"latitude": 59.956749},
                {"longitude": 11.024674}
            ]]},
            {"altitude": 156},
            {"distance_km": 4.78432},
            {"speed_kmh": 10.575},
            {"timestamp": "Tue Sep 05 16:45:44 UTC 2017"}
        ],
        [
            {"location": [[
                {"latitude": 59.956792},
                {"longitude": 11.025194}
            ]]},
            {"altitude": 153},
            {"distance_km": 4.81378},
            {"speed_kmh": 10.8158},
            {"timestamp": "Tue Sep 05 16:45:53 UTC 2017"}
        ],
        [
            {"location": [[
                {"latitude": 59.956821},
                {"longitude": 11.025579}
            ]]},
            {"altitude": 153},
            {"distance_km": 4.83552},
            {"speed_kmh": 10.9021},
            {"timestamp": "Tue Sep 05 16:46:00 UTC 2017"}
        ],
        [
            {"location": [[
                {"latitude": 59.95686},
                {"longitude": 11.025992}
            ]]},
            {"altitude": 152},
            {"distance_km": 4.859},
            {"speed_kmh": 11.1735},
            {"timestamp": "Tue Sep 05 16:46:08 UTC 2017"}
        ],
        [
            {"location": [[
                {"latitude": 59.956877},
                {"longitude": 11.02621}
            ]]},
            {"altitude": 152},
            {"distance_km": 4.87134},
            {"speed_kmh": 10.9204},
            {"timestamp": "Tue Sep 05 16:46:12 UTC 2017"}
        ],
        [
            {"location": [[
                {"latitude": 59.956924},
                {"longitude": 11.026628}
            ]]},
            {"altitude": 153},
            {"distance_km": 4.89525},
            {"speed_kmh": 10.8074},
            {"timestamp": "Tue Sep 05 16:46:20 UTC 2017"}
        ],
        [
            {"location": [[
                {"latitude": 59.956943},
                {"longitude": 11.026788}
            ]]},
            {"altitude": 153},
            {"distance_km": 4.90447},
            {"speed_kmh": 10.9601},
            {"timestamp": "Tue Sep 05 16:46:23 UTC 2017"}
        ],
        [
            {"location": [[
                {"latitude": 59.956968},
                {"longitude": 11.027141}
            ]]},
            {"altitude": 152},
            {"distance_km": 4.92436},
            {"speed_kmh": 10.688},
            {"timestamp": "Tue Sep 05 16:46:30 UTC 2017"}
        ],
        [
            {"location": [[
                {"latitude": 59.957034},
                {"longitude": 11.027678}
            ]]},
            {"altitude": 152},
            {"distance_km": 4.95529},
            {"speed_kmh": 10.8033},
            {"timestamp": "Tue Sep 05 16:46:40 UTC 2017"}
        ],
        [
            {"location": [[
                {"latitude": 59.957086},
                {"longitude": 11.028064}
            ]]},
            {"altitude": 151},
            {"distance_km": 4.9776},
            {"speed_kmh": 10.9444},
            {"timestamp": "Tue Sep 05 16:46:47 UTC 2017"}
        ],
        [
            {"location": [[
                {"latitude": 59.957123},
                {"longitude": 11.028385}
            ]]},
            {"altitude": 152},
            {"distance_km": 4.99599},
            {"speed_kmh": 11.2192},
            {"timestamp": "Tue Sep 05 16:46:53 UTC 2017"}
        ],
        [
            {"location": [[
                {"latitude": 59.957153},
                {"longitude": 11.028669}
            ]]},
            {"altitude": 154},
            {"distance_km": 5.01222},
            {"speed_kmh": 11.3967},
            {"timestamp": "Tue Sep 05 16:46:58 UTC 2017"}
        ],
        [
            {"location": [[
                {"latitude": 59.95717},
                {"longitude": 11.028874}
            ]]},
            {"altitude": 149},
            {"distance_km": 5.02386},
            {"speed_kmh": 11.0656},
            {"timestamp": "Tue Sep 05 16:47:02 UTC 2017"}
        ],
        [
            {"location": [[
                {"latitude": 59.957196},
                {"longitude": 11.029201}
            ]]},
            {"altitude": 149},
            {"distance_km": 5.04235},
            {"speed_kmh": 10.5577},
            {"timestamp": "Tue Sep 05 16:47:09 UTC 2017"}
        ],
        [
            {"location": [[
                {"latitude": 59.957167},
                {"longitude": 11.02948}
            ]]},
            {"altitude": 146},
            {"distance_km": 5.05821},
            {"speed_kmh": 9.82658},
            {"timestamp": "Tue Sep 05 16:47:15 UTC 2017"}
        ],
        [
            {"location": [[
                {"latitude": 59.957103},
                {"longitude": 11.029907}
            ]]},
            {"altitude": 144},
            {"distance_km": 5.08315},
            {"speed_kmh": 9.66047},
            {"timestamp": "Tue Sep 05 16:47:24 UTC 2017"}
        ],
        [
            {"location": [[
                {"latitude": 59.95696},
                {"longitude": 11.030269}
            ]]},
            {"altitude": 146},
            {"distance_km": 5.10883},
            {"speed_kmh": 9.57682},
            {"timestamp": "Tue Sep 05 16:47:34 UTC 2017"}
        ],
        [
            {"location": [[
                {"latitude": 59.956809},
                {"longitude": 11.030389}
            ]]},
            {"altitude": 141},
            {"distance_km": 5.12698},
            {"speed_kmh": 9.52222},
            {"timestamp": "Tue Sep 05 16:47:41 UTC 2017"}
        ],
        [
            {"location": [[
                {"latitude": 59.956581},
                {"longitude": 11.030643}
            ]]},
            {"altitude": 141},
            {"distance_km": 5.15606},
            {"speed_kmh": 9.68584},
            {"timestamp": "Tue Sep 05 16:47:51 UTC 2017"}
        ],
        [
            {"location": [[
                {"latitude": 59.956468},
                {"longitude": 11.030764}
            ]]},
            {"altitude": 142},
            {"distance_km": 5.17039},
            {"speed_kmh": 10.0206},
            {"timestamp": "Tue Sep 05 16:47:56 UTC 2017"}
        ],
        [
            {"location": [[
                {"latitude": 59.956275},
                {"longitude": 11.030956}
            ]]},
            {"altitude": 146},
            {"distance_km": 5.19442},
            {"speed_kmh": 10.512},
            {"timestamp": "Tue Sep 05 16:48:04 UTC 2017"}
        ],
        [
            {"location": [[
                {"latitude": 59.95608},
                {"longitude": 11.031136}
            ]]},
            {"altitude": 144},
            {"distance_km": 5.21838},
            {"speed_kmh": 10.632},
            {"timestamp": "Tue Sep 05 16:48:12 UTC 2017"}
        ],
        [
            {"location": [[
                {"latitude": 59.955895},
                {"longitude": 11.031207}
            ]]},
            {"altitude": 143},
            {"distance_km": 5.23931},
            {"speed_kmh": 10.3504},
            {"timestamp": "Tue Sep 05 16:48:20 UTC 2017"}
        ],
        [
            {"location": [[
                {"latitude": 59.95571},
                {"longitude": 11.031365}
            ]]},
            {"altitude": 147},
            {"distance_km": 5.26172},
            {"speed_kmh": 10.1029},
            {"timestamp": "Tue Sep 05 16:48:28 UTC 2017"}
        ],
        [
            {"location": [[
                {"latitude": 59.955496},
                {"longitude": 11.031531}
            ]]},
            {"altitude": 148},
            {"distance_km": 5.28736},
            {"speed_kmh": 9.9198},
            {"timestamp": "Tue Sep 05 16:48:37 UTC 2017"}
        ],
        [
            {"location": [[
                {"latitude": 59.955376},
                {"longitude": 11.031661}
            ]]},
            {"altitude": 145},
            {"distance_km": 5.30253},
            {"speed_kmh": 10.4077},
            {"timestamp": "Tue Sep 05 16:48:42 UTC 2017"}
        ],
        [
            {"location": [[
                {"latitude": 59.955165},
                {"longitude": 11.031834}
            ]]},
            {"altitude": 147},
            {"distance_km": 5.32802},
            {"speed_kmh": 10.8758},
            {"timestamp": "Tue Sep 05 16:48:50 UTC 2017"}
        ],
        [
            {"location": [[
                {"latitude": 59.954979},
                {"longitude": 11.032041}
            ]]},
            {"altitude": 144},
            {"distance_km": 5.35172},
            {"speed_kmh": 11.0081},
            {"timestamp": "Tue Sep 05 16:48:58 UTC 2017"}
        ],
        [
            {"location": [[
                {"latitude": 59.954827},
                {"longitude": 11.032282}
            ]]},
            {"altitude": 144},
            {"distance_km": 5.37333},
            {"speed_kmh": 10.6259},
            {"timestamp": "Tue Sep 05 16:49:06 UTC 2017"}
        ],
        [
            {"location": [[
                {"latitude": 59.954682},
                {"longitude": 11.032552}
            ]]},
            {"altitude": 146},
            {"distance_km": 5.39542},
            {"speed_kmh": 10.1046},
            {"timestamp": "Tue Sep 05 16:49:14 UTC 2017"}
        ],
        [
            {"location": [[
                {"latitude": 59.954549},
                {"longitude": 11.032931}
            ]]},
            {"altitude": 142},
            {"distance_km": 5.42126},
            {"speed_kmh": 10.0031},
            {"timestamp": "Tue Sep 05 16:49:23 UTC 2017"}
        ],
        [
            {"location": [[
                {"latitude": 59.954449},
                {"longitude": 11.033165}
            ]]},
            {"altitude": 145},
            {"distance_km": 5.43845},
            {"speed_kmh": 10.1958},
            {"timestamp": "Tue Sep 05 16:49:29 UTC 2017"}
        ],
        [
            {"location": [[
                {"latitude": 59.954335},
                {"longitude": 11.033466}
            ]]},
            {"altitude": 149},
            {"distance_km": 5.45954},
            {"speed_kmh": 10.0596},
            {"timestamp": "Tue Sep 05 16:49:37 UTC 2017"}
        ],
        [
            {"location": [[
                {"latitude": 59.954236},
                {"longitude": 11.033737}
            ]]},
            {"altitude": 150},
            {"distance_km": 5.4783},
            {"speed_kmh": 10.3535},
            {"timestamp": "Tue Sep 05 16:49:43 UTC 2017"}
        ],
        [
            {"location": [[
                {"latitude": 59.954179},
                {"longitude": 11.033922}
            ]]},
            {"altitude": 147},
            {"distance_km": 5.49042},
            {"speed_kmh": 10.6157},
            {"timestamp": "Tue Sep 05 16:49:47 UTC 2017"}
        ],
        [
            {"location": [[
                {"latitude": 59.954083},
                {"longitude": 11.034211}
            ]]},
            {"altitude": 150},
            {"distance_km": 5.5098},
            {"speed_kmh": 10.714},
            {"timestamp": "Tue Sep 05 16:49:54 UTC 2017"}
        ],
        [
            {"location": [[
                {"latitude": 59.953979},
                {"longitude": 11.034565}
            ]]},
            {"altitude": 153},
            {"distance_km": 5.53267},
            {"speed_kmh": 10.4149},
            {"timestamp": "Tue Sep 05 16:50:02 UTC 2017"}
        ],
        [
            {"location": [[
                {"latitude": 59.953943},
                {"longitude": 11.034769}
            ]]},
            {"altitude": 150},
            {"distance_km": 5.54478},
            {"speed_kmh": 10.3417},
            {"timestamp": "Tue Sep 05 16:50:06 UTC 2017"}
        ],
        [
            {"location": [[
                {"latitude": 59.953847},
                {"longitude": 11.035218}
            ]]},
            {"altitude": 147},
            {"distance_km": 5.57205},
            {"speed_kmh": 10.7146},
            {"timestamp": "Tue Sep 05 16:50:15 UTC 2017"}
        ],
        [
            {"location": [[
                {"latitude": 59.953774},
                {"longitude": 11.035649}
            ]]},
            {"altitude": 146},
            {"distance_km": 5.59748},
            {"speed_kmh": 11.0821},
            {"timestamp": "Tue Sep 05 16:50:23 UTC 2017"}
        ],
        [
            {"location": [[
                {"latitude": 59.953715},
                {"longitude": 11.036093}
            ]]},
            {"altitude": 145},
            {"distance_km": 5.62317},
            {"speed_kmh": 11.3118},
            {"timestamp": "Tue Sep 05 16:50:31 UTC 2017"}
        ],
        [
            {"location": [[
                {"latitude": 59.95369},
                {"longitude": 11.036488}
            ]]},
            {"altitude": 141},
            {"distance_km": 5.64539},
            {"speed_kmh": 11.474},
            {"timestamp": "Tue Sep 05 16:50:38 UTC 2017"}
        ],
        [
            {"location": [[
                {"latitude": 59.95369},
                {"longitude": 11.036488}
            ]]},
            {"distance_km": 5.64539},
            {"timestamp": "Tue Sep 05 16:50:49 UTC 2017"}
        ],
        [
            {"location": [[
                {"latitude": 59.95369},
                {"longitude": 11.036488}
            ]]},
            {"distance_km": 5.64539},
            {"timestamp": "Tue Sep 05 16:51:02 UTC 2017"}
        ]
    ]}
]