[
    {"sport": "TREADMILL_RUNNING"},
    {"source": "INPUT_MANUAL_MOBILE"},
    {"created_date": "2020-03-07 11:05:59.0"},
    {"start_time": "2020-03-07 10:45:35.0"},
    {"end_time": "2020-03-07 11:34:05.0"},
    {"message": "Bakke!\n10 % 60/30 x 5 (9 km/t)\n8 % 1:30/30 x 5 (9 km/t)\n6 % 60/30 x 5 (9->10 km/t)"},
    {"duration_s": 2910},
    {"distance_km": 7.300000190734863},
    {"calories_kcal": 402},
    {"speed_avg_kmh": 9.030928071012202},
    {"hydration_l": 0.250224},
    {"points": [[
        {"distance_km": 7.3},
        {"timestamp": "Sat Mar 07 10:45:35 UTC 2020"}
    ]]}
]